target_gene_id,MAG_id,branch,habitat,sample_group,sample_id,target_contig,neighbor_orf_id,contig_id,relative_position,strand,start,end,KO,product,function_class,function_label,is_target,source_remote_orf_path
S1_9-12_bin1-k141_675749_2,S1_9-12_bin1,IdrA-associated,AS,S1,S1_9-12,k141_675749,k141_675749_1,k141_675749,-1,+,17,619,K08355,arsenite oxidase small subunit,Rieske/AioB,AioB,False,/home/ps/ps1/data/bihongyu/cold_seep/illu/all_fa/CDS/cat_result/cat_others
S1_9-12_bin1-k141_675749_2,S1_9-12_bin1,IdrA-associated,AS,S1,S1_9-12,k141_675749,k141_675749_2,k141_675749,0,+,629,2842,K08356,arsenite oxidase large subunit,Target IdrA-like K08356,IdrA,True,/home/ps/ps1/data/bihongyu/cold_seep/illu/all_fa/CDS/cat_result/cat_others
S13_0-2_bin3-k141_1059512_3,S13_0-2_bin3,IdrA-associated,ES,S13,S13_0-2,k141_1059512,k141_1059512_1,k141_1059512,-2,+,3,746,K00428,cytochrome c peroxidase,Cytochrome/peroxidase,cyt,False,/home/ps/ps1/data/bihongyu/cold_seep/illu/all_fa/CDS/cat_result/cat_others
S13_0-2_bin3-k141_1059512_3,S13_0-2_bin3,IdrA-associated,ES,S13,S13_0-2,k141_1059512,k141_1059512_2,k141_1059512,-1,+,743,1288,K08355,arsenite oxidase small subunit,Rieske/AioB,AioB,False,/home/ps/ps1/data/bihongyu/cold_seep/illu/all_fa/CDS/cat_result/cat_others
S13_0-2_bin3-k141_1059512_3,S13_0-2_bin3,IdrA-associated,ES,S13,S13_0-2,k141_1059512,k141_1059512_3,k141_1059512,0,+,1301,3430,K08356,arsenite oxidase large subunit,Target IdrA-like K08356,IdrA,True,/home/ps/ps1/data/bihongyu/cold_seep/illu/all_fa/CDS/cat_result/cat_others
S15_8-10_bin20-k141_2063280_11,S15_8-10_bin20,IdrA-associated,ES,S15,S15_8-10,k141_2063280,k141_2063280_1,k141_2063280,-10,-,2,418,,,Hypothetical/unknown,,False,/home/ps/ps1/data/bihongyu/cold_seep/illu/all_fa/CDS/cat_result/cat_others
S15_8-10_bin20-k141_2063280_11,S15_8-10_bin20,IdrA-associated,ES,S15,S15_8-10,k141_2063280,k141_2063280_2,k141_2063280,-9,-,408,1367,,,Hypothetical/unknown,,False,/home/ps/ps1/data/bihongyu/cold_seep/illu/all_fa/CDS/cat_result/cat_others
S15_8-10_bin20-k141_2063280_11,S15_8-10_bin20,IdrA-associated,ES,S15,S15_8-10,k141_2063280,k141_2063280_3,k141_2063280,-8,-,1631,2101,K03775,FKBP-type peptidyl-prolyl cis-trans isomerase SlyD,Annotated other,,False,/home/ps/ps1/data/bihongyu/cold_seep/illu/all_fa/CDS/cat_result/cat_others
S15_8-10_bin20-k141_2063280_11,S15_8-10_bin20,IdrA-associated,ES,S15,S15_8-10,k141_2063280,k141_2063280_4,k141_2063280,-7,+,2652,3800,K02005,HlyD family secretion protein,Annotated other,,False,/home/ps/ps1/data/bihongyu/cold_seep/illu/all_fa/CDS/cat_result/cat_others
S15_8-10_bin20-k141_2063280_11,S15_8-10_bin20,IdrA-associated,ES,S15,S15_8-10,k141_2063280,k141_2063280_5,k141_2063280,-6,+,3800,4489,K02003,putative ABC transport system ATP-binding protein,Annotated other,,False,/home/ps/ps1/data/bihongyu/cold_seep/illu/all_fa/CDS/cat_result/cat_others
S15_8-10_bin20-k141_2063280_11,S15_8-10_bin20,IdrA-associated,ES,S15,S15_8-10,k141_2063280,k141_2063280_6,k141_2063280,-5,+,4479,5681,K02004,putative ABC transport system permease protein,Transporter,transporter,False,/home/ps/ps1/data/bihongyu/cold_seep/illu/all_fa/CDS/cat_result/cat_others
S15_8-10_bin20-k141_2063280_11,S15_8-10_bin20,IdrA-associated,ES,S15,S15_8-10,k141_2063280,k141_2063280_7,k141_2063280,-4,+,6145,7344,K02004,putative ABC transport system permease protein,Transporter,transporter,False,/home/ps/ps1/data/bihongyu/cold_seep/illu/all_fa/CDS/cat_result/cat_others
S15_8-10_bin20-k141_2063280_11,S15_8-10_bin20,IdrA-associated,ES,S15,S15_8-10,k141_2063280,k141_2063280_8,k141_2063280,-3,+,7419,7628,,,Hypothetical/unknown,,False,/home/ps/ps1/data/bihongyu/cold_seep/illu/all_fa/CDS/cat_result/cat_others
S15_8-10_bin20-k141_2063280_11,S15_8-10_bin20,IdrA-associated,ES,S15,S15_8-10,k141_2063280,k141_2063280_9,k141_2063280,-2,+,7746,8507,,,Hypothetical/unknown,,False,/home/ps/ps1/data/bihongyu/cold_seep/illu/all_fa/CDS/cat_result/cat_others
S15_8-10_bin20-k141_2063280_11,S15_8-10_bin20,IdrA-associated,ES,S15,S15_8-10,k141_2063280,k141_2063280_10,k141_2063280,-1,+,8504,9670,,,Hypothetical/unknown,,False,/home/ps/ps1/data/bihongyu/cold_seep/illu/all_fa/CDS/cat_result/cat_others
S15_8-10_bin20-k141_2063280_11,S15_8-10_bin20,IdrA-associated,ES,S15,S15_8-10,k141_2063280,k141_2063280_11,k141_2063280,0,-,9811,12504,K08356,arsenite oxidase large subunit,Target IdrA-like K08356,IdrA,True,/home/ps/ps1/data/bihongyu/cold_seep/illu/all_fa/CDS/cat_result/cat_others
C1_12-18_bin19-k141_2550623_11,C1_12-18_bin19,IdrA-associated,ES,C1_12,C1_12-18,k141_2550623,k141_2550623_1,k141_2550623,-10,+,86,1438,K07491,REP-associated tyrosine transposase,Annotated other,,False,/home/ps/ps1/data/bihongyu/cold_seep/illu/all_fa/CDS/cat_result/cat_others
C1_12-18_bin19-k141_2550623_11,C1_12-18_bin19,IdrA-associated,ES,C1_12,C1_12-18,k141_2550623,k141_2550623_2,k141_2550623,-9,+,1639,1920,,,Hypothetical/unknown,,False,/home/ps/ps1/data/bihongyu/cold_seep/illu/all_fa/CDS/cat_result/cat_others
C1_12-18_bin19-k141_2550623_11,C1_12-18_bin19,IdrA-associated,ES,C1_12,C1_12-18,k141_2550623,k141_2550623_3,k141_2550623,-8,+,1913,2188,,,Hypothetical/unknown,,False,/home/ps/ps1/data/bihongyu/cold_seep/illu/all_fa/CDS/cat_result/cat_others
C1_12-18_bin19-k141_2550623_11,C1_12-18_bin19,IdrA-associated,ES,C1_12,C1_12-18,k141_2550623,k141_2550623_4,k141_2550623,-7,-,2917,3351,,,Hypothetical/unknown,,False,/home/ps/ps1/data/bihongyu/cold_seep/illu/all_fa/CDS/cat_result/cat_others
C1_12-18_bin19-k141_2550623_11,C1_12-18_bin19,IdrA-associated,ES,C1_12,C1_12-18,k141_2550623,k141_2550623_5,k141_2550623,-6,-,3357,4550,,,Hypothetical/unknown,,False,/home/ps/ps1/data/bihongyu/cold_seep/illu/all_fa/CDS/cat_result/cat_others
C1_12-18_bin19-k141_2550623_11,C1_12-18_bin19,IdrA-associated,ES,C1_12,C1_12-18,k141_2550623,k141_2550623_6,k141_2550623,-5,+,4834,6201,,,Hypothetical/unknown,,False,/home/ps/ps1/data/bihongyu/cold_seep/illu/all_fa/CDS/cat_result/cat_others
C1_12-18_bin19-k141_2550623_11,C1_12-18_bin19,IdrA-associated,ES,C1_12,C1_12-18,k141_2550623,k141_2550623_7,k141_2550623,-4,+,6296,6892,K07152,protein SCO1,Annotated other,,False,/home/ps/ps1/data/bihongyu/cold_seep/illu/all_fa/CDS/cat_result/cat_others
C1_12-18_bin19-k141_2550623_11,C1_12-18_bin19,IdrA-associated,ES,C1_12,C1_12-18,k141_2550623,k141_2550623_8,k141_2550623,-3,+,7251,8357,K00428,cytochrome c peroxidase,Cytochrome/peroxidase,cyt,False,/home/ps/ps1/data/bihongyu/cold_seep/illu/all_fa/CDS/cat_result/cat_others
C1_12-18_bin19-k141_2550623_11,C1_12-18_bin19,IdrA-associated,ES,C1_12,C1_12-18,k141_2550623,k141_2550623_9,k141_2550623,-2,+,8372,9616,K00428,cytochrome c peroxidase,Cytochrome/peroxidase,cyt,False,/home/ps/ps1/data/bihongyu/cold_seep/illu/all_fa/CDS/cat_result/cat_others
C1_12-18_bin19-k141_2550623_11,C1_12-18_bin19,IdrA-associated,ES,C1_12,C1_12-18,k141_2550623,k141_2550623_10,k141_2550623,-1,+,9616,10191,K08355,arsenite oxidase small subunit,Rieske/AioB,AioB,False,/home/ps/ps1/data/bihongyu/cold_seep/illu/all_fa/CDS/cat_result/cat_others
C1_12-18_bin19-k141_2550623_11,C1_12-18_bin19,IdrA-associated,ES,C1_12,C1_12-18,k141_2550623,k141_2550623_11,k141_2550623,0,+,10205,12898,K08356,arsenite oxidase large subunit,Target IdrA-like K08356,IdrA,True,/home/ps/ps1/data/bihongyu/cold_seep/illu/all_fa/CDS/cat_result/cat_others
C1_12-18_bin19-k141_2550623_11,C1_12-18_bin19,IdrA-associated,ES,C1_12,C1_12-18,k141_2550623,k141_2550623_12,k141_2550623,1,-,13104,14021,K03769,peptidyl-prolyl cis-trans isomerase C,Annotated other,,False,/home/ps/ps1/data/bihongyu/cold_seep/illu/all_fa/CDS/cat_result/cat_others
C1_12-18_bin19-k141_2550623_11,C1_12-18_bin19,IdrA-associated,ES,C1_12,C1_12-18,k141_2550623,k141_2550623_13,k141_2550623,2,-,14070,14372,K09780,uncharacterized protein,Annotated other,,False,/home/ps/ps1/data/bihongyu/cold_seep/illu/all_fa/CDS/cat_result/cat_others
C1_12-18_bin19-k141_2550623_11,C1_12-18_bin19,IdrA-associated,ES,C1_12,C1_12-18,k141_2550623,k141_2550623_14,k141_2550623,3,-,14373,15044,K06190,intracellular septation protein,Annotated other,,False,/home/ps/ps1/data/bihongyu/cold_seep/illu/all_fa/CDS/cat_result/cat_others
C1_12-18_bin19-k141_2550623_11,C1_12-18_bin19,IdrA-associated,ES,C1_12,C1_12-18,k141_2550623,k141_2550623_15,k141_2550623,4,-,15079,15843,,,Hypothetical/unknown,,False,/home/ps/ps1/data/bihongyu/cold_seep/illu/all_fa/CDS/cat_result/cat_others
C1_12-18_bin19-k141_2550623_11,C1_12-18_bin19,IdrA-associated,ES,C1_12,C1_12-18,k141_2550623,k141_2550623_16,k141_2550623,5,+,15969,16838,K07053,"3',5'-nucleoside bisphosphate phosphatase",Annotated other,,False,/home/ps/ps1/data/bihongyu/cold_seep/illu/all_fa/CDS/cat_result/cat_others
C1_12-18_bin19-k141_2550623_11,C1_12-18_bin19,IdrA-associated,ES,C1_12,C1_12-18,k141_2550623,k141_2550623_17,k141_2550623,6,+,16847,17470,K07566,L-threonylcarbamoyladenylate synthase,Annotated other,,False,/home/ps/ps1/data/bihongyu/cold_seep/illu/all_fa/CDS/cat_result/cat_others
C1_12-18_bin19-k141_2550623_11,C1_12-18_bin19,IdrA-associated,ES,C1_12,C1_12-18,k141_2550623,k141_2550623_18,k141_2550623,7,+,17489,18175,,,Hypothetical/unknown,,False,/home/ps/ps1/data/bihongyu/cold_seep/illu/all_fa/CDS/cat_result/cat_others
C1_12-18_bin19-k141_2550623_11,C1_12-18_bin19,IdrA-associated,ES,C1_12,C1_12-18,k141_2550623,k141_2550623_19,k141_2550623,8,+,18178,19392,K01867,tryptophanyl-tRNA synthetase,Annotated other,,False,/home/ps/ps1/data/bihongyu/cold_seep/illu/all_fa/CDS/cat_result/cat_others
C1_12-18_bin19-k141_2550623_11,C1_12-18_bin19,IdrA-associated,ES,C1_12,C1_12-18,k141_2550623,k141_2550623_20,k141_2550623,9,+,19478,20248,K05896,segregation and condensation protein A,Annotated other,,False,/home/ps/ps1/data/bihongyu/cold_seep/illu/all_fa/CDS/cat_result/cat_others
C1_12-18_bin19-k141_2550623_11,C1_12-18_bin19,IdrA-associated,ES,C1_12,C1_12-18,k141_2550623,k141_2550623_21,k141_2550623,10,+,20250,21179,K06024,segregation and condensation protein B,Annotated other,,False,/home/ps/ps1/data/bihongyu/cold_seep/illu/all_fa/CDS/cat_result/cat_others
C1_12-18_bin24-k141_2459344_2,C1_12-18_bin24,IdrA-associated,ES,C1_12,C1_12-18,k141_2459344,k141_2459344_1,k141_2459344,-1,+,1,417,K08355,arsenite oxidase small subunit,Rieske/AioB,AioB,False,/home/ps/ps1/data/bihongyu/cold_seep/illu/all_fa/CDS/cat_result/cat_others
C1_12-18_bin24-k141_2459344_2,C1_12-18_bin24,IdrA-associated,ES,C1_12,C1_12-18,k141_2459344,k141_2459344_2,k141_2459344,0,+,428,2548,K08356,arsenite oxidase large subunit,Target IdrA-like K08356,IdrA,True,/home/ps/ps1/data/bihongyu/cold_seep/illu/all_fa/CDS/cat_result/cat_others
C2_12-18_bin17-k141_1448372_1,C2_12-18_bin17,IdrA-associated,ES,C2_12,C2_12-18,k141_1448372,k141_1448372_1,k141_1448372,0,-,2,2542,K08356,arsenite oxidase large subunit,Target IdrA-like K08356,IdrA,True,/home/ps/ps1/data/bihongyu/cold_seep/illu/all_fa/CDS/cat_result/cat_others
C2_12-18_bin17-k141_1448372_1,C2_12-18_bin17,IdrA-associated,ES,C2_12,C2_12-18,k141_1448372,k141_1448372_2,k141_1448372,1,-,2627,3184,K08355,arsenite oxidase small subunit,Rieske/AioB,AioB,False,/home/ps/ps1/data/bihongyu/cold_seep/illu/all_fa/CDS/cat_result/cat_others
C2_12-18_bin17-k141_1448372_1,C2_12-18_bin17,IdrA-associated,ES,C2_12,C2_12-18,k141_1448372,k141_1448372_3,k141_1448372,2,-,3185,4417,K00428,cytochrome c peroxidase,Cytochrome/peroxidase,cyt,False,/home/ps/ps1/data/bihongyu/cold_seep/illu/all_fa/CDS/cat_result/cat_others
SY365BB-0-4_bin24-k141_346659_3,SY365BB-0-4_bin24,IdrA-associated,IS,SY365BB-0-4,SY365BB-0-4,k141_346659,k141_346659_1,k141_346659,-2,+,3,140,,,Hypothetical/unknown,,False,/home/ps/ps1/data/bihongyu/cold_seep/illu/all_fa/CDS/cat_result/cat_others
SY365BB-0-4_bin24-k141_346659_3,SY365BB-0-4_bin24,IdrA-associated,IS,SY365BB-0-4,SY365BB-0-4,k141_346659,k141_346659_2,k141_346659,-1,+,137,757,K08355,arsenite oxidase small subunit,Rieske/AioB,AioB,False,/home/ps/ps1/data/bihongyu/cold_seep/illu/all_fa/CDS/cat_result/cat_others
SY365BB-0-4_bin24-k141_346659_3,SY365BB-0-4_bin24,IdrA-associated,IS,SY365BB-0-4,SY365BB-0-4,k141_346659,k141_346659_3,k141_346659,0,+,760,3468,K08356,arsenite oxidase large subunit,Target IdrA-like K08356,IdrA,True,/home/ps/ps1/data/bihongyu/cold_seep/illu/all_fa/CDS/cat_result/cat_others
SY365BB-0-4_bin24-k141_346659_3,SY365BB-0-4_bin24,IdrA-associated,IS,SY365BB-0-4,SY365BB-0-4,k141_346659,k141_346659_4,k141_346659,1,+,3636,3926,,,Hypothetical/unknown,,False,/home/ps/ps1/data/bihongyu/cold_seep/illu/all_fa/CDS/cat_result/cat_others
SY365BB-0-4_bin24-k141_346659_3,SY365BB-0-4_bin24,IdrA-associated,IS,SY365BB-0-4,SY365BB-0-4,k141_346659,k141_346659_5,k141_346659,2,-,4138,4365,,,Hypothetical/unknown,,False,/home/ps/ps1/data/bihongyu/cold_seep/illu/all_fa/CDS/cat_result/cat_others
SY365BB-8-12_bin7-k141_1337394_7,SY365BB-8-12_bin7,IdrA-associated,IS,SY365BB-8-12,SY365BB-8-12,k141_1337394,k141_1337394_1,k141_1337394,-6,-,1,1347,,,Hypothetical/unknown,,False,/home/ps/ps1/data/bihongyu/cold_seep/illu/all_fa/CDS/cat_result/cat_others
SY365BB-8-12_bin7-k141_1337394_7,SY365BB-8-12_bin7,IdrA-associated,IS,SY365BB-8-12,SY365BB-8-12,k141_1337394,k141_1337394_2,k141_1337394,-5,-,1340,3862,,,Hypothetical/unknown,,False,/home/ps/ps1/data/bihongyu/cold_seep/illu/all_fa/CDS/cat_result/cat_others
SY365BB-8-12_bin7-k141_1337394_7,SY365BB-8-12_bin7,IdrA-associated,IS,SY365BB-8-12,SY365BB-8-12,k141_1337394,k141_1337394_3,k141_1337394,-4,-,4059,6383,,,Hypothetical/unknown,,False,/home/ps/ps1/data/bihongyu/cold_seep/illu/all_fa/CDS/cat_result/cat_others
SY365BB-8-12_bin7-k141_1337394_7,SY365BB-8-12_bin7,IdrA-associated,IS,SY365BB-8-12,SY365BB-8-12,k141_1337394,k141_1337394_4,k141_1337394,-3,+,6725,7819,K00428,cytochrome c peroxidase,Cytochrome/peroxidase,cyt,False,/home/ps/ps1/data/bihongyu/cold_seep/illu/all_fa/CDS/cat_result/cat_others
SY365BB-8-12_bin7-k141_1337394_7,SY365BB-8-12_bin7,IdrA-associated,IS,SY365BB-8-12,SY365BB-8-12,k141_1337394,k141_1337394_5,k141_1337394,-2,+,7782,9080,K00428,cytochrome c peroxidase,Cytochrome/peroxidase,cyt,False,/home/ps/ps1/data/bihongyu/cold_seep/illu/all_fa/CDS/cat_result/cat_others
SY365BB-8-12_bin7-k141_1337394_7,SY365BB-8-12_bin7,IdrA-associated,IS,SY365BB-8-12,SY365BB-8-12,k141_1337394,k141_1337394_6,k141_1337394,-1,+,9077,9697,K08355,arsenite oxidase small subunit,Rieske/AioB,AioB,False,/home/ps/ps1/data/bihongyu/cold_seep/illu/all_fa/CDS/cat_result/cat_others
SY365BB-8-12_bin7-k141_1337394_7,SY365BB-8-12_bin7,IdrA-associated,IS,SY365BB-8-12,SY365BB-8-12,k141_1337394,k141_1337394_7,k141_1337394,0,+,9700,12396,K08356,arsenite oxidase large subunit,Target IdrA-like K08356,IdrA,True,/home/ps/ps1/data/bihongyu/cold_seep/illu/all_fa/CDS/cat_result/cat_others
SY365BB-8-12_bin7-k141_1337394_7,SY365BB-8-12_bin7,IdrA-associated,IS,SY365BB-8-12,SY365BB-8-12,k141_1337394,k141_1337394_8,k141_1337394,1,+,12648,13151,K01462,peptide deformylase,Annotated other,,False,/home/ps/ps1/data/bihongyu/cold_seep/illu/all_fa/CDS/cat_result/cat_others
SY365BB-8-12_bin7-k141_1337394_7,SY365BB-8-12_bin7,IdrA-associated,IS,SY365BB-8-12,SY365BB-8-12,k141_1337394,k141_1337394_9,k141_1337394,2,+,13187,13849,,,Hypothetical/unknown,,False,/home/ps/ps1/data/bihongyu/cold_seep/illu/all_fa/CDS/cat_result/cat_others
SY365BB-8-12_bin7-k141_1337394_7,SY365BB-8-12_bin7,IdrA-associated,IS,SY365BB-8-12,SY365BB-8-12,k141_1337394,k141_1337394_10,k141_1337394,3,+,14081,14893,K21064,5-amino-6-(5-phospho-D-ribitylamino)uracil phosphatase,Annotated other,,False,/home/ps/ps1/data/bihongyu/cold_seep/illu/all_fa/CDS/cat_result/cat_others
SY365BB-8-12_bin7-k141_1337394_7,SY365BB-8-12_bin7,IdrA-associated,IS,SY365BB-8-12,SY365BB-8-12,k141_1337394,k141_1337394_11,k141_1337394,4,-,14960,15124,,,Hypothetical/unknown,,False,/home/ps/ps1/data/bihongyu/cold_seep/illu/all_fa/CDS/cat_result/cat_others
SY365BB-8-12_bin7-k141_1337394_7,SY365BB-8-12_bin7,IdrA-associated,IS,SY365BB-8-12,SY365BB-8-12,k141_1337394,k141_1337394_12,k141_1337394,5,+,15194,15901,K07038,inner membrane protein,Annotated other,,False,/home/ps/ps1/data/bihongyu/cold_seep/illu/all_fa/CDS/cat_result/cat_others
SY365BB-8-12_bin7-k141_1337394_7,SY365BB-8-12_bin7,IdrA-associated,IS,SY365BB-8-12,SY365BB-8-12,k141_1337394,k141_1337394_13,k141_1337394,6,-,16002,16361,,,Hypothetical/unknown,,False,/home/ps/ps1/data/bihongyu/cold_seep/illu/all_fa/CDS/cat_result/cat_others
SY365BB-8-12_bin7-k141_1337394_7,SY365BB-8-12_bin7,IdrA-associated,IS,SY365BB-8-12,SY365BB-8-12,k141_1337394,k141_1337394_14,k141_1337394,7,+,16801,17478,K03673,protein dithiol oxidoreductase (disulfide-forming),Redox/oxidoreductase,Redox,False,/home/ps/ps1/data/bihongyu/cold_seep/illu/all_fa/CDS/cat_result/cat_others
SY365BB-8-12_bin7-k141_1337394_7,SY365BB-8-12_bin7,IdrA-associated,IS,SY365BB-8-12,SY365BB-8-12,k141_1337394,k141_1337394_15,k141_1337394,8,+,17720,18559,,,Hypothetical/unknown,,False,/home/ps/ps1/data/bihongyu/cold_seep/illu/all_fa/CDS/cat_result/cat_others
SY368YW-4-8_bin24-k141_617455_9,SY368YW-4-8_bin24,IdrA-associated,IS,SY368YW-4-8,SY368YW-4-8,k141_617455,k141_617455_1,k141_617455,-8,+,3,350,,,Hypothetical/unknown,,False,/home/ps/ps1/data/bihongyu/cold_seep/illu/all_fa/CDS/cat_result/cat_others
SY368YW-4-8_bin24-k141_617455_9,SY368YW-4-8_bin24,IdrA-associated,IS,SY368YW-4-8,SY368YW-4-8,k141_617455,k141_617455_2,k141_617455,-7,+,338,988,,,Hypothetical/unknown,,False,/home/ps/ps1/data/bihongyu/cold_seep/illu/all_fa/CDS/cat_result/cat_others
SY368YW-4-8_bin24-k141_617455_9,SY368YW-4-8_bin24,IdrA-associated,IS,SY368YW-4-8,SY368YW-4-8,k141_617455,k141_617455_3,k141_617455,-6,+,1374,1619,,,Hypothetical/unknown,,False,/home/ps/ps1/data/bihongyu/cold_seep/illu/all_fa/CDS/cat_result/cat_others
SY368YW-4-8_bin24-k141_617455_9,SY368YW-4-8_bin24,IdrA-associated,IS,SY368YW-4-8,SY368YW-4-8,k141_617455,k141_617455_4,k141_617455,-5,-,1900,2616,K02483,"two-component system, OmpR family, response regulator",Annotated other,,False,/home/ps/ps1/data/bihongyu/cold_seep/illu/all_fa/CDS/cat_result/cat_others
SY368YW-4-8_bin24-k141_617455_9,SY368YW-4-8_bin24,IdrA-associated,IS,SY368YW-4-8,SY368YW-4-8,k141_617455,k141_617455_5,k141_617455,-4,+,2717,4921,K13587,"two-component system, cell cycle sensor histidine kinase and response regulator CckA",Annotated other,,False,/home/ps/ps1/data/bihongyu/cold_seep/illu/all_fa/CDS/cat_result/cat_others
SY368YW-4-8_bin24-k141_617455_9,SY368YW-4-8_bin24,IdrA-associated,IS,SY368YW-4-8,SY368YW-4-8,k141_617455,k141_617455_6,k141_617455,-3,+,5054,6145,K00428,cytochrome c peroxidase,Cytochrome/peroxidase,cyt,False,/home/ps/ps1/data/bihongyu/cold_seep/illu/all_fa/CDS/cat_result/cat_others
SY368YW-4-8_bin24-k141_617455_9,SY368YW-4-8_bin24,IdrA-associated,IS,SY368YW-4-8,SY368YW-4-8,k141_617455,k141_617455_7,k141_617455,-2,+,6158,7276,K00428,cytochrome c peroxidase,Cytochrome/peroxidase,cyt,False,/home/ps/ps1/data/bihongyu/cold_seep/illu/all_fa/CDS/cat_result/cat_others
SY368YW-4-8_bin24-k141_617455_9,SY368YW-4-8_bin24,IdrA-associated,IS,SY368YW-4-8,SY368YW-4-8,k141_617455,k141_617455_8,k141_617455,-1,+,7273,7824,K08355,arsenite oxidase small subunit,Rieske/AioB,AioB,False,/home/ps/ps1/data/bihongyu/cold_seep/illu/all_fa/CDS/cat_result/cat_others
SY368YW-4-8_bin24-k141_617455_9,SY368YW-4-8_bin24,IdrA-associated,IS,SY368YW-4-8,SY368YW-4-8,k141_617455,k141_617455_9,k141_617455,0,+,7841,10504,K08356,arsenite oxidase large subunit,Target IdrA-like K08356,IdrA,True,/home/ps/ps1/data/bihongyu/cold_seep/illu/all_fa/CDS/cat_result/cat_others
SY368YW-4-8_bin24-k141_617455_9,SY368YW-4-8_bin24,IdrA-associated,IS,SY368YW-4-8,SY368YW-4-8,k141_617455,k141_617455_10,k141_617455,1,+,10563,11090,,,Hypothetical/unknown,,False,/home/ps/ps1/data/bihongyu/cold_seep/illu/all_fa/CDS/cat_result/cat_others
SY368YW-4-8_bin24-k141_617455_9,SY368YW-4-8_bin24,IdrA-associated,IS,SY368YW-4-8,SY368YW-4-8,k141_617455,k141_617455_11,k141_617455,2,+,12116,13582,,,Hypothetical/unknown,,False,/home/ps/ps1/data/bihongyu/cold_seep/illu/all_fa/CDS/cat_result/cat_others
SY368YW-4-8_bin24-k141_617455_9,SY368YW-4-8_bin24,IdrA-associated,IS,SY368YW-4-8,SY368YW-4-8,k141_617455,k141_617455_12,k141_617455,3,+,13600,14964,K22348,manganese oxidase,Annotated other,,False,/home/ps/ps1/data/bihongyu/cold_seep/illu/all_fa/CDS/cat_result/cat_others
SY368YW-4-8_bin24-k141_617455_9,SY368YW-4-8_bin24,IdrA-associated,IS,SY368YW-4-8,SY368YW-4-8,k141_617455,k141_617455_13,k141_617455,4,+,15012,15716,,,Hypothetical/unknown,,False,/home/ps/ps1/data/bihongyu/cold_seep/illu/all_fa/CDS/cat_result/cat_others
SY368YW-4-8_bin24-k141_617455_9,SY368YW-4-8_bin24,IdrA-associated,IS,SY368YW-4-8,SY368YW-4-8,k141_617455,k141_617455_14,k141_617455,5,-,16194,16874,,,Hypothetical/unknown,,False,/home/ps/ps1/data/bihongyu/cold_seep/illu/all_fa/CDS/cat_result/cat_others
SY368YW-4-8_bin24-k141_617455_9,SY368YW-4-8_bin24,IdrA-associated,IS,SY368YW-4-8,SY368YW-4-8,k141_617455,k141_617455_15,k141_617455,6,+,16960,18366,K01812,glucuronate isomerase,Annotated other,,False,/home/ps/ps1/data/bihongyu/cold_seep/illu/all_fa/CDS/cat_result/cat_others
SY368YW-4-8_bin24-k141_617455_9,SY368YW-4-8_bin24,IdrA-associated,IS,SY368YW-4-8,SY368YW-4-8,k141_617455,k141_617455_16,k141_617455,7,+,18401,19225,K01815,4-deoxy-L-threo-5-hexosulose-uronate ketol-isomerase,Annotated other,,False,/home/ps/ps1/data/bihongyu/cold_seep/illu/all_fa/CDS/cat_result/cat_others
SY368YW-4-8_bin24-k141_617455_9,SY368YW-4-8_bin24,IdrA-associated,IS,SY368YW-4-8,SY368YW-4-8,k141_617455,k141_617455_17,k141_617455,8,+,19222,19953,K00065,2-dehydro-3-deoxy-D-gluconate 5-dehydrogenase,Redox/oxidoreductase,Redox,False,/home/ps/ps1/data/bihongyu/cold_seep/illu/all_fa/CDS/cat_result/cat_others
SY368YW-4-8_bin24-k141_617455_9,SY368YW-4-8_bin24,IdrA-associated,IS,SY368YW-4-8,SY368YW-4-8,k141_617455,k141_617455_18,k141_617455,9,+,19925,21061,K00040,fructuronate reductase,Annotated other,,False,/home/ps/ps1/data/bihongyu/cold_seep/illu/all_fa/CDS/cat_result/cat_others
SY456YB-4-8_bin24-k141_314185_12,SY456YB-4-8_bin24,IdrA-associated,IS,SY456YB-4-8,SY456YB-4-8,k141_314185,k141_314185_2,k141_314185,-10,-,359,736,K01496,phosphoribosyl-AMP cyclohydrolase,Annotated other,,False,/home/ps/ps1/data/bihongyu/cold_seep/illu/all_fa/CDS/cat_result/cat_others
SY456YB-4-8_bin24-k141_314185_12,SY456YB-4-8_bin24,IdrA-associated,IS,SY456YB-4-8,SY456YB-4-8,k141_314185,k141_314185_3,k141_314185,-9,-,740,1108,,,Hypothetical/unknown,,False,/home/ps/ps1/data/bihongyu/cold_seep/illu/all_fa/CDS/cat_result/cat_others
SY456YB-4-8_bin24-k141_314185_12,SY456YB-4-8_bin24,IdrA-associated,IS,SY456YB-4-8,SY456YB-4-8,k141_314185,k141_314185_4,k141_314185,-8,-,1146,2486,K03667,ATP-dependent HslUV protease ATP-binding subunit HslU,Annotated other,,False,/home/ps/ps1/data/bihongyu/cold_seep/illu/all_fa/CDS/cat_result/cat_others
SY456YB-4-8_bin24-k141_314185_12,SY456YB-4-8_bin24,IdrA-associated,IS,SY456YB-4-8,SY456YB-4-8,k141_314185,k141_314185_5,k141_314185,-7,-,2644,3177,K01419,"ATP-dependent HslUV protease, peptidase subunit HslV",Annotated other,,False,/home/ps/ps1/data/bihongyu/cold_seep/illu/all_fa/CDS/cat_result/cat_others
SY456YB-4-8_bin24-k141_314185_12,SY456YB-4-8_bin24,IdrA-associated,IS,SY456YB-4-8,SY456YB-4-8,k141_314185,k141_314185_6,k141_314185,-6,-,3417,5207,,,Hypothetical/unknown,,False,/home/ps/ps1/data/bihongyu/cold_seep/illu/all_fa/CDS/cat_result/cat_others
SY456YB-4-8_bin24-k141_314185_12,SY456YB-4-8_bin24,IdrA-associated,IS,SY456YB-4-8,SY456YB-4-8,k141_314185,k141_314185_7,k141_314185,-5,-,5314,6240,,,Hypothetical/unknown,,False,/home/ps/ps1/data/bihongyu/cold_seep/illu/all_fa/CDS/cat_result/cat_others
SY456YB-4-8_bin24-k141_314185_12,SY456YB-4-8_bin24,IdrA-associated,IS,SY456YB-4-8,SY456YB-4-8,k141_314185,k141_314185_8,k141_314185,-4,-,6539,7555,K03639,"GTP 3',8-cyclase",Annotated other,,False,/home/ps/ps1/data/bihongyu/cold_seep/illu/all_fa/CDS/cat_result/cat_others
SY456YB-4-8_bin24-k141_314185_12,SY456YB-4-8_bin24,IdrA-associated,IS,SY456YB-4-8,SY456YB-4-8,k141_314185,k141_314185_9,k141_314185,-3,+,7969,9081,K00428,cytochrome c peroxidase,Cytochrome/peroxidase,cyt,False,/home/ps/ps1/data/bihongyu/cold_seep/illu/all_fa/CDS/cat_result/cat_others
SY456YB-4-8_bin24-k141_314185_12,SY456YB-4-8_bin24,IdrA-associated,IS,SY456YB-4-8,SY456YB-4-8,k141_314185,k141_314185_10,k141_314185,-2,+,9097,10293,K00428,cytochrome c peroxidase,Cytochrome/peroxidase,cyt,False,/home/ps/ps1/data/bihongyu/cold_seep/illu/all_fa/CDS/cat_result/cat_others
SY456YB-4-8_bin24-k141_314185_12,SY456YB-4-8_bin24,IdrA-associated,IS,SY456YB-4-8,SY456YB-4-8,k141_314185,k141_314185_11,k141_314185,-1,+,10290,10901,K08355,arsenite oxidase small subunit,Rieske/AioB,AioB,False,/home/ps/ps1/data/bihongyu/cold_seep/illu/all_fa/CDS/cat_result/cat_others
SY456YB-4-8_bin24-k141_314185_12,SY456YB-4-8_bin24,IdrA-associated,IS,SY456YB-4-8,SY456YB-4-8,k141_314185,k141_314185_12,k141_314185,0,+,10913,13606,K08356,arsenite oxidase large subunit,Target IdrA-like K08356,IdrA,True,/home/ps/ps1/data/bihongyu/cold_seep/illu/all_fa/CDS/cat_result/cat_others
SY456YB-4-8_bin24-k141_314185_12,SY456YB-4-8_bin24,IdrA-associated,IS,SY456YB-4-8,SY456YB-4-8,k141_314185,k141_314185_13,k141_314185,1,+,13774,14436,K07152,protein SCO1,Annotated other,,False,/home/ps/ps1/data/bihongyu/cold_seep/illu/all_fa/CDS/cat_result/cat_others
SY456YB-4-8_bin24-k141_314185_12,SY456YB-4-8_bin24,IdrA-associated,IS,SY456YB-4-8,SY456YB-4-8,k141_314185,k141_314185_14,k141_314185,2,+,14531,15256,K02020,molybdate transport system substrate-binding protein,Annotated other,,False,/home/ps/ps1/data/bihongyu/cold_seep/illu/all_fa/CDS/cat_result/cat_others
SY456YB-4-8_bin24-k141_314185_12,SY456YB-4-8_bin24,IdrA-associated,IS,SY456YB-4-8,SY456YB-4-8,k141_314185,k141_314185_15,k141_314185,3,+,15253,15939,K02018,molybdate transport system permease protein,Transporter,transporter,False,/home/ps/ps1/data/bihongyu/cold_seep/illu/all_fa/CDS/cat_result/cat_others
SY456YB-4-8_bin24-k141_314185_12,SY456YB-4-8_bin24,IdrA-associated,IS,SY456YB-4-8,SY456YB-4-8,k141_314185,k141_314185_16,k141_314185,4,+,15902,17044,K02017,molybdate transport system ATP-binding protein,Annotated other,,False,/home/ps/ps1/data/bihongyu/cold_seep/illu/all_fa/CDS/cat_result/cat_others
SY456YB-4-8_bin24-k141_314185_12,SY456YB-4-8_bin24,IdrA-associated,IS,SY456YB-4-8,SY456YB-4-8,k141_314185,k141_314185_17,k141_314185,5,-,17222,18595,K02481,"two-component system, NtrC family, response regulator",Annotated other,,False,/home/ps/ps1/data/bihongyu/cold_seep/illu/all_fa/CDS/cat_result/cat_others
SY456YB-4-8_bin24-k141_314185_12,SY456YB-4-8_bin24,IdrA-associated,IS,SY456YB-4-8,SY456YB-4-8,k141_314185,k141_314185_18,k141_314185,6,-,18592,21528,,,Hypothetical/unknown,,False,/home/ps/ps1/data/bihongyu/cold_seep/illu/all_fa/CDS/cat_result/cat_others
SY456YB-4-8_bin24-k141_314185_12,SY456YB-4-8_bin24,IdrA-associated,IS,SY456YB-4-8,SY456YB-4-8,k141_314185,k141_314185_19,k141_314185,7,-,21525,21890,,,Hypothetical/unknown,,False,/home/ps/ps1/data/bihongyu/cold_seep/illu/all_fa/CDS/cat_result/cat_others
SY456YB-4-8_bin24-k141_314185_12,SY456YB-4-8_bin24,IdrA-associated,IS,SY456YB-4-8,SY456YB-4-8,k141_314185,k141_314185_20,k141_314185,8,-,21927,23345,K00231,protoporphyrinogen/coproporphyrinogen III oxidase,Annotated other,,False,/home/ps/ps1/data/bihongyu/cold_seep/illu/all_fa/CDS/cat_result/cat_others
SY456YB-4-8_bin24-k141_314185_12,SY456YB-4-8_bin24,IdrA-associated,IS,SY456YB-4-8,SY456YB-4-8,k141_314185,k141_314185_21,k141_314185,9,-,23342,23482,,,Hypothetical/unknown,,False,/home/ps/ps1/data/bihongyu/cold_seep/illu/all_fa/CDS/cat_result/cat_others
SY456YB-4-8_bin24-k141_314185_12,SY456YB-4-8_bin24,IdrA-associated,IS,SY456YB-4-8,SY456YB-4-8,k141_314185,k141_314185_22,k141_314185,10,-,23482,24744,K22227,AdoMet-dependent heme synthase,Annotated other,,False,/home/ps/ps1/data/bihongyu/cold_seep/illu/all_fa/CDS/cat_result/cat_others
SY457BB-0-4_bin2-k141_509701_9,SY457BB-0-4_bin2,IdrA-associated,IS,SY457BB-0-4,SY457BB-0-4,k141_509701,k141_509701_1,k141_509701,-8,+,3,704,K03750,molybdopterin molybdotransferase,Annotated other,,False,/home/ps/ps1/data/bihongyu/cold_seep/illu/all_fa/CDS/cat_result/cat_others
SY457BB-0-4_bin2-k141_509701_9,SY457BB-0-4_bin2,IdrA-associated,IS,SY457BB-0-4,SY457BB-0-4,k141_509701,k141_509701_2,k141_509701,-7,+,845,1099,K03636,sulfur-carrier protein,Annotated other,,False,/home/ps/ps1/data/bihongyu/cold_seep/illu/all_fa/CDS/cat_result/cat_others
SY457BB-0-4_bin2-k141_509701_9,SY457BB-0-4_bin2,IdrA-associated,IS,SY457BB-0-4,SY457BB-0-4,k141_509701,k141_509701_3,k141_509701,-6,+,1102,1554,K03635,molybdopterin synthase catalytic subunit,Annotated other,,False,/home/ps/ps1/data/bihongyu/cold_seep/illu/all_fa/CDS/cat_result/cat_others
SY457BB-0-4_bin2-k141_509701_9,SY457BB-0-4_bin2,IdrA-associated,IS,SY457BB-0-4,SY457BB-0-4,k141_509701,k141_509701_4,k141_509701,-5,+,1551,1979,,,Hypothetical/unknown,,False,/home/ps/ps1/data/bihongyu/cold_seep/illu/all_fa/CDS/cat_result/cat_others
SY457BB-0-4_bin2-k141_509701_9,SY457BB-0-4_bin2,IdrA-associated,IS,SY457BB-0-4,SY457BB-0-4,k141_509701,k141_509701_5,k141_509701,-4,+,1972,3450,K03092,RNA polymerase sigma-54 factor,Annotated other,,False,/home/ps/ps1/data/bihongyu/cold_seep/illu/all_fa/CDS/cat_result/cat_others
SY457BB-0-4_bin2-k141_509701_9,SY457BB-0-4_bin2,IdrA-associated,IS,SY457BB-0-4,SY457BB-0-4,k141_509701,k141_509701_6,k141_509701,-3,+,3749,4867,K00428,cytochrome c peroxidase,Cytochrome/peroxidase,cyt,False,/home/ps/ps1/data/bihongyu/cold_seep/illu/all_fa/CDS/cat_result/cat_others
SY457BB-0-4_bin2-k141_509701_9,SY457BB-0-4_bin2,IdrA-associated,IS,SY457BB-0-4,SY457BB-0-4,k141_509701,k141_509701_7,k141_509701,-2,+,4884,6074,K00428,cytochrome c peroxidase,Cytochrome/peroxidase,cyt,False,/home/ps/ps1/data/bihongyu/cold_seep/illu/all_fa/CDS/cat_result/cat_others
SY457BB-0-4_bin2-k141_509701_9,SY457BB-0-4_bin2,IdrA-associated,IS,SY457BB-0-4,SY457BB-0-4,k141_509701,k141_509701_8,k141_509701,-1,+,6071,6697,K08355,arsenite oxidase small subunit,Rieske/AioB,AioB,False,/home/ps/ps1/data/bihongyu/cold_seep/illu/all_fa/CDS/cat_result/cat_others
SY457BB-0-4_bin2-k141_509701_9,SY457BB-0-4_bin2,IdrA-associated,IS,SY457BB-0-4,SY457BB-0-4,k141_509701,k141_509701_9,k141_509701,0,+,6709,9420,K08356,arsenite oxidase large subunit,Target IdrA-like K08356,IdrA,True,/home/ps/ps1/data/bihongyu/cold_seep/illu/all_fa/CDS/cat_result/cat_others
SY457BB-0-4_bin35-k141_455312_8,SY457BB-0-4_bin35,IdrA-associated,IS,SY457BB-0-4,SY457BB-0-4,k141_455312,k141_455312_1,k141_455312,-7,+,1,303,,,Hypothetical/unknown,,False,/home/ps/ps1/data/bihongyu/cold_seep/illu/all_fa/CDS/cat_result/cat_others
SY457BB-0-4_bin35-k141_455312_8,SY457BB-0-4_bin35,IdrA-associated,IS,SY457BB-0-4,SY457BB-0-4,k141_455312,k141_455312_2,k141_455312,-6,-,356,1087,K02483,"two-component system, OmpR family, response regulator",Annotated other,,False,/home/ps/ps1/data/bihongyu/cold_seep/illu/all_fa/CDS/cat_result/cat_others
SY457BB-0-4_bin35-k141_455312_8,SY457BB-0-4_bin35,IdrA-associated,IS,SY457BB-0-4,SY457BB-0-4,k141_455312,k141_455312_3,k141_455312,-5,+,1219,3471,K13587,"two-component system, cell cycle sensor histidine kinase and response regulator CckA",Annotated other,,False,/home/ps/ps1/data/bihongyu/cold_seep/illu/all_fa/CDS/cat_result/cat_others
SY457BB-0-4_bin35-k141_455312_8,SY457BB-0-4_bin35,IdrA-associated,IS,SY457BB-0-4,SY457BB-0-4,k141_455312,k141_455312_4,k141_455312,-4,+,3610,4725,K00428,cytochrome c peroxidase,Cytochrome/peroxidase,cyt,False,/home/ps/ps1/data/bihongyu/cold_seep/illu/all_fa/CDS/cat_result/cat_others
SY457BB-0-4_bin35-k141_455312_8,SY457BB-0-4_bin35,IdrA-associated,IS,SY457BB-0-4,SY457BB-0-4,k141_455312,k141_455312_5,k141_455312,-3,+,4737,4919,,,Hypothetical/unknown,,False,/home/ps/ps1/data/bihongyu/cold_seep/illu/all_fa/CDS/cat_result/cat_others
SY457BB-0-4_bin35-k141_455312_8,SY457BB-0-4_bin35,IdrA-associated,IS,SY457BB-0-4,SY457BB-0-4,k141_455312,k141_455312_6,k141_455312,-2,+,5007,5918,K00428,cytochrome c peroxidase,Cytochrome/peroxidase,cyt,False,/home/ps/ps1/data/bihongyu/cold_seep/illu/all_fa/CDS/cat_result/cat_others
SY457BB-0-4_bin35-k141_455312_8,SY457BB-0-4_bin35,IdrA-associated,IS,SY457BB-0-4,SY457BB-0-4,k141_455312,k141_455312_7,k141_455312,-1,+,5931,6503,K08355,arsenite oxidase small subunit,Rieske/AioB,AioB,False,/home/ps/ps1/data/bihongyu/cold_seep/illu/all_fa/CDS/cat_result/cat_others
SY457BB-0-4_bin35-k141_455312_8,SY457BB-0-4_bin35,IdrA-associated,IS,SY457BB-0-4,SY457BB-0-4,k141_455312,k141_455312_8,k141_455312,0,+,6522,9200,K08356,arsenite oxidase large subunit,Target IdrA-like K08356,IdrA,True,/home/ps/ps1/data/bihongyu/cold_seep/illu/all_fa/CDS/cat_result/cat_others
SY457BB-0-4_bin35-k141_455312_8,SY457BB-0-4_bin35,IdrA-associated,IS,SY457BB-0-4,SY457BB-0-4,k141_455312,k141_455312_9,k141_455312,1,+,9385,11166,,,Hypothetical/unknown,,False,/home/ps/ps1/data/bihongyu/cold_seep/illu/all_fa/CDS/cat_result/cat_others
SY457BB-0-4_bin35-k141_455312_8,SY457BB-0-4_bin35,IdrA-associated,IS,SY457BB-0-4,SY457BB-0-4,k141_455312,k141_455312_10,k141_455312,2,+,11163,11804,,,Hypothetical/unknown,,False,/home/ps/ps1/data/bihongyu/cold_seep/illu/all_fa/CDS/cat_result/cat_others
SY457BB-0-4_bin35-k141_455312_8,SY457BB-0-4_bin35,IdrA-associated,IS,SY457BB-0-4,SY457BB-0-4,k141_455312,k141_455312_11,k141_455312,3,+,11866,12414,K24843,2-(all-trans-polyprenyl)phenol 6-hydroxylase (prephenate) accessory factor UbiT,Annotated other,,False,/home/ps/ps1/data/bihongyu/cold_seep/illu/all_fa/CDS/cat_result/cat_others
SY457BB-0-4_bin35-k141_455312_8,SY457BB-0-4_bin35,IdrA-associated,IS,SY457BB-0-4,SY457BB-0-4,k141_455312,k141_455312_12,k141_455312,4,+,12408,13391,K24844,2-(all-trans-polyprenyl)phenol 6-hydroxylase (prephenate) UbiU,Annotated other,,False,/home/ps/ps1/data/bihongyu/cold_seep/illu/all_fa/CDS/cat_result/cat_others
SY457BB-0-4_bin35-k141_455312_8,SY457BB-0-4_bin35,IdrA-associated,IS,SY457BB-0-4,SY457BB-0-4,k141_455312,k141_455312_13,k141_455312,5,+,13397,14308,K24845,2-(all-trans-polyprenyl)phenol 6-hydroxylase (prephenate) UbiV,Annotated other,,False,/home/ps/ps1/data/bihongyu/cold_seep/illu/all_fa/CDS/cat_result/cat_others
SY457BB-0-4_bin35-k141_455312_8,SY457BB-0-4_bin35,IdrA-associated,IS,SY457BB-0-4,SY457BB-0-4,k141_455312,k141_455312_14,k141_455312,6,+,14320,14832,,,Hypothetical/unknown,,False,/home/ps/ps1/data/bihongyu/cold_seep/illu/all_fa/CDS/cat_result/cat_others
SY457BB-0-4_bin35-k141_455312_8,SY457BB-0-4_bin35,IdrA-associated,IS,SY457BB-0-4,SY457BB-0-4,k141_455312,k141_455312_15,k141_455312,7,-,14883,15281,,,Hypothetical/unknown,,False,/home/ps/ps1/data/bihongyu/cold_seep/illu/all_fa/CDS/cat_result/cat_others
SY459WG-4-8_bin8-k141_320908_36,SY459WG-4-8_bin8,IdrA-associated,IS,SY459WG-4-8,SY459WG-4-8,k141_320908,k141_320908_26,k141_320908,-10,-,20992,21129,,,Hypothetical/unknown,,False,/home/ps/ps1/data/bihongyu/cold_seep/illu/all_fa/CDS/cat_result/cat_others
SY459WG-4-8_bin8-k141_320908_36,SY459WG-4-8_bin8,IdrA-associated,IS,SY459WG-4-8,SY459WG-4-8,k141_320908,k141_320908_27,k141_320908,-9,+,21767,24235,,,Hypothetical/unknown,,False,/home/ps/ps1/data/bihongyu/cold_seep/illu/all_fa/CDS/cat_result/cat_others
SY459WG-4-8_bin8-k141_320908_36,SY459WG-4-8_bin8,IdrA-associated,IS,SY459WG-4-8,SY459WG-4-8,k141_320908,k141_320908_28,k141_320908,-8,+,24308,25048,,,Hypothetical/unknown,,False,/home/ps/ps1/data/bihongyu/cold_seep/illu/all_fa/CDS/cat_result/cat_others
SY459WG-4-8_bin8-k141_320908_36,SY459WG-4-8_bin8,IdrA-associated,IS,SY459WG-4-8,SY459WG-4-8,k141_320908,k141_320908_29,k141_320908,-7,+,25227,27401,,,Hypothetical/unknown,,False,/home/ps/ps1/data/bihongyu/cold_seep/illu/all_fa/CDS/cat_result/cat_others
SY459WG-4-8_bin8-k141_320908_36,SY459WG-4-8_bin8,IdrA-associated,IS,SY459WG-4-8,SY459WG-4-8,k141_320908,k141_320908_30,k141_320908,-6,+,27404,28663,K22227,AdoMet-dependent heme synthase,Annotated other,,False,/home/ps/ps1/data/bihongyu/cold_seep/illu/all_fa/CDS/cat_result/cat_others
SY459WG-4-8_bin8-k141_320908_36,SY459WG-4-8_bin8,IdrA-associated,IS,SY459WG-4-8,SY459WG-4-8,k141_320908,k141_320908_31,k141_320908,-5,+,28660,30066,K00231,protoporphyrinogen/coproporphyrinogen III oxidase,Annotated other,,False,/home/ps/ps1/data/bihongyu/cold_seep/illu/all_fa/CDS/cat_result/cat_others
SY459WG-4-8_bin8-k141_320908_36,SY459WG-4-8_bin8,IdrA-associated,IS,SY459WG-4-8,SY459WG-4-8,k141_320908,k141_320908_32,k141_320908,-4,+,30123,30440,,,Hypothetical/unknown,,False,/home/ps/ps1/data/bihongyu/cold_seep/illu/all_fa/CDS/cat_result/cat_others
SY459WG-4-8_bin8-k141_320908_36,SY459WG-4-8_bin8,IdrA-associated,IS,SY459WG-4-8,SY459WG-4-8,k141_320908,k141_320908_33,k141_320908,-3,+,30431,33025,,,Hypothetical/unknown,,False,/home/ps/ps1/data/bihongyu/cold_seep/illu/all_fa/CDS/cat_result/cat_others
SY459WG-4-8_bin8-k141_320908_36,SY459WG-4-8_bin8,IdrA-associated,IS,SY459WG-4-8,SY459WG-4-8,k141_320908,k141_320908_34,k141_320908,-2,+,33022,34392,,,Hypothetical/unknown,,False,/home/ps/ps1/data/bihongyu/cold_seep/illu/all_fa/CDS/cat_result/cat_others
SY459WG-4-8_bin8-k141_320908_36,SY459WG-4-8_bin8,IdrA-associated,IS,SY459WG-4-8,SY459WG-4-8,k141_320908,k141_320908_35,k141_320908,-1,-,34438,35058,K07152,protein SCO1,Annotated other,,False,/home/ps/ps1/data/bihongyu/cold_seep/illu/all_fa/CDS/cat_result/cat_others
SY459WG-4-8_bin8-k141_320908_36,SY459WG-4-8_bin8,IdrA-associated,IS,SY459WG-4-8,SY459WG-4-8,k141_320908,k141_320908_36,k141_320908,0,-,35154,37865,K08356,arsenite oxidase large subunit,Target IdrA-like K08356,IdrA,True,/home/ps/ps1/data/bihongyu/cold_seep/illu/all_fa/CDS/cat_result/cat_others
SY459WG-4-8_bin8-k141_320908_36,SY459WG-4-8_bin8,IdrA-associated,IS,SY459WG-4-8,SY459WG-4-8,k141_320908,k141_320908_37,k141_320908,1,-,37877,38491,K08355,arsenite oxidase small subunit,Rieske/AioB,AioB,False,/home/ps/ps1/data/bihongyu/cold_seep/illu/all_fa/CDS/cat_result/cat_others
SY459WG-4-8_bin8-k141_320908_36,SY459WG-4-8_bin8,IdrA-associated,IS,SY459WG-4-8,SY459WG-4-8,k141_320908,k141_320908_38,k141_320908,2,-,38488,39678,K00428,cytochrome c peroxidase,Cytochrome/peroxidase,cyt,False,/home/ps/ps1/data/bihongyu/cold_seep/illu/all_fa/CDS/cat_result/cat_others
SY459WG-4-8_bin8-k141_320908_36,SY459WG-4-8_bin8,IdrA-associated,IS,SY459WG-4-8,SY459WG-4-8,k141_320908,k141_320908_39,k141_320908,3,-,39694,40812,K00428,cytochrome c peroxidase,Cytochrome/peroxidase,cyt,False,/home/ps/ps1/data/bihongyu/cold_seep/illu/all_fa/CDS/cat_result/cat_others
SY459WG-4-8_bin8-k141_320908_36,SY459WG-4-8_bin8,IdrA-associated,IS,SY459WG-4-8,SY459WG-4-8,k141_320908,k141_320908_40,k141_320908,4,-,41106,42581,K03092,RNA polymerase sigma-54 factor,Annotated other,,False,/home/ps/ps1/data/bihongyu/cold_seep/illu/all_fa/CDS/cat_result/cat_others
SY459WG-4-8_bin8-k141_320908_36,SY459WG-4-8_bin8,IdrA-associated,IS,SY459WG-4-8,SY459WG-4-8,k141_320908,k141_320908_41,k141_320908,5,-,42574,43002,,,Hypothetical/unknown,,False,/home/ps/ps1/data/bihongyu/cold_seep/illu/all_fa/CDS/cat_result/cat_others
SY459WG-4-8_bin8-k141_320908_36,SY459WG-4-8_bin8,IdrA-associated,IS,SY459WG-4-8,SY459WG-4-8,k141_320908,k141_320908_42,k141_320908,6,-,43002,43451,K03635,molybdopterin synthase catalytic subunit,Annotated other,,False,/home/ps/ps1/data/bihongyu/cold_seep/illu/all_fa/CDS/cat_result/cat_others
SY459WG-4-8_bin8-k141_320908_36,SY459WG-4-8_bin8,IdrA-associated,IS,SY459WG-4-8,SY459WG-4-8,k141_320908,k141_320908_43,k141_320908,7,-,43462,43716,K03636,sulfur-carrier protein,Annotated other,,False,/home/ps/ps1/data/bihongyu/cold_seep/illu/all_fa/CDS/cat_result/cat_others
SY459WG-4-8_bin8-k141_320908_36,SY459WG-4-8_bin8,IdrA-associated,IS,SY459WG-4-8,SY459WG-4-8,k141_320908,k141_320908_44,k141_320908,8,-,43742,44983,K03750,molybdopterin molybdotransferase,Annotated other,,False,/home/ps/ps1/data/bihongyu/cold_seep/illu/all_fa/CDS/cat_result/cat_others
SY459WG-4-8_bin8-k141_320908_36,SY459WG-4-8_bin8,IdrA-associated,IS,SY459WG-4-8,SY459WG-4-8,k141_320908,k141_320908_45,k141_320908,9,-,45024,45557,K03638,molybdopterin adenylyltransferase,Annotated other,,False,/home/ps/ps1/data/bihongyu/cold_seep/illu/all_fa/CDS/cat_result/cat_others
SY459WG-4-8_bin8-k141_320908_36,SY459WG-4-8_bin8,IdrA-associated,IS,SY459WG-4-8,SY459WG-4-8,k141_320908,k141_320908_46,k141_320908,10,-,45717,47780,,,Hypothetical/unknown,,False,/home/ps/ps1/data/bihongyu/cold_seep/illu/all_fa/CDS/cat_result/cat_others
S1_9-12_bin1-k141_637215_2,S1_9-12_bin1,canonical aioA-associated,AS,S1,S1_9-12,k141_637215,k141_637215_1,k141_637215,-1,+,1070,1588,K08355,arsenite oxidase small subunit,Rieske/AioB,AioB,False,/home/ps/ps1/data/bihongyu/cold_seep/illu/all_fa/CDS/cat_result/cat_others
S1_9-12_bin1-k141_637215_2,S1_9-12_bin1,canonical aioA-associated,AS,S1,S1_9-12,k141_637215,k141_637215_2,k141_637215,0,+,1613,4084,K08356,arsenite oxidase large subunit,Target canonical aioA,AioA,True,/home/ps/ps1/data/bihongyu/cold_seep/illu/all_fa/CDS/cat_result/cat_others
S1_9-12_bin1-k141_637215_2,S1_9-12_bin1,canonical aioA-associated,AS,S1,S1_9-12,k141_637215,k141_637215_3,k141_637215,1,+,4246,5181,K01011,thiosulfate/3-mercaptopyruvate sulfurtransferase,Sox/sulfur oxidation,sox,False,/home/ps/ps1/data/bihongyu/cold_seep/illu/all_fa/CDS/cat_result/cat_others
SY366YW-4-8_bin7-k141_14765_13,SY366YW-4-8_bin7,canonical aioA-associated,IS,SY366YW-4-8,SY366YW-4-8,k141_14765,k141_14765_3,k141_14765,-10,-,3539,5209,,,Hypothetical/unknown,,False,/home/ps/ps1/data/bihongyu/cold_seep/illu/all_fa/CDS/cat_result/cat_others
SY366YW-4-8_bin7-k141_14765_13,SY366YW-4-8_bin7,canonical aioA-associated,IS,SY366YW-4-8,SY366YW-4-8,k141_14765,k141_14765_4,k141_14765,-9,-,5418,6071,K22108,"TetR/AcrR family transcriptional regulator, cholesterol catabolism regulator",Annotated other,,False,/home/ps/ps1/data/bihongyu/cold_seep/illu/all_fa/CDS/cat_result/cat_others
SY366YW-4-8_bin7-k141_14765_13,SY366YW-4-8_bin7,canonical aioA-associated,IS,SY366YW-4-8,SY366YW-4-8,k141_14765,k141_14765_5,k141_14765,-8,+,6114,7301,K00626,acetyl-CoA C-acetyltransferase,Annotated other,,False,/home/ps/ps1/data/bihongyu/cold_seep/illu/all_fa/CDS/cat_result/cat_others
SY366YW-4-8_bin7-k141_14765_13,SY366YW-4-8_bin7,canonical aioA-associated,IS,SY366YW-4-8,SY366YW-4-8,k141_14765,k141_14765_6,k141_14765,-7,-,7347,8486,,,Hypothetical/unknown,,False,/home/ps/ps1/data/bihongyu/cold_seep/illu/all_fa/CDS/cat_result/cat_others
SY366YW-4-8_bin7-k141_14765_13,SY366YW-4-8_bin7,canonical aioA-associated,IS,SY366YW-4-8,SY366YW-4-8,k141_14765,k141_14765_7,k141_14765,-6,-,8564,10264,K03406,methyl-accepting chemotaxis protein,Annotated other,,False,/home/ps/ps1/data/bihongyu/cold_seep/illu/all_fa/CDS/cat_result/cat_others
SY366YW-4-8_bin7-k141_14765_13,SY366YW-4-8_bin7,canonical aioA-associated,IS,SY366YW-4-8,SY366YW-4-8,k141_14765,k141_14765_8,k141_14765,-5,-,10289,10702,K03741,arsenate reductase (thioredoxin),Arsenic resistance,ars,False,/home/ps/ps1/data/bihongyu/cold_seep/illu/all_fa/CDS/cat_result/cat_others
SY366YW-4-8_bin7-k141_14765_13,SY366YW-4-8_bin7,canonical aioA-associated,IS,SY366YW-4-8,SY366YW-4-8,k141_14765,k141_14765_9,k141_14765,-4,+,10853,11590,K11811,arsenical resistance protein ArsH,Arsenic resistance,ars,False,/home/ps/ps1/data/bihongyu/cold_seep/illu/all_fa/CDS/cat_result/cat_others
SY366YW-4-8_bin7-k141_14765_13,SY366YW-4-8_bin7,canonical aioA-associated,IS,SY366YW-4-8,SY366YW-4-8,k141_14765,k141_14765_10,k141_14765,-3,+,11604,12683,K03325,arsenite transporter,Arsenic resistance,ars,False,/home/ps/ps1/data/bihongyu/cold_seep/illu/all_fa/CDS/cat_result/cat_others
SY366YW-4-8_bin7-k141_14765_13,SY366YW-4-8_bin7,canonical aioA-associated,IS,SY366YW-4-8,SY366YW-4-8,k141_14765,k141_14765_11,k141_14765,-2,+,12696,13361,,,Hypothetical/unknown,,False,/home/ps/ps1/data/bihongyu/cold_seep/illu/all_fa/CDS/cat_result/cat_others
SY366YW-4-8_bin7-k141_14765_13,SY366YW-4-8_bin7,canonical aioA-associated,IS,SY366YW-4-8,SY366YW-4-8,k141_14765,k141_14765_12,k141_14765,-1,+,13817,14335,K08355,arsenite oxidase small subunit,Rieske/AioB,AioB,False,/home/ps/ps1/data/bihongyu/cold_seep/illu/all_fa/CDS/cat_result/cat_others
SY366YW-4-8_bin7-k141_14765_13,SY366YW-4-8_bin7,canonical aioA-associated,IS,SY366YW-4-8,SY366YW-4-8,k141_14765,k141_14765_13,k141_14765,0,+,14352,16832,K08356,arsenite oxidase large subunit,Target canonical aioA,AioA,True,/home/ps/ps1/data/bihongyu/cold_seep/illu/all_fa/CDS/cat_result/cat_others
SY366YW-4-8_bin7-k141_14765_13,SY366YW-4-8_bin7,canonical aioA-associated,IS,SY366YW-4-8,SY366YW-4-8,k141_14765,k141_14765_14,k141_14765,1,-,16909,18060,,,Hypothetical/unknown,,False,/home/ps/ps1/data/bihongyu/cold_seep/illu/all_fa/CDS/cat_result/cat_others
SY366YW-4-8_bin7-k141_14765_13,SY366YW-4-8_bin7,canonical aioA-associated,IS,SY366YW-4-8,SY366YW-4-8,k141_14765,k141_14765_15,k141_14765,2,-,18057,19223,K25223,"MFS transporter, APGE family, 1-arseno-3-phosphoglycerate exporter",Arsenic resistance,ars,False,/home/ps/ps1/data/bihongyu/cold_seep/illu/all_fa/CDS/cat_result/cat_others
SY366YW-4-8_bin7-k141_14765_13,SY366YW-4-8_bin7,canonical aioA-associated,IS,SY366YW-4-8,SY366YW-4-8,k141_14765,k141_14765_16,k141_14765,3,-,19273,20304,K25224,glyceraldehyde-3-phosphate dehydrogenase (arsenate-transferring),Arsenic resistance,ars,False,/home/ps/ps1/data/bihongyu/cold_seep/illu/all_fa/CDS/cat_result/cat_others
SY366YW-4-8_bin7-k141_14765_13,SY366YW-4-8_bin7,canonical aioA-associated,IS,SY366YW-4-8,SY366YW-4-8,k141_14765,k141_14765_17,k141_14765,4,-,20481,21320,K02036,phosphate transport system ATP-binding protein,Annotated other,,False,/home/ps/ps1/data/bihongyu/cold_seep/illu/all_fa/CDS/cat_result/cat_others
SY366YW-4-8_bin7-k141_14765_13,SY366YW-4-8_bin7,canonical aioA-associated,IS,SY366YW-4-8,SY366YW-4-8,k141_14765,k141_14765_18,k141_14765,5,-,21347,22513,K02038,phosphate transport system permease protein,Transporter,transporter,False,/home/ps/ps1/data/bihongyu/cold_seep/illu/all_fa/CDS/cat_result/cat_others
SY366YW-4-8_bin7-k141_14765_13,SY366YW-4-8_bin7,canonical aioA-associated,IS,SY366YW-4-8,SY366YW-4-8,k141_14765,k141_14765_19,k141_14765,6,-,22532,23782,K02037,phosphate transport system permease protein,Transporter,transporter,False,/home/ps/ps1/data/bihongyu/cold_seep/illu/all_fa/CDS/cat_result/cat_others
SY366YW-4-8_bin7-k141_14765_13,SY366YW-4-8_bin7,canonical aioA-associated,IS,SY366YW-4-8,SY366YW-4-8,k141_14765,k141_14765_20,k141_14765,7,-,23936,24946,K02040,phosphate transport system substrate-binding protein,Annotated other,,False,/home/ps/ps1/data/bihongyu/cold_seep/illu/all_fa/CDS/cat_result/cat_others
SY366YW-4-8_bin7-k141_14765_13,SY366YW-4-8_bin7,canonical aioA-associated,IS,SY366YW-4-8,SY366YW-4-8,k141_14765,k141_14765_21,k141_14765,8,-,25075,25806,K07090,uncharacterized protein,Annotated other,,False,/home/ps/ps1/data/bihongyu/cold_seep/illu/all_fa/CDS/cat_result/cat_others
SY366YW-4-8_bin7-k141_14765_13,SY366YW-4-8_bin7,canonical aioA-associated,IS,SY366YW-4-8,SY366YW-4-8,k141_14765,k141_14765_22,k141_14765,9,-,25848,27038,K07552,"MFS transporter, DHA1 family, multidrug resistance protein",Transporter,transporter,False,/home/ps/ps1/data/bihongyu/cold_seep/illu/all_fa/CDS/cat_result/cat_others
SY366YW-4-8_bin7-k141_14765_13,SY366YW-4-8_bin7,canonical aioA-associated,IS,SY366YW-4-8,SY366YW-4-8,k141_14765,k141_14765_23,k141_14765,10,-,27217,27735,,,Hypothetical/unknown,,False,/home/ps/ps1/data/bihongyu/cold_seep/illu/all_fa/CDS/cat_result/cat_others
R2111_S300_0-10_bin19-k141_825759_6,R2111_S300_0-10_bin19,canonical aioA-associated,NS,R2111_S300,R2111_S300_0-10,k141_825759,k141_825759_1,k141_825759,-5,+,2,730,,,Hypothetical/unknown,,False,/home/ps/ps1/data/bihongyu/cold_seep/illu/all_fa/CDS/cat_result/cat_others
R2111_S300_0-10_bin19-k141_825759_6,R2111_S300_0-10_bin19,canonical aioA-associated,NS,R2111_S300,R2111_S300_0-10,k141_825759,k141_825759_2,k141_825759,-4,+,1181,2848,,,Hypothetical/unknown,,False,/home/ps/ps1/data/bihongyu/cold_seep/illu/all_fa/CDS/cat_result/cat_others
R2111_S300_0-10_bin19-k141_825759_6,R2111_S300_0-10_bin19,canonical aioA-associated,NS,R2111_S300,R2111_S300_0-10,k141_825759,k141_825759_3,k141_825759,-3,-,2845,3687,,,Hypothetical/unknown,,False,/home/ps/ps1/data/bihongyu/cold_seep/illu/all_fa/CDS/cat_result/cat_others
R2111_S300_0-10_bin19-k141_825759_6,R2111_S300_0-10_bin19,canonical aioA-associated,NS,R2111_S300,R2111_S300_0-10,k141_825759,k141_825759_4,k141_825759,-2,-,3805,4716,,,Hypothetical/unknown,,False,/home/ps/ps1/data/bihongyu/cold_seep/illu/all_fa/CDS/cat_result/cat_others
R2111_S300_0-10_bin19-k141_825759_6,R2111_S300_0-10_bin19,canonical aioA-associated,NS,R2111_S300,R2111_S300_0-10,k141_825759,k141_825759_5,k141_825759,-1,-,4713,5708,,,Hypothetical/unknown,,False,/home/ps/ps1/data/bihongyu/cold_seep/illu/all_fa/CDS/cat_result/cat_others
R2111_S300_0-10_bin19-k141_825759_6,R2111_S300_0-10_bin19,canonical aioA-associated,NS,R2111_S300,R2111_S300_0-10,k141_825759,k141_825759_6,k141_825759,0,-,5705,8194,K08356,arsenite oxidase large subunit,Target canonical aioA,AioA,True,/home/ps/ps1/data/bihongyu/cold_seep/illu/all_fa/CDS/cat_result/cat_others
R2111_S300_0-10_bin19-k141_825759_6,R2111_S300_0-10_bin19,canonical aioA-associated,NS,R2111_S300,R2111_S300_0-10,k141_825759,k141_825759_7,k141_825759,1,-,8198,8704,K08355,arsenite oxidase small subunit,Rieske/AioB,AioB,False,/home/ps/ps1/data/bihongyu/cold_seep/illu/all_fa/CDS/cat_result/cat_others
R2111_S300_0-10_bin19-k141_825759_6,R2111_S300_0-10_bin19,canonical aioA-associated,NS,R2111_S300,R2111_S300_0-10,k141_825759,k141_825759_8,k141_825759,2,-,8821,9150,,,Hypothetical/unknown,,False,/home/ps/ps1/data/bihongyu/cold_seep/illu/all_fa/CDS/cat_result/cat_others
R2111_S300_0-10_bin19-k141_825759_6,R2111_S300_0-10_bin19,canonical aioA-associated,NS,R2111_S300,R2111_S300_0-10,k141_825759,k141_825759_9,k141_825759,3,-,9301,9621,K04755,"ferredoxin, 2Fe-2S",Rieske/AioB,Rieske,False,/home/ps/ps1/data/bihongyu/cold_seep/illu/all_fa/CDS/cat_result/cat_others
R2111_S300_0-10_bin19-k141_825759_6,R2111_S300_0-10_bin19,canonical aioA-associated,NS,R2111_S300,R2111_S300_0-10,k141_825759,k141_825759_10,k141_825759,4,-,9624,10835,K00529,3-phenylpropionate/trans-cinnamate dioxygenase ferredoxin reductase component,Redox/oxidoreductase,Redox,False,/home/ps/ps1/data/bihongyu/cold_seep/illu/all_fa/CDS/cat_result/cat_others
R2111_S300_0-10_bin19-k141_825759_6,R2111_S300_0-10_bin19,canonical aioA-associated,NS,R2111_S300,R2111_S300_0-10,k141_825759,k141_825759_11,k141_825759,5,-,11412,11984,,,Hypothetical/unknown,,False,/home/ps/ps1/data/bihongyu/cold_seep/illu/all_fa/CDS/cat_result/cat_others
R2111_S300_0-10_bin19-k141_825759_6,R2111_S300_0-10_bin19,canonical aioA-associated,NS,R2111_S300,R2111_S300_0-10,k141_825759,k141_825759_12,k141_825759,6,+,12597,13577,,,Hypothetical/unknown,,False,/home/ps/ps1/data/bihongyu/cold_seep/illu/all_fa/CDS/cat_result/cat_others
R2111_S300_0-10_bin19-k141_825759_6,R2111_S300_0-10_bin19,canonical aioA-associated,NS,R2111_S300,R2111_S300_0-10,k141_825759,k141_825759_13,k141_825759,7,+,13612,14604,,,Hypothetical/unknown,,False,/home/ps/ps1/data/bihongyu/cold_seep/illu/all_fa/CDS/cat_result/cat_others
R2111_S300_0-10_bin19-k141_825759_6,R2111_S300_0-10_bin19,canonical aioA-associated,NS,R2111_S300,R2111_S300_0-10,k141_825759,k141_825759_14,k141_825759,8,+,14795,15088,,,Hypothetical/unknown,,False,/home/ps/ps1/data/bihongyu/cold_seep/illu/all_fa/CDS/cat_result/cat_others
R2111_S300_0-10_bin19-k141_825759_6,R2111_S300_0-10_bin19,canonical aioA-associated,NS,R2111_S300,R2111_S300_0-10,k141_825759,k141_825759_15,k141_825759,9,+,15205,15495,,,Hypothetical/unknown,,False,/home/ps/ps1/data/bihongyu/cold_seep/illu/all_fa/CDS/cat_result/cat_others
R2111_S300_0-10_bin19-k141_825759_6,R2111_S300_0-10_bin19,canonical aioA-associated,NS,R2111_S300,R2111_S300_0-10,k141_825759,k141_825759_16,k141_825759,10,+,15739,16713,,,Hypothetical/unknown,,False,/home/ps/ps1/data/bihongyu/cold_seep/illu/all_fa/CDS/cat_result/cat_others
C2_12-18_bin11-k141_1404867_2,C2_12-18_bin11,aioA-like-associated,ES,C2_12,C2_12-18,k141_1404867,k141_1404867_1,k141_1404867,-1,+,3,332,,,Hypothetical/unknown,,False,/home/ps/ps1/data/bihongyu/cold_seep/illu/all_fa/CDS/cat_result/cat_others
C2_12-18_bin11-k141_1404867_2,C2_12-18_bin11,aioA-like-associated,ES,C2_12,C2_12-18,k141_1404867,k141_1404867_2,k141_1404867,0,+,340,3063,K08356,arsenite oxidase large subunit,Target aioA-like K08356,AioA-like,True,/home/ps/ps1/data/bihongyu/cold_seep/illu/all_fa/CDS/cat_result/cat_others
C2_12-18_bin11-k141_1404867_2,C2_12-18_bin11,aioA-like-associated,ES,C2_12,C2_12-18,k141_1404867,k141_1404867_3,k141_1404867,1,+,3193,5370,,,Hypothetical/unknown,,False,/home/ps/ps1/data/bihongyu/cold_seep/illu/all_fa/CDS/cat_result/cat_others
C2_12-18_bin11-k141_1404867_2,C2_12-18_bin11,aioA-like-associated,ES,C2_12,C2_12-18,k141_1404867,k141_1404867_4,k141_1404867,2,+,5415,6407,K00425,cytochrome bd ubiquinol oxidase subunit I,Cytochrome/peroxidase,cyt,False,/home/ps/ps1/data/bihongyu/cold_seep/illu/all_fa/CDS/cat_result/cat_others
SY365BB-8-12_bin10-k141_688982_32,SY365BB-8-12_bin10,aioA-like-associated,IS,SY365BB-8-12,SY365BB-8-12,k141_688982,k141_688982_22,k141_688982,-10,+,17766,18068,,,Hypothetical/unknown,,False,/home/ps/ps1/data/bihongyu/cold_seep/illu/all_fa/CDS/cat_result/cat_others
SY365BB-8-12_bin10-k141_688982_32,SY365BB-8-12_bin10,aioA-like-associated,IS,SY365BB-8-12,SY365BB-8-12,k141_688982,k141_688982_23,k141_688982,-9,+,18320,18442,,,Hypothetical/unknown,,False,/home/ps/ps1/data/bihongyu/cold_seep/illu/all_fa/CDS/cat_result/cat_others
SY365BB-8-12_bin10-k141_688982_32,SY365BB-8-12_bin10,aioA-like-associated,IS,SY365BB-8-12,SY365BB-8-12,k141_688982,k141_688982_24,k141_688982,-8,+,18456,20213,K00425,cytochrome bd ubiquinol oxidase subunit I,Cytochrome/peroxidase,cyt,False,/home/ps/ps1/data/bihongyu/cold_seep/illu/all_fa/CDS/cat_result/cat_others
SY365BB-8-12_bin10-k141_688982_32,SY365BB-8-12_bin10,aioA-like-associated,IS,SY365BB-8-12,SY365BB-8-12,k141_688982,k141_688982_25,k141_688982,-7,+,20210,21343,,,Hypothetical/unknown,,False,/home/ps/ps1/data/bihongyu/cold_seep/illu/all_fa/CDS/cat_result/cat_others
SY365BB-8-12_bin10-k141_688982_32,SY365BB-8-12_bin10,aioA-like-associated,IS,SY365BB-8-12,SY365BB-8-12,k141_688982,k141_688982_26,k141_688982,-6,+,21353,23629,,,Hypothetical/unknown,,False,/home/ps/ps1/data/bihongyu/cold_seep/illu/all_fa/CDS/cat_result/cat_others
SY365BB-8-12_bin10-k141_688982_32,SY365BB-8-12_bin10,aioA-like-associated,IS,SY365BB-8-12,SY365BB-8-12,k141_688982,k141_688982_27,k141_688982,-5,+,23704,24219,,,Hypothetical/unknown,,False,/home/ps/ps1/data/bihongyu/cold_seep/illu/all_fa/CDS/cat_result/cat_others
SY365BB-8-12_bin10-k141_688982_32,SY365BB-8-12_bin10,aioA-like-associated,IS,SY365BB-8-12,SY365BB-8-12,k141_688982,k141_688982_28,k141_688982,-4,+,24216,24977,,,Hypothetical/unknown,,False,/home/ps/ps1/data/bihongyu/cold_seep/illu/all_fa/CDS/cat_result/cat_others
SY365BB-8-12_bin10-k141_688982_32,SY365BB-8-12_bin10,aioA-like-associated,IS,SY365BB-8-12,SY365BB-8-12,k141_688982,k141_688982_29,k141_688982,-3,+,25310,26428,K00428,cytochrome c peroxidase,Cytochrome/peroxidase,cyt,False,/home/ps/ps1/data/bihongyu/cold_seep/illu/all_fa/CDS/cat_result/cat_others
SY365BB-8-12_bin10-k141_688982_32,SY365BB-8-12_bin10,aioA-like-associated,IS,SY365BB-8-12,SY365BB-8-12,k141_688982,k141_688982_30,k141_688982,-2,+,26443,27594,K00428,cytochrome c peroxidase,Cytochrome/peroxidase,cyt,False,/home/ps/ps1/data/bihongyu/cold_seep/illu/all_fa/CDS/cat_result/cat_others
SY365BB-8-12_bin10-k141_688982_32,SY365BB-8-12_bin10,aioA-like-associated,IS,SY365BB-8-12,SY365BB-8-12,k141_688982,k141_688982_31,k141_688982,-1,+,27615,28196,K08355,arsenite oxidase small subunit,Rieske/AioB,AioB,False,/home/ps/ps1/data/bihongyu/cold_seep/illu/all_fa/CDS/cat_result/cat_others
SY365BB-8-12_bin10-k141_688982_32,SY365BB-8-12_bin10,aioA-like-associated,IS,SY365BB-8-12,SY365BB-8-12,k141_688982,k141_688982_32,k141_688982,0,+,28209,30887,K08356,arsenite oxidase large subunit,Target aioA-like K08356,AioA-like,True,/home/ps/ps1/data/bihongyu/cold_seep/illu/all_fa/CDS/cat_result/cat_others
SY365BB-8-12_bin10-k141_688982_32,SY365BB-8-12_bin10,aioA-like-associated,IS,SY365BB-8-12,SY365BB-8-12,k141_688982,k141_688982_33,k141_688982,1,+,31039,33228,,,Hypothetical/unknown,,False,/home/ps/ps1/data/bihongyu/cold_seep/illu/all_fa/CDS/cat_result/cat_others
SY365BB-8-12_bin10-k141_688982_32,SY365BB-8-12_bin10,aioA-like-associated,IS,SY365BB-8-12,SY365BB-8-12,k141_688982,k141_688982_34,k141_688982,2,+,33254,33994,,,Hypothetical/unknown,,False,/home/ps/ps1/data/bihongyu/cold_seep/illu/all_fa/CDS/cat_result/cat_others
SY365BB-8-12_bin10-k141_688982_32,SY365BB-8-12_bin10,aioA-like-associated,IS,SY365BB-8-12,SY365BB-8-12,k141_688982,k141_688982_35,k141_688982,3,+,34013,34120,,,Hypothetical/unknown,,False,/home/ps/ps1/data/bihongyu/cold_seep/illu/all_fa/CDS/cat_result/cat_others
SY365BB-8-12_bin10-k141_688982_32,SY365BB-8-12_bin10,aioA-like-associated,IS,SY365BB-8-12,SY365BB-8-12,k141_688982,k141_688982_36,k141_688982,4,+,34150,34953,,,Hypothetical/unknown,,False,/home/ps/ps1/data/bihongyu/cold_seep/illu/all_fa/CDS/cat_result/cat_others
SY365BB-8-12_bin10-k141_688982_32,SY365BB-8-12_bin10,aioA-like-associated,IS,SY365BB-8-12,SY365BB-8-12,k141_688982,k141_688982_37,k141_688982,5,+,34965,36617,,,Hypothetical/unknown,,False,/home/ps/ps1/data/bihongyu/cold_seep/illu/all_fa/CDS/cat_result/cat_others
SY365BB-8-12_bin10-k141_688982_32,SY365BB-8-12_bin10,aioA-like-associated,IS,SY365BB-8-12,SY365BB-8-12,k141_688982,k141_688982_38,k141_688982,6,+,36610,37881,K22227,AdoMet-dependent heme synthase,Annotated other,,False,/home/ps/ps1/data/bihongyu/cold_seep/illu/all_fa/CDS/cat_result/cat_others
SY365BB-8-12_bin10-k141_688982_32,SY365BB-8-12_bin10,aioA-like-associated,IS,SY365BB-8-12,SY365BB-8-12,k141_688982,k141_688982_39,k141_688982,7,+,37878,39251,K00231,protoporphyrinogen/coproporphyrinogen III oxidase,Annotated other,,False,/home/ps/ps1/data/bihongyu/cold_seep/illu/all_fa/CDS/cat_result/cat_others
SY365BB-8-12_bin10-k141_688982_32,SY365BB-8-12_bin10,aioA-like-associated,IS,SY365BB-8-12,SY365BB-8-12,k141_688982,k141_688982_40,k141_688982,8,-,39238,40461,K03750,molybdopterin molybdotransferase,Annotated other,,False,/home/ps/ps1/data/bihongyu/cold_seep/illu/all_fa/CDS/cat_result/cat_others
SY365BB-8-12_bin10-k141_688982_32,SY365BB-8-12_bin10,aioA-like-associated,IS,SY365BB-8-12,SY365BB-8-12,k141_688982,k141_688982_41,k141_688982,9,-,40458,41099,,,Hypothetical/unknown,,False,/home/ps/ps1/data/bihongyu/cold_seep/illu/all_fa/CDS/cat_result/cat_others
SY365BB-8-12_bin10-k141_688982_32,SY365BB-8-12_bin10,aioA-like-associated,IS,SY365BB-8-12,SY365BB-8-12,k141_688982,k141_688982_42,k141_688982,10,-,41252,43447,K13587,"two-component system, cell cycle sensor histidine kinase and response regulator CckA",Annotated other,,False,/home/ps/ps1/data/bihongyu/cold_seep/illu/all_fa/CDS/cat_result/cat_others
SY365BB-8-12_bin26-k141_1297159_20,SY365BB-8-12_bin26,aioA-like-associated,IS,SY365BB-8-12,SY365BB-8-12,k141_1297159,k141_1297159_10,k141_1297159,-10,-,11907,12533,,,Hypothetical/unknown,,False,/home/ps/ps1/data/bihongyu/cold_seep/illu/all_fa/CDS/cat_result/cat_others
SY365BB-8-12_bin26-k141_1297159_20,SY365BB-8-12_bin26,aioA-like-associated,IS,SY365BB-8-12,SY365BB-8-12,k141_1297159,k141_1297159_11,k141_1297159,-9,+,12857,13159,,,Hypothetical/unknown,,False,/home/ps/ps1/data/bihongyu/cold_seep/illu/all_fa/CDS/cat_result/cat_others
SY365BB-8-12_bin26-k141_1297159_20,SY365BB-8-12_bin26,aioA-like-associated,IS,SY365BB-8-12,SY365BB-8-12,k141_1297159,k141_1297159_12,k141_1297159,-8,+,13315,13437,,,Hypothetical/unknown,,False,/home/ps/ps1/data/bihongyu/cold_seep/illu/all_fa/CDS/cat_result/cat_others
SY365BB-8-12_bin26-k141_1297159_20,SY365BB-8-12_bin26,aioA-like-associated,IS,SY365BB-8-12,SY365BB-8-12,k141_1297159,k141_1297159_13,k141_1297159,-7,+,13457,13585,,,Hypothetical/unknown,,False,/home/ps/ps1/data/bihongyu/cold_seep/illu/all_fa/CDS/cat_result/cat_others
SY365BB-8-12_bin26-k141_1297159_20,SY365BB-8-12_bin26,aioA-like-associated,IS,SY365BB-8-12,SY365BB-8-12,k141_1297159,k141_1297159_14,k141_1297159,-6,+,13597,15354,K00425,cytochrome bd ubiquinol oxidase subunit I,Cytochrome/peroxidase,cyt,False,/home/ps/ps1/data/bihongyu/cold_seep/illu/all_fa/CDS/cat_result/cat_others
SY365BB-8-12_bin26-k141_1297159_20,SY365BB-8-12_bin26,aioA-like-associated,IS,SY365BB-8-12,SY365BB-8-12,k141_1297159,k141_1297159_15,k141_1297159,-5,+,15351,16490,,,Hypothetical/unknown,,False,/home/ps/ps1/data/bihongyu/cold_seep/illu/all_fa/CDS/cat_result/cat_others
SY365BB-8-12_bin26-k141_1297159_20,SY365BB-8-12_bin26,aioA-like-associated,IS,SY365BB-8-12,SY365BB-8-12,k141_1297159,k141_1297159_16,k141_1297159,-4,+,16500,18764,,,Hypothetical/unknown,,False,/home/ps/ps1/data/bihongyu/cold_seep/illu/all_fa/CDS/cat_result/cat_others
SY365BB-8-12_bin26-k141_1297159_20,SY365BB-8-12_bin26,aioA-like-associated,IS,SY365BB-8-12,SY365BB-8-12,k141_1297159,k141_1297159_17,k141_1297159,-3,+,18907,20028,K00428,cytochrome c peroxidase,Cytochrome/peroxidase,cyt,False,/home/ps/ps1/data/bihongyu/cold_seep/illu/all_fa/CDS/cat_result/cat_others
SY365BB-8-12_bin26-k141_1297159_20,SY365BB-8-12_bin26,aioA-like-associated,IS,SY365BB-8-12,SY365BB-8-12,k141_1297159,k141_1297159_18,k141_1297159,-2,+,20041,21186,K00428,cytochrome c peroxidase,Cytochrome/peroxidase,cyt,False,/home/ps/ps1/data/bihongyu/cold_seep/illu/all_fa/CDS/cat_result/cat_others
SY365BB-8-12_bin26-k141_1297159_20,SY365BB-8-12_bin26,aioA-like-associated,IS,SY365BB-8-12,SY365BB-8-12,k141_1297159,k141_1297159_19,k141_1297159,-1,+,21207,21788,K08355,arsenite oxidase small subunit,Rieske/AioB,AioB,False,/home/ps/ps1/data/bihongyu/cold_seep/illu/all_fa/CDS/cat_result/cat_others
SY365BB-8-12_bin26-k141_1297159_20,SY365BB-8-12_bin26,aioA-like-associated,IS,SY365BB-8-12,SY365BB-8-12,k141_1297159,k141_1297159_20,k141_1297159,0,+,21801,24479,K08356,arsenite oxidase large subunit,Target aioA-like K08356,AioA-like,True,/home/ps/ps1/data/bihongyu/cold_seep/illu/all_fa/CDS/cat_result/cat_others
SY365BB-8-12_bin26-k141_1297159_20,SY365BB-8-12_bin26,aioA-like-associated,IS,SY365BB-8-12,SY365BB-8-12,k141_1297159,k141_1297159_21,k141_1297159,1,+,24635,26827,,,Hypothetical/unknown,,False,/home/ps/ps1/data/bihongyu/cold_seep/illu/all_fa/CDS/cat_result/cat_others
SY365BB-8-12_bin26-k141_1297159_20,SY365BB-8-12_bin26,aioA-like-associated,IS,SY365BB-8-12,SY365BB-8-12,k141_1297159,k141_1297159_22,k141_1297159,2,+,26853,27593,,,Hypothetical/unknown,,False,/home/ps/ps1/data/bihongyu/cold_seep/illu/all_fa/CDS/cat_result/cat_others
SY365BB-8-12_bin26-k141_1297159_20,SY365BB-8-12_bin26,aioA-like-associated,IS,SY365BB-8-12,SY365BB-8-12,k141_1297159,k141_1297159_23,k141_1297159,3,+,27615,27722,,,Hypothetical/unknown,,False,/home/ps/ps1/data/bihongyu/cold_seep/illu/all_fa/CDS/cat_result/cat_others
SY365BB-8-12_bin26-k141_1297159_20,SY365BB-8-12_bin26,aioA-like-associated,IS,SY365BB-8-12,SY365BB-8-12,k141_1297159,k141_1297159_24,k141_1297159,4,+,27734,28564,,,Hypothetical/unknown,,False,/home/ps/ps1/data/bihongyu/cold_seep/illu/all_fa/CDS/cat_result/cat_others
SY365BB-8-12_bin26-k141_1297159_20,SY365BB-8-12_bin26,aioA-like-associated,IS,SY365BB-8-12,SY365BB-8-12,k141_1297159,k141_1297159_25,k141_1297159,5,+,28571,30217,,,Hypothetical/unknown,,False,/home/ps/ps1/data/bihongyu/cold_seep/illu/all_fa/CDS/cat_result/cat_others
SY365BB-8-12_bin26-k141_1297159_20,SY365BB-8-12_bin26,aioA-like-associated,IS,SY365BB-8-12,SY365BB-8-12,k141_1297159,k141_1297159_26,k141_1297159,6,+,30217,31500,K22227,AdoMet-dependent heme synthase,Annotated other,,False,/home/ps/ps1/data/bihongyu/cold_seep/illu/all_fa/CDS/cat_result/cat_others
SY365BB-8-12_bin26-k141_1297159_20,SY365BB-8-12_bin26,aioA-like-associated,IS,SY365BB-8-12,SY365BB-8-12,k141_1297159,k141_1297159_27,k141_1297159,7,+,31500,32870,K00231,protoporphyrinogen/coproporphyrinogen III oxidase,Annotated other,,False,/home/ps/ps1/data/bihongyu/cold_seep/illu/all_fa/CDS/cat_result/cat_others
SY365BB-8-12_bin26-k141_1297159_20,SY365BB-8-12_bin26,aioA-like-associated,IS,SY365BB-8-12,SY365BB-8-12,k141_1297159,k141_1297159_28,k141_1297159,8,-,32867,35113,K13587,"two-component system, cell cycle sensor histidine kinase and response regulator CckA",Annotated other,,False,/home/ps/ps1/data/bihongyu/cold_seep/illu/all_fa/CDS/cat_result/cat_others
SY365BB-8-12_bin26-k141_1297159_20,SY365BB-8-12_bin26,aioA-like-associated,IS,SY365BB-8-12,SY365BB-8-12,k141_1297159,k141_1297159_29,k141_1297159,9,+,35196,35981,K02483,"two-component system, OmpR family, response regulator",Annotated other,,False,/home/ps/ps1/data/bihongyu/cold_seep/illu/all_fa/CDS/cat_result/cat_others
SY365BB-8-12_bin26-k141_1297159_20,SY365BB-8-12_bin26,aioA-like-associated,IS,SY365BB-8-12,SY365BB-8-12,k141_1297159,k141_1297159_30,k141_1297159,10,+,36092,37357,K03750,molybdopterin molybdotransferase,Annotated other,,False,/home/ps/ps1/data/bihongyu/cold_seep/illu/all_fa/CDS/cat_result/cat_others
SY365BB-8-12_bin8-k141_832694_5,SY365BB-8-12_bin8,aioA-like-associated,IS,SY365BB-8-12,SY365BB-8-12,k141_832694,k141_832694_1,k141_832694,-4,+,2,142,,,Hypothetical/unknown,,False,/home/ps/ps1/data/bihongyu/cold_seep/illu/all_fa/CDS/cat_result/cat_others
SY365BB-8-12_bin8-k141_832694_5,SY365BB-8-12_bin8,aioA-like-associated,IS,SY365BB-8-12,SY365BB-8-12,k141_832694,k141_832694_2,k141_832694,-3,+,328,1446,K00428,cytochrome c peroxidase,Cytochrome/peroxidase,cyt,False,/home/ps/ps1/data/bihongyu/cold_seep/illu/all_fa/CDS/cat_result/cat_others
SY365BB-8-12_bin8-k141_832694_5,SY365BB-8-12_bin8,aioA-like-associated,IS,SY365BB-8-12,SY365BB-8-12,k141_832694,k141_832694_3,k141_832694,-2,+,1461,2600,K00428,cytochrome c peroxidase,Cytochrome/peroxidase,cyt,False,/home/ps/ps1/data/bihongyu/cold_seep/illu/all_fa/CDS/cat_result/cat_others
SY365BB-8-12_bin8-k141_832694_5,SY365BB-8-12_bin8,aioA-like-associated,IS,SY365BB-8-12,SY365BB-8-12,k141_832694,k141_832694_4,k141_832694,-1,+,2623,3204,K08355,arsenite oxidase small subunit,Rieske/AioB,AioB,False,/home/ps/ps1/data/bihongyu/cold_seep/illu/all_fa/CDS/cat_result/cat_others
SY365BB-8-12_bin8-k141_832694_5,SY365BB-8-12_bin8,aioA-like-associated,IS,SY365BB-8-12,SY365BB-8-12,k141_832694,k141_832694_5,k141_832694,0,+,3218,5896,K08356,arsenite oxidase large subunit,Target aioA-like K08356,AioA-like,True,/home/ps/ps1/data/bihongyu/cold_seep/illu/all_fa/CDS/cat_result/cat_others
SY365BB-8-12_bin8-k141_832694_5,SY365BB-8-12_bin8,aioA-like-associated,IS,SY365BB-8-12,SY365BB-8-12,k141_832694,k141_832694_6,k141_832694,1,+,6038,8209,,,Hypothetical/unknown,,False,/home/ps/ps1/data/bihongyu/cold_seep/illu/all_fa/CDS/cat_result/cat_others
SY365BB-8-12_bin8-k141_832694_5,SY365BB-8-12_bin8,aioA-like-associated,IS,SY365BB-8-12,SY365BB-8-12,k141_832694,k141_832694_7,k141_832694,2,+,8237,8974,,,Hypothetical/unknown,,False,/home/ps/ps1/data/bihongyu/cold_seep/illu/all_fa/CDS/cat_result/cat_others
SY365BB-8-12_bin8-k141_832694_5,SY365BB-8-12_bin8,aioA-like-associated,IS,SY365BB-8-12,SY365BB-8-12,k141_832694,k141_832694_8,k141_832694,3,+,8992,9099,,,Hypothetical/unknown,,False,/home/ps/ps1/data/bihongyu/cold_seep/illu/all_fa/CDS/cat_result/cat_others
SY365BB-8-12_bin8-k141_832694_5,SY365BB-8-12_bin8,aioA-like-associated,IS,SY365BB-8-12,SY365BB-8-12,k141_832694,k141_832694_9,k141_832694,4,+,9096,9938,,,Hypothetical/unknown,,False,/home/ps/ps1/data/bihongyu/cold_seep/illu/all_fa/CDS/cat_result/cat_others
SY365BB-8-12_bin8-k141_832694_5,SY365BB-8-12_bin8,aioA-like-associated,IS,SY365BB-8-12,SY365BB-8-12,k141_832694,k141_832694_10,k141_832694,5,+,9969,11627,,,Hypothetical/unknown,,False,/home/ps/ps1/data/bihongyu/cold_seep/illu/all_fa/CDS/cat_result/cat_others
SY365BB-8-12_bin8-k141_832694_5,SY365BB-8-12_bin8,aioA-like-associated,IS,SY365BB-8-12,SY365BB-8-12,k141_832694,k141_832694_11,k141_832694,6,+,11624,11824,,,Hypothetical/unknown,,False,/home/ps/ps1/data/bihongyu/cold_seep/illu/all_fa/CDS/cat_result/cat_others
SY366YB-0-4_bin3-k141_281514_2,SY366YB-0-4_bin3,aioA-like-associated,IS,SY366YB-0-4,SY366YB-0-4,k141_281514,k141_281514_1,k141_281514,-1,-,3,755,,,Hypothetical/unknown,,False,/home/ps/ps1/data/bihongyu/cold_seep/illu/all_fa/CDS/cat_result/cat_others
SY366YB-0-4_bin3-k141_281514_2,SY366YB-0-4_bin3,aioA-like-associated,IS,SY366YB-0-4,SY366YB-0-4,k141_281514,k141_281514_2,k141_281514,0,-,752,3181,K08356,arsenite oxidase large subunit,Target aioA-like K08356,AioA-like,True,/home/ps/ps1/data/bihongyu/cold_seep/illu/all_fa/CDS/cat_result/cat_others
SY366YB-0-4_bin5-k141_98994_2,SY366YB-0-4_bin5,aioA-like-associated,IS,SY366YB-0-4,SY366YB-0-4,k141_98994,k141_98994_1,k141_98994,-1,-,3,611,,,Hypothetical/unknown,,False,/home/ps/ps1/data/bihongyu/cold_seep/illu/all_fa/CDS/cat_result/cat_others
SY366YB-0-4_bin5-k141_98994_2,SY366YB-0-4_bin5,aioA-like-associated,IS,SY366YB-0-4,SY366YB-0-4,k141_98994,k141_98994_2,k141_98994,0,-,751,3429,K08356,arsenite oxidase large subunit,Target aioA-like K08356,AioA-like,True,/home/ps/ps1/data/bihongyu/cold_seep/illu/all_fa/CDS/cat_result/cat_others
SY366YB-0-4_bin5-k141_98994_2,SY366YB-0-4_bin5,aioA-like-associated,IS,SY366YB-0-4,SY366YB-0-4,k141_98994,k141_98994_3,k141_98994,1,-,3443,4024,K08355,arsenite oxidase small subunit,Rieske/AioB,AioB,False,/home/ps/ps1/data/bihongyu/cold_seep/illu/all_fa/CDS/cat_result/cat_others
SY366YW-0-4_bin34-k141_1276861_15,SY366YW-0-4_bin34,aioA-like-associated,IS,SY366YW-0-4,SY366YW-0-4,k141_1276861,k141_1276861_5,k141_1276861,-10,-,5449,5973,,,Hypothetical/unknown,,False,/home/ps/ps1/data/bihongyu/cold_seep/illu/all_fa/CDS/cat_result/cat_others
SY366YW-0-4_bin34-k141_1276861_15,SY366YW-0-4_bin34,aioA-like-associated,IS,SY366YW-0-4,SY366YW-0-4,k141_1276861,k141_1276861_6,k141_1276861,-9,-,6310,7677,K01915,glutamine synthetase,Annotated other,,False,/home/ps/ps1/data/bihongyu/cold_seep/illu/all_fa/CDS/cat_result/cat_others
SY366YW-0-4_bin34-k141_1276861_15,SY366YW-0-4_bin34,aioA-like-associated,IS,SY366YW-0-4,SY366YW-0-4,k141_1276861,k141_1276861_7,k141_1276861,-8,-,7716,8885,,,Hypothetical/unknown,,False,/home/ps/ps1/data/bihongyu/cold_seep/illu/all_fa/CDS/cat_result/cat_others
SY366YW-0-4_bin34-k141_1276861_15,SY366YW-0-4_bin34,aioA-like-associated,IS,SY366YW-0-4,SY366YW-0-4,k141_1276861,k141_1276861_8,k141_1276861,-7,-,8906,10294,,,Hypothetical/unknown,,False,/home/ps/ps1/data/bihongyu/cold_seep/illu/all_fa/CDS/cat_result/cat_others
SY366YW-0-4_bin34-k141_1276861_15,SY366YW-0-4_bin34,aioA-like-associated,IS,SY366YW-0-4,SY366YW-0-4,k141_1276861,k141_1276861_9,k141_1276861,-6,-,10558,11157,K07152,protein SCO1,Annotated other,,False,/home/ps/ps1/data/bihongyu/cold_seep/illu/all_fa/CDS/cat_result/cat_others
SY366YW-0-4_bin34-k141_1276861_15,SY366YW-0-4_bin34,aioA-like-associated,IS,SY366YW-0-4,SY366YW-0-4,k141_1276861,k141_1276861_10,k141_1276861,-5,-,11189,12586,K00231,protoporphyrinogen/coproporphyrinogen III oxidase,Annotated other,,False,/home/ps/ps1/data/bihongyu/cold_seep/illu/all_fa/CDS/cat_result/cat_others
SY366YW-0-4_bin34-k141_1276861_15,SY366YW-0-4_bin34,aioA-like-associated,IS,SY366YW-0-4,SY366YW-0-4,k141_1276861,k141_1276861_11,k141_1276861,-4,-,12583,13863,K22227,AdoMet-dependent heme synthase,Annotated other,,False,/home/ps/ps1/data/bihongyu/cold_seep/illu/all_fa/CDS/cat_result/cat_others
SY366YW-0-4_bin34-k141_1276861_15,SY366YW-0-4_bin34,aioA-like-associated,IS,SY366YW-0-4,SY366YW-0-4,k141_1276861,k141_1276861_12,k141_1276861,-3,-,13873,15627,,,Hypothetical/unknown,,False,/home/ps/ps1/data/bihongyu/cold_seep/illu/all_fa/CDS/cat_result/cat_others
SY366YW-0-4_bin34-k141_1276861_15,SY366YW-0-4_bin34,aioA-like-associated,IS,SY366YW-0-4,SY366YW-0-4,k141_1276861,k141_1276861_13,k141_1276861,-2,-,15899,16633,,,Hypothetical/unknown,,False,/home/ps/ps1/data/bihongyu/cold_seep/illu/all_fa/CDS/cat_result/cat_others
SY366YW-0-4_bin34-k141_1276861_15,SY366YW-0-4_bin34,aioA-like-associated,IS,SY366YW-0-4,SY366YW-0-4,k141_1276861,k141_1276861_14,k141_1276861,-1,-,16836,19268,,,Hypothetical/unknown,,False,/home/ps/ps1/data/bihongyu/cold_seep/illu/all_fa/CDS/cat_result/cat_others
SY366YW-0-4_bin34-k141_1276861_15,SY366YW-0-4_bin34,aioA-like-associated,IS,SY366YW-0-4,SY366YW-0-4,k141_1276861,k141_1276861_15,k141_1276861,0,-,19424,22099,K08356,arsenite oxidase large subunit,Target aioA-like K08356,AioA-like,True,/home/ps/ps1/data/bihongyu/cold_seep/illu/all_fa/CDS/cat_result/cat_others
SY366YW-0-4_bin34-k141_1276861_15,SY366YW-0-4_bin34,aioA-like-associated,IS,SY366YW-0-4,SY366YW-0-4,k141_1276861,k141_1276861_16,k141_1276861,1,-,22112,22690,K08355,arsenite oxidase small subunit,Rieske/AioB,AioB,False,/home/ps/ps1/data/bihongyu/cold_seep/illu/all_fa/CDS/cat_result/cat_others
SY366YW-0-4_bin34-k141_1276861_15,SY366YW-0-4_bin34,aioA-like-associated,IS,SY366YW-0-4,SY366YW-0-4,k141_1276861,k141_1276861_17,k141_1276861,2,-,22704,23840,K00428,cytochrome c peroxidase,Cytochrome/peroxidase,cyt,False,/home/ps/ps1/data/bihongyu/cold_seep/illu/all_fa/CDS/cat_result/cat_others
SY366YW-0-4_bin34-k141_1276861_15,SY366YW-0-4_bin34,aioA-like-associated,IS,SY366YW-0-4,SY366YW-0-4,k141_1276861,k141_1276861_18,k141_1276861,3,-,23852,24982,K00428,cytochrome c peroxidase,Cytochrome/peroxidase,cyt,False,/home/ps/ps1/data/bihongyu/cold_seep/illu/all_fa/CDS/cat_result/cat_others
SY366YW-0-4_bin34-k141_1276861_15,SY366YW-0-4_bin34,aioA-like-associated,IS,SY366YW-0-4,SY366YW-0-4,k141_1276861,k141_1276861_19,k141_1276861,4,-,25276,26160,,,Hypothetical/unknown,,False,/home/ps/ps1/data/bihongyu/cold_seep/illu/all_fa/CDS/cat_result/cat_others
SY366YW-0-4_bin34-k141_1276861_15,SY366YW-0-4_bin34,aioA-like-associated,IS,SY366YW-0-4,SY366YW-0-4,k141_1276861,k141_1276861_20,k141_1276861,5,-,26224,27558,,,Hypothetical/unknown,,False,/home/ps/ps1/data/bihongyu/cold_seep/illu/all_fa/CDS/cat_result/cat_others
SY366YW-0-4_bin34-k141_1276861_15,SY366YW-0-4_bin34,aioA-like-associated,IS,SY366YW-0-4,SY366YW-0-4,k141_1276861,k141_1276861_21,k141_1276861,6,-,27570,28382,,,Hypothetical/unknown,,False,/home/ps/ps1/data/bihongyu/cold_seep/illu/all_fa/CDS/cat_result/cat_others
SY366YW-0-4_bin34-k141_1276861_15,SY366YW-0-4_bin34,aioA-like-associated,IS,SY366YW-0-4,SY366YW-0-4,k141_1276861,k141_1276861_22,k141_1276861,7,-,28379,30145,K00425,cytochrome bd ubiquinol oxidase subunit I,Cytochrome/peroxidase,cyt,False,/home/ps/ps1/data/bihongyu/cold_seep/illu/all_fa/CDS/cat_result/cat_others
SY366YW-0-4_bin34-k141_1276861_15,SY366YW-0-4_bin34,aioA-like-associated,IS,SY366YW-0-4,SY366YW-0-4,k141_1276861,k141_1276861_23,k141_1276861,8,-,30153,30284,,,Hypothetical/unknown,,False,/home/ps/ps1/data/bihongyu/cold_seep/illu/all_fa/CDS/cat_result/cat_others
SY366YW-0-4_bin34-k141_1276861_15,SY366YW-0-4_bin34,aioA-like-associated,IS,SY366YW-0-4,SY366YW-0-4,k141_1276861,k141_1276861_24,k141_1276861,9,-,30292,30489,,,Hypothetical/unknown,,False,/home/ps/ps1/data/bihongyu/cold_seep/illu/all_fa/CDS/cat_result/cat_others
SY366YW-0-4_bin34-k141_1276861_15,SY366YW-0-4_bin34,aioA-like-associated,IS,SY366YW-0-4,SY366YW-0-4,k141_1276861,k141_1276861_25,k141_1276861,10,-,30625,31995,,,Hypothetical/unknown,,False,/home/ps/ps1/data/bihongyu/cold_seep/illu/all_fa/CDS/cat_result/cat_others
SY366YW-0-4_bin9-k141_1360848_3,SY366YW-0-4_bin9,aioA-like-associated,IS,SY366YW-0-4,SY366YW-0-4,k141_1360848,k141_1360848_1,k141_1360848,-2,-,3,665,,,Hypothetical/unknown,,False,/home/ps/ps1/data/bihongyu/cold_seep/illu/all_fa/CDS/cat_result/cat_others
SY366YW-0-4_bin9-k141_1360848_3,SY366YW-0-4_bin9,aioA-like-associated,IS,SY366YW-0-4,SY366YW-0-4,k141_1360848,k141_1360848_2,k141_1360848,-1,-,662,2833,,,Hypothetical/unknown,,False,/home/ps/ps1/data/bihongyu/cold_seep/illu/all_fa/CDS/cat_result/cat_others
SY366YW-0-4_bin9-k141_1360848_3,SY366YW-0-4_bin9,aioA-like-associated,IS,SY366YW-0-4,SY366YW-0-4,k141_1360848,k141_1360848_3,k141_1360848,0,-,2837,5512,K08356,arsenite oxidase large subunit,Target aioA-like K08356,AioA-like,True,/home/ps/ps1/data/bihongyu/cold_seep/illu/all_fa/CDS/cat_result/cat_others
SY366YW-0-4_bin9-k141_1360848_3,SY366YW-0-4_bin9,aioA-like-associated,IS,SY366YW-0-4,SY366YW-0-4,k141_1360848,k141_1360848_4,k141_1360848,1,-,5525,6079,K08355,arsenite oxidase small subunit,Rieske/AioB,AioB,False,/home/ps/ps1/data/bihongyu/cold_seep/illu/all_fa/CDS/cat_result/cat_others
SY366YW-0-4_bin9-k141_1360848_3,SY366YW-0-4_bin9,aioA-like-associated,IS,SY366YW-0-4,SY366YW-0-4,k141_1360848,k141_1360848_5,k141_1360848,2,-,6091,7251,K00428,cytochrome c peroxidase,Cytochrome/peroxidase,cyt,False,/home/ps/ps1/data/bihongyu/cold_seep/illu/all_fa/CDS/cat_result/cat_others
SY366YW-0-4_bin9-k141_1360848_3,SY366YW-0-4_bin9,aioA-like-associated,IS,SY366YW-0-4,SY366YW-0-4,k141_1360848,k141_1360848_6,k141_1360848,3,-,7269,8390,K00428,cytochrome c peroxidase,Cytochrome/peroxidase,cyt,False,/home/ps/ps1/data/bihongyu/cold_seep/illu/all_fa/CDS/cat_result/cat_others
SY366YW-0-4_bin9-k141_1360848_3,SY366YW-0-4_bin9,aioA-like-associated,IS,SY366YW-0-4,SY366YW-0-4,k141_1360848,k141_1360848_7,k141_1360848,4,-,8603,9631,K04655,hydrogenase expression/formation protein HypE,Annotated other,,False,/home/ps/ps1/data/bihongyu/cold_seep/illu/all_fa/CDS/cat_result/cat_others
SY366YW-0-4_bin9-k141_1360848_3,SY366YW-0-4_bin9,aioA-like-associated,IS,SY366YW-0-4,SY366YW-0-4,k141_1360848,k141_1360848_8,k141_1360848,5,-,9633,10748,K04654,hydrogenase expression/formation protein HypD,Annotated other,,False,/home/ps/ps1/data/bihongyu/cold_seep/illu/all_fa/CDS/cat_result/cat_others
SY366YW-0-4_bin9-k141_1360848_3,SY366YW-0-4_bin9,aioA-like-associated,IS,SY366YW-0-4,SY366YW-0-4,k141_1360848,k141_1360848_9,k141_1360848,6,-,10745,10975,K04653,hydrogenase expression/formation protein HypC,Annotated other,,False,/home/ps/ps1/data/bihongyu/cold_seep/illu/all_fa/CDS/cat_result/cat_others
SY366YW-0-4_bin9-k141_1360848_3,SY366YW-0-4_bin9,aioA-like-associated,IS,SY366YW-0-4,SY366YW-0-4,k141_1360848,k141_1360848_10,k141_1360848,7,-,10979,11827,K04652,hydrogenase nickel incorporation protein HypB,Annotated other,,False,/home/ps/ps1/data/bihongyu/cold_seep/illu/all_fa/CDS/cat_result/cat_others
SY366YW-0-4_bin9-k141_1360848_3,SY366YW-0-4_bin9,aioA-like-associated,IS,SY366YW-0-4,SY366YW-0-4,k141_1360848,k141_1360848_11,k141_1360848,8,-,11827,12168,K04651,hydrogenase nickel incorporation protein HypA/HybF,Annotated other,,False,/home/ps/ps1/data/bihongyu/cold_seep/illu/all_fa/CDS/cat_result/cat_others
SY366YW-0-4_bin9-k141_1360848_3,SY366YW-0-4_bin9,aioA-like-associated,IS,SY366YW-0-4,SY366YW-0-4,k141_1360848,k141_1360848_12,k141_1360848,9,-,12266,13240,,,Hypothetical/unknown,,False,/home/ps/ps1/data/bihongyu/cold_seep/illu/all_fa/CDS/cat_result/cat_others
SY366YW-0-4_bin9-k141_1360848_3,SY366YW-0-4_bin9,aioA-like-associated,IS,SY366YW-0-4,SY366YW-0-4,k141_1360848,k141_1360848_13,k141_1360848,10,-,13315,14331,,,Hypothetical/unknown,,False,/home/ps/ps1/data/bihongyu/cold_seep/illu/all_fa/CDS/cat_result/cat_others
SY366YW-8-12_bin2-k141_497241_22,SY366YW-8-12_bin2,aioA-like-associated,IS,SY366YW-8-12,SY366YW-8-12,k141_497241,k141_497241_12,k141_497241,-10,-,12959,13336,K08738,cytochrome c,Cytochrome/peroxidase,cyt,False,/home/ps/ps1/data/bihongyu/cold_seep/illu/all_fa/CDS/cat_result/cat_others
SY366YW-8-12_bin2-k141_497241_22,SY366YW-8-12_bin2,aioA-like-associated,IS,SY366YW-8-12,SY366YW-8-12,k141_497241,k141_497241_13,k141_497241,-9,-,13524,14252,K02483,"two-component system, OmpR family, response regulator",Annotated other,,False,/home/ps/ps1/data/bihongyu/cold_seep/illu/all_fa/CDS/cat_result/cat_others
SY366YW-8-12_bin2-k141_497241_22,SY366YW-8-12_bin2,aioA-like-associated,IS,SY366YW-8-12,SY366YW-8-12,k141_497241,k141_497241_14,k141_497241,-8,+,14377,16644,K13587,"two-component system, cell cycle sensor histidine kinase and response regulator CckA",Annotated other,,False,/home/ps/ps1/data/bihongyu/cold_seep/illu/all_fa/CDS/cat_result/cat_others
SY366YW-8-12_bin2-k141_497241_22,SY366YW-8-12_bin2,aioA-like-associated,IS,SY366YW-8-12,SY366YW-8-12,k141_497241,k141_497241_15,k141_497241,-7,-,16671,18083,K00231,protoporphyrinogen/coproporphyrinogen III oxidase,Annotated other,,False,/home/ps/ps1/data/bihongyu/cold_seep/illu/all_fa/CDS/cat_result/cat_others
SY366YW-8-12_bin2-k141_497241_22,SY366YW-8-12_bin2,aioA-like-associated,IS,SY366YW-8-12,SY366YW-8-12,k141_497241,k141_497241_16,k141_497241,-6,-,18034,19311,K22227,AdoMet-dependent heme synthase,Annotated other,,False,/home/ps/ps1/data/bihongyu/cold_seep/illu/all_fa/CDS/cat_result/cat_others
SY366YW-8-12_bin2-k141_497241_22,SY366YW-8-12_bin2,aioA-like-associated,IS,SY366YW-8-12,SY366YW-8-12,k141_497241,k141_497241_17,k141_497241,-5,-,19315,20955,,,Hypothetical/unknown,,False,/home/ps/ps1/data/bihongyu/cold_seep/illu/all_fa/CDS/cat_result/cat_others
SY366YW-8-12_bin2-k141_497241_22,SY366YW-8-12_bin2,aioA-like-associated,IS,SY366YW-8-12,SY366YW-8-12,k141_497241,k141_497241_18,k141_497241,-4,-,20965,21816,,,Hypothetical/unknown,,False,/home/ps/ps1/data/bihongyu/cold_seep/illu/all_fa/CDS/cat_result/cat_others
SY366YW-8-12_bin2-k141_497241_22,SY366YW-8-12_bin2,aioA-like-associated,IS,SY366YW-8-12,SY366YW-8-12,k141_497241,k141_497241_19,k141_497241,-3,-,21813,21920,,,Hypothetical/unknown,,False,/home/ps/ps1/data/bihongyu/cold_seep/illu/all_fa/CDS/cat_result/cat_others
SY366YW-8-12_bin2-k141_497241_22,SY366YW-8-12_bin2,aioA-like-associated,IS,SY366YW-8-12,SY366YW-8-12,k141_497241,k141_497241_20,k141_497241,-2,-,21944,22684,,,Hypothetical/unknown,,False,/home/ps/ps1/data/bihongyu/cold_seep/illu/all_fa/CDS/cat_result/cat_others
SY366YW-8-12_bin2-k141_497241_22,SY366YW-8-12_bin2,aioA-like-associated,IS,SY366YW-8-12,SY366YW-8-12,k141_497241,k141_497241_21,k141_497241,-1,-,22710,24908,,,Hypothetical/unknown,,False,/home/ps/ps1/data/bihongyu/cold_seep/illu/all_fa/CDS/cat_result/cat_others
SY366YW-8-12_bin2-k141_497241_22,SY366YW-8-12_bin2,aioA-like-associated,IS,SY366YW-8-12,SY366YW-8-12,k141_497241,k141_497241_22,k141_497241,0,-,25062,27740,K08356,arsenite oxidase large subunit,Target aioA-like K08356,AioA-like,True,/home/ps/ps1/data/bihongyu/cold_seep/illu/all_fa/CDS/cat_result/cat_others
SY366YW-8-12_bin2-k141_497241_22,SY366YW-8-12_bin2,aioA-like-associated,IS,SY366YW-8-12,SY366YW-8-12,k141_497241,k141_497241_23,k141_497241,1,-,27752,28339,K08355,arsenite oxidase small subunit,Rieske/AioB,AioB,False,/home/ps/ps1/data/bihongyu/cold_seep/illu/all_fa/CDS/cat_result/cat_others
SY366YW-8-12_bin2-k141_497241_22,SY366YW-8-12_bin2,aioA-like-associated,IS,SY366YW-8-12,SY366YW-8-12,k141_497241,k141_497241_24,k141_497241,2,-,28354,29505,K00428,cytochrome c peroxidase,Cytochrome/peroxidase,cyt,False,/home/ps/ps1/data/bihongyu/cold_seep/illu/all_fa/CDS/cat_result/cat_others
SY366YW-8-12_bin2-k141_497241_22,SY366YW-8-12_bin2,aioA-like-associated,IS,SY366YW-8-12,SY366YW-8-12,k141_497241,k141_497241_25,k141_497241,3,-,29526,30644,K00428,cytochrome c peroxidase,Cytochrome/peroxidase,cyt,False,/home/ps/ps1/data/bihongyu/cold_seep/illu/all_fa/CDS/cat_result/cat_others
SY366YW-8-12_bin2-k141_497241_22,SY366YW-8-12_bin2,aioA-like-associated,IS,SY366YW-8-12,SY366YW-8-12,k141_497241,k141_497241_26,k141_497241,4,-,30788,33052,,,Hypothetical/unknown,,False,/home/ps/ps1/data/bihongyu/cold_seep/illu/all_fa/CDS/cat_result/cat_others
SY366YW-8-12_bin2-k141_497241_22,SY366YW-8-12_bin2,aioA-like-associated,IS,SY366YW-8-12,SY366YW-8-12,k141_497241,k141_497241_27,k141_497241,5,-,33063,34205,,,Hypothetical/unknown,,False,/home/ps/ps1/data/bihongyu/cold_seep/illu/all_fa/CDS/cat_result/cat_others
SY366YW-8-12_bin2-k141_497241_22,SY366YW-8-12_bin2,aioA-like-associated,IS,SY366YW-8-12,SY366YW-8-12,k141_497241,k141_497241_28,k141_497241,6,-,34202,35959,K00425,cytochrome bd ubiquinol oxidase subunit I,Cytochrome/peroxidase,cyt,False,/home/ps/ps1/data/bihongyu/cold_seep/illu/all_fa/CDS/cat_result/cat_others
SY366YW-8-12_bin2-k141_497241_22,SY366YW-8-12_bin2,aioA-like-associated,IS,SY366YW-8-12,SY366YW-8-12,k141_497241,k141_497241_29,k141_497241,7,-,35971,36099,,,Hypothetical/unknown,,False,/home/ps/ps1/data/bihongyu/cold_seep/illu/all_fa/CDS/cat_result/cat_others
SY366YW-8-12_bin2-k141_497241_22,SY366YW-8-12_bin2,aioA-like-associated,IS,SY366YW-8-12,SY366YW-8-12,k141_497241,k141_497241_30,k141_497241,8,-,36353,36655,,,Hypothetical/unknown,,False,/home/ps/ps1/data/bihongyu/cold_seep/illu/all_fa/CDS/cat_result/cat_others
SY366YW-8-12_bin2-k141_497241_22,SY366YW-8-12_bin2,aioA-like-associated,IS,SY366YW-8-12,SY366YW-8-12,k141_497241,k141_497241_31,k141_497241,9,+,36848,37615,,,Hypothetical/unknown,,False,/home/ps/ps1/data/bihongyu/cold_seep/illu/all_fa/CDS/cat_result/cat_others
SY366YW-8-12_bin2-k141_497241_22,SY366YW-8-12_bin2,aioA-like-associated,IS,SY366YW-8-12,SY366YW-8-12,k141_497241,k141_497241_32,k141_497241,10,+,37608,38585,K01772,protoporphyrin/coproporphyrin ferrochelatase,Annotated other,,False,/home/ps/ps1/data/bihongyu/cold_seep/illu/all_fa/CDS/cat_result/cat_others
SY368YW-8-12_bin33-k141_1103131_193,SY368YW-8-12_bin33,aioA-like-associated,IS,SY368YW-8-12,SY368YW-8-12,k141_1103131,k141_1103131_183,k141_1103131,-10,-,194139,195398,K03750,molybdopterin molybdotransferase,Annotated other,,False,/home/ps/ps1/data/bihongyu/cold_seep/illu/all_fa/CDS/cat_result/cat_others
SY368YW-8-12_bin33-k141_1103131_193,SY368YW-8-12_bin33,aioA-like-associated,IS,SY368YW-8-12,SY368YW-8-12,k141_1103131,k141_1103131_184,k141_1103131,-9,-,195484,196104,,,Hypothetical/unknown,,False,/home/ps/ps1/data/bihongyu/cold_seep/illu/all_fa/CDS/cat_result/cat_others
SY368YW-8-12_bin33-k141_1103131_193,SY368YW-8-12_bin33,aioA-like-associated,IS,SY368YW-8-12,SY368YW-8-12,k141_1103131,k141_1103131_185,k141_1103131,-8,-,196228,198474,K13587,"two-component system, cell cycle sensor histidine kinase and response regulator CckA",Annotated other,,False,/home/ps/ps1/data/bihongyu/cold_seep/illu/all_fa/CDS/cat_result/cat_others
SY368YW-8-12_bin33-k141_1103131_193,SY368YW-8-12_bin33,aioA-like-associated,IS,SY368YW-8-12,SY368YW-8-12,k141_1103131,k141_1103131_186,k141_1103131,-7,+,198505,199293,K02483,"two-component system, OmpR family, response regulator",Annotated other,,False,/home/ps/ps1/data/bihongyu/cold_seep/illu/all_fa/CDS/cat_result/cat_others
SY368YW-8-12_bin33-k141_1103131_193,SY368YW-8-12_bin33,aioA-like-associated,IS,SY368YW-8-12,SY368YW-8-12,k141_1103131,k141_1103131_187,k141_1103131,-6,-,199271,200641,K00231,protoporphyrinogen/coproporphyrinogen III oxidase,Annotated other,,False,/home/ps/ps1/data/bihongyu/cold_seep/illu/all_fa/CDS/cat_result/cat_others
SY368YW-8-12_bin33-k141_1103131_193,SY368YW-8-12_bin33,aioA-like-associated,IS,SY368YW-8-12,SY368YW-8-12,k141_1103131,k141_1103131_188,k141_1103131,-5,-,200631,201908,K22227,AdoMet-dependent heme synthase,Annotated other,,False,/home/ps/ps1/data/bihongyu/cold_seep/illu/all_fa/CDS/cat_result/cat_others
SY368YW-8-12_bin33-k141_1103131_193,SY368YW-8-12_bin33,aioA-like-associated,IS,SY368YW-8-12,SY368YW-8-12,k141_1103131,k141_1103131_189,k141_1103131,-4,-,201912,203555,,,Hypothetical/unknown,,False,/home/ps/ps1/data/bihongyu/cold_seep/illu/all_fa/CDS/cat_result/cat_others
SY368YW-8-12_bin33-k141_1103131_193,SY368YW-8-12_bin33,aioA-like-associated,IS,SY368YW-8-12,SY368YW-8-12,k141_1103131,k141_1103131_190,k141_1103131,-3,-,203589,204389,,,Hypothetical/unknown,,False,/home/ps/ps1/data/bihongyu/cold_seep/illu/all_fa/CDS/cat_result/cat_others
SY368YW-8-12_bin33-k141_1103131_193,SY368YW-8-12_bin33,aioA-like-associated,IS,SY368YW-8-12,SY368YW-8-12,k141_1103131,k141_1103131_191,k141_1103131,-2,-,204554,205294,,,Hypothetical/unknown,,False,/home/ps/ps1/data/bihongyu/cold_seep/illu/all_fa/CDS/cat_result/cat_others
SY368YW-8-12_bin33-k141_1103131_193,SY368YW-8-12_bin33,aioA-like-associated,IS,SY368YW-8-12,SY368YW-8-12,k141_1103131,k141_1103131_192,k141_1103131,-1,-,205323,207503,,,Hypothetical/unknown,,False,/home/ps/ps1/data/bihongyu/cold_seep/illu/all_fa/CDS/cat_result/cat_others
SY368YW-8-12_bin33-k141_1103131_193,SY368YW-8-12_bin33,aioA-like-associated,IS,SY368YW-8-12,SY368YW-8-12,k141_1103131,k141_1103131_193,k141_1103131,0,-,207664,210342,K08356,arsenite oxidase large subunit,Target aioA-like K08356,AioA-like,True,/home/ps/ps1/data/bihongyu/cold_seep/illu/all_fa/CDS/cat_result/cat_others
SY368YW-8-12_bin33-k141_1103131_193,SY368YW-8-12_bin33,aioA-like-associated,IS,SY368YW-8-12,SY368YW-8-12,k141_1103131,k141_1103131_194,k141_1103131,1,-,210355,210936,K08355,arsenite oxidase small subunit,Rieske/AioB,AioB,False,/home/ps/ps1/data/bihongyu/cold_seep/illu/all_fa/CDS/cat_result/cat_others
SY368YW-8-12_bin33-k141_1103131_193,SY368YW-8-12_bin33,aioA-like-associated,IS,SY368YW-8-12,SY368YW-8-12,k141_1103131,k141_1103131_195,k141_1103131,2,-,210958,212103,K00428,cytochrome c peroxidase,Cytochrome/peroxidase,cyt,False,/home/ps/ps1/data/bihongyu/cold_seep/illu/all_fa/CDS/cat_result/cat_others
SY368YW-8-12_bin33-k141_1103131_193,SY368YW-8-12_bin33,aioA-like-associated,IS,SY368YW-8-12,SY368YW-8-12,k141_1103131,k141_1103131_196,k141_1103131,3,-,212119,213237,K00428,cytochrome c peroxidase,Cytochrome/peroxidase,cyt,False,/home/ps/ps1/data/bihongyu/cold_seep/illu/all_fa/CDS/cat_result/cat_others
SY368YW-8-12_bin33-k141_1103131_193,SY368YW-8-12_bin33,aioA-like-associated,IS,SY368YW-8-12,SY368YW-8-12,k141_1103131,k141_1103131_197,k141_1103131,4,-,213401,215674,,,Hypothetical/unknown,,False,/home/ps/ps1/data/bihongyu/cold_seep/illu/all_fa/CDS/cat_result/cat_others
SY368YW-8-12_bin33-k141_1103131_193,SY368YW-8-12_bin33,aioA-like-associated,IS,SY368YW-8-12,SY368YW-8-12,k141_1103131,k141_1103131_198,k141_1103131,5,-,215687,216829,,,Hypothetical/unknown,,False,/home/ps/ps1/data/bihongyu/cold_seep/illu/all_fa/CDS/cat_result/cat_others
SY368YW-8-12_bin33-k141_1103131_193,SY368YW-8-12_bin33,aioA-like-associated,IS,SY368YW-8-12,SY368YW-8-12,k141_1103131,k141_1103131_199,k141_1103131,6,-,216826,218583,K00425,cytochrome bd ubiquinol oxidase subunit I,Cytochrome/peroxidase,cyt,False,/home/ps/ps1/data/bihongyu/cold_seep/illu/all_fa/CDS/cat_result/cat_others
SY368YW-8-12_bin33-k141_1103131_193,SY368YW-8-12_bin33,aioA-like-associated,IS,SY368YW-8-12,SY368YW-8-12,k141_1103131,k141_1103131_200,k141_1103131,7,-,218593,218721,,,Hypothetical/unknown,,False,/home/ps/ps1/data/bihongyu/cold_seep/illu/all_fa/CDS/cat_result/cat_others
SY368YW-8-12_bin33-k141_1103131_193,SY368YW-8-12_bin33,aioA-like-associated,IS,SY368YW-8-12,SY368YW-8-12,k141_1103131,k141_1103131_201,k141_1103131,8,-,218995,219300,,,Hypothetical/unknown,,False,/home/ps/ps1/data/bihongyu/cold_seep/illu/all_fa/CDS/cat_result/cat_others
SY456YB-0-4_bin8-k141_492248_42,SY456YB-0-4_bin8,aioA-like-associated,IS,SY456YB-0-4,SY456YB-0-4,k141_492248,k141_492248_32,k141_492248,-10,+,26546,27505,K01644,citrate lyase subunit beta / citryl-CoA lyase,Annotated other,,False,/home/ps/ps1/data/bihongyu/cold_seep/illu/all_fa/CDS/cat_result/cat_others
SY456YB-0-4_bin8-k141_492248_42,SY456YB-0-4_bin8,aioA-like-associated,IS,SY456YB-0-4,SY456YB-0-4,k141_492248,k141_492248_33,k141_492248,-9,-,27561,28283,K02483,"two-component system, OmpR family, response regulator",Annotated other,,False,/home/ps/ps1/data/bihongyu/cold_seep/illu/all_fa/CDS/cat_result/cat_others
SY456YB-0-4_bin8-k141_492248_42,SY456YB-0-4_bin8,aioA-like-associated,IS,SY456YB-0-4,SY456YB-0-4,k141_492248,k141_492248_34,k141_492248,-8,+,28429,30666,K13587,"two-component system, cell cycle sensor histidine kinase and response regulator CckA",Annotated other,,False,/home/ps/ps1/data/bihongyu/cold_seep/illu/all_fa/CDS/cat_result/cat_others
SY456YB-0-4_bin8-k141_492248_42,SY456YB-0-4_bin8,aioA-like-associated,IS,SY456YB-0-4,SY456YB-0-4,k141_492248,k141_492248_35,k141_492248,-7,-,30670,32052,K00231,protoporphyrinogen/coproporphyrinogen III oxidase,Annotated other,,False,/home/ps/ps1/data/bihongyu/cold_seep/illu/all_fa/CDS/cat_result/cat_others
SY456YB-0-4_bin8-k141_492248_42,SY456YB-0-4_bin8,aioA-like-associated,IS,SY456YB-0-4,SY456YB-0-4,k141_492248,k141_492248_36,k141_492248,-6,-,32033,33322,K22227,AdoMet-dependent heme synthase,Annotated other,,False,/home/ps/ps1/data/bihongyu/cold_seep/illu/all_fa/CDS/cat_result/cat_others
SY456YB-0-4_bin8-k141_492248_42,SY456YB-0-4_bin8,aioA-like-associated,IS,SY456YB-0-4,SY456YB-0-4,k141_492248,k141_492248_37,k141_492248,-5,-,33315,34985,,,Hypothetical/unknown,,False,/home/ps/ps1/data/bihongyu/cold_seep/illu/all_fa/CDS/cat_result/cat_others
SY456YB-0-4_bin8-k141_492248_42,SY456YB-0-4_bin8,aioA-like-associated,IS,SY456YB-0-4,SY456YB-0-4,k141_492248,k141_492248_38,k141_492248,-4,-,34992,35741,,,Hypothetical/unknown,,False,/home/ps/ps1/data/bihongyu/cold_seep/illu/all_fa/CDS/cat_result/cat_others
SY456YB-0-4_bin8-k141_492248_42,SY456YB-0-4_bin8,aioA-like-associated,IS,SY456YB-0-4,SY456YB-0-4,k141_492248,k141_492248_39,k141_492248,-3,-,35843,35950,,,Hypothetical/unknown,,False,/home/ps/ps1/data/bihongyu/cold_seep/illu/all_fa/CDS/cat_result/cat_others
SY456YB-0-4_bin8-k141_492248_42,SY456YB-0-4_bin8,aioA-like-associated,IS,SY456YB-0-4,SY456YB-0-4,k141_492248,k141_492248_40,k141_492248,-2,-,35975,36715,,,Hypothetical/unknown,,False,/home/ps/ps1/data/bihongyu/cold_seep/illu/all_fa/CDS/cat_result/cat_others
SY456YB-0-4_bin8-k141_492248_42,SY456YB-0-4_bin8,aioA-like-associated,IS,SY456YB-0-4,SY456YB-0-4,k141_492248,k141_492248_41,k141_492248,-1,-,36739,38937,,,Hypothetical/unknown,,False,/home/ps/ps1/data/bihongyu/cold_seep/illu/all_fa/CDS/cat_result/cat_others
SY456YB-0-4_bin8-k141_492248_42,SY456YB-0-4_bin8,aioA-like-associated,IS,SY456YB-0-4,SY456YB-0-4,k141_492248,k141_492248_42,k141_492248,0,-,39113,41791,K08356,arsenite oxidase large subunit,Target aioA-like K08356,AioA-like,True,/home/ps/ps1/data/bihongyu/cold_seep/illu/all_fa/CDS/cat_result/cat_others
SY456YB-0-4_bin8-k141_492248_42,SY456YB-0-4_bin8,aioA-like-associated,IS,SY456YB-0-4,SY456YB-0-4,k141_492248,k141_492248_43,k141_492248,1,-,41804,42385,K08355,arsenite oxidase small subunit,Rieske/AioB,AioB,False,/home/ps/ps1/data/bihongyu/cold_seep/illu/all_fa/CDS/cat_result/cat_others
SY456YB-0-4_bin8-k141_492248_42,SY456YB-0-4_bin8,aioA-like-associated,IS,SY456YB-0-4,SY456YB-0-4,k141_492248,k141_492248_44,k141_492248,2,-,42406,43548,K00428,cytochrome c peroxidase,Cytochrome/peroxidase,cyt,False,/home/ps/ps1/data/bihongyu/cold_seep/illu/all_fa/CDS/cat_result/cat_others
SY456YB-0-4_bin8-k141_492248_42,SY456YB-0-4_bin8,aioA-like-associated,IS,SY456YB-0-4,SY456YB-0-4,k141_492248,k141_492248_45,k141_492248,3,-,43564,44685,K00428,cytochrome c peroxidase,Cytochrome/peroxidase,cyt,False,/home/ps/ps1/data/bihongyu/cold_seep/illu/all_fa/CDS/cat_result/cat_others
SY456YB-0-4_bin8-k141_492248_42,SY456YB-0-4_bin8,aioA-like-associated,IS,SY456YB-0-4,SY456YB-0-4,k141_492248,k141_492248_46,k141_492248,4,-,44829,47096,,,Hypothetical/unknown,,False,/home/ps/ps1/data/bihongyu/cold_seep/illu/all_fa/CDS/cat_result/cat_others
SY456YB-0-4_bin8-k141_492248_42,SY456YB-0-4_bin8,aioA-like-associated,IS,SY456YB-0-4,SY456YB-0-4,k141_492248,k141_492248_47,k141_492248,5,-,47106,48239,,,Hypothetical/unknown,,False,/home/ps/ps1/data/bihongyu/cold_seep/illu/all_fa/CDS/cat_result/cat_others
SY456YB-0-4_bin8-k141_492248_42,SY456YB-0-4_bin8,aioA-like-associated,IS,SY456YB-0-4,SY456YB-0-4,k141_492248,k141_492248_48,k141_492248,6,-,48236,50014,K00425,cytochrome bd ubiquinol oxidase subunit I,Cytochrome/peroxidase,cyt,False,/home/ps/ps1/data/bihongyu/cold_seep/illu/all_fa/CDS/cat_result/cat_others
SY456YB-0-4_bin8-k141_492248_42,SY456YB-0-4_bin8,aioA-like-associated,IS,SY456YB-0-4,SY456YB-0-4,k141_492248,k141_492248_49,k141_492248,7,-,50027,50155,,,Hypothetical/unknown,,False,/home/ps/ps1/data/bihongyu/cold_seep/illu/all_fa/CDS/cat_result/cat_others
SY456YB-0-4_bin8-k141_492248_42,SY456YB-0-4_bin8,aioA-like-associated,IS,SY456YB-0-4,SY456YB-0-4,k141_492248,k141_492248_50,k141_492248,8,-,50178,50300,,,Hypothetical/unknown,,False,/home/ps/ps1/data/bihongyu/cold_seep/illu/all_fa/CDS/cat_result/cat_others
SY456YB-0-4_bin8-k141_492248_42,SY456YB-0-4_bin8,aioA-like-associated,IS,SY456YB-0-4,SY456YB-0-4,k141_492248,k141_492248_51,k141_492248,9,-,50409,50711,,,Hypothetical/unknown,,False,/home/ps/ps1/data/bihongyu/cold_seep/illu/all_fa/CDS/cat_result/cat_others
SY456YB-0-4_bin8-k141_492248_42,SY456YB-0-4_bin8,aioA-like-associated,IS,SY456YB-0-4,SY456YB-0-4,k141_492248,k141_492248_52,k141_492248,10,+,51025,51669,,,Hypothetical/unknown,,False,/home/ps/ps1/data/bihongyu/cold_seep/illu/all_fa/CDS/cat_result/cat_others
SY456YB-8-12_bin27-k141_1029503_28,SY456YB-8-12_bin27,aioA-like-associated,IS,SY456YB-8-12,SY456YB-8-12,k141_1029503,k141_1029503_18,k141_1029503,-10,-,18152,18883,K02483,"two-component system, OmpR family, response regulator",Annotated other,,False,/home/ps/ps1/data/bihongyu/cold_seep/illu/all_fa/CDS/cat_result/cat_others
SY456YB-8-12_bin27-k141_1029503_28,SY456YB-8-12_bin27,aioA-like-associated,IS,SY456YB-8-12,SY456YB-8-12,k141_1029503,k141_1029503_19,k141_1029503,-9,+,19029,21275,K13587,"two-component system, cell cycle sensor histidine kinase and response regulator CckA",Annotated other,,False,/home/ps/ps1/data/bihongyu/cold_seep/illu/all_fa/CDS/cat_result/cat_others
SY456YB-8-12_bin27-k141_1029503_28,SY456YB-8-12_bin27,aioA-like-associated,IS,SY456YB-8-12,SY456YB-8-12,k141_1029503,k141_1029503_20,k141_1029503,-8,+,21382,21993,,,Hypothetical/unknown,,False,/home/ps/ps1/data/bihongyu/cold_seep/illu/all_fa/CDS/cat_result/cat_others
SY456YB-8-12_bin27-k141_1029503_28,SY456YB-8-12_bin27,aioA-like-associated,IS,SY456YB-8-12,SY456YB-8-12,k141_1029503,k141_1029503_21,k141_1029503,-7,-,21940,23313,K00231,protoporphyrinogen/coproporphyrinogen III oxidase,Annotated other,,False,/home/ps/ps1/data/bihongyu/cold_seep/illu/all_fa/CDS/cat_result/cat_others
SY456YB-8-12_bin27-k141_1029503_28,SY456YB-8-12_bin27,aioA-like-associated,IS,SY456YB-8-12,SY456YB-8-12,k141_1029503,k141_1029503_22,k141_1029503,-6,-,23322,24593,K22227,AdoMet-dependent heme synthase,Annotated other,,False,/home/ps/ps1/data/bihongyu/cold_seep/illu/all_fa/CDS/cat_result/cat_others
SY456YB-8-12_bin27-k141_1029503_28,SY456YB-8-12_bin27,aioA-like-associated,IS,SY456YB-8-12,SY456YB-8-12,k141_1029503,k141_1029503_23,k141_1029503,-5,-,24598,26238,,,Hypothetical/unknown,,False,/home/ps/ps1/data/bihongyu/cold_seep/illu/all_fa/CDS/cat_result/cat_others
SY456YB-8-12_bin27-k141_1029503_28,SY456YB-8-12_bin27,aioA-like-associated,IS,SY456YB-8-12,SY456YB-8-12,k141_1029503,k141_1029503_24,k141_1029503,-4,-,26250,27110,,,Hypothetical/unknown,,False,/home/ps/ps1/data/bihongyu/cold_seep/illu/all_fa/CDS/cat_result/cat_others
SY456YB-8-12_bin27-k141_1029503_28,SY456YB-8-12_bin27,aioA-like-associated,IS,SY456YB-8-12,SY456YB-8-12,k141_1029503,k141_1029503_25,k141_1029503,-3,-,27095,27202,,,Hypothetical/unknown,,False,/home/ps/ps1/data/bihongyu/cold_seep/illu/all_fa/CDS/cat_result/cat_others
SY456YB-8-12_bin27-k141_1029503_28,SY456YB-8-12_bin27,aioA-like-associated,IS,SY456YB-8-12,SY456YB-8-12,k141_1029503,k141_1029503_26,k141_1029503,-2,-,27247,27987,,,Hypothetical/unknown,,False,/home/ps/ps1/data/bihongyu/cold_seep/illu/all_fa/CDS/cat_result/cat_others
SY456YB-8-12_bin27-k141_1029503_28,SY456YB-8-12_bin27,aioA-like-associated,IS,SY456YB-8-12,SY456YB-8-12,k141_1029503,k141_1029503_27,k141_1029503,-1,-,28013,30199,,,Hypothetical/unknown,,False,/home/ps/ps1/data/bihongyu/cold_seep/illu/all_fa/CDS/cat_result/cat_others
SY456YB-8-12_bin27-k141_1029503_28,SY456YB-8-12_bin27,aioA-like-associated,IS,SY456YB-8-12,SY456YB-8-12,k141_1029503,k141_1029503_28,k141_1029503,0,-,30367,33045,K08356,arsenite oxidase large subunit,Target aioA-like K08356,AioA-like,True,/home/ps/ps1/data/bihongyu/cold_seep/illu/all_fa/CDS/cat_result/cat_others
SY456YB-8-12_bin27-k141_1029503_28,SY456YB-8-12_bin27,aioA-like-associated,IS,SY456YB-8-12,SY456YB-8-12,k141_1029503,k141_1029503_29,k141_1029503,1,-,33057,33638,K08355,arsenite oxidase small subunit,Rieske/AioB,AioB,False,/home/ps/ps1/data/bihongyu/cold_seep/illu/all_fa/CDS/cat_result/cat_others
SY456YB-8-12_bin27-k141_1029503_28,SY456YB-8-12_bin27,aioA-like-associated,IS,SY456YB-8-12,SY456YB-8-12,k141_1029503,k141_1029503_30,k141_1029503,2,-,33659,34810,K00428,cytochrome c peroxidase,Cytochrome/peroxidase,cyt,False,/home/ps/ps1/data/bihongyu/cold_seep/illu/all_fa/CDS/cat_result/cat_others
SY456YB-8-12_bin27-k141_1029503_28,SY456YB-8-12_bin27,aioA-like-associated,IS,SY456YB-8-12,SY456YB-8-12,k141_1029503,k141_1029503_31,k141_1029503,3,-,34831,35952,K00428,cytochrome c peroxidase,Cytochrome/peroxidase,cyt,False,/home/ps/ps1/data/bihongyu/cold_seep/illu/all_fa/CDS/cat_result/cat_others
SY456YB-8-12_bin27-k141_1029503_28,SY456YB-8-12_bin27,aioA-like-associated,IS,SY456YB-8-12,SY456YB-8-12,k141_1029503,k141_1029503_32,k141_1029503,4,-,36099,38363,,,Hypothetical/unknown,,False,/home/ps/ps1/data/bihongyu/cold_seep/illu/all_fa/CDS/cat_result/cat_others
SY456YB-8-12_bin27-k141_1029503_28,SY456YB-8-12_bin27,aioA-like-associated,IS,SY456YB-8-12,SY456YB-8-12,k141_1029503,k141_1029503_33,k141_1029503,5,-,38374,39516,,,Hypothetical/unknown,,False,/home/ps/ps1/data/bihongyu/cold_seep/illu/all_fa/CDS/cat_result/cat_others
SY456YB-8-12_bin27-k141_1029503_28,SY456YB-8-12_bin27,aioA-like-associated,IS,SY456YB-8-12,SY456YB-8-12,k141_1029503,k141_1029503_34,k141_1029503,6,-,39513,41279,K00425,cytochrome bd ubiquinol oxidase subunit I,Cytochrome/peroxidase,cyt,False,/home/ps/ps1/data/bihongyu/cold_seep/illu/all_fa/CDS/cat_result/cat_others
SY456YB-8-12_bin27-k141_1029503_28,SY456YB-8-12_bin27,aioA-like-associated,IS,SY456YB-8-12,SY456YB-8-12,k141_1029503,k141_1029503_35,k141_1029503,7,-,41289,41417,,,Hypothetical/unknown,,False,/home/ps/ps1/data/bihongyu/cold_seep/illu/all_fa/CDS/cat_result/cat_others
SY456YB-8-12_bin27-k141_1029503_28,SY456YB-8-12_bin27,aioA-like-associated,IS,SY456YB-8-12,SY456YB-8-12,k141_1029503,k141_1029503_36,k141_1029503,8,-,41449,41592,,,Hypothetical/unknown,,False,/home/ps/ps1/data/bihongyu/cold_seep/illu/all_fa/CDS/cat_result/cat_others
SY456YB-8-12_bin27-k141_1029503_28,SY456YB-8-12_bin27,aioA-like-associated,IS,SY456YB-8-12,SY456YB-8-12,k141_1029503,k141_1029503_37,k141_1029503,9,-,41669,41971,,,Hypothetical/unknown,,False,/home/ps/ps1/data/bihongyu/cold_seep/illu/all_fa/CDS/cat_result/cat_others
SY456YB-8-12_bin27-k141_1029503_28,SY456YB-8-12_bin27,aioA-like-associated,IS,SY456YB-8-12,SY456YB-8-12,k141_1029503,k141_1029503_38,k141_1029503,10,+,42163,42930,,,Hypothetical/unknown,,False,/home/ps/ps1/data/bihongyu/cold_seep/illu/all_fa/CDS/cat_result/cat_others
SY456YB-8-12_bin34-k141_963697_76,SY456YB-8-12_bin34,aioA-like-associated,IS,SY456YB-8-12,SY456YB-8-12,k141_963697,k141_963697_66,k141_963697,-10,-,68807,69802,K01772,protoporphyrin/coproporphyrin ferrochelatase,Annotated other,,False,/home/ps/ps1/data/bihongyu/cold_seep/illu/all_fa/CDS/cat_result/cat_others
SY456YB-8-12_bin34-k141_963697_76,SY456YB-8-12_bin34,aioA-like-associated,IS,SY456YB-8-12,SY456YB-8-12,k141_963697,k141_963697_67,k141_963697,-9,-,69795,70562,,,Hypothetical/unknown,,False,/home/ps/ps1/data/bihongyu/cold_seep/illu/all_fa/CDS/cat_result/cat_others
SY456YB-8-12_bin34-k141_963697_76,SY456YB-8-12_bin34,aioA-like-associated,IS,SY456YB-8-12,SY456YB-8-12,k141_963697,k141_963697_68,k141_963697,-8,+,70804,71106,,,Hypothetical/unknown,,False,/home/ps/ps1/data/bihongyu/cold_seep/illu/all_fa/CDS/cat_result/cat_others
SY456YB-8-12_bin34-k141_963697_76,SY456YB-8-12_bin34,aioA-like-associated,IS,SY456YB-8-12,SY456YB-8-12,k141_963697,k141_963697_69,k141_963697,-7,+,71441,71569,,,Hypothetical/unknown,,False,/home/ps/ps1/data/bihongyu/cold_seep/illu/all_fa/CDS/cat_result/cat_others
SY456YB-8-12_bin34-k141_963697_76,SY456YB-8-12_bin34,aioA-like-associated,IS,SY456YB-8-12,SY456YB-8-12,k141_963697,k141_963697_70,k141_963697,-6,+,71579,73339,K00425,cytochrome bd ubiquinol oxidase subunit I,Cytochrome/peroxidase,cyt,False,/home/ps/ps1/data/bihongyu/cold_seep/illu/all_fa/CDS/cat_result/cat_others
SY456YB-8-12_bin34-k141_963697_76,SY456YB-8-12_bin34,aioA-like-associated,IS,SY456YB-8-12,SY456YB-8-12,k141_963697,k141_963697_71,k141_963697,-5,+,73336,74469,,,Hypothetical/unknown,,False,/home/ps/ps1/data/bihongyu/cold_seep/illu/all_fa/CDS/cat_result/cat_others
SY456YB-8-12_bin34-k141_963697_76,SY456YB-8-12_bin34,aioA-like-associated,IS,SY456YB-8-12,SY456YB-8-12,k141_963697,k141_963697_72,k141_963697,-4,+,74480,76753,,,Hypothetical/unknown,,False,/home/ps/ps1/data/bihongyu/cold_seep/illu/all_fa/CDS/cat_result/cat_others
SY456YB-8-12_bin34-k141_963697_76,SY456YB-8-12_bin34,aioA-like-associated,IS,SY456YB-8-12,SY456YB-8-12,k141_963697,k141_963697_73,k141_963697,-3,+,76918,78036,K00428,cytochrome c peroxidase,Cytochrome/peroxidase,cyt,False,/home/ps/ps1/data/bihongyu/cold_seep/illu/all_fa/CDS/cat_result/cat_others
SY456YB-8-12_bin34-k141_963697_76,SY456YB-8-12_bin34,aioA-like-associated,IS,SY456YB-8-12,SY456YB-8-12,k141_963697,k141_963697_74,k141_963697,-2,+,78052,79197,K00428,cytochrome c peroxidase,Cytochrome/peroxidase,cyt,False,/home/ps/ps1/data/bihongyu/cold_seep/illu/all_fa/CDS/cat_result/cat_others
SY456YB-8-12_bin34-k141_963697_76,SY456YB-8-12_bin34,aioA-like-associated,IS,SY456YB-8-12,SY456YB-8-12,k141_963697,k141_963697_75,k141_963697,-1,+,79220,79801,K08355,arsenite oxidase small subunit,Rieske/AioB,AioB,False,/home/ps/ps1/data/bihongyu/cold_seep/illu/all_fa/CDS/cat_result/cat_others
SY456YB-8-12_bin34-k141_963697_76,SY456YB-8-12_bin34,aioA-like-associated,IS,SY456YB-8-12,SY456YB-8-12,k141_963697,k141_963697_76,k141_963697,0,+,79814,82492,K08356,arsenite oxidase large subunit,Target aioA-like K08356,AioA-like,True,/home/ps/ps1/data/bihongyu/cold_seep/illu/all_fa/CDS/cat_result/cat_others
SY456YB-8-12_bin34-k141_963697_76,SY456YB-8-12_bin34,aioA-like-associated,IS,SY456YB-8-12,SY456YB-8-12,k141_963697,k141_963697_77,k141_963697,1,+,82654,84828,,,Hypothetical/unknown,,False,/home/ps/ps1/data/bihongyu/cold_seep/illu/all_fa/CDS/cat_result/cat_others
SY456YB-8-12_bin34-k141_963697_76,SY456YB-8-12_bin34,aioA-like-associated,IS,SY456YB-8-12,SY456YB-8-12,k141_963697,k141_963697_78,k141_963697,2,+,84858,85598,,,Hypothetical/unknown,,False,/home/ps/ps1/data/bihongyu/cold_seep/illu/all_fa/CDS/cat_result/cat_others
SY456YB-8-12_bin34-k141_963697_76,SY456YB-8-12_bin34,aioA-like-associated,IS,SY456YB-8-12,SY456YB-8-12,k141_963697,k141_963697_79,k141_963697,3,+,85623,85730,,,Hypothetical/unknown,,False,/home/ps/ps1/data/bihongyu/cold_seep/illu/all_fa/CDS/cat_result/cat_others
SY456YB-8-12_bin34-k141_963697_76,SY456YB-8-12_bin34,aioA-like-associated,IS,SY456YB-8-12,SY456YB-8-12,k141_963697,k141_963697_80,k141_963697,4,+,85814,86566,,,Hypothetical/unknown,,False,/home/ps/ps1/data/bihongyu/cold_seep/illu/all_fa/CDS/cat_result/cat_others
SY456YB-8-12_bin34-k141_963697_76,SY456YB-8-12_bin34,aioA-like-associated,IS,SY456YB-8-12,SY456YB-8-12,k141_963697,k141_963697_81,k141_963697,5,+,86606,88249,,,Hypothetical/unknown,,False,/home/ps/ps1/data/bihongyu/cold_seep/illu/all_fa/CDS/cat_result/cat_others
SY456YB-8-12_bin34-k141_963697_76,SY456YB-8-12_bin34,aioA-like-associated,IS,SY456YB-8-12,SY456YB-8-12,k141_963697,k141_963697_82,k141_963697,6,+,88253,89524,K22227,AdoMet-dependent heme synthase,Annotated other,,False,/home/ps/ps1/data/bihongyu/cold_seep/illu/all_fa/CDS/cat_result/cat_others
SY456YB-8-12_bin34-k141_963697_76,SY456YB-8-12_bin34,aioA-like-associated,IS,SY456YB-8-12,SY456YB-8-12,k141_963697,k141_963697_83,k141_963697,7,+,89517,90893,K00231,protoporphyrinogen/coproporphyrinogen III oxidase,Annotated other,,False,/home/ps/ps1/data/bihongyu/cold_seep/illu/all_fa/CDS/cat_result/cat_others
SY456YB-8-12_bin34-k141_963697_76,SY456YB-8-12_bin34,aioA-like-associated,IS,SY456YB-8-12,SY456YB-8-12,k141_963697,k141_963697_84,k141_963697,8,-,90890,91609,K02483,"two-component system, OmpR family, response regulator",Annotated other,,False,/home/ps/ps1/data/bihongyu/cold_seep/illu/all_fa/CDS/cat_result/cat_others
SY456YB-8-12_bin34-k141_963697_76,SY456YB-8-12_bin34,aioA-like-associated,IS,SY456YB-8-12,SY456YB-8-12,k141_963697,k141_963697_85,k141_963697,9,+,91757,94003,K13587,"two-component system, cell cycle sensor histidine kinase and response regulator CckA",Annotated other,,False,/home/ps/ps1/data/bihongyu/cold_seep/illu/all_fa/CDS/cat_result/cat_others
SY456YB-8-12_bin34-k141_963697_76,SY456YB-8-12_bin34,aioA-like-associated,IS,SY456YB-8-12,SY456YB-8-12,k141_963697,k141_963697_86,k141_963697,10,+,94123,94743,,,Hypothetical/unknown,,False,/home/ps/ps1/data/bihongyu/cold_seep/illu/all_fa/CDS/cat_result/cat_others
SY456YB-8-12_bin4-k141_708485_189,SY456YB-8-12_bin4,aioA-like-associated,IS,SY456YB-8-12,SY456YB-8-12,k141_708485,k141_708485_179,k141_708485,-10,+,180755,181363,,,Hypothetical/unknown,,False,/home/ps/ps1/data/bihongyu/cold_seep/illu/all_fa/CDS/cat_result/cat_others
SY456YB-8-12_bin4-k141_708485_189,SY456YB-8-12_bin4,aioA-like-associated,IS,SY456YB-8-12,SY456YB-8-12,k141_708485,k141_708485_180,k141_708485,-9,+,181329,181976,,,Hypothetical/unknown,,False,/home/ps/ps1/data/bihongyu/cold_seep/illu/all_fa/CDS/cat_result/cat_others
SY456YB-8-12_bin4-k141_708485_189,SY456YB-8-12_bin4,aioA-like-associated,IS,SY456YB-8-12,SY456YB-8-12,k141_708485,k141_708485_181,k141_708485,-8,+,182038,182331,,,Hypothetical/unknown,,False,/home/ps/ps1/data/bihongyu/cold_seep/illu/all_fa/CDS/cat_result/cat_others
SY456YB-8-12_bin4-k141_708485_189,SY456YB-8-12_bin4,aioA-like-associated,IS,SY456YB-8-12,SY456YB-8-12,k141_708485,k141_708485_182,k141_708485,-7,+,182485,182625,,,Hypothetical/unknown,,False,/home/ps/ps1/data/bihongyu/cold_seep/illu/all_fa/CDS/cat_result/cat_others
SY456YB-8-12_bin4-k141_708485_189,SY456YB-8-12_bin4,aioA-like-associated,IS,SY456YB-8-12,SY456YB-8-12,k141_708485,k141_708485_183,k141_708485,-6,+,182786,184549,K00425,cytochrome bd ubiquinol oxidase subunit I,Cytochrome/peroxidase,cyt,False,/home/ps/ps1/data/bihongyu/cold_seep/illu/all_fa/CDS/cat_result/cat_others
SY456YB-8-12_bin4-k141_708485_189,SY456YB-8-12_bin4,aioA-like-associated,IS,SY456YB-8-12,SY456YB-8-12,k141_708485,k141_708485_184,k141_708485,-5,+,184546,185379,,,Hypothetical/unknown,,False,/home/ps/ps1/data/bihongyu/cold_seep/illu/all_fa/CDS/cat_result/cat_others
SY456YB-8-12_bin4-k141_708485_189,SY456YB-8-12_bin4,aioA-like-associated,IS,SY456YB-8-12,SY456YB-8-12,k141_708485,k141_708485_185,k141_708485,-4,+,185395,187674,,,Hypothetical/unknown,,False,/home/ps/ps1/data/bihongyu/cold_seep/illu/all_fa/CDS/cat_result/cat_others
SY456YB-8-12_bin4-k141_708485_189,SY456YB-8-12_bin4,aioA-like-associated,IS,SY456YB-8-12,SY456YB-8-12,k141_708485,k141_708485_186,k141_708485,-3,+,187917,189038,K00428,cytochrome c peroxidase,Cytochrome/peroxidase,cyt,False,/home/ps/ps1/data/bihongyu/cold_seep/illu/all_fa/CDS/cat_result/cat_others
SY456YB-8-12_bin4-k141_708485_189,SY456YB-8-12_bin4,aioA-like-associated,IS,SY456YB-8-12,SY456YB-8-12,k141_708485,k141_708485_187,k141_708485,-2,+,189057,190211,K00428,cytochrome c peroxidase,Cytochrome/peroxidase,cyt,False,/home/ps/ps1/data/bihongyu/cold_seep/illu/all_fa/CDS/cat_result/cat_others
SY456YB-8-12_bin4-k141_708485_189,SY456YB-8-12_bin4,aioA-like-associated,IS,SY456YB-8-12,SY456YB-8-12,k141_708485,k141_708485_188,k141_708485,-1,+,190224,190808,K08355,arsenite oxidase small subunit,Rieske/AioB,AioB,False,/home/ps/ps1/data/bihongyu/cold_seep/illu/all_fa/CDS/cat_result/cat_others
SY456YB-8-12_bin4-k141_708485_189,SY456YB-8-12_bin4,aioA-like-associated,IS,SY456YB-8-12,SY456YB-8-12,k141_708485,k141_708485_189,k141_708485,0,+,190825,193500,K08356,arsenite oxidase large subunit,Target aioA-like K08356,AioA-like,True,/home/ps/ps1/data/bihongyu/cold_seep/illu/all_fa/CDS/cat_result/cat_others
SY456YB-8-12_bin4-k141_708485_189,SY456YB-8-12_bin4,aioA-like-associated,IS,SY456YB-8-12,SY456YB-8-12,k141_708485,k141_708485_190,k141_708485,1,+,193690,195933,,,Hypothetical/unknown,,False,/home/ps/ps1/data/bihongyu/cold_seep/illu/all_fa/CDS/cat_result/cat_others
SY456YB-8-12_bin4-k141_708485_189,SY456YB-8-12_bin4,aioA-like-associated,IS,SY456YB-8-12,SY456YB-8-12,k141_708485,k141_708485_191,k141_708485,2,+,195966,196703,,,Hypothetical/unknown,,False,/home/ps/ps1/data/bihongyu/cold_seep/illu/all_fa/CDS/cat_result/cat_others
SY456YB-8-12_bin4-k141_708485_189,SY456YB-8-12_bin4,aioA-like-associated,IS,SY456YB-8-12,SY456YB-8-12,k141_708485,k141_708485_192,k141_708485,3,+,196741,196881,,,Hypothetical/unknown,,False,/home/ps/ps1/data/bihongyu/cold_seep/illu/all_fa/CDS/cat_result/cat_others
SY456YB-8-12_bin4-k141_708485_189,SY456YB-8-12_bin4,aioA-like-associated,IS,SY456YB-8-12,SY456YB-8-12,k141_708485,k141_708485_193,k141_708485,4,+,196878,197765,,,Hypothetical/unknown,,False,/home/ps/ps1/data/bihongyu/cold_seep/illu/all_fa/CDS/cat_result/cat_others
SY456YB-8-12_bin4-k141_708485_189,SY456YB-8-12_bin4,aioA-like-associated,IS,SY456YB-8-12,SY456YB-8-12,k141_708485,k141_708485_194,k141_708485,5,+,197786,199513,,,Hypothetical/unknown,,False,/home/ps/ps1/data/bihongyu/cold_seep/illu/all_fa/CDS/cat_result/cat_others
SY456YB-8-12_bin4-k141_708485_189,SY456YB-8-12_bin4,aioA-like-associated,IS,SY456YB-8-12,SY456YB-8-12,k141_708485,k141_708485_195,k141_708485,6,+,199479,200801,K22227,AdoMet-dependent heme synthase,Annotated other,,False,/home/ps/ps1/data/bihongyu/cold_seep/illu/all_fa/CDS/cat_result/cat_others
SY456YB-8-12_bin4-k141_708485_189,SY456YB-8-12_bin4,aioA-like-associated,IS,SY456YB-8-12,SY456YB-8-12,k141_708485,k141_708485_196,k141_708485,7,+,200798,202180,K00231,protoporphyrinogen/coproporphyrinogen III oxidase,Annotated other,,False,/home/ps/ps1/data/bihongyu/cold_seep/illu/all_fa/CDS/cat_result/cat_others
SY456YB-8-12_bin4-k141_708485_189,SY456YB-8-12_bin4,aioA-like-associated,IS,SY456YB-8-12,SY456YB-8-12,k141_708485,k141_708485_197,k141_708485,8,-,202167,203465,K03750,molybdopterin molybdotransferase,Annotated other,,False,/home/ps/ps1/data/bihongyu/cold_seep/illu/all_fa/CDS/cat_result/cat_others
SY456YB-8-12_bin4-k141_708485_189,SY456YB-8-12_bin4,aioA-like-associated,IS,SY456YB-8-12,SY456YB-8-12,k141_708485,k141_708485_198,k141_708485,9,-,203446,204153,,,Hypothetical/unknown,,False,/home/ps/ps1/data/bihongyu/cold_seep/illu/all_fa/CDS/cat_result/cat_others
SY456YB-8-12_bin4-k141_708485_189,SY456YB-8-12_bin4,aioA-like-associated,IS,SY456YB-8-12,SY456YB-8-12,k141_708485,k141_708485_199,k141_708485,10,-,204303,206528,K13587,"two-component system, cell cycle sensor histidine kinase and response regulator CckA",Annotated other,,False,/home/ps/ps1/data/bihongyu/cold_seep/illu/all_fa/CDS/cat_result/cat_others
SY456YB-8-12_bin5-k141_222164_2,SY456YB-8-12_bin5,aioA-like-associated,IS,SY456YB-8-12,SY456YB-8-12,k141_222164,k141_222164_1,k141_222164,-1,-,2,583,,,Hypothetical/unknown,,False,/home/ps/ps1/data/bihongyu/cold_seep/illu/all_fa/CDS/cat_result/cat_others
SY456YB-8-12_bin5-k141_222164_2,SY456YB-8-12_bin5,aioA-like-associated,IS,SY456YB-8-12,SY456YB-8-12,k141_222164,k141_222164_2,k141_222164,0,-,580,3255,K08356,arsenite oxidase large subunit,Target aioA-like K08356,AioA-like,True,/home/ps/ps1/data/bihongyu/cold_seep/illu/all_fa/CDS/cat_result/cat_others
SY456YB-8-12_bin5-k141_222164_2,SY456YB-8-12_bin5,aioA-like-associated,IS,SY456YB-8-12,SY456YB-8-12,k141_222164,k141_222164_3,k141_222164,1,-,3267,3854,K08355,arsenite oxidase small subunit,Rieske/AioB,AioB,False,/home/ps/ps1/data/bihongyu/cold_seep/illu/all_fa/CDS/cat_result/cat_others
SY456YB-8-12_bin5-k141_222164_2,SY456YB-8-12_bin5,aioA-like-associated,IS,SY456YB-8-12,SY456YB-8-12,k141_222164,k141_222164_4,k141_222164,2,-,3867,4898,K00428,cytochrome c peroxidase,Cytochrome/peroxidase,cyt,False,/home/ps/ps1/data/bihongyu/cold_seep/illu/all_fa/CDS/cat_result/cat_others
SY457BB-0-4_bin6-k141_196093_82,SY457BB-0-4_bin6,aioA-like-associated,IS,SY457BB-0-4,SY457BB-0-4,k141_196093,k141_196093_72,k141_196093,-10,+,78349,79152,K18981,uronate dehydrogenase,Redox/oxidoreductase,Redox,False,/home/ps/ps1/data/bihongyu/cold_seep/illu/all_fa/CDS/cat_result/cat_others
SY457BB-0-4_bin6-k141_196093_82,SY457BB-0-4_bin6,aioA-like-associated,IS,SY457BB-0-4,SY457BB-0-4,k141_196093,k141_196093_73,k141_196093,-9,+,79155,80372,K18166,FAD-dependent oxidoreductase domain-containing protein 1,Redox/oxidoreductase,Redox,False,/home/ps/ps1/data/bihongyu/cold_seep/illu/all_fa/CDS/cat_result/cat_others
SY457BB-0-4_bin6-k141_196093_82,SY457BB-0-4_bin6,aioA-like-associated,IS,SY457BB-0-4,SY457BB-0-4,k141_196093,k141_196093_74,k141_196093,-8,-,80582,81973,K00231,protoporphyrinogen/coproporphyrinogen III oxidase,Annotated other,,False,/home/ps/ps1/data/bihongyu/cold_seep/illu/all_fa/CDS/cat_result/cat_others
SY457BB-0-4_bin6-k141_196093_82,SY457BB-0-4_bin6,aioA-like-associated,IS,SY457BB-0-4,SY457BB-0-4,k141_196093,k141_196093_75,k141_196093,-7,-,81970,83310,K22227,AdoMet-dependent heme synthase,Annotated other,,False,/home/ps/ps1/data/bihongyu/cold_seep/illu/all_fa/CDS/cat_result/cat_others
SY457BB-0-4_bin6-k141_196093_82,SY457BB-0-4_bin6,aioA-like-associated,IS,SY457BB-0-4,SY457BB-0-4,k141_196093,k141_196093_76,k141_196093,-6,-,83285,84955,,,Hypothetical/unknown,,False,/home/ps/ps1/data/bihongyu/cold_seep/illu/all_fa/CDS/cat_result/cat_others
SY457BB-0-4_bin6-k141_196093_82,SY457BB-0-4_bin6,aioA-like-associated,IS,SY457BB-0-4,SY457BB-0-4,k141_196093,k141_196093_77,k141_196093,-5,+,85269,86276,K01772,protoporphyrin/coproporphyrin ferrochelatase,Annotated other,,False,/home/ps/ps1/data/bihongyu/cold_seep/illu/all_fa/CDS/cat_result/cat_others
SY457BB-0-4_bin6-k141_196093_82,SY457BB-0-4_bin6,aioA-like-associated,IS,SY457BB-0-4,SY457BB-0-4,k141_196093,k141_196093_78,k141_196093,-4,+,86384,87565,K22894,"SARP family transcriptional regulator, regulator of embCAB operon",Annotated other,,False,/home/ps/ps1/data/bihongyu/cold_seep/illu/all_fa/CDS/cat_result/cat_others
SY457BB-0-4_bin6-k141_196093_82,SY457BB-0-4_bin6,aioA-like-associated,IS,SY457BB-0-4,SY457BB-0-4,k141_196093,k141_196093_79,k141_196093,-3,+,87987,89162,K00428,cytochrome c peroxidase,Cytochrome/peroxidase,cyt,False,/home/ps/ps1/data/bihongyu/cold_seep/illu/all_fa/CDS/cat_result/cat_others
SY457BB-0-4_bin6-k141_196093_82,SY457BB-0-4_bin6,aioA-like-associated,IS,SY457BB-0-4,SY457BB-0-4,k141_196093,k141_196093_80,k141_196093,-2,+,89173,90324,K00428,cytochrome c peroxidase,Cytochrome/peroxidase,cyt,False,/home/ps/ps1/data/bihongyu/cold_seep/illu/all_fa/CDS/cat_result/cat_others
SY457BB-0-4_bin6-k141_196093_82,SY457BB-0-4_bin6,aioA-like-associated,IS,SY457BB-0-4,SY457BB-0-4,k141_196093,k141_196093_81,k141_196093,-1,+,90338,90925,K08355,arsenite oxidase small subunit,Rieske/AioB,AioB,False,/home/ps/ps1/data/bihongyu/cold_seep/illu/all_fa/CDS/cat_result/cat_others
SY457BB-0-4_bin6-k141_196093_82,SY457BB-0-4_bin6,aioA-like-associated,IS,SY457BB-0-4,SY457BB-0-4,k141_196093,k141_196093_82,k141_196093,0,+,90938,93613,K08356,arsenite oxidase large subunit,Target aioA-like K08356,AioA-like,True,/home/ps/ps1/data/bihongyu/cold_seep/illu/all_fa/CDS/cat_result/cat_others
SY457BB-0-4_bin6-k141_196093_82,SY457BB-0-4_bin6,aioA-like-associated,IS,SY457BB-0-4,SY457BB-0-4,k141_196093,k141_196093_83,k141_196093,1,+,93610,95844,,,Hypothetical/unknown,,False,/home/ps/ps1/data/bihongyu/cold_seep/illu/all_fa/CDS/cat_result/cat_others
SY457BB-0-4_bin6-k141_196093_82,SY457BB-0-4_bin6,aioA-like-associated,IS,SY457BB-0-4,SY457BB-0-4,k141_196093,k141_196093_84,k141_196093,2,+,95887,96687,,,Hypothetical/unknown,,False,/home/ps/ps1/data/bihongyu/cold_seep/illu/all_fa/CDS/cat_result/cat_others
SY457BB-0-4_bin6-k141_196093_82,SY457BB-0-4_bin6,aioA-like-associated,IS,SY457BB-0-4,SY457BB-0-4,k141_196093,k141_196093_85,k141_196093,3,+,96728,98878,K00425,cytochrome bd ubiquinol oxidase subunit I,Cytochrome/peroxidase,cyt,False,/home/ps/ps1/data/bihongyu/cold_seep/illu/all_fa/CDS/cat_result/cat_others
SY457BB-0-4_bin6-k141_196093_82,SY457BB-0-4_bin6,aioA-like-associated,IS,SY457BB-0-4,SY457BB-0-4,k141_196093,k141_196093_86,k141_196093,4,+,98883,99878,,,Hypothetical/unknown,,False,/home/ps/ps1/data/bihongyu/cold_seep/illu/all_fa/CDS/cat_result/cat_others
SY457BB-0-4_bin6-k141_196093_82,SY457BB-0-4_bin6,aioA-like-associated,IS,SY457BB-0-4,SY457BB-0-4,k141_196093,k141_196093_87,k141_196093,5,+,99928,100893,,,Hypothetical/unknown,,False,/home/ps/ps1/data/bihongyu/cold_seep/illu/all_fa/CDS/cat_result/cat_others
SY457BB-0-4_bin6-k141_196093_82,SY457BB-0-4_bin6,aioA-like-associated,IS,SY457BB-0-4,SY457BB-0-4,k141_196093,k141_196093_88,k141_196093,6,+,100890,102551,,,Hypothetical/unknown,,False,/home/ps/ps1/data/bihongyu/cold_seep/illu/all_fa/CDS/cat_result/cat_others
SY457BB-0-4_bin6-k141_196093_82,SY457BB-0-4_bin6,aioA-like-associated,IS,SY457BB-0-4,SY457BB-0-4,k141_196093,k141_196093_89,k141_196093,7,+,102593,103264,,,Hypothetical/unknown,,False,/home/ps/ps1/data/bihongyu/cold_seep/illu/all_fa/CDS/cat_result/cat_others
SY457BB-0-4_bin6-k141_196093_82,SY457BB-0-4_bin6,aioA-like-associated,IS,SY457BB-0-4,SY457BB-0-4,k141_196093,k141_196093_90,k141_196093,8,+,103285,103653,,,Hypothetical/unknown,,False,/home/ps/ps1/data/bihongyu/cold_seep/illu/all_fa/CDS/cat_result/cat_others
SY457BB-0-4_bin6-k141_196093_82,SY457BB-0-4_bin6,aioA-like-associated,IS,SY457BB-0-4,SY457BB-0-4,k141_196093,k141_196093_91,k141_196093,9,-,103665,103769,,,Hypothetical/unknown,,False,/home/ps/ps1/data/bihongyu/cold_seep/illu/all_fa/CDS/cat_result/cat_others
SY457BB-0-4_bin6-k141_196093_82,SY457BB-0-4_bin6,aioA-like-associated,IS,SY457BB-0-4,SY457BB-0-4,k141_196093,k141_196093_92,k141_196093,10,+,104013,104135,,,Hypothetical/unknown,,False,/home/ps/ps1/data/bihongyu/cold_seep/illu/all_fa/CDS/cat_result/cat_others
SY457BB-4-8_bin29-k141_12975_7,SY457BB-4-8_bin29,aioA-like-associated,IS,SY457BB-4-8,SY457BB-4-8,k141_12975,k141_12975_1,k141_12975,-6,+,1,1032,,,Hypothetical/unknown,,False,/home/ps/ps1/data/bihongyu/cold_seep/illu/all_fa/CDS/cat_result/cat_others
SY457BB-4-8_bin29-k141_12975_7,SY457BB-4-8_bin29,aioA-like-associated,IS,SY457BB-4-8,SY457BB-4-8,k141_12975,k141_12975_2,k141_12975,-5,+,1029,2177,,,Hypothetical/unknown,,False,/home/ps/ps1/data/bihongyu/cold_seep/illu/all_fa/CDS/cat_result/cat_others
SY457BB-4-8_bin29-k141_12975_7,SY457BB-4-8_bin29,aioA-like-associated,IS,SY457BB-4-8,SY457BB-4-8,k141_12975,k141_12975_3,k141_12975,-4,+,2188,4434,,,Hypothetical/unknown,,False,/home/ps/ps1/data/bihongyu/cold_seep/illu/all_fa/CDS/cat_result/cat_others
SY457BB-4-8_bin29-k141_12975_7,SY457BB-4-8_bin29,aioA-like-associated,IS,SY457BB-4-8,SY457BB-4-8,k141_12975,k141_12975_4,k141_12975,-3,+,4593,5711,K00428,cytochrome c peroxidase,Cytochrome/peroxidase,cyt,False,/home/ps/ps1/data/bihongyu/cold_seep/illu/all_fa/CDS/cat_result/cat_others
SY457BB-4-8_bin29-k141_12975_7,SY457BB-4-8_bin29,aioA-like-associated,IS,SY457BB-4-8,SY457BB-4-8,k141_12975,k141_12975_5,k141_12975,-2,+,5726,6868,K00428,cytochrome c peroxidase,Cytochrome/peroxidase,cyt,False,/home/ps/ps1/data/bihongyu/cold_seep/illu/all_fa/CDS/cat_result/cat_others
SY457BB-4-8_bin29-k141_12975_7,SY457BB-4-8_bin29,aioA-like-associated,IS,SY457BB-4-8,SY457BB-4-8,k141_12975,k141_12975_6,k141_12975,-1,+,6890,7465,K08355,arsenite oxidase small subunit,Rieske/AioB,AioB,False,/home/ps/ps1/data/bihongyu/cold_seep/illu/all_fa/CDS/cat_result/cat_others
SY457BB-4-8_bin29-k141_12975_7,SY457BB-4-8_bin29,aioA-like-associated,IS,SY457BB-4-8,SY457BB-4-8,k141_12975,k141_12975_7,k141_12975,0,+,7478,10156,K08356,arsenite oxidase large subunit,Target aioA-like K08356,AioA-like,True,/home/ps/ps1/data/bihongyu/cold_seep/illu/all_fa/CDS/cat_result/cat_others
SY457BB-4-8_bin29-k141_12975_7,SY457BB-4-8_bin29,aioA-like-associated,IS,SY457BB-4-8,SY457BB-4-8,k141_12975,k141_12975_8,k141_12975,1,+,10315,10461,,,Hypothetical/unknown,,False,/home/ps/ps1/data/bihongyu/cold_seep/illu/all_fa/CDS/cat_result/cat_others
SY457BB-4-8_bin33-k141_110702_26,SY457BB-4-8_bin33,aioA-like-associated,IS,SY457BB-4-8,SY457BB-4-8,k141_110702,k141_110702_16,k141_110702,-10,-,15901,16023,,,Hypothetical/unknown,,False,/home/ps/ps1/data/bihongyu/cold_seep/illu/all_fa/CDS/cat_result/cat_others
SY457BB-4-8_bin33-k141_110702_26,SY457BB-4-8_bin33,aioA-like-associated,IS,SY457BB-4-8,SY457BB-4-8,k141_110702,k141_110702_17,k141_110702,-9,-,16043,16153,,,Hypothetical/unknown,,False,/home/ps/ps1/data/bihongyu/cold_seep/illu/all_fa/CDS/cat_result/cat_others
SY457BB-4-8_bin33-k141_110702_26,SY457BB-4-8_bin33,aioA-like-associated,IS,SY457BB-4-8,SY457BB-4-8,k141_110702,k141_110702_18,k141_110702,-8,-,16377,16745,,,Hypothetical/unknown,,False,/home/ps/ps1/data/bihongyu/cold_seep/illu/all_fa/CDS/cat_result/cat_others
SY457BB-4-8_bin33-k141_110702_26,SY457BB-4-8_bin33,aioA-like-associated,IS,SY457BB-4-8,SY457BB-4-8,k141_110702,k141_110702_19,k141_110702,-7,-,16766,17437,,,Hypothetical/unknown,,False,/home/ps/ps1/data/bihongyu/cold_seep/illu/all_fa/CDS/cat_result/cat_others
SY457BB-4-8_bin33-k141_110702_26,SY457BB-4-8_bin33,aioA-like-associated,IS,SY457BB-4-8,SY457BB-4-8,k141_110702,k141_110702_20,k141_110702,-6,-,17478,19136,,,Hypothetical/unknown,,False,/home/ps/ps1/data/bihongyu/cold_seep/illu/all_fa/CDS/cat_result/cat_others
SY457BB-4-8_bin33-k141_110702_26,SY457BB-4-8_bin33,aioA-like-associated,IS,SY457BB-4-8,SY457BB-4-8,k141_110702,k141_110702_21,k141_110702,-5,-,19136,20104,,,Hypothetical/unknown,,False,/home/ps/ps1/data/bihongyu/cold_seep/illu/all_fa/CDS/cat_result/cat_others
SY457BB-4-8_bin33-k141_110702_26,SY457BB-4-8_bin33,aioA-like-associated,IS,SY457BB-4-8,SY457BB-4-8,k141_110702,k141_110702_22,k141_110702,-4,-,20160,21149,,,Hypothetical/unknown,,False,/home/ps/ps1/data/bihongyu/cold_seep/illu/all_fa/CDS/cat_result/cat_others
SY457BB-4-8_bin33-k141_110702_26,SY457BB-4-8_bin33,aioA-like-associated,IS,SY457BB-4-8,SY457BB-4-8,k141_110702,k141_110702_23,k141_110702,-3,-,21154,23304,K00425,cytochrome bd ubiquinol oxidase subunit I,Cytochrome/peroxidase,cyt,False,/home/ps/ps1/data/bihongyu/cold_seep/illu/all_fa/CDS/cat_result/cat_others
SY457BB-4-8_bin33-k141_110702_26,SY457BB-4-8_bin33,aioA-like-associated,IS,SY457BB-4-8,SY457BB-4-8,k141_110702,k141_110702_24,k141_110702,-2,-,23348,24148,,,Hypothetical/unknown,,False,/home/ps/ps1/data/bihongyu/cold_seep/illu/all_fa/CDS/cat_result/cat_others
SY457BB-4-8_bin33-k141_110702_26,SY457BB-4-8_bin33,aioA-like-associated,IS,SY457BB-4-8,SY457BB-4-8,k141_110702,k141_110702_25,k141_110702,-1,-,24188,26413,,,Hypothetical/unknown,,False,/home/ps/ps1/data/bihongyu/cold_seep/illu/all_fa/CDS/cat_result/cat_others
SY457BB-4-8_bin33-k141_110702_26,SY457BB-4-8_bin33,aioA-like-associated,IS,SY457BB-4-8,SY457BB-4-8,k141_110702,k141_110702_26,k141_110702,0,-,26419,29094,K08356,arsenite oxidase large subunit,Target aioA-like K08356,AioA-like,True,/home/ps/ps1/data/bihongyu/cold_seep/illu/all_fa/CDS/cat_result/cat_others
SY457BB-4-8_bin33-k141_110702_26,SY457BB-4-8_bin33,aioA-like-associated,IS,SY457BB-4-8,SY457BB-4-8,k141_110702,k141_110702_27,k141_110702,1,-,29106,29693,K08355,arsenite oxidase small subunit,Rieske/AioB,AioB,False,/home/ps/ps1/data/bihongyu/cold_seep/illu/all_fa/CDS/cat_result/cat_others
SY457BB-4-8_bin33-k141_110702_26,SY457BB-4-8_bin33,aioA-like-associated,IS,SY457BB-4-8,SY457BB-4-8,k141_110702,k141_110702_28,k141_110702,2,-,29707,30864,K00428,cytochrome c peroxidase,Cytochrome/peroxidase,cyt,False,/home/ps/ps1/data/bihongyu/cold_seep/illu/all_fa/CDS/cat_result/cat_others
SY457BB-4-8_bin33-k141_110702_26,SY457BB-4-8_bin33,aioA-like-associated,IS,SY457BB-4-8,SY457BB-4-8,k141_110702,k141_110702_29,k141_110702,3,-,30875,31981,K00428,cytochrome c peroxidase,Cytochrome/peroxidase,cyt,False,/home/ps/ps1/data/bihongyu/cold_seep/illu/all_fa/CDS/cat_result/cat_others
SY457BB-4-8_bin33-k141_110702_26,SY457BB-4-8_bin33,aioA-like-associated,IS,SY457BB-4-8,SY457BB-4-8,k141_110702,k141_110702_30,k141_110702,4,-,32049,32279,,,Hypothetical/unknown,,False,/home/ps/ps1/data/bihongyu/cold_seep/illu/all_fa/CDS/cat_result/cat_others
SY457BB-4-8_bin33-k141_110702_26,SY457BB-4-8_bin33,aioA-like-associated,IS,SY457BB-4-8,SY457BB-4-8,k141_110702,k141_110702_31,k141_110702,5,-,32475,33656,K22894,"SARP family transcriptional regulator, regulator of embCAB operon",Annotated other,,False,/home/ps/ps1/data/bihongyu/cold_seep/illu/all_fa/CDS/cat_result/cat_others
SY457BB-4-8_bin33-k141_110702_26,SY457BB-4-8_bin33,aioA-like-associated,IS,SY457BB-4-8,SY457BB-4-8,k141_110702,k141_110702_32,k141_110702,6,+,34088,35758,,,Hypothetical/unknown,,False,/home/ps/ps1/data/bihongyu/cold_seep/illu/all_fa/CDS/cat_result/cat_others
SY457BB-4-8_bin33-k141_110702_26,SY457BB-4-8_bin33,aioA-like-associated,IS,SY457BB-4-8,SY457BB-4-8,k141_110702,k141_110702_33,k141_110702,7,+,35785,37083,K22227,AdoMet-dependent heme synthase,Annotated other,,False,/home/ps/ps1/data/bihongyu/cold_seep/illu/all_fa/CDS/cat_result/cat_others
SY457BB-4-8_bin33-k141_110702_26,SY457BB-4-8_bin33,aioA-like-associated,IS,SY457BB-4-8,SY457BB-4-8,k141_110702,k141_110702_34,k141_110702,8,+,37080,38468,K00231,protoporphyrinogen/coproporphyrinogen III oxidase,Annotated other,,False,/home/ps/ps1/data/bihongyu/cold_seep/illu/all_fa/CDS/cat_result/cat_others
SY457BB-4-8_bin33-k141_110702_26,SY457BB-4-8_bin33,aioA-like-associated,IS,SY457BB-4-8,SY457BB-4-8,k141_110702,k141_110702_35,k141_110702,9,-,38486,39202,K02427,23S rRNA (uridine2552-2'-O)-methyltransferase,Annotated other,,False,/home/ps/ps1/data/bihongyu/cold_seep/illu/all_fa/CDS/cat_result/cat_others
SY457BB-4-8_bin33-k141_110702_26,SY457BB-4-8_bin33,aioA-like-associated,IS,SY457BB-4-8,SY457BB-4-8,k141_110702,k141_110702_36,k141_110702,10,-,39305,40417,K01524,"exopolyphosphatase / guanosine-5'-triphosphate,3'-diphosphate pyrophosphatase",Annotated other,,False,/home/ps/ps1/data/bihongyu/cold_seep/illu/all_fa/CDS/cat_result/cat_others
SY457BB-8-12_bin10-k141_377897_3,SY457BB-8-12_bin10,aioA-like-associated,IS,SY457BB-8-12,SY457BB-8-12,k141_377897,k141_377897_1,k141_377897,-2,+,1,219,,,Hypothetical/unknown,,False,/home/ps/ps1/data/bihongyu/cold_seep/illu/all_fa/CDS/cat_result/cat_others
SY457BB-8-12_bin10-k141_377897_3,SY457BB-8-12_bin10,aioA-like-associated,IS,SY457BB-8-12,SY457BB-8-12,k141_377897,k141_377897_2,k141_377897,-1,+,237,815,K08355,arsenite oxidase small subunit,Rieske/AioB,AioB,False,/home/ps/ps1/data/bihongyu/cold_seep/illu/all_fa/CDS/cat_result/cat_others
SY457BB-8-12_bin10-k141_377897_3,SY457BB-8-12_bin10,aioA-like-associated,IS,SY457BB-8-12,SY457BB-8-12,k141_377897,k141_377897_3,k141_377897,0,+,828,3506,K08356,arsenite oxidase large subunit,Target aioA-like K08356,AioA-like,True,/home/ps/ps1/data/bihongyu/cold_seep/illu/all_fa/CDS/cat_result/cat_others
SY457BB-8-12_bin10-k141_377897_3,SY457BB-8-12_bin10,aioA-like-associated,IS,SY457BB-8-12,SY457BB-8-12,k141_377897,k141_377897_4,k141_377897,1,+,3660,5834,,,Hypothetical/unknown,,False,/home/ps/ps1/data/bihongyu/cold_seep/illu/all_fa/CDS/cat_result/cat_others
SY457BB-8-12_bin10-k141_377897_3,SY457BB-8-12_bin10,aioA-like-associated,IS,SY457BB-8-12,SY457BB-8-12,k141_377897,k141_377897_5,k141_377897,2,+,5871,6611,,,Hypothetical/unknown,,False,/home/ps/ps1/data/bihongyu/cold_seep/illu/all_fa/CDS/cat_result/cat_others
SY457BB-8-12_bin10-k141_377897_3,SY457BB-8-12_bin10,aioA-like-associated,IS,SY457BB-8-12,SY457BB-8-12,k141_377897,k141_377897_6,k141_377897,3,+,6731,7570,,,Hypothetical/unknown,,False,/home/ps/ps1/data/bihongyu/cold_seep/illu/all_fa/CDS/cat_result/cat_others
SY457BB-8-12_bin10-k141_377897_3,SY457BB-8-12_bin10,aioA-like-associated,IS,SY457BB-8-12,SY457BB-8-12,k141_377897,k141_377897_7,k141_377897,4,+,7580,9244,,,Hypothetical/unknown,,False,/home/ps/ps1/data/bihongyu/cold_seep/illu/all_fa/CDS/cat_result/cat_others
SY457BB-8-12_bin10-k141_377897_3,SY457BB-8-12_bin10,aioA-like-associated,IS,SY457BB-8-12,SY457BB-8-12,k141_377897,k141_377897_8,k141_377897,5,+,9244,10512,K22227,AdoMet-dependent heme synthase,Annotated other,,False,/home/ps/ps1/data/bihongyu/cold_seep/illu/all_fa/CDS/cat_result/cat_others
SY457BB-8-12_bin10-k141_377897_3,SY457BB-8-12_bin10,aioA-like-associated,IS,SY457BB-8-12,SY457BB-8-12,k141_377897,k141_377897_9,k141_377897,6,+,10509,11873,K00231,protoporphyrinogen/coproporphyrinogen III oxidase,Annotated other,,False,/home/ps/ps1/data/bihongyu/cold_seep/illu/all_fa/CDS/cat_result/cat_others
SY457BB-8-12_bin10-k141_377897_3,SY457BB-8-12_bin10,aioA-like-associated,IS,SY457BB-8-12,SY457BB-8-12,k141_377897,k141_377897_10,k141_377897,7,-,11958,12485,K00177,2-oxoglutarate ferredoxin oxidoreductase subunit gamma,Redox/oxidoreductase,Redox,False,/home/ps/ps1/data/bihongyu/cold_seep/illu/all_fa/CDS/cat_result/cat_others
SY457BB-8-12_bin10-k141_377897_3,SY457BB-8-12_bin10,aioA-like-associated,IS,SY457BB-8-12,SY457BB-8-12,k141_377897,k141_377897_11,k141_377897,8,-,12487,13332,K00175,2-oxoglutarate/2-oxoacid ferredoxin oxidoreductase subunit beta,Redox/oxidoreductase,Redox,False,/home/ps/ps1/data/bihongyu/cold_seep/illu/all_fa/CDS/cat_result/cat_others
SY457BB-8-12_bin10-k141_377897_3,SY457BB-8-12_bin10,aioA-like-associated,IS,SY457BB-8-12,SY457BB-8-12,k141_377897,k141_377897_12,k141_377897,9,-,13332,14465,K00174,2-oxoglutarate/2-oxoacid ferredoxin oxidoreductase subunit alpha,Redox/oxidoreductase,Redox,False,/home/ps/ps1/data/bihongyu/cold_seep/illu/all_fa/CDS/cat_result/cat_others
SY457BB-8-12_bin10-k141_377897_3,SY457BB-8-12_bin10,aioA-like-associated,IS,SY457BB-8-12,SY457BB-8-12,k141_377897,k141_377897_13,k141_377897,10,-,14462,15358,K00176,2-oxoglutarate ferredoxin oxidoreductase subunit delta,Redox/oxidoreductase,Redox,False,/home/ps/ps1/data/bihongyu/cold_seep/illu/all_fa/CDS/cat_result/cat_others
SY457BB-8-12_bin15-k141_1498167_38,SY457BB-8-12_bin15,aioA-like-associated,IS,SY457BB-8-12,SY457BB-8-12,k141_1498167,k141_1498167_28,k141_1498167,-10,+,21593,22933,,,Hypothetical/unknown,,False,/home/ps/ps1/data/bihongyu/cold_seep/illu/all_fa/CDS/cat_result/cat_others
SY457BB-8-12_bin15-k141_1498167_38,SY457BB-8-12_bin15,aioA-like-associated,IS,SY457BB-8-12,SY457BB-8-12,k141_1498167,k141_1498167_29,k141_1498167,-9,-,22968,23732,K02483,"two-component system, OmpR family, response regulator",Annotated other,,False,/home/ps/ps1/data/bihongyu/cold_seep/illu/all_fa/CDS/cat_result/cat_others
SY457BB-8-12_bin15-k141_1498167_38,SY457BB-8-12_bin15,aioA-like-associated,IS,SY457BB-8-12,SY457BB-8-12,k141_1498167,k141_1498167_30,k141_1498167,-8,+,23769,26075,K13587,"two-component system, cell cycle sensor histidine kinase and response regulator CckA",Annotated other,,False,/home/ps/ps1/data/bihongyu/cold_seep/illu/all_fa/CDS/cat_result/cat_others
SY457BB-8-12_bin15-k141_1498167_38,SY457BB-8-12_bin15,aioA-like-associated,IS,SY457BB-8-12,SY457BB-8-12,k141_1498167,k141_1498167_31,k141_1498167,-7,-,26093,27466,K00231,protoporphyrinogen/coproporphyrinogen III oxidase,Annotated other,,False,/home/ps/ps1/data/bihongyu/cold_seep/illu/all_fa/CDS/cat_result/cat_others
SY457BB-8-12_bin15-k141_1498167_38,SY457BB-8-12_bin15,aioA-like-associated,IS,SY457BB-8-12,SY457BB-8-12,k141_1498167,k141_1498167_32,k141_1498167,-6,-,27456,28733,K22227,AdoMet-dependent heme synthase,Annotated other,,False,/home/ps/ps1/data/bihongyu/cold_seep/illu/all_fa/CDS/cat_result/cat_others
SY457BB-8-12_bin15-k141_1498167_38,SY457BB-8-12_bin15,aioA-like-associated,IS,SY457BB-8-12,SY457BB-8-12,k141_1498167,k141_1498167_33,k141_1498167,-5,-,28726,30396,,,Hypothetical/unknown,,False,/home/ps/ps1/data/bihongyu/cold_seep/illu/all_fa/CDS/cat_result/cat_others
SY457BB-8-12_bin15-k141_1498167_38,SY457BB-8-12_bin15,aioA-like-associated,IS,SY457BB-8-12,SY457BB-8-12,k141_1498167,k141_1498167_34,k141_1498167,-4,-,30403,31230,,,Hypothetical/unknown,,False,/home/ps/ps1/data/bihongyu/cold_seep/illu/all_fa/CDS/cat_result/cat_others
SY457BB-8-12_bin15-k141_1498167_38,SY457BB-8-12_bin15,aioA-like-associated,IS,SY457BB-8-12,SY457BB-8-12,k141_1498167,k141_1498167_35,k141_1498167,-3,-,31254,31361,,,Hypothetical/unknown,,False,/home/ps/ps1/data/bihongyu/cold_seep/illu/all_fa/CDS/cat_result/cat_others
SY457BB-8-12_bin15-k141_1498167_38,SY457BB-8-12_bin15,aioA-like-associated,IS,SY457BB-8-12,SY457BB-8-12,k141_1498167,k141_1498167_36,k141_1498167,-2,-,31387,32127,,,Hypothetical/unknown,,False,/home/ps/ps1/data/bihongyu/cold_seep/illu/all_fa/CDS/cat_result/cat_others
SY457BB-8-12_bin15-k141_1498167_38,SY457BB-8-12_bin15,aioA-like-associated,IS,SY457BB-8-12,SY457BB-8-12,k141_1498167,k141_1498167_37,k141_1498167,-1,-,32153,34369,,,Hypothetical/unknown,,False,/home/ps/ps1/data/bihongyu/cold_seep/illu/all_fa/CDS/cat_result/cat_others
SY457BB-8-12_bin15-k141_1498167_38,SY457BB-8-12_bin15,aioA-like-associated,IS,SY457BB-8-12,SY457BB-8-12,k141_1498167,k141_1498167_38,k141_1498167,0,-,34524,37202,K08356,arsenite oxidase large subunit,Target aioA-like K08356,AioA-like,True,/home/ps/ps1/data/bihongyu/cold_seep/illu/all_fa/CDS/cat_result/cat_others
SY457BB-8-12_bin15-k141_1498167_38,SY457BB-8-12_bin15,aioA-like-associated,IS,SY457BB-8-12,SY457BB-8-12,k141_1498167,k141_1498167_39,k141_1498167,1,-,37215,37796,K08355,arsenite oxidase small subunit,Rieske/AioB,AioB,False,/home/ps/ps1/data/bihongyu/cold_seep/illu/all_fa/CDS/cat_result/cat_others
SY457BB-8-12_bin15-k141_1498167_38,SY457BB-8-12_bin15,aioA-like-associated,IS,SY457BB-8-12,SY457BB-8-12,k141_1498167,k141_1498167_40,k141_1498167,2,-,37817,38959,K00428,cytochrome c peroxidase,Cytochrome/peroxidase,cyt,False,/home/ps/ps1/data/bihongyu/cold_seep/illu/all_fa/CDS/cat_result/cat_others
SY457BB-8-12_bin15-k141_1498167_38,SY457BB-8-12_bin15,aioA-like-associated,IS,SY457BB-8-12,SY457BB-8-12,k141_1498167,k141_1498167_41,k141_1498167,3,-,38975,40168,K00428,cytochrome c peroxidase,Cytochrome/peroxidase,cyt,False,/home/ps/ps1/data/bihongyu/cold_seep/illu/all_fa/CDS/cat_result/cat_others
SY457BB-8-12_bin15-k141_1498167_38,SY457BB-8-12_bin15,aioA-like-associated,IS,SY457BB-8-12,SY457BB-8-12,k141_1498167,k141_1498167_42,k141_1498167,4,-,40234,40431,,,Hypothetical/unknown,,False,/home/ps/ps1/data/bihongyu/cold_seep/illu/all_fa/CDS/cat_result/cat_others
SY457BB-8-12_bin16-k141_1142550_1,SY457BB-8-12_bin16,aioA-like-associated,IS,SY457BB-8-12,SY457BB-8-12,k141_1142550,k141_1142550_1,k141_1142550,0,+,3,2687,K08356,arsenite oxidase large subunit,Target aioA-like K08356,AioA-like,True,/home/ps/ps1/data/bihongyu/cold_seep/illu/all_fa/CDS/cat_result/cat_others
SY457BB-8-12_bin16-k141_1142550_1,SY457BB-8-12_bin16,aioA-like-associated,IS,SY457BB-8-12,SY457BB-8-12,k141_1142550,k141_1142550_2,k141_1142550,1,+,2852,5041,,,Hypothetical/unknown,,False,/home/ps/ps1/data/bihongyu/cold_seep/illu/all_fa/CDS/cat_result/cat_others
SY457BB-8-12_bin16-k141_1142550_1,SY457BB-8-12_bin16,aioA-like-associated,IS,SY457BB-8-12,SY457BB-8-12,k141_1142550,k141_1142550_3,k141_1142550,2,+,5066,5806,,,Hypothetical/unknown,,False,/home/ps/ps1/data/bihongyu/cold_seep/illu/all_fa/CDS/cat_result/cat_others
SY457BB-8-12_bin16-k141_1142550_1,SY457BB-8-12_bin16,aioA-like-associated,IS,SY457BB-8-12,SY457BB-8-12,k141_1142550,k141_1142550_4,k141_1142550,3,+,5830,5937,,,Hypothetical/unknown,,False,/home/ps/ps1/data/bihongyu/cold_seep/illu/all_fa/CDS/cat_result/cat_others
SY457BB-8-12_bin16-k141_1142550_1,SY457BB-8-12_bin16,aioA-like-associated,IS,SY457BB-8-12,SY457BB-8-12,k141_1142550,k141_1142550_5,k141_1142550,4,+,5934,6779,,,Hypothetical/unknown,,False,/home/ps/ps1/data/bihongyu/cold_seep/illu/all_fa/CDS/cat_result/cat_others
SY457BB-8-12_bin16-k141_1142550_1,SY457BB-8-12_bin16,aioA-like-associated,IS,SY457BB-8-12,SY457BB-8-12,k141_1142550,k141_1142550_6,k141_1142550,5,+,6786,8435,,,Hypothetical/unknown,,False,/home/ps/ps1/data/bihongyu/cold_seep/illu/all_fa/CDS/cat_result/cat_others
SY457BB-8-12_bin16-k141_1142550_1,SY457BB-8-12_bin16,aioA-like-associated,IS,SY457BB-8-12,SY457BB-8-12,k141_1142550,k141_1142550_7,k141_1142550,6,+,8435,9712,K22227,AdoMet-dependent heme synthase,Annotated other,,False,/home/ps/ps1/data/bihongyu/cold_seep/illu/all_fa/CDS/cat_result/cat_others
SY457BB-8-12_bin16-k141_1142550_1,SY457BB-8-12_bin16,aioA-like-associated,IS,SY457BB-8-12,SY457BB-8-12,k141_1142550,k141_1142550_8,k141_1142550,7,+,9702,11075,K00231,protoporphyrinogen/coproporphyrinogen III oxidase,Annotated other,,False,/home/ps/ps1/data/bihongyu/cold_seep/illu/all_fa/CDS/cat_result/cat_others
SY457BB-8-12_bin16-k141_1142550_1,SY457BB-8-12_bin16,aioA-like-associated,IS,SY457BB-8-12,SY457BB-8-12,k141_1142550,k141_1142550_9,k141_1142550,8,-,11079,13316,K13587,"two-component system, cell cycle sensor histidine kinase and response regulator CckA",Annotated other,,False,/home/ps/ps1/data/bihongyu/cold_seep/illu/all_fa/CDS/cat_result/cat_others
SY457BB-8-12_bin16-k141_1142550_1,SY457BB-8-12_bin16,aioA-like-associated,IS,SY457BB-8-12,SY457BB-8-12,k141_1142550,k141_1142550_10,k141_1142550,9,+,13461,14183,K02483,"two-component system, OmpR family, response regulator",Annotated other,,False,/home/ps/ps1/data/bihongyu/cold_seep/illu/all_fa/CDS/cat_result/cat_others
SY457BB-8-12_bin16-k141_1142550_1,SY457BB-8-12_bin16,aioA-like-associated,IS,SY457BB-8-12,SY457BB-8-12,k141_1142550,k141_1142550_11,k141_1142550,10,-,14257,15216,K01644,citrate lyase subunit beta / citryl-CoA lyase,Annotated other,,False,/home/ps/ps1/data/bihongyu/cold_seep/illu/all_fa/CDS/cat_result/cat_others
SY457BB-8-12_bin25-k141_129537_12,SY457BB-8-12_bin25,aioA-like-associated,IS,SY457BB-8-12,SY457BB-8-12,k141_129537,k141_129537_2,k141_129537,-10,-,191,1156,K01772,protoporphyrin/coproporphyrin ferrochelatase,Annotated other,,False,/home/ps/ps1/data/bihongyu/cold_seep/illu/all_fa/CDS/cat_result/cat_others
SY457BB-8-12_bin25-k141_129537_12,SY457BB-8-12_bin25,aioA-like-associated,IS,SY457BB-8-12,SY457BB-8-12,k141_129537,k141_129537_3,k141_129537,-9,+,1285,1587,,,Hypothetical/unknown,,False,/home/ps/ps1/data/bihongyu/cold_seep/illu/all_fa/CDS/cat_result/cat_others
SY457BB-8-12_bin25-k141_129537_12,SY457BB-8-12_bin25,aioA-like-associated,IS,SY457BB-8-12,SY457BB-8-12,k141_129537,k141_129537_4,k141_129537,-8,+,1693,1815,,,Hypothetical/unknown,,False,/home/ps/ps1/data/bihongyu/cold_seep/illu/all_fa/CDS/cat_result/cat_others
SY457BB-8-12_bin25-k141_129537_12,SY457BB-8-12_bin25,aioA-like-associated,IS,SY457BB-8-12,SY457BB-8-12,k141_129537,k141_129537_5,k141_129537,-7,+,1836,1964,,,Hypothetical/unknown,,False,/home/ps/ps1/data/bihongyu/cold_seep/illu/all_fa/CDS/cat_result/cat_others
SY457BB-8-12_bin25-k141_129537_12,SY457BB-8-12_bin25,aioA-like-associated,IS,SY457BB-8-12,SY457BB-8-12,k141_129537,k141_129537_6,k141_129537,-6,+,1976,3727,K00425,cytochrome bd ubiquinol oxidase subunit I,Cytochrome/peroxidase,cyt,False,/home/ps/ps1/data/bihongyu/cold_seep/illu/all_fa/CDS/cat_result/cat_others
SY457BB-8-12_bin25-k141_129537_12,SY457BB-8-12_bin25,aioA-like-associated,IS,SY457BB-8-12,SY457BB-8-12,k141_129537,k141_129537_7,k141_129537,-5,+,3724,4866,,,Hypothetical/unknown,,False,/home/ps/ps1/data/bihongyu/cold_seep/illu/all_fa/CDS/cat_result/cat_others
SY457BB-8-12_bin25-k141_129537_12,SY457BB-8-12_bin25,aioA-like-associated,IS,SY457BB-8-12,SY457BB-8-12,k141_129537,k141_129537_8,k141_129537,-4,+,4879,7161,,,Hypothetical/unknown,,False,/home/ps/ps1/data/bihongyu/cold_seep/illu/all_fa/CDS/cat_result/cat_others
SY457BB-8-12_bin25-k141_129537_12,SY457BB-8-12_bin25,aioA-like-associated,IS,SY457BB-8-12,SY457BB-8-12,k141_129537,k141_129537_9,k141_129537,-3,+,7415,8536,K00428,cytochrome c peroxidase,Cytochrome/peroxidase,cyt,False,/home/ps/ps1/data/bihongyu/cold_seep/illu/all_fa/CDS/cat_result/cat_others
SY457BB-8-12_bin25-k141_129537_12,SY457BB-8-12_bin25,aioA-like-associated,IS,SY457BB-8-12,SY457BB-8-12,k141_129537,k141_129537_10,k141_129537,-2,+,8552,9685,K00428,cytochrome c peroxidase,Cytochrome/peroxidase,cyt,False,/home/ps/ps1/data/bihongyu/cold_seep/illu/all_fa/CDS/cat_result/cat_others
SY457BB-8-12_bin25-k141_129537_12,SY457BB-8-12_bin25,aioA-like-associated,IS,SY457BB-8-12,SY457BB-8-12,k141_129537,k141_129537_11,k141_129537,-1,+,9710,10276,K08355,arsenite oxidase small subunit,Rieske/AioB,AioB,False,/home/ps/ps1/data/bihongyu/cold_seep/illu/all_fa/CDS/cat_result/cat_others
SY457BB-8-12_bin25-k141_129537_12,SY457BB-8-12_bin25,aioA-like-associated,IS,SY457BB-8-12,SY457BB-8-12,k141_129537,k141_129537_12,k141_129537,0,+,10289,12967,K08356,arsenite oxidase large subunit,Target aioA-like K08356,AioA-like,True,/home/ps/ps1/data/bihongyu/cold_seep/illu/all_fa/CDS/cat_result/cat_others
SY457BB-8-12_bin25-k141_129537_12,SY457BB-8-12_bin25,aioA-like-associated,IS,SY457BB-8-12,SY457BB-8-12,k141_129537,k141_129537_13,k141_129537,1,+,13134,15314,,,Hypothetical/unknown,,False,/home/ps/ps1/data/bihongyu/cold_seep/illu/all_fa/CDS/cat_result/cat_others
SY457BB-8-12_bin25-k141_129537_12,SY457BB-8-12_bin25,aioA-like-associated,IS,SY457BB-8-12,SY457BB-8-12,k141_129537,k141_129537_14,k141_129537,2,+,15337,16077,,,Hypothetical/unknown,,False,/home/ps/ps1/data/bihongyu/cold_seep/illu/all_fa/CDS/cat_result/cat_others
SY457BB-8-12_bin25-k141_129537_12,SY457BB-8-12_bin25,aioA-like-associated,IS,SY457BB-8-12,SY457BB-8-12,k141_129537,k141_129537_15,k141_129537,3,+,16096,16203,,,Hypothetical/unknown,,False,/home/ps/ps1/data/bihongyu/cold_seep/illu/all_fa/CDS/cat_result/cat_others
SY457BB-8-12_bin25-k141_129537_12,SY457BB-8-12_bin25,aioA-like-associated,IS,SY457BB-8-12,SY457BB-8-12,k141_129537,k141_129537_16,k141_129537,4,+,16200,17030,,,Hypothetical/unknown,,False,/home/ps/ps1/data/bihongyu/cold_seep/illu/all_fa/CDS/cat_result/cat_others
SY457BB-8-12_bin25-k141_129537_12,SY457BB-8-12_bin25,aioA-like-associated,IS,SY457BB-8-12,SY457BB-8-12,k141_129537,k141_129537_17,k141_129537,5,+,17040,18680,,,Hypothetical/unknown,,False,/home/ps/ps1/data/bihongyu/cold_seep/illu/all_fa/CDS/cat_result/cat_others
SY457BB-8-12_bin25-k141_129537_12,SY457BB-8-12_bin25,aioA-like-associated,IS,SY457BB-8-12,SY457BB-8-12,k141_129537,k141_129537_18,k141_129537,6,+,18673,19938,K22227,AdoMet-dependent heme synthase,Annotated other,,False,/home/ps/ps1/data/bihongyu/cold_seep/illu/all_fa/CDS/cat_result/cat_others
SY457BB-8-12_bin25-k141_129537_12,SY457BB-8-12_bin25,aioA-like-associated,IS,SY457BB-8-12,SY457BB-8-12,k141_129537,k141_129537_19,k141_129537,7,+,19938,21338,K00231,protoporphyrinogen/coproporphyrinogen III oxidase,Annotated other,,False,/home/ps/ps1/data/bihongyu/cold_seep/illu/all_fa/CDS/cat_result/cat_others
SY457BB-8-12_bin25-k141_129537_12,SY457BB-8-12_bin25,aioA-like-associated,IS,SY457BB-8-12,SY457BB-8-12,k141_129537,k141_129537_20,k141_129537,8,-,22876,23250,,,Hypothetical/unknown,,False,/home/ps/ps1/data/bihongyu/cold_seep/illu/all_fa/CDS/cat_result/cat_others
SY457BB-8-12_bin25-k141_129537_12,SY457BB-8-12_bin25,aioA-like-associated,IS,SY457BB-8-12,SY457BB-8-12,k141_129537,k141_129537_21,k141_129537,9,-,23541,24026,,,Hypothetical/unknown,,False,/home/ps/ps1/data/bihongyu/cold_seep/illu/all_fa/CDS/cat_result/cat_others
SY457BB-8-12_bin25-k141_129537_12,SY457BB-8-12_bin25,aioA-like-associated,IS,SY457BB-8-12,SY457BB-8-12,k141_129537,k141_129537_22,k141_129537,10,-,24068,25837,K01551,arsenite/tail-anchored protein-transporting ATPase,Arsenic resistance,ars,False,/home/ps/ps1/data/bihongyu/cold_seep/illu/all_fa/CDS/cat_result/cat_others
SY457BB-8-12_bin4-k141_1432391_5,SY457BB-8-12_bin4,aioA-like-associated,IS,SY457BB-8-12,SY457BB-8-12,k141_1432391,k141_1432391_1,k141_1432391,-4,+,1,489,,,Hypothetical/unknown,,False,/home/ps/ps1/data/bihongyu/cold_seep/illu/all_fa/CDS/cat_result/cat_others
SY457BB-8-12_bin4-k141_1432391_5,SY457BB-8-12_bin4,aioA-like-associated,IS,SY457BB-8-12,SY457BB-8-12,k141_1432391,k141_1432391_2,k141_1432391,-3,+,656,1777,K00428,cytochrome c peroxidase,Cytochrome/peroxidase,cyt,False,/home/ps/ps1/data/bihongyu/cold_seep/illu/all_fa/CDS/cat_result/cat_others
SY457BB-8-12_bin4-k141_1432391_5,SY457BB-8-12_bin4,aioA-like-associated,IS,SY457BB-8-12,SY457BB-8-12,k141_1432391,k141_1432391_3,k141_1432391,-2,+,1789,2931,K00428,cytochrome c peroxidase,Cytochrome/peroxidase,cyt,False,/home/ps/ps1/data/bihongyu/cold_seep/illu/all_fa/CDS/cat_result/cat_others
SY457BB-8-12_bin4-k141_1432391_5,SY457BB-8-12_bin4,aioA-like-associated,IS,SY457BB-8-12,SY457BB-8-12,k141_1432391,k141_1432391_4,k141_1432391,-1,+,2954,3535,K08355,arsenite oxidase small subunit,Rieske/AioB,AioB,False,/home/ps/ps1/data/bihongyu/cold_seep/illu/all_fa/CDS/cat_result/cat_others
SY457BB-8-12_bin4-k141_1432391_5,SY457BB-8-12_bin4,aioA-like-associated,IS,SY457BB-8-12,SY457BB-8-12,k141_1432391,k141_1432391_5,k141_1432391,0,+,3548,6226,K08356,arsenite oxidase large subunit,Target aioA-like K08356,AioA-like,True,/home/ps/ps1/data/bihongyu/cold_seep/illu/all_fa/CDS/cat_result/cat_others
SY457BB-8-12_bin4-k141_1432391_5,SY457BB-8-12_bin4,aioA-like-associated,IS,SY457BB-8-12,SY457BB-8-12,k141_1432391,k141_1432391_6,k141_1432391,1,+,6383,8551,,,Hypothetical/unknown,,False,/home/ps/ps1/data/bihongyu/cold_seep/illu/all_fa/CDS/cat_result/cat_others
SY457BB-8-12_bin4-k141_1432391_5,SY457BB-8-12_bin4,aioA-like-associated,IS,SY457BB-8-12,SY457BB-8-12,k141_1432391,k141_1432391_7,k141_1432391,2,+,8582,9322,,,Hypothetical/unknown,,False,/home/ps/ps1/data/bihongyu/cold_seep/illu/all_fa/CDS/cat_result/cat_others
SY457BB-8-12_bin4-k141_1432391_5,SY457BB-8-12_bin4,aioA-like-associated,IS,SY457BB-8-12,SY457BB-8-12,k141_1432391,k141_1432391_8,k141_1432391,3,+,9344,9448,,,Hypothetical/unknown,,False,/home/ps/ps1/data/bihongyu/cold_seep/illu/all_fa/CDS/cat_result/cat_others
SY457BB-8-12_bin4-k141_1432391_5,SY457BB-8-12_bin4,aioA-like-associated,IS,SY457BB-8-12,SY457BB-8-12,k141_1432391,k141_1432391_9,k141_1432391,4,+,9445,10278,,,Hypothetical/unknown,,False,/home/ps/ps1/data/bihongyu/cold_seep/illu/all_fa/CDS/cat_result/cat_others
SY457BB-8-12_bin4-k141_1432391_5,SY457BB-8-12_bin4,aioA-like-associated,IS,SY457BB-8-12,SY457BB-8-12,k141_1432391,k141_1432391_10,k141_1432391,5,+,10280,11911,,,Hypothetical/unknown,,False,/home/ps/ps1/data/bihongyu/cold_seep/illu/all_fa/CDS/cat_result/cat_others
SY457BB-8-12_bin4-k141_1432391_5,SY457BB-8-12_bin4,aioA-like-associated,IS,SY457BB-8-12,SY457BB-8-12,k141_1432391,k141_1432391_11,k141_1432391,6,+,11913,13190,K22227,AdoMet-dependent heme synthase,Annotated other,,False,/home/ps/ps1/data/bihongyu/cold_seep/illu/all_fa/CDS/cat_result/cat_others
SY457BB-8-12_bin4-k141_1432391_5,SY457BB-8-12_bin4,aioA-like-associated,IS,SY457BB-8-12,SY457BB-8-12,k141_1432391,k141_1432391_12,k141_1432391,7,+,13180,13797,K00231,protoporphyrinogen/coproporphyrinogen III oxidase,Annotated other,,False,/home/ps/ps1/data/bihongyu/cold_seep/illu/all_fa/CDS/cat_result/cat_others
SY459WG-0-4_bin37-k141_569169_31,SY459WG-0-4_bin37,aioA-like-associated,IS,SY459WG-0-4,SY459WG-0-4,k141_569169,k141_569169_21,k141_569169,-10,-,20015,20968,,,Hypothetical/unknown,,False,/home/ps/ps1/data/bihongyu/cold_seep/illu/all_fa/CDS/cat_result/cat_others
SY459WG-0-4_bin37-k141_569169_31,SY459WG-0-4_bin37,aioA-like-associated,IS,SY459WG-0-4,SY459WG-0-4,k141_569169,k141_569169_22,k141_569169,-9,-,20968,21903,K02025,multiple sugar transport system permease protein,Transporter,transporter,False,/home/ps/ps1/data/bihongyu/cold_seep/illu/all_fa/CDS/cat_result/cat_others
SY459WG-0-4_bin37-k141_569169_31,SY459WG-0-4_bin37,aioA-like-associated,IS,SY459WG-0-4,SY459WG-0-4,k141_569169,k141_569169_23,k141_569169,-8,-,21966,23282,,,Hypothetical/unknown,,False,/home/ps/ps1/data/bihongyu/cold_seep/illu/all_fa/CDS/cat_result/cat_others
SY459WG-0-4_bin37-k141_569169_31,SY459WG-0-4_bin37,aioA-like-associated,IS,SY459WG-0-4,SY459WG-0-4,k141_569169,k141_569169_24,k141_569169,-7,-,23390,24757,K00231,protoporphyrinogen/coproporphyrinogen III oxidase,Annotated other,,False,/home/ps/ps1/data/bihongyu/cold_seep/illu/all_fa/CDS/cat_result/cat_others
SY459WG-0-4_bin37-k141_569169_31,SY459WG-0-4_bin37,aioA-like-associated,IS,SY459WG-0-4,SY459WG-0-4,k141_569169,k141_569169_25,k141_569169,-6,-,24754,26028,K22227,AdoMet-dependent heme synthase,Annotated other,,False,/home/ps/ps1/data/bihongyu/cold_seep/illu/all_fa/CDS/cat_result/cat_others
SY459WG-0-4_bin37-k141_569169_31,SY459WG-0-4_bin37,aioA-like-associated,IS,SY459WG-0-4,SY459WG-0-4,k141_569169,k141_569169_26,k141_569169,-5,-,26025,27683,,,Hypothetical/unknown,,False,/home/ps/ps1/data/bihongyu/cold_seep/illu/all_fa/CDS/cat_result/cat_others
SY459WG-0-4_bin37-k141_569169_31,SY459WG-0-4_bin37,aioA-like-associated,IS,SY459WG-0-4,SY459WG-0-4,k141_569169,k141_569169_27,k141_569169,-4,-,27714,28559,,,Hypothetical/unknown,,False,/home/ps/ps1/data/bihongyu/cold_seep/illu/all_fa/CDS/cat_result/cat_others
SY459WG-0-4_bin37-k141_569169_31,SY459WG-0-4_bin37,aioA-like-associated,IS,SY459WG-0-4,SY459WG-0-4,k141_569169,k141_569169_28,k141_569169,-3,-,28556,28663,,,Hypothetical/unknown,,False,/home/ps/ps1/data/bihongyu/cold_seep/illu/all_fa/CDS/cat_result/cat_others
SY459WG-0-4_bin37-k141_569169_31,SY459WG-0-4_bin37,aioA-like-associated,IS,SY459WG-0-4,SY459WG-0-4,k141_569169,k141_569169_29,k141_569169,-2,-,28683,29420,,,Hypothetical/unknown,,False,/home/ps/ps1/data/bihongyu/cold_seep/illu/all_fa/CDS/cat_result/cat_others
SY459WG-0-4_bin37-k141_569169_31,SY459WG-0-4_bin37,aioA-like-associated,IS,SY459WG-0-4,SY459WG-0-4,k141_569169,k141_569169_30,k141_569169,-1,-,29443,31605,,,Hypothetical/unknown,,False,/home/ps/ps1/data/bihongyu/cold_seep/illu/all_fa/CDS/cat_result/cat_others
SY459WG-0-4_bin37-k141_569169_31,SY459WG-0-4_bin37,aioA-like-associated,IS,SY459WG-0-4,SY459WG-0-4,k141_569169,k141_569169_31,k141_569169,0,-,31747,34425,K08356,arsenite oxidase large subunit,Target aioA-like K08356,AioA-like,True,/home/ps/ps1/data/bihongyu/cold_seep/illu/all_fa/CDS/cat_result/cat_others
SY459WG-0-4_bin37-k141_569169_31,SY459WG-0-4_bin37,aioA-like-associated,IS,SY459WG-0-4,SY459WG-0-4,k141_569169,k141_569169_32,k141_569169,1,-,34440,35021,K08355,arsenite oxidase small subunit,Rieske/AioB,AioB,False,/home/ps/ps1/data/bihongyu/cold_seep/illu/all_fa/CDS/cat_result/cat_others
SY459WG-0-4_bin37-k141_569169_31,SY459WG-0-4_bin37,aioA-like-associated,IS,SY459WG-0-4,SY459WG-0-4,k141_569169,k141_569169_33,k141_569169,2,-,35043,36179,K00428,cytochrome c peroxidase,Cytochrome/peroxidase,cyt,False,/home/ps/ps1/data/bihongyu/cold_seep/illu/all_fa/CDS/cat_result/cat_others
SY459WG-0-4_bin37-k141_569169_31,SY459WG-0-4_bin37,aioA-like-associated,IS,SY459WG-0-4,SY459WG-0-4,k141_569169,k141_569169_34,k141_569169,3,-,36194,37312,K00428,cytochrome c peroxidase,Cytochrome/peroxidase,cyt,False,/home/ps/ps1/data/bihongyu/cold_seep/illu/all_fa/CDS/cat_result/cat_others
SY459WG-0-4_bin37-k141_569169_31,SY459WG-0-4_bin37,aioA-like-associated,IS,SY459WG-0-4,SY459WG-0-4,k141_569169,k141_569169_35,k141_569169,4,-,37490,39745,,,Hypothetical/unknown,,False,/home/ps/ps1/data/bihongyu/cold_seep/illu/all_fa/CDS/cat_result/cat_others
SY459WG-0-4_bin37-k141_569169_31,SY459WG-0-4_bin37,aioA-like-associated,IS,SY459WG-0-4,SY459WG-0-4,k141_569169,k141_569169_36,k141_569169,5,-,39758,40591,,,Hypothetical/unknown,,False,/home/ps/ps1/data/bihongyu/cold_seep/illu/all_fa/CDS/cat_result/cat_others
SY459WG-0-4_bin37-k141_569169_31,SY459WG-0-4_bin37,aioA-like-associated,IS,SY459WG-0-4,SY459WG-0-4,k141_569169,k141_569169_37,k141_569169,6,-,40588,42369,K00425,cytochrome bd ubiquinol oxidase subunit I,Cytochrome/peroxidase,cyt,False,/home/ps/ps1/data/bihongyu/cold_seep/illu/all_fa/CDS/cat_result/cat_others
SY459WG-0-4_bin37-k141_569169_31,SY459WG-0-4_bin37,aioA-like-associated,IS,SY459WG-0-4,SY459WG-0-4,k141_569169,k141_569169_38,k141_569169,7,-,42366,42494,,,Hypothetical/unknown,,False,/home/ps/ps1/data/bihongyu/cold_seep/illu/all_fa/CDS/cat_result/cat_others
SY459WG-0-4_bin37-k141_569169_31,SY459WG-0-4_bin37,aioA-like-associated,IS,SY459WG-0-4,SY459WG-0-4,k141_569169,k141_569169_39,k141_569169,8,-,42526,42648,,,Hypothetical/unknown,,False,/home/ps/ps1/data/bihongyu/cold_seep/illu/all_fa/CDS/cat_result/cat_others
SY459WG-0-4_bin37-k141_569169_31,SY459WG-0-4_bin37,aioA-like-associated,IS,SY459WG-0-4,SY459WG-0-4,k141_569169,k141_569169_40,k141_569169,9,-,42752,43054,,,Hypothetical/unknown,,False,/home/ps/ps1/data/bihongyu/cold_seep/illu/all_fa/CDS/cat_result/cat_others
SY459WG-0-4_bin37-k141_569169_31,SY459WG-0-4_bin37,aioA-like-associated,IS,SY459WG-0-4,SY459WG-0-4,k141_569169,k141_569169_41,k141_569169,10,+,43185,43952,,,Hypothetical/unknown,,False,/home/ps/ps1/data/bihongyu/cold_seep/illu/all_fa/CDS/cat_result/cat_others
SY459WG-8-12_bin19-k141_364478_5,SY459WG-8-12_bin19,aioA-like-associated,IS,SY459WG-8-12,SY459WG-8-12,k141_364478,k141_364478_1,k141_364478,-4,-,3,692,,,Hypothetical/unknown,,False,/home/ps/ps1/data/bihongyu/cold_seep/illu/all_fa/CDS/cat_result/cat_others
SY459WG-8-12_bin19-k141_364478_5,SY459WG-8-12_bin19,aioA-like-associated,IS,SY459WG-8-12,SY459WG-8-12,k141_364478,k141_364478_2,k141_364478,-3,-,689,799,,,Hypothetical/unknown,,False,/home/ps/ps1/data/bihongyu/cold_seep/illu/all_fa/CDS/cat_result/cat_others
SY459WG-8-12_bin19-k141_364478_5,SY459WG-8-12_bin19,aioA-like-associated,IS,SY459WG-8-12,SY459WG-8-12,k141_364478,k141_364478_3,k141_364478,-2,-,827,1564,,,Hypothetical/unknown,,False,/home/ps/ps1/data/bihongyu/cold_seep/illu/all_fa/CDS/cat_result/cat_others
SY459WG-8-12_bin19-k141_364478_5,SY459WG-8-12_bin19,aioA-like-associated,IS,SY459WG-8-12,SY459WG-8-12,k141_364478,k141_364478_4,k141_364478,-1,-,1616,3856,,,Hypothetical/unknown,,False,/home/ps/ps1/data/bihongyu/cold_seep/illu/all_fa/CDS/cat_result/cat_others
SY459WG-8-12_bin19-k141_364478_5,SY459WG-8-12_bin19,aioA-like-associated,IS,SY459WG-8-12,SY459WG-8-12,k141_364478,k141_364478_5,k141_364478,0,-,4043,6718,K08356,arsenite oxidase large subunit,Target aioA-like K08356,AioA-like,True,/home/ps/ps1/data/bihongyu/cold_seep/illu/all_fa/CDS/cat_result/cat_others
SY459WG-8-12_bin19-k141_364478_5,SY459WG-8-12_bin19,aioA-like-associated,IS,SY459WG-8-12,SY459WG-8-12,k141_364478,k141_364478_6,k141_364478,1,-,6739,7323,K08355,arsenite oxidase small subunit,Rieske/AioB,AioB,False,/home/ps/ps1/data/bihongyu/cold_seep/illu/all_fa/CDS/cat_result/cat_others
SY459WG-8-12_bin19-k141_364478_5,SY459WG-8-12_bin19,aioA-like-associated,IS,SY459WG-8-12,SY459WG-8-12,k141_364478,k141_364478_7,k141_364478,2,-,7336,7869,,,Hypothetical/unknown,,False,/home/ps/ps1/data/bihongyu/cold_seep/illu/all_fa/CDS/cat_result/cat_others
SY459WG-8-12_bin2-k141_281775_92,SY459WG-8-12_bin2,aioA-like-associated,IS,SY459WG-8-12,SY459WG-8-12,k141_281775,k141_281775_82,k141_281775,-10,-,75606,76226,,,Hypothetical/unknown,,False,/home/ps/ps1/data/bihongyu/cold_seep/illu/all_fa/CDS/cat_result/cat_others
SY459WG-8-12_bin2-k141_281775_92,SY459WG-8-12_bin2,aioA-like-associated,IS,SY459WG-8-12,SY459WG-8-12,k141_281775,k141_281775_83,k141_281775,-9,-,76348,78594,K13587,"two-component system, cell cycle sensor histidine kinase and response regulator CckA",Annotated other,,False,/home/ps/ps1/data/bihongyu/cold_seep/illu/all_fa/CDS/cat_result/cat_others
SY459WG-8-12_bin2-k141_281775_92,SY459WG-8-12_bin2,aioA-like-associated,IS,SY459WG-8-12,SY459WG-8-12,k141_281775,k141_281775_84,k141_281775,-8,+,78742,79461,K02483,"two-component system, OmpR family, response regulator",Annotated other,,False,/home/ps/ps1/data/bihongyu/cold_seep/illu/all_fa/CDS/cat_result/cat_others
SY459WG-8-12_bin2-k141_281775_92,SY459WG-8-12_bin2,aioA-like-associated,IS,SY459WG-8-12,SY459WG-8-12,k141_281775,k141_281775_85,k141_281775,-7,-,79458,80834,K00231,protoporphyrinogen/coproporphyrinogen III oxidase,Annotated other,,False,/home/ps/ps1/data/bihongyu/cold_seep/illu/all_fa/CDS/cat_result/cat_others
SY459WG-8-12_bin2-k141_281775_92,SY459WG-8-12_bin2,aioA-like-associated,IS,SY459WG-8-12,SY459WG-8-12,k141_281775,k141_281775_86,k141_281775,-6,-,80827,82098,K22227,AdoMet-dependent heme synthase,Annotated other,,False,/home/ps/ps1/data/bihongyu/cold_seep/illu/all_fa/CDS/cat_result/cat_others
SY459WG-8-12_bin2-k141_281775_92,SY459WG-8-12_bin2,aioA-like-associated,IS,SY459WG-8-12,SY459WG-8-12,k141_281775,k141_281775_87,k141_281775,-5,-,82102,83745,,,Hypothetical/unknown,,False,/home/ps/ps1/data/bihongyu/cold_seep/illu/all_fa/CDS/cat_result/cat_others
SY459WG-8-12_bin2-k141_281775_92,SY459WG-8-12_bin2,aioA-like-associated,IS,SY459WG-8-12,SY459WG-8-12,k141_281775,k141_281775_88,k141_281775,-4,-,83785,84636,,,Hypothetical/unknown,,False,/home/ps/ps1/data/bihongyu/cold_seep/illu/all_fa/CDS/cat_result/cat_others
SY459WG-8-12_bin2-k141_281775_92,SY459WG-8-12_bin2,aioA-like-associated,IS,SY459WG-8-12,SY459WG-8-12,k141_281775,k141_281775_89,k141_281775,-3,-,84621,84728,,,Hypothetical/unknown,,False,/home/ps/ps1/data/bihongyu/cold_seep/illu/all_fa/CDS/cat_result/cat_others
SY459WG-8-12_bin2-k141_281775_92,SY459WG-8-12_bin2,aioA-like-associated,IS,SY459WG-8-12,SY459WG-8-12,k141_281775,k141_281775_90,k141_281775,-2,-,84750,85490,,,Hypothetical/unknown,,False,/home/ps/ps1/data/bihongyu/cold_seep/illu/all_fa/CDS/cat_result/cat_others
SY459WG-8-12_bin2-k141_281775_92,SY459WG-8-12_bin2,aioA-like-associated,IS,SY459WG-8-12,SY459WG-8-12,k141_281775,k141_281775_91,k141_281775,-1,-,85520,87697,,,Hypothetical/unknown,,False,/home/ps/ps1/data/bihongyu/cold_seep/illu/all_fa/CDS/cat_result/cat_others
SY459WG-8-12_bin2-k141_281775_92,SY459WG-8-12_bin2,aioA-like-associated,IS,SY459WG-8-12,SY459WG-8-12,k141_281775,k141_281775_92,k141_281775,0,-,87870,90548,K08356,arsenite oxidase large subunit,Target aioA-like K08356,AioA-like,True,/home/ps/ps1/data/bihongyu/cold_seep/illu/all_fa/CDS/cat_result/cat_others
SY459WG-8-12_bin2-k141_281775_92,SY459WG-8-12_bin2,aioA-like-associated,IS,SY459WG-8-12,SY459WG-8-12,k141_281775,k141_281775_93,k141_281775,1,-,90561,91142,K08355,arsenite oxidase small subunit,Rieske/AioB,AioB,False,/home/ps/ps1/data/bihongyu/cold_seep/illu/all_fa/CDS/cat_result/cat_others
SY459WG-8-12_bin2-k141_281775_92,SY459WG-8-12_bin2,aioA-like-associated,IS,SY459WG-8-12,SY459WG-8-12,k141_281775,k141_281775_94,k141_281775,2,-,91165,92307,K00428,cytochrome c peroxidase,Cytochrome/peroxidase,cyt,False,/home/ps/ps1/data/bihongyu/cold_seep/illu/all_fa/CDS/cat_result/cat_others
SY459WG-8-12_bin2-k141_281775_92,SY459WG-8-12_bin2,aioA-like-associated,IS,SY459WG-8-12,SY459WG-8-12,k141_281775,k141_281775_95,k141_281775,3,-,92325,93407,K00428,cytochrome c peroxidase,Cytochrome/peroxidase,cyt,False,/home/ps/ps1/data/bihongyu/cold_seep/illu/all_fa/CDS/cat_result/cat_others
SY459WG-8-12_bin2-k141_281775_92,SY459WG-8-12_bin2,aioA-like-associated,IS,SY459WG-8-12,SY459WG-8-12,k141_281775,k141_281775_96,k141_281775,4,-,93617,95890,,,Hypothetical/unknown,,False,/home/ps/ps1/data/bihongyu/cold_seep/illu/all_fa/CDS/cat_result/cat_others
SY459WG-8-12_bin2-k141_281775_92,SY459WG-8-12_bin2,aioA-like-associated,IS,SY459WG-8-12,SY459WG-8-12,k141_281775,k141_281775_97,k141_281775,5,-,95902,97032,,,Hypothetical/unknown,,False,/home/ps/ps1/data/bihongyu/cold_seep/illu/all_fa/CDS/cat_result/cat_others
SY459WG-8-12_bin2-k141_281775_92,SY459WG-8-12_bin2,aioA-like-associated,IS,SY459WG-8-12,SY459WG-8-12,k141_281775,k141_281775_98,k141_281775,6,-,97029,98789,K00425,cytochrome bd ubiquinol oxidase subunit I,Cytochrome/peroxidase,cyt,False,/home/ps/ps1/data/bihongyu/cold_seep/illu/all_fa/CDS/cat_result/cat_others
SY459WG-8-12_bin2-k141_281775_92,SY459WG-8-12_bin2,aioA-like-associated,IS,SY459WG-8-12,SY459WG-8-12,k141_281775,k141_281775_99,k141_281775,7,-,98799,98927,,,Hypothetical/unknown,,False,/home/ps/ps1/data/bihongyu/cold_seep/illu/all_fa/CDS/cat_result/cat_others
SY459WG-8-12_bin2-k141_281775_92,SY459WG-8-12_bin2,aioA-like-associated,IS,SY459WG-8-12,SY459WG-8-12,k141_281775,k141_281775_100,k141_281775,8,-,99283,99585,,,Hypothetical/unknown,,False,/home/ps/ps1/data/bihongyu/cold_seep/illu/all_fa/CDS/cat_result/cat_others
SY459WG-8-12_bin2-k141_281775_92,SY459WG-8-12_bin2,aioA-like-associated,IS,SY459WG-8-12,SY459WG-8-12,k141_281775,k141_281775_101,k141_281775,9,+,99869,100597,,,Hypothetical/unknown,,False,/home/ps/ps1/data/bihongyu/cold_seep/illu/all_fa/CDS/cat_result/cat_others
SY459WG-8-12_bin2-k141_281775_92,SY459WG-8-12_bin2,aioA-like-associated,IS,SY459WG-8-12,SY459WG-8-12,k141_281775,k141_281775_102,k141_281775,10,+,100590,101585,K01772,protoporphyrin/coproporphyrin ferrochelatase,Annotated other,,False,/home/ps/ps1/data/bihongyu/cold_seep/illu/all_fa/CDS/cat_result/cat_others
SQ_58_0-4_bin4-k141_1629246_3,SQ_58_0-4_bin4,unknown AioA-like / uncertain DMSOR,AS,SQ_58_0,SQ_58_0-4,k141_1629246,k141_1629246_1,k141_1629246,-2,-,51,533,,,Hypothetical/unknown,,False,/home/ps/ps1/data/bihongyu/cold_seep/illu/all_fa/CDS/cat_result/cat_others
SQ_58_0-4_bin4-k141_1629246_3,SQ_58_0-4_bin4,unknown AioA-like / uncertain DMSOR,AS,SQ_58_0,SQ_58_0-4,k141_1629246,k141_1629246_2,k141_1629246,-1,+,591,1172,K08355,arsenite oxidase small subunit,Rieske/AioB,AioB,False,/home/ps/ps1/data/bihongyu/cold_seep/illu/all_fa/CDS/cat_result/cat_others
SQ_58_0-4_bin4-k141_1629246_3,SQ_58_0-4_bin4,unknown AioA-like / uncertain DMSOR,AS,SQ_58_0,SQ_58_0-4,k141_1629246,k141_1629246_3,k141_1629246,0,+,1169,3667,K08356,arsenite oxidase large subunit,Target uncertain AioA-like,AioA-like?,True,/home/ps/ps1/data/bihongyu/cold_seep/illu/all_fa/CDS/cat_result/cat_others
SY366YW-0-4_bin2-k141_1353278_2,SY366YW-0-4_bin2,unknown AioA-like / uncertain DMSOR,IS,SY366YW-0-4,SY366YW-0-4,k141_1353278,k141_1353278_1,k141_1353278,-1,+,1,474,K08355,arsenite oxidase small subunit,Rieske/AioB,AioB,False,/home/ps/ps1/data/bihongyu/cold_seep/illu/all_fa/CDS/cat_result/cat_others
SY366YW-0-4_bin2-k141_1353278_2,SY366YW-0-4_bin2,unknown AioA-like / uncertain DMSOR,IS,SY366YW-0-4,SY366YW-0-4,k141_1353278,k141_1353278_2,k141_1353278,0,+,471,2969,K08356,arsenite oxidase large subunit,Target uncertain AioA-like,AioA-like?,True,/home/ps/ps1/data/bihongyu/cold_seep/illu/all_fa/CDS/cat_result/cat_others
SY366YW-0-4_bin2-k141_1353278_2,SY366YW-0-4_bin2,unknown AioA-like / uncertain DMSOR,IS,SY366YW-0-4,SY366YW-0-4,k141_1353278,k141_1353278_3,k141_1353278,1,+,3097,3603,,,Hypothetical/unknown,,False,/home/ps/ps1/data/bihongyu/cold_seep/illu/all_fa/CDS/cat_result/cat_others
SY368YW-8-12_bin14-k141_222555_4,SY368YW-8-12_bin14,unknown AioA-like / uncertain DMSOR,IS,SY368YW-8-12,SY368YW-8-12,k141_222555,k141_222555_1,k141_222555,-3,-,3,2720,K09118,uncharacterized protein,Annotated other,,False,/home/ps/ps1/data/bihongyu/cold_seep/illu/all_fa/CDS/cat_result/cat_others
SY368YW-8-12_bin14-k141_222555_4,SY368YW-8-12_bin14,unknown AioA-like / uncertain DMSOR,IS,SY368YW-8-12,SY368YW-8-12,k141_222555,k141_222555_2,k141_222555,-2,-,2763,4622,,,Hypothetical/unknown,,False,/home/ps/ps1/data/bihongyu/cold_seep/illu/all_fa/CDS/cat_result/cat_others
SY368YW-8-12_bin14-k141_222555_4,SY368YW-8-12_bin14,unknown AioA-like / uncertain DMSOR,IS,SY368YW-8-12,SY368YW-8-12,k141_222555,k141_222555_3,k141_222555,-1,-,4690,5694,K07177,Lon-like protease,Annotated other,,False,/home/ps/ps1/data/bihongyu/cold_seep/illu/all_fa/CDS/cat_result/cat_others
SY368YW-8-12_bin14-k141_222555_4,SY368YW-8-12_bin14,unknown AioA-like / uncertain DMSOR,IS,SY368YW-8-12,SY368YW-8-12,k141_222555,k141_222555_4,k141_222555,0,-,5802,8312,K08356,arsenite oxidase large subunit,Target uncertain AioA-like,AioA-like?,True,/home/ps/ps1/data/bihongyu/cold_seep/illu/all_fa/CDS/cat_result/cat_others
SY368YW-8-12_bin14-k141_222555_4,SY368YW-8-12_bin14,unknown AioA-like / uncertain DMSOR,IS,SY368YW-8-12,SY368YW-8-12,k141_222555,k141_222555_5,k141_222555,1,-,8309,9061,K08355,arsenite oxidase small subunit,Rieske/AioB,AioB,False,/home/ps/ps1/data/bihongyu/cold_seep/illu/all_fa/CDS/cat_result/cat_others
SY368YW-8-12_bin16-k141_314641_4,SY368YW-8-12_bin16,unknown AioA-like / uncertain DMSOR,IS,SY368YW-8-12,SY368YW-8-12,k141_314641,k141_314641_1,k141_314641,-3,+,1,774,K07301,cation:H+ antiporter,Annotated other,,False,/home/ps/ps1/data/bihongyu/cold_seep/illu/all_fa/CDS/cat_result/cat_others
SY368YW-8-12_bin16-k141_314641_4,SY368YW-8-12_bin16,unknown AioA-like / uncertain DMSOR,IS,SY368YW-8-12,SY368YW-8-12,k141_314641,k141_314641_2,k141_314641,-2,-,828,1301,,,Hypothetical/unknown,,False,/home/ps/ps1/data/bihongyu/cold_seep/illu/all_fa/CDS/cat_result/cat_others
SY368YW-8-12_bin16-k141_314641_4,SY368YW-8-12_bin16,unknown AioA-like / uncertain DMSOR,IS,SY368YW-8-12,SY368YW-8-12,k141_314641,k141_314641_3,k141_314641,-1,+,1452,2042,K08355,arsenite oxidase small subunit,Rieske/AioB,AioB,False,/home/ps/ps1/data/bihongyu/cold_seep/illu/all_fa/CDS/cat_result/cat_others
SY368YW-8-12_bin16-k141_314641_4,SY368YW-8-12_bin16,unknown AioA-like / uncertain DMSOR,IS,SY368YW-8-12,SY368YW-8-12,k141_314641,k141_314641_4,k141_314641,0,+,2042,4516,K08356,arsenite oxidase large subunit,Target uncertain AioA-like,AioA-like?,True,/home/ps/ps1/data/bihongyu/cold_seep/illu/all_fa/CDS/cat_result/cat_others
SY368YW-8-12_bin16-k141_314641_4,SY368YW-8-12_bin16,unknown AioA-like / uncertain DMSOR,IS,SY368YW-8-12,SY368YW-8-12,k141_314641,k141_314641_5,k141_314641,1,-,4559,5233,,,Hypothetical/unknown,,False,/home/ps/ps1/data/bihongyu/cold_seep/illu/all_fa/CDS/cat_result/cat_others
SY368YW-8-12_bin16-k141_314641_4,SY368YW-8-12_bin16,unknown AioA-like / uncertain DMSOR,IS,SY368YW-8-12,SY368YW-8-12,k141_314641,k141_314641_6,k141_314641,2,+,5271,6389,K07682,"two-component system, NarL family, sensor histidine kinase DevS",Annotated other,,False,/home/ps/ps1/data/bihongyu/cold_seep/illu/all_fa/CDS/cat_result/cat_others
SY368YW-8-12_bin16-k141_314641_4,SY368YW-8-12_bin16,unknown AioA-like / uncertain DMSOR,IS,SY368YW-8-12,SY368YW-8-12,k141_314641,k141_314641_7,k141_314641,3,-,6364,6567,,,Hypothetical/unknown,,False,/home/ps/ps1/data/bihongyu/cold_seep/illu/all_fa/CDS/cat_result/cat_others
SY459WG-0-4_bin26-k141_460220_2,SY459WG-0-4_bin26,unknown AioA-like / uncertain DMSOR,IS,SY459WG-0-4,SY459WG-0-4,k141_460220,k141_460220_1,k141_460220,-1,+,1,546,K08355,arsenite oxidase small subunit,Rieske/AioB,AioB,False,/home/ps/ps1/data/bihongyu/cold_seep/illu/all_fa/CDS/cat_result/cat_others
SY459WG-0-4_bin26-k141_460220_2,SY459WG-0-4_bin26,unknown AioA-like / uncertain DMSOR,IS,SY459WG-0-4,SY459WG-0-4,k141_460220,k141_460220_2,k141_460220,0,+,543,3044,K08356,arsenite oxidase large subunit,Target uncertain AioA-like,AioA-like?,True,/home/ps/ps1/data/bihongyu/cold_seep/illu/all_fa/CDS/cat_result/cat_others
SY459WG-0-4_bin26-k141_460220_2,SY459WG-0-4_bin26,unknown AioA-like / uncertain DMSOR,IS,SY459WG-0-4,SY459WG-0-4,k141_460220,k141_460220_3,k141_460220,1,-,2891,3319,,,Hypothetical/unknown,,False,/home/ps/ps1/data/bihongyu/cold_seep/illu/all_fa/CDS/cat_result/cat_others
SY459WG-0-4_bin26-k141_460220_2,SY459WG-0-4_bin26,unknown AioA-like / uncertain DMSOR,IS,SY459WG-0-4,SY459WG-0-4,k141_460220,k141_460220_4,k141_460220,2,+,3354,3899,,,Hypothetical/unknown,,False,/home/ps/ps1/data/bihongyu/cold_seep/illu/all_fa/CDS/cat_result/cat_others
SY459WG-0-4_bin26-k141_460220_2,SY459WG-0-4_bin26,unknown AioA-like / uncertain DMSOR,IS,SY459WG-0-4,SY459WG-0-4,k141_460220,k141_460220_5,k141_460220,3,+,3933,4463,K02435,aspartyl-tRNA(Asn)/glutamyl-tRNA(Gln) amidotransferase subunit C,Annotated other,,False,/home/ps/ps1/data/bihongyu/cold_seep/illu/all_fa/CDS/cat_result/cat_others
SY459WG-0-4_bin26-k141_460220_2,SY459WG-0-4_bin26,unknown AioA-like / uncertain DMSOR,IS,SY459WG-0-4,SY459WG-0-4,k141_460220,k141_460220_6,k141_460220,4,+,4491,5393,,,Hypothetical/unknown,,False,/home/ps/ps1/data/bihongyu/cold_seep/illu/all_fa/CDS/cat_result/cat_others
SY459WG-0-4_bin26-k141_460220_2,SY459WG-0-4_bin26,unknown AioA-like / uncertain DMSOR,IS,SY459WG-0-4,SY459WG-0-4,k141_460220,k141_460220_7,k141_460220,5,-,5410,6633,K21401,menaquinone-9 beta-reductase,Annotated other,,False,/home/ps/ps1/data/bihongyu/cold_seep/illu/all_fa/CDS/cat_result/cat_others
SY459WG-0-4_bin26-k141_460220_2,SY459WG-0-4_bin26,unknown AioA-like / uncertain DMSOR,IS,SY459WG-0-4,SY459WG-0-4,k141_460220,k141_460220_8,k141_460220,6,-,6654,8315,,,Hypothetical/unknown,,False,/home/ps/ps1/data/bihongyu/cold_seep/illu/all_fa/CDS/cat_result/cat_others
SY459WG-0-4_bin26-k141_460220_2,SY459WG-0-4_bin26,unknown AioA-like / uncertain DMSOR,IS,SY459WG-0-4,SY459WG-0-4,k141_460220,k141_460220_9,k141_460220,7,-,8319,9155,,,Hypothetical/unknown,,False,/home/ps/ps1/data/bihongyu/cold_seep/illu/all_fa/CDS/cat_result/cat_others
SY459WG-4-8_bin39-k141_681176_50,SY459WG-4-8_bin39,unknown AioA-like / uncertain DMSOR,IS,SY459WG-4-8,SY459WG-4-8,k141_681176,k141_681176_40,k141_681176,-10,+,49147,51222,,,Hypothetical/unknown,,False,/home/ps/ps1/data/bihongyu/cold_seep/illu/all_fa/CDS/cat_result/cat_others
SY459WG-4-8_bin39-k141_681176_50,SY459WG-4-8_bin39,unknown AioA-like / uncertain DMSOR,IS,SY459WG-4-8,SY459WG-4-8,k141_681176,k141_681176_41,k141_681176,-9,+,51219,52421,,,Hypothetical/unknown,,False,/home/ps/ps1/data/bihongyu/cold_seep/illu/all_fa/CDS/cat_result/cat_others
SY459WG-4-8_bin39-k141_681176_50,SY459WG-4-8_bin39,unknown AioA-like / uncertain DMSOR,IS,SY459WG-4-8,SY459WG-4-8,k141_681176,k141_681176_42,k141_681176,-8,-,52409,53452,K03469,ribonuclease HI,Annotated other,,False,/home/ps/ps1/data/bihongyu/cold_seep/illu/all_fa/CDS/cat_result/cat_others
SY459WG-4-8_bin39-k141_681176_50,SY459WG-4-8_bin39,unknown AioA-like / uncertain DMSOR,IS,SY459WG-4-8,SY459WG-4-8,k141_681176,k141_681176_43,k141_681176,-7,-,53500,53715,,,Hypothetical/unknown,,False,/home/ps/ps1/data/bihongyu/cold_seep/illu/all_fa/CDS/cat_result/cat_others
SY459WG-4-8_bin39-k141_681176_50,SY459WG-4-8_bin39,unknown AioA-like / uncertain DMSOR,IS,SY459WG-4-8,SY459WG-4-8,k141_681176,k141_681176_44,k141_681176,-6,+,53821,56259,K00163,pyruvate dehydrogenase E1 component,Redox/oxidoreductase,Redox,False,/home/ps/ps1/data/bihongyu/cold_seep/illu/all_fa/CDS/cat_result/cat_others
SY459WG-4-8_bin39-k141_681176_50,SY459WG-4-8_bin39,unknown AioA-like / uncertain DMSOR,IS,SY459WG-4-8,SY459WG-4-8,k141_681176,k141_681176_45,k141_681176,-5,-,56263,57042,,,Hypothetical/unknown,,False,/home/ps/ps1/data/bihongyu/cold_seep/illu/all_fa/CDS/cat_result/cat_others
SY459WG-4-8_bin39-k141_681176_50,SY459WG-4-8_bin39,unknown AioA-like / uncertain DMSOR,IS,SY459WG-4-8,SY459WG-4-8,k141_681176,k141_681176_46,k141_681176,-4,-,57070,57498,,,Hypothetical/unknown,,False,/home/ps/ps1/data/bihongyu/cold_seep/illu/all_fa/CDS/cat_result/cat_others
SY459WG-4-8_bin39-k141_681176_50,SY459WG-4-8_bin39,unknown AioA-like / uncertain DMSOR,IS,SY459WG-4-8,SY459WG-4-8,k141_681176,k141_681176_47,k141_681176,-3,+,57601,58626,,,Hypothetical/unknown,,False,/home/ps/ps1/data/bihongyu/cold_seep/illu/all_fa/CDS/cat_result/cat_others
SY459WG-4-8_bin39-k141_681176_50,SY459WG-4-8_bin39,unknown AioA-like / uncertain DMSOR,IS,SY459WG-4-8,SY459WG-4-8,k141_681176,k141_681176_48,k141_681176,-2,-,58623,59321,K07695,"two-component system, NarL family, response regulator DevR",Annotated other,,False,/home/ps/ps1/data/bihongyu/cold_seep/illu/all_fa/CDS/cat_result/cat_others
SY459WG-4-8_bin39-k141_681176_50,SY459WG-4-8_bin39,unknown AioA-like / uncertain DMSOR,IS,SY459WG-4-8,SY459WG-4-8,k141_681176,k141_681176_49,k141_681176,-1,+,59409,60446,K07682,"two-component system, NarL family, sensor histidine kinase DevS",Annotated other,,False,/home/ps/ps1/data/bihongyu/cold_seep/illu/all_fa/CDS/cat_result/cat_others
SY459WG-4-8_bin39-k141_681176_50,SY459WG-4-8_bin39,unknown AioA-like / uncertain DMSOR,IS,SY459WG-4-8,SY459WG-4-8,k141_681176,k141_681176_50,k141_681176,0,-,60443,62926,K08356,arsenite oxidase large subunit,Target uncertain AioA-like,AioA-like?,True,/home/ps/ps1/data/bihongyu/cold_seep/illu/all_fa/CDS/cat_result/cat_others
SY459WG-4-8_bin39-k141_681176_50,SY459WG-4-8_bin39,unknown AioA-like / uncertain DMSOR,IS,SY459WG-4-8,SY459WG-4-8,k141_681176,k141_681176_51,k141_681176,1,-,62929,63549,K08355,arsenite oxidase small subunit,Rieske/AioB,AioB,False,/home/ps/ps1/data/bihongyu/cold_seep/illu/all_fa/CDS/cat_result/cat_others
SY459WG-4-8_bin39-k141_681176_50,SY459WG-4-8_bin39,unknown AioA-like / uncertain DMSOR,IS,SY459WG-4-8,SY459WG-4-8,k141_681176,k141_681176_52,k141_681176,2,+,63674,64192,,,Hypothetical/unknown,,False,/home/ps/ps1/data/bihongyu/cold_seep/illu/all_fa/CDS/cat_result/cat_others
SY459WG-4-8_bin39-k141_681176_50,SY459WG-4-8_bin39,unknown AioA-like / uncertain DMSOR,IS,SY459WG-4-8,SY459WG-4-8,k141_681176,k141_681176_53,k141_681176,3,-,64198,65325,,,Hypothetical/unknown,,False,/home/ps/ps1/data/bihongyu/cold_seep/illu/all_fa/CDS/cat_result/cat_others
SY459WG-4-8_bin39-k141_681176_50,SY459WG-4-8_bin39,unknown AioA-like / uncertain DMSOR,IS,SY459WG-4-8,SY459WG-4-8,k141_681176,k141_681176_54,k141_681176,4,-,65396,66505,,,Hypothetical/unknown,,False,/home/ps/ps1/data/bihongyu/cold_seep/illu/all_fa/CDS/cat_result/cat_others
SY459WG-4-8_bin39-k141_681176_50,SY459WG-4-8_bin39,unknown AioA-like / uncertain DMSOR,IS,SY459WG-4-8,SY459WG-4-8,k141_681176,k141_681176_55,k141_681176,5,+,66613,66888,,,Hypothetical/unknown,,False,/home/ps/ps1/data/bihongyu/cold_seep/illu/all_fa/CDS/cat_result/cat_others
SY459WG-4-8_bin39-k141_681176_50,SY459WG-4-8_bin39,unknown AioA-like / uncertain DMSOR,IS,SY459WG-4-8,SY459WG-4-8,k141_681176,k141_681176_56,k141_681176,6,+,66947,67321,,,Hypothetical/unknown,,False,/home/ps/ps1/data/bihongyu/cold_seep/illu/all_fa/CDS/cat_result/cat_others
SY459WG-4-8_bin39-k141_681176_50,SY459WG-4-8_bin39,unknown AioA-like / uncertain DMSOR,IS,SY459WG-4-8,SY459WG-4-8,k141_681176,k141_681176_57,k141_681176,7,+,67670,67867,,,Hypothetical/unknown,,False,/home/ps/ps1/data/bihongyu/cold_seep/illu/all_fa/CDS/cat_result/cat_others
SY459WG-4-8_bin39-k141_681176_50,SY459WG-4-8_bin39,unknown AioA-like / uncertain DMSOR,IS,SY459WG-4-8,SY459WG-4-8,k141_681176,k141_681176_58,k141_681176,8,+,67864,68232,,,Hypothetical/unknown,,False,/home/ps/ps1/data/bihongyu/cold_seep/illu/all_fa/CDS/cat_result/cat_others
SY459WG-4-8_bin39-k141_681176_50,SY459WG-4-8_bin39,unknown AioA-like / uncertain DMSOR,IS,SY459WG-4-8,SY459WG-4-8,k141_681176,k141_681176_59,k141_681176,9,+,68397,68972,K04564,"superoxide dismutase, Fe-Mn family",Annotated other,,False,/home/ps/ps1/data/bihongyu/cold_seep/illu/all_fa/CDS/cat_result/cat_others
SY459WG-4-8_bin39-k141_681176_50,SY459WG-4-8_bin39,unknown AioA-like / uncertain DMSOR,IS,SY459WG-4-8,SY459WG-4-8,k141_681176,k141_681176_60,k141_681176,10,+,68982,69593,,,Hypothetical/unknown,,False,/home/ps/ps1/data/bihongyu/cold_seep/illu/all_fa/CDS/cat_result/cat_others
