target_id	MAG_ID	contig_id	target_gene_index	neighbor_gene_index	relative_position	role	neighbor_raw_id	start	end	strand	prodigal_attrs
C1_12-18_bin19-k141_2550623_11	C1_12-18_bin19	C1_12-18_bin19-k141_2550623	11	1	-10	upstream	C1_12-18_bin19-k141_2550623_1	86	1438	+	ID=257_1;partial=00;start_type=ATG;rbs_motif=GGA/GAG/AGG;rbs_spacer=5-10bp;gc_cont=0.563
C1_12-18_bin19-k141_2550623_11	C1_12-18_bin19	C1_12-18_bin19-k141_2550623	11	2	-9	upstream	C1_12-18_bin19-k141_2550623_2	1639	1920	+	ID=257_2;partial=00;start_type=ATG;rbs_motif=None;rbs_spacer=None;gc_cont=0.394
C1_12-18_bin19-k141_2550623_11	C1_12-18_bin19	C1_12-18_bin19-k141_2550623	11	3	-8	upstream	C1_12-18_bin19-k141_2550623_3	1913	2188	+	ID=257_3;partial=00;start_type=ATG;rbs_motif=GGAG/GAGG;rbs_spacer=5-10bp;gc_cont=0.399
C1_12-18_bin19-k141_2550623_11	C1_12-18_bin19	C1_12-18_bin19-k141_2550623	11	4	-7	upstream	C1_12-18_bin19-k141_2550623_4	2917	3351	-	ID=257_4;partial=00;start_type=ATG;rbs_motif=None;rbs_spacer=None;gc_cont=0.467
C1_12-18_bin19-k141_2550623_11	C1_12-18_bin19	C1_12-18_bin19-k141_2550623	11	5	-6	upstream	C1_12-18_bin19-k141_2550623_5	3357	4550	-	ID=257_5;partial=00;start_type=ATG;rbs_motif=None;rbs_spacer=None;gc_cont=0.533
C1_12-18_bin19-k141_2550623_11	C1_12-18_bin19	C1_12-18_bin19-k141_2550623	11	6	-5	upstream	C1_12-18_bin19-k141_2550623_6	4834	6201	+	ID=257_6;partial=00;start_type=ATG;rbs_motif=GGA/GAG/AGG;rbs_spacer=5-10bp;gc_cont=0.519
C1_12-18_bin19-k141_2550623_11	C1_12-18_bin19	C1_12-18_bin19-k141_2550623	11	7	-4	upstream	C1_12-18_bin19-k141_2550623_7	6296	6892	+	ID=257_7;partial=00;start_type=ATG;rbs_motif=GGAG/GAGG;rbs_spacer=5-10bp;gc_cont=0.524
C1_12-18_bin19-k141_2550623_11	C1_12-18_bin19	C1_12-18_bin19-k141_2550623	11	8	-3	upstream	C1_12-18_bin19-k141_2550623_8	7251	8357	+	ID=257_8;partial=00;start_type=ATG;rbs_motif=GGAGG;rbs_spacer=5-10bp;gc_cont=0.538
C1_12-18_bin19-k141_2550623_11	C1_12-18_bin19	C1_12-18_bin19-k141_2550623	11	9	-2	upstream	C1_12-18_bin19-k141_2550623_9	8372	9616	+	ID=257_9;partial=00;start_type=ATG;rbs_motif=GGA/GAG/AGG;rbs_spacer=5-10bp;gc_cont=0.569
C1_12-18_bin19-k141_2550623_11	C1_12-18_bin19	C1_12-18_bin19-k141_2550623	11	10	-1	upstream	C1_12-18_bin19-k141_2550623_10	9616	10191	+	ID=257_10;partial=00;start_type=ATG;rbs_motif=AGGAG;rbs_spacer=5-10bp;gc_cont=0.562
C1_12-18_bin19-k141_2550623_11	C1_12-18_bin19	C1_12-18_bin19-k141_2550623	11	11	0	target	C1_12-18_bin19-k141_2550623_11	10205	12898	+	ID=257_11;partial=00;start_type=ATG;rbs_motif=AGGAG;rbs_spacer=5-10bp;gc_cont=0.565
C1_12-18_bin19-k141_2550623_11	C1_12-18_bin19	C1_12-18_bin19-k141_2550623	11	12	1	downstream	C1_12-18_bin19-k141_2550623_12	13104	14021	-	ID=257_12;partial=00;start_type=ATG;rbs_motif=AGGA/GGAG/GAGG;rbs_spacer=11-12bp;gc_cont=0.546
C1_12-18_bin19-k141_2550623_11	C1_12-18_bin19	C1_12-18_bin19-k141_2550623	11	13	2	downstream	C1_12-18_bin19-k141_2550623_13	14070	14372	-	ID=257_13;partial=00;start_type=GTG;rbs_motif=GGAGG;rbs_spacer=5-10bp;gc_cont=0.594
C1_12-18_bin19-k141_2550623_11	C1_12-18_bin19	C1_12-18_bin19-k141_2550623	11	14	3	downstream	C1_12-18_bin19-k141_2550623_14	14373	15044	-	ID=257_14;partial=00;start_type=ATG;rbs_motif=None;rbs_spacer=None;gc_cont=0.534
C1_12-18_bin19-k141_2550623_11	C1_12-18_bin19	C1_12-18_bin19-k141_2550623	11	15	4	downstream	C1_12-18_bin19-k141_2550623_15	15079	15843	-	ID=257_15;partial=00;start_type=ATG;rbs_motif=None;rbs_spacer=None;gc_cont=0.579
C1_12-18_bin19-k141_2550623_11	C1_12-18_bin19	C1_12-18_bin19-k141_2550623	11	16	5	downstream	C1_12-18_bin19-k141_2550623_16	15969	16838	+	ID=257_16;partial=00;start_type=ATG;rbs_motif=None;rbs_spacer=None;gc_cont=0.603
C1_12-18_bin19-k141_2550623_11	C1_12-18_bin19	C1_12-18_bin19-k141_2550623	11	17	6	downstream	C1_12-18_bin19-k141_2550623_17	16847	17470	+	ID=257_17;partial=00;start_type=ATG;rbs_motif=None;rbs_spacer=None;gc_cont=0.551
C1_12-18_bin19-k141_2550623_11	C1_12-18_bin19	C1_12-18_bin19-k141_2550623	11	18	7	downstream	C1_12-18_bin19-k141_2550623_18	17489	18175	+	ID=257_18;partial=00;start_type=ATG;rbs_motif=AGGA;rbs_spacer=5-10bp;gc_cont=0.571
C1_12-18_bin19-k141_2550623_11	C1_12-18_bin19	C1_12-18_bin19-k141_2550623	11	19	8	downstream	C1_12-18_bin19-k141_2550623_19	18178	19392	+	ID=257_19;partial=00;start_type=TTG;rbs_motif=AGGAG;rbs_spacer=5-10bp;gc_cont=0.615
C1_12-18_bin19-k141_2550623_11	C1_12-18_bin19	C1_12-18_bin19-k141_2550623	11	20	9	downstream	C1_12-18_bin19-k141_2550623_20	19478	20248	+	ID=257_20;partial=00;start_type=ATG;rbs_motif=GGAG/GAGG;rbs_spacer=5-10bp;gc_cont=0.585
C1_12-18_bin19-k141_2550623_11	C1_12-18_bin19	C1_12-18_bin19-k141_2550623	11	21	10	downstream	C1_12-18_bin19-k141_2550623_21	20250	21179	+	ID=257_21;partial=00;start_type=ATG;rbs_motif=None;rbs_spacer=None;gc_cont=0.598
C1_12-18_bin24-k141_2459344_2	C1_12-18_bin24	C1_12-18_bin24-k141_2459344	2	1	-1	upstream	C1_12-18_bin24-k141_2459344_1	1	417	+	ID=758_1;partial=10;start_type=Edge;rbs_motif=None;rbs_spacer=None;gc_cont=0.549
C1_12-18_bin24-k141_2459344_2	C1_12-18_bin24	C1_12-18_bin24-k141_2459344	2	2	0	target	C1_12-18_bin24-k141_2459344_2	428	2548	+	ID=758_2;partial=01;start_type=ATG;rbs_motif=AGGAG;rbs_spacer=5-10bp;gc_cont=0.551
C2_12-18_bin11-k141_1404867_2	C2_12-18_bin11	C2_12-18_bin11-k141_1404867	2	1	-1	upstream	C2_12-18_bin11-k141_1404867_1	3	332	+	ID=387_1;partial=10;start_type=Edge;rbs_motif=None;rbs_spacer=None;gc_cont=0.636
C2_12-18_bin11-k141_1404867_2	C2_12-18_bin11	C2_12-18_bin11-k141_1404867	2	2	0	target	C2_12-18_bin11-k141_1404867_2	340	3063	+	ID=387_2;partial=00;start_type=ATG;rbs_motif=GGAG/GAGG;rbs_spacer=5-10bp;gc_cont=0.609
C2_12-18_bin11-k141_1404867_2	C2_12-18_bin11	C2_12-18_bin11-k141_1404867	2	3	1	downstream	C2_12-18_bin11-k141_1404867_3	3196	5370	+	ID=387_3;partial=00;start_type=ATG;rbs_motif=GGA/GAG/AGG;rbs_spacer=5-10bp;gc_cont=0.642
C2_12-18_bin11-k141_1404867_2	C2_12-18_bin11	C2_12-18_bin11-k141_1404867	2	4	2	downstream	C2_12-18_bin11-k141_1404867_4	5415	6407	+	ID=387_4;partial=01;start_type=ATG;rbs_motif=GGAG/GAGG;rbs_spacer=5-10bp;gc_cont=0.616
C2_12-18_bin17-k141_1448372_1	C2_12-18_bin17	C2_12-18_bin17-k141_1448372	1	1	0	target	C2_12-18_bin17-k141_1448372_1	2	2542	-	ID=479_1;partial=10;start_type=ATG;rbs_motif=GGAG/GAGG;rbs_spacer=5-10bp;gc_cont=0.566
C2_12-18_bin17-k141_1448372_1	C2_12-18_bin17	C2_12-18_bin17-k141_1448372	1	2	1	downstream	C2_12-18_bin17-k141_1448372_2	2627	3184	-	ID=479_2;partial=00;start_type=ATG;rbs_motif=AGGAGG;rbs_spacer=5-10bp;gc_cont=0.568
C2_12-18_bin17-k141_1448372_1	C2_12-18_bin17	C2_12-18_bin17-k141_1448372	1	3	2	downstream	C2_12-18_bin17-k141_1448372_3	3185	4417	-	ID=479_3;partial=01;start_type=Edge;rbs_motif=None;rbs_spacer=None;gc_cont=0.545
R2111_S300_0-10_bin19-k141_825759_6	R2111_S300_0-10_bin19	R2111_S300_0-10_bin19-k141_825759	6	1	-5	upstream	R2111_S300_0-10_bin19-k141_825759_1	2	730	+	ID=60_1;partial=10;start_type=Edge;rbs_motif=None;rbs_spacer=None;gc_cont=0.615
R2111_S300_0-10_bin19-k141_825759_6	R2111_S300_0-10_bin19	R2111_S300_0-10_bin19-k141_825759	6	2	-4	upstream	R2111_S300_0-10_bin19-k141_825759_2	734	1177	+	ID=60_2;partial=00;start_type=ATG;rbs_motif=None;rbs_spacer=None;gc_cont=0.586
R2111_S300_0-10_bin19-k141_825759_6	R2111_S300_0-10_bin19	R2111_S300_0-10_bin19-k141_825759	6	3	-3	upstream	R2111_S300_0-10_bin19-k141_825759_3	1181	2848	+	ID=60_3;partial=00;start_type=ATG;rbs_motif=GGA/GAG/AGG;rbs_spacer=5-10bp;gc_cont=0.589
R2111_S300_0-10_bin19-k141_825759_6	R2111_S300_0-10_bin19	R2111_S300_0-10_bin19-k141_825759	6	4	-2	upstream	R2111_S300_0-10_bin19-k141_825759_4	2845	3687	-	ID=60_4;partial=00;start_type=ATG;rbs_motif=GGAGG;rbs_spacer=5-10bp;gc_cont=0.591
R2111_S300_0-10_bin19-k141_825759_6	R2111_S300_0-10_bin19	R2111_S300_0-10_bin19-k141_825759	6	5	-1	upstream	R2111_S300_0-10_bin19-k141_825759_5	3677	3775	-	ID=60_5;partial=00;start_type=ATG;rbs_motif=GGA/GAG/AGG;rbs_spacer=5-10bp;gc_cont=0.657
R2111_S300_0-10_bin19-k141_825759_6	R2111_S300_0-10_bin19	R2111_S300_0-10_bin19-k141_825759	6	6	0	target	R2111_S300_0-10_bin19-k141_825759_6	3805	4716	-	ID=60_6;partial=00;start_type=ATG;rbs_motif=GGAG/GAGG;rbs_spacer=5-10bp;gc_cont=0.623
R2111_S300_0-10_bin19-k141_825759_6	R2111_S300_0-10_bin19	R2111_S300_0-10_bin19-k141_825759	6	7	1	downstream	R2111_S300_0-10_bin19-k141_825759_7	4713	5708	-	ID=60_7;partial=00;start_type=ATG;rbs_motif=None;rbs_spacer=None;gc_cont=0.653
R2111_S300_0-10_bin19-k141_825759_6	R2111_S300_0-10_bin19	R2111_S300_0-10_bin19-k141_825759	6	8	2	downstream	R2111_S300_0-10_bin19-k141_825759_8	5705	8194	-	ID=60_8;partial=00;start_type=ATG;rbs_motif=GGA/GAG/AGG;rbs_spacer=11-12bp;gc_cont=0.606
R2111_S300_0-10_bin19-k141_825759_6	R2111_S300_0-10_bin19	R2111_S300_0-10_bin19-k141_825759	6	9	3	downstream	R2111_S300_0-10_bin19-k141_825759_9	8198	8704	-	ID=60_9;partial=00;start_type=ATG;rbs_motif=GGAG/GAGG;rbs_spacer=5-10bp;gc_cont=0.611
R2111_S300_0-10_bin19-k141_825759_6	R2111_S300_0-10_bin19	R2111_S300_0-10_bin19-k141_825759	6	10	4	downstream	R2111_S300_0-10_bin19-k141_825759_10	8821	9150	-	ID=60_10;partial=00;start_type=ATG;rbs_motif=GGAG/GAGG;rbs_spacer=5-10bp;gc_cont=0.555
R2111_S300_0-10_bin19-k141_825759_6	R2111_S300_0-10_bin19	R2111_S300_0-10_bin19-k141_825759	6	11	5	downstream	R2111_S300_0-10_bin19-k141_825759_11	9301	9621	-	ID=60_11;partial=00;start_type=ATG;rbs_motif=AGGA/GGAG/GAGG;rbs_spacer=11-12bp;gc_cont=0.595
R2111_S300_0-10_bin19-k141_825759_6	R2111_S300_0-10_bin19	R2111_S300_0-10_bin19-k141_825759	6	12	6	downstream	R2111_S300_0-10_bin19-k141_825759_12	9624	10835	-	ID=60_12;partial=00;start_type=ATG;rbs_motif=3Base/5BMM;rbs_spacer=13-15bp;gc_cont=0.567
R2111_S300_0-10_bin19-k141_825759_6	R2111_S300_0-10_bin19	R2111_S300_0-10_bin19-k141_825759	6	13	7	downstream	R2111_S300_0-10_bin19-k141_825759_13	11412	11984	-	ID=60_13;partial=00;start_type=ATG;rbs_motif=AGGAG;rbs_spacer=5-10bp;gc_cont=0.532
R2111_S300_0-10_bin19-k141_825759_6	R2111_S300_0-10_bin19	R2111_S300_0-10_bin19-k141_825759	6	14	8	downstream	R2111_S300_0-10_bin19-k141_825759_14	12597	13577	+	ID=60_14;partial=00;start_type=ATG;rbs_motif=GGA/GAG/AGG;rbs_spacer=5-10bp;gc_cont=0.625
R2111_S300_0-10_bin19-k141_825759_6	R2111_S300_0-10_bin19	R2111_S300_0-10_bin19-k141_825759	6	15	9	downstream	R2111_S300_0-10_bin19-k141_825759_15	13612	14604	+	ID=60_15;partial=00;start_type=ATG;rbs_motif=GGAG/GAGG;rbs_spacer=5-10bp;gc_cont=0.585
R2111_S300_0-10_bin19-k141_825759_6	R2111_S300_0-10_bin19	R2111_S300_0-10_bin19-k141_825759	6	16	10	downstream	R2111_S300_0-10_bin19-k141_825759_16	14795	15088	+	ID=60_16;partial=00;start_type=ATG;rbs_motif=AGGA;rbs_spacer=5-10bp;gc_cont=0.616
R2111_S300_0-10_bin6-k141_8337747_2	R2111_S300_0-10_bin6	R2111_S300_0-10_bin6-k141_8337747	2	1	-1	upstream	R2111_S300_0-10_bin6-k141_8337747_1	2	712	+	ID=579_1;partial=10;start_type=Edge;rbs_motif=None;rbs_spacer=None;gc_cont=0.615
R2111_S300_0-10_bin6-k141_8337747_2	R2111_S300_0-10_bin6	R2111_S300_0-10_bin6-k141_8337747	2	2	0	target	R2111_S300_0-10_bin6-k141_8337747_2	761	2014	+	ID=579_2;partial=00;start_type=GTG;rbs_motif=GGA/GAG/AGG;rbs_spacer=5-10bp;gc_cont=0.609
S13_0-2_bin3-k141_1059512_3	S13_0-2_bin3	S13_0-2_bin3-k141_1059512	3	1	-2	upstream	S13_0-2_bin3-k141_1059512_1	3	746	+	ID=441_1;partial=10;start_type=Edge;rbs_motif=None;rbs_spacer=None;gc_cont=0.636
S13_0-2_bin3-k141_1059512_3	S13_0-2_bin3	S13_0-2_bin3-k141_1059512	3	2	-1	upstream	S13_0-2_bin3-k141_1059512_2	743	1288	+	ID=441_2;partial=00;start_type=ATG;rbs_motif=GGAGG;rbs_spacer=5-10bp;gc_cont=0.639
S13_0-2_bin3-k141_1059512_3	S13_0-2_bin3	S13_0-2_bin3-k141_1059512	3	3	0	target	S13_0-2_bin3-k141_1059512_3	1301	3430	+	ID=441_3;partial=01;start_type=ATG;rbs_motif=GGAG/GAGG;rbs_spacer=5-10bp;gc_cont=0.633
S15_8-10_bin20-k141_2063280_11	S15_8-10_bin20	S15_8-10_bin20-k141_2063280	11	1	-10	upstream	S15_8-10_bin20-k141_2063280_1	2	418	-	ID=290_1;partial=10;start_type=GTG;rbs_motif=None;rbs_spacer=None;gc_cont=0.532
S15_8-10_bin20-k141_2063280_11	S15_8-10_bin20	S15_8-10_bin20-k141_2063280	11	2	-9	upstream	S15_8-10_bin20-k141_2063280_2	408	1367	-	ID=290_2;partial=00;start_type=ATG;rbs_motif=GGA/GAG/AGG;rbs_spacer=5-10bp;gc_cont=0.511
S15_8-10_bin20-k141_2063280_11	S15_8-10_bin20	S15_8-10_bin20-k141_2063280	11	3	-8	upstream	S15_8-10_bin20-k141_2063280_3	1631	2101	-	ID=290_3;partial=00;start_type=ATG;rbs_motif=AGGAG;rbs_spacer=5-10bp;gc_cont=0.486
S15_8-10_bin20-k141_2063280_11	S15_8-10_bin20	S15_8-10_bin20-k141_2063280	11	4	-7	upstream	S15_8-10_bin20-k141_2063280_4	2661	3800	+	ID=290_4;partial=00;start_type=ATG;rbs_motif=None;rbs_spacer=None;gc_cont=0.547
S15_8-10_bin20-k141_2063280_11	S15_8-10_bin20	S15_8-10_bin20-k141_2063280	11	5	-6	upstream	S15_8-10_bin20-k141_2063280_5	3800	4489	+	ID=290_5;partial=00;start_type=ATG;rbs_motif=AGxAG;rbs_spacer=5-10bp;gc_cont=0.578
S15_8-10_bin20-k141_2063280_11	S15_8-10_bin20	S15_8-10_bin20-k141_2063280	11	6	-5	upstream	S15_8-10_bin20-k141_2063280_6	4479	5681	+	ID=290_6;partial=00;start_type=ATG;rbs_motif=GGA/GAG/AGG;rbs_spacer=5-10bp;gc_cont=0.564
S15_8-10_bin20-k141_2063280_11	S15_8-10_bin20	S15_8-10_bin20-k141_2063280	11	7	-4	upstream	S15_8-10_bin20-k141_2063280_7	6145	7344	+	ID=290_7;partial=00;start_type=ATG;rbs_motif=GGA/GAG/AGG;rbs_spacer=5-10bp;gc_cont=0.541
S15_8-10_bin20-k141_2063280_11	S15_8-10_bin20	S15_8-10_bin20-k141_2063280	11	8	-3	upstream	S15_8-10_bin20-k141_2063280_8	7419	7628	+	ID=290_8;partial=00;start_type=ATG;rbs_motif=AGGAGG;rbs_spacer=5-10bp;gc_cont=0.495
S15_8-10_bin20-k141_2063280_11	S15_8-10_bin20	S15_8-10_bin20-k141_2063280	11	9	-2	upstream	S15_8-10_bin20-k141_2063280_9	7710	8507	+	ID=290_9;partial=00;start_type=ATG;rbs_motif=None;rbs_spacer=None;gc_cont=0.490
S15_8-10_bin20-k141_2063280_11	S15_8-10_bin20	S15_8-10_bin20-k141_2063280	11	10	-1	upstream	S15_8-10_bin20-k141_2063280_10	8504	9670	+	ID=290_10;partial=00;start_type=ATG;rbs_motif=None;rbs_spacer=None;gc_cont=0.496
S15_8-10_bin20-k141_2063280_11	S15_8-10_bin20	S15_8-10_bin20-k141_2063280	11	11	0	target	S15_8-10_bin20-k141_2063280_11	9811	12504	-	ID=290_11;partial=00;start_type=ATG;rbs_motif=AGGAGG;rbs_spacer=5-10bp;gc_cont=0.510
S1_6-9_bin10-k141_481815_1	S1_6-9_bin10	S1_6-9_bin10-k141_481815	1	1	0	target	S1_6-9_bin10-k141_481815_1	2	1537	+	ID=198_1;partial=11;start_type=Edge;rbs_motif=None;rbs_spacer=None;gc_cont=0.571
S1_6-9_bin10-k141_876983_1	S1_6-9_bin10	S1_6-9_bin10-k141_876983	1	1	0	target	S1_6-9_bin10-k141_876983_1	2	1834	+	ID=783_1;partial=10;start_type=Edge;rbs_motif=None;rbs_spacer=None;gc_cont=0.564
S1_6-9_bin10-k141_876983_1	S1_6-9_bin10	S1_6-9_bin10-k141_876983	1	2	1	downstream	S1_6-9_bin10-k141_876983_2	2387	2836	-	ID=783_2;partial=00;start_type=ATG;rbs_motif=GGAG/GAGG;rbs_spacer=5-10bp;gc_cont=0.589
S1_6-9_bin10-k141_876983_1	S1_6-9_bin10	S1_6-9_bin10-k141_876983	1	3	2	downstream	S1_6-9_bin10-k141_876983_3	2833	3042	-	ID=783_3;partial=00;start_type=ATG;rbs_motif=GGA/GAG/AGG;rbs_spacer=5-10bp;gc_cont=0.576
S1_6-9_bin9-k141_583308_1	S1_6-9_bin9	S1_6-9_bin9-k141_583308	1	1	0	target	S1_6-9_bin9-k141_583308_1	3	1616	+	ID=143_1;partial=10;start_type=Edge;rbs_motif=None;rbs_spacer=None;gc_cont=0.455
S1_6-9_bin9-k141_583308_1	S1_6-9_bin9	S1_6-9_bin9-k141_583308	1	2	1	downstream	S1_6-9_bin9-k141_583308_2	2024	3298	-	ID=143_2;partial=00;start_type=ATG;rbs_motif=AGGA;rbs_spacer=5-10bp;gc_cont=0.351
S1_6-9_bin9-k141_583308_1	S1_6-9_bin9	S1_6-9_bin9-k141_583308	1	3	2	downstream	S1_6-9_bin9-k141_583308_3	3361	3711	-	ID=143_3;partial=00;start_type=ATG;rbs_motif=AGGA;rbs_spacer=5-10bp;gc_cont=0.399
S1_6-9_bin9-k141_583308_1	S1_6-9_bin9	S1_6-9_bin9-k141_583308	1	4	3	downstream	S1_6-9_bin9-k141_583308_4	3743	7975	-	ID=143_4;partial=00;start_type=ATG;rbs_motif=AGGAG;rbs_spacer=5-10bp;gc_cont=0.403
S1_6-9_bin9-k141_583308_1	S1_6-9_bin9	S1_6-9_bin9-k141_583308	1	5	4	downstream	S1_6-9_bin9-k141_583308_5	8255	9637	+	ID=143_5;partial=00;start_type=TTG;rbs_motif=GGAG/GAGG;rbs_spacer=5-10bp;gc_cont=0.435
S1_9-12_bin1-k141_637215_2	S1_9-12_bin1	S1_9-12_bin1-k141_637215	2	1	-1	upstream	S1_9-12_bin1-k141_637215_1	1	99	+	ID=95_1;partial=10;start_type=Edge;rbs_motif=None;rbs_spacer=None;gc_cont=0.495
S1_9-12_bin1-k141_637215_2	S1_9-12_bin1	S1_9-12_bin1-k141_637215	2	2	0	target	S1_9-12_bin1-k141_637215_2	1070	1588	+	ID=95_2;partial=00;start_type=ATG;rbs_motif=GGAG/GAGG;rbs_spacer=5-10bp;gc_cont=0.499
S1_9-12_bin1-k141_637215_2	S1_9-12_bin1	S1_9-12_bin1-k141_637215	2	3	1	downstream	S1_9-12_bin1-k141_637215_3	1613	4084	+	ID=95_3;partial=00;start_type=ATG;rbs_motif=GGAG/GAGG;rbs_spacer=5-10bp;gc_cont=0.474
S1_9-12_bin1-k141_637215_2	S1_9-12_bin1	S1_9-12_bin1-k141_637215	2	4	2	downstream	S1_9-12_bin1-k141_637215_4	4246	5181	+	ID=95_4;partial=00;start_type=ATG;rbs_motif=AGGA;rbs_spacer=5-10bp;gc_cont=0.394
S1_9-12_bin1-k141_675749_2	S1_9-12_bin1	S1_9-12_bin1-k141_675749	2	1	-1	upstream	S1_9-12_bin1-k141_675749_1	17	619	+	ID=334_1;partial=00;start_type=ATG;rbs_motif=AGGA;rbs_spacer=5-10bp;gc_cont=0.469
S1_9-12_bin1-k141_675749_2	S1_9-12_bin1	S1_9-12_bin1-k141_675749	2	2	0	target	S1_9-12_bin1-k141_675749_2	629	2842	+	ID=334_2;partial=01;start_type=ATG;rbs_motif=AGGAG;rbs_spacer=5-10bp;gc_cont=0.442
SQ_58_0-4_bin4-k141_1629246_3	SQ_58_0-4_bin4	SQ_58_0-4_bin4-k141_1629246	3	1	-2	upstream	SQ_58_0-4_bin4-k141_1629246_1	51	533	-	ID=94_1;partial=00;start_type=ATG;rbs_motif=None;rbs_spacer=None;gc_cont=0.644
SQ_58_0-4_bin4-k141_1629246_3	SQ_58_0-4_bin4	SQ_58_0-4_bin4-k141_1629246	3	2	-1	upstream	SQ_58_0-4_bin4-k141_1629246_2	591	1172	+	ID=94_2;partial=00;start_type=GTG;rbs_motif=None;rbs_spacer=None;gc_cont=0.646
SQ_58_0-4_bin4-k141_1629246_3	SQ_58_0-4_bin4	SQ_58_0-4_bin4-k141_1629246	3	3	0	target	SQ_58_0-4_bin4-k141_1629246_3	1169	3667	+	ID=94_3;partial=00;start_type=ATG;rbs_motif=None;rbs_spacer=None;gc_cont=0.638
SQ_81_0-4_bin5-k141_112333_1	SQ_81_0-4_bin5	SQ_81_0-4_bin5-k141_112333	1	1	0	target	SQ_81_0-4_bin5-k141_112333_1	3	1643	-	ID=5_1;partial=10;start_type=ATG;rbs_motif=AGGAG;rbs_spacer=5-10bp;gc_cont=0.530
SQ_81_0-4_bin5-k141_112333_1	SQ_81_0-4_bin5	SQ_81_0-4_bin5-k141_112333	1	2	1	downstream	SQ_81_0-4_bin5-k141_112333_2	1658	2209	-	ID=5_2;partial=01;start_type=Edge;rbs_motif=None;rbs_spacer=None;gc_cont=0.513
SY365BB-0-4_bin24-k141_346659_3	SY365BB-0-4_bin24	SY365BB-0-4_bin24-k141_346659	3	1	-2	upstream	SY365BB-0-4_bin24-k141_346659_1	3	140	+	ID=174_1;partial=10;start_type=Edge;rbs_motif=None;rbs_spacer=None;gc_cont=0.558
SY365BB-0-4_bin24-k141_346659_3	SY365BB-0-4_bin24	SY365BB-0-4_bin24-k141_346659	3	2	-1	upstream	SY365BB-0-4_bin24-k141_346659_2	137	757	+	ID=174_2;partial=00;start_type=ATG;rbs_motif=GGAGG;rbs_spacer=5-10bp;gc_cont=0.593
SY365BB-0-4_bin24-k141_346659_3	SY365BB-0-4_bin24	SY365BB-0-4_bin24-k141_346659	3	3	0	target	SY365BB-0-4_bin24-k141_346659_3	760	3468	+	ID=174_3;partial=00;start_type=ATG;rbs_motif=AGGAG;rbs_spacer=5-10bp;gc_cont=0.595
SY365BB-0-4_bin24-k141_346659_3	SY365BB-0-4_bin24	SY365BB-0-4_bin24-k141_346659	3	4	1	downstream	SY365BB-0-4_bin24-k141_346659_4	3636	3926	+	ID=174_4;partial=00;start_type=ATG;rbs_motif=AGGAG;rbs_spacer=5-10bp;gc_cont=0.557
SY365BB-0-4_bin24-k141_346659_3	SY365BB-0-4_bin24	SY365BB-0-4_bin24-k141_346659	3	5	2	downstream	SY365BB-0-4_bin24-k141_346659_5	4138	4365	-	ID=174_5;partial=01;start_type=Edge;rbs_motif=None;rbs_spacer=None;gc_cont=0.482
SY365BB-8-12_bin10-k141_688982_32	SY365BB-8-12_bin10	SY365BB-8-12_bin10-k141_688982	32	22	-10	upstream	SY365BB-8-12_bin10-k141_688982_22	17766	18068	+	ID=34_22;partial=00;start_type=ATG;rbs_motif=GGAG/GAGG;rbs_spacer=5-10bp;gc_cont=0.442
SY365BB-8-12_bin10-k141_688982_32	SY365BB-8-12_bin10	SY365BB-8-12_bin10-k141_688982	32	23	-9	upstream	SY365BB-8-12_bin10-k141_688982_23	18320	18442	+	ID=34_23;partial=00;start_type=ATG;rbs_motif=AGGA;rbs_spacer=5-10bp;gc_cont=0.496
SY365BB-8-12_bin10-k141_688982_32	SY365BB-8-12_bin10	SY365BB-8-12_bin10-k141_688982	32	24	-8	upstream	SY365BB-8-12_bin10-k141_688982_24	18456	20213	+	ID=34_24;partial=00;start_type=ATG;rbs_motif=GGA/GAG/AGG;rbs_spacer=5-10bp;gc_cont=0.527
SY365BB-8-12_bin10-k141_688982_32	SY365BB-8-12_bin10	SY365BB-8-12_bin10-k141_688982	32	25	-7	upstream	SY365BB-8-12_bin10-k141_688982_25	20210	21343	+	ID=34_25;partial=00;start_type=ATG;rbs_motif=GGAGG;rbs_spacer=5-10bp;gc_cont=0.525
SY365BB-8-12_bin10-k141_688982_32	SY365BB-8-12_bin10	SY365BB-8-12_bin10-k141_688982	32	26	-6	upstream	SY365BB-8-12_bin10-k141_688982_26	21353	23629	+	ID=34_26;partial=00;start_type=ATG;rbs_motif=GGA/GAG/AGG;rbs_spacer=5-10bp;gc_cont=0.522
SY365BB-8-12_bin10-k141_688982_32	SY365BB-8-12_bin10	SY365BB-8-12_bin10-k141_688982	32	27	-5	upstream	SY365BB-8-12_bin10-k141_688982_27	23704	24219	+	ID=34_27;partial=00;start_type=GTG;rbs_motif=None;rbs_spacer=None;gc_cont=0.424
SY365BB-8-12_bin10-k141_688982_32	SY365BB-8-12_bin10	SY365BB-8-12_bin10-k141_688982	32	28	-4	upstream	SY365BB-8-12_bin10-k141_688982_28	24216	24977	+	ID=34_28;partial=00;start_type=ATG;rbs_motif=None;rbs_spacer=None;gc_cont=0.457
SY365BB-8-12_bin10-k141_688982_32	SY365BB-8-12_bin10	SY365BB-8-12_bin10-k141_688982	32	29	-3	upstream	SY365BB-8-12_bin10-k141_688982_29	25310	26428	+	ID=34_29;partial=00;start_type=ATG;rbs_motif=GGA/GAG/AGG;rbs_spacer=5-10bp;gc_cont=0.517
SY365BB-8-12_bin10-k141_688982_32	SY365BB-8-12_bin10	SY365BB-8-12_bin10-k141_688982	32	30	-2	upstream	SY365BB-8-12_bin10-k141_688982_30	26443	27594	+	ID=34_30;partial=00;start_type=ATG;rbs_motif=AGGAG;rbs_spacer=5-10bp;gc_cont=0.516
SY365BB-8-12_bin10-k141_688982_32	SY365BB-8-12_bin10	SY365BB-8-12_bin10-k141_688982	32	31	-1	upstream	SY365BB-8-12_bin10-k141_688982_31	27615	28196	+	ID=34_31;partial=00;start_type=ATG;rbs_motif=AGGA;rbs_spacer=5-10bp;gc_cont=0.503
SY365BB-8-12_bin10-k141_688982_32	SY365BB-8-12_bin10	SY365BB-8-12_bin10-k141_688982	32	32	0	target	SY365BB-8-12_bin10-k141_688982_32	28209	30887	+	ID=34_32;partial=00;start_type=ATG;rbs_motif=AGGAG;rbs_spacer=5-10bp;gc_cont=0.506
SY365BB-8-12_bin10-k141_688982_32	SY365BB-8-12_bin10	SY365BB-8-12_bin10-k141_688982	32	33	1	downstream	SY365BB-8-12_bin10-k141_688982_33	31039	33228	+	ID=34_33;partial=00;start_type=ATG;rbs_motif=GGAG/GAGG;rbs_spacer=5-10bp;gc_cont=0.531
SY365BB-8-12_bin10-k141_688982_32	SY365BB-8-12_bin10	SY365BB-8-12_bin10-k141_688982	32	34	2	downstream	SY365BB-8-12_bin10-k141_688982_34	33254	33994	+	ID=34_34;partial=00;start_type=ATG;rbs_motif=GGAG/GAGG;rbs_spacer=5-10bp;gc_cont=0.471
SY365BB-8-12_bin10-k141_688982_32	SY365BB-8-12_bin10	SY365BB-8-12_bin10-k141_688982	32	35	3	downstream	SY365BB-8-12_bin10-k141_688982_35	34013	34120	+	ID=34_35;partial=00;start_type=ATG;rbs_motif=AGGAG;rbs_spacer=5-10bp;gc_cont=0.444
SY365BB-8-12_bin10-k141_688982_32	SY365BB-8-12_bin10	SY365BB-8-12_bin10-k141_688982	32	36	4	downstream	SY365BB-8-12_bin10-k141_688982_36	34150	34953	+	ID=34_36;partial=00;start_type=ATG;rbs_motif=None;rbs_spacer=None;gc_cont=0.541
SY365BB-8-12_bin10-k141_688982_32	SY365BB-8-12_bin10	SY365BB-8-12_bin10-k141_688982	32	37	5	downstream	SY365BB-8-12_bin10-k141_688982_37	34965	36617	+	ID=34_37;partial=00;start_type=ATG;rbs_motif=GGA/GAG/AGG;rbs_spacer=5-10bp;gc_cont=0.515
SY365BB-8-12_bin10-k141_688982_32	SY365BB-8-12_bin10	SY365BB-8-12_bin10-k141_688982	32	38	6	downstream	SY365BB-8-12_bin10-k141_688982_38	36610	37881	+	ID=34_38;partial=00;start_type=ATG;rbs_motif=GGAG/GAGG;rbs_spacer=5-10bp;gc_cont=0.542
SY365BB-8-12_bin10-k141_688982_32	SY365BB-8-12_bin10	SY365BB-8-12_bin10-k141_688982	32	39	7	downstream	SY365BB-8-12_bin10-k141_688982_39	37878	39251	+	ID=34_39;partial=00;start_type=GTG;rbs_motif=GGAGG;rbs_spacer=5-10bp;gc_cont=0.545
SY365BB-8-12_bin10-k141_688982_32	SY365BB-8-12_bin10	SY365BB-8-12_bin10-k141_688982	32	40	8	downstream	SY365BB-8-12_bin10-k141_688982_40	39238	40461	-	ID=34_40;partial=00;start_type=ATG;rbs_motif=AGGAG;rbs_spacer=5-10bp;gc_cont=0.538
SY365BB-8-12_bin10-k141_688982_32	SY365BB-8-12_bin10	SY365BB-8-12_bin10-k141_688982	32	41	9	downstream	SY365BB-8-12_bin10-k141_688982_41	40458	41099	-	ID=34_41;partial=00;start_type=ATG;rbs_motif=GGAG/GAGG;rbs_spacer=5-10bp;gc_cont=0.569
SY365BB-8-12_bin10-k141_688982_32	SY365BB-8-12_bin10	SY365BB-8-12_bin10-k141_688982	32	42	10	downstream	SY365BB-8-12_bin10-k141_688982_42	41252	43447	-	ID=34_42;partial=00;start_type=ATG;rbs_motif=None;rbs_spacer=None;gc_cont=0.493
SY365BB-8-12_bin26-k141_1297159_20	SY365BB-8-12_bin26	SY365BB-8-12_bin26-k141_1297159	20	10	-10	upstream	SY365BB-8-12_bin26-k141_1297159_10	11907	12674	-	ID=10_10;partial=00;start_type=TTG;rbs_motif=GGA/GAG/AGG;rbs_spacer=11-12bp;gc_cont=0.556
SY365BB-8-12_bin26-k141_1297159_20	SY365BB-8-12_bin26	SY365BB-8-12_bin26-k141_1297159	20	11	-9	upstream	SY365BB-8-12_bin26-k141_1297159_11	12857	13159	+	ID=10_11;partial=00;start_type=ATG;rbs_motif=GGA/GAG/AGG;rbs_spacer=5-10bp;gc_cont=0.525
SY365BB-8-12_bin26-k141_1297159_20	SY365BB-8-12_bin26	SY365BB-8-12_bin26-k141_1297159	20	12	-8	upstream	SY365BB-8-12_bin26-k141_1297159_12	13315	13437	+	ID=10_12;partial=00;start_type=ATG;rbs_motif=AGGA;rbs_spacer=5-10bp;gc_cont=0.455
SY365BB-8-12_bin26-k141_1297159_20	SY365BB-8-12_bin26	SY365BB-8-12_bin26-k141_1297159	20	13	-7	upstream	SY365BB-8-12_bin26-k141_1297159_13	13460	13585	+	ID=10_13;partial=00;start_type=ATG;rbs_motif=AGGA;rbs_spacer=5-10bp;gc_cont=0.532
SY365BB-8-12_bin26-k141_1297159_20	SY365BB-8-12_bin26	SY365BB-8-12_bin26-k141_1297159	20	14	-6	upstream	SY365BB-8-12_bin26-k141_1297159_14	13597	15354	+	ID=10_14;partial=00;start_type=ATG;rbs_motif=GGA/GAG/AGG;rbs_spacer=5-10bp;gc_cont=0.558
SY365BB-8-12_bin26-k141_1297159_20	SY365BB-8-12_bin26	SY365BB-8-12_bin26-k141_1297159	20	15	-5	upstream	SY365BB-8-12_bin26-k141_1297159_15	15351	16490	+	ID=10_15;partial=00;start_type=ATG;rbs_motif=GGAGG;rbs_spacer=5-10bp;gc_cont=0.565
SY365BB-8-12_bin26-k141_1297159_20	SY365BB-8-12_bin26	SY365BB-8-12_bin26-k141_1297159	20	16	-4	upstream	SY365BB-8-12_bin26-k141_1297159_16	16500	18764	+	ID=10_16;partial=00;start_type=ATG;rbs_motif=AGxAGG/AGGxGG;rbs_spacer=5-10bp;gc_cont=0.562
SY365BB-8-12_bin26-k141_1297159_20	SY365BB-8-12_bin26	SY365BB-8-12_bin26-k141_1297159	20	17	-3	upstream	SY365BB-8-12_bin26-k141_1297159_17	18907	20028	+	ID=10_17;partial=00;start_type=ATG;rbs_motif=AGxAGG/AGGxGG;rbs_spacer=5-10bp;gc_cont=0.578
SY365BB-8-12_bin26-k141_1297159_20	SY365BB-8-12_bin26	SY365BB-8-12_bin26-k141_1297159	20	18	-2	upstream	SY365BB-8-12_bin26-k141_1297159_18	20041	21186	+	ID=10_18;partial=00;start_type=ATG;rbs_motif=AGGA;rbs_spacer=5-10bp;gc_cont=0.566
SY365BB-8-12_bin26-k141_1297159_20	SY365BB-8-12_bin26	SY365BB-8-12_bin26-k141_1297159	20	19	-1	upstream	SY365BB-8-12_bin26-k141_1297159_19	21207	21788	+	ID=10_19;partial=00;start_type=ATG;rbs_motif=AGGA;rbs_spacer=5-10bp;gc_cont=0.543
SY365BB-8-12_bin26-k141_1297159_20	SY365BB-8-12_bin26	SY365BB-8-12_bin26-k141_1297159	20	20	0	target	SY365BB-8-12_bin26-k141_1297159_20	21801	24479	+	ID=10_20;partial=00;start_type=ATG;rbs_motif=AGGAG;rbs_spacer=5-10bp;gc_cont=0.546
SY365BB-8-12_bin26-k141_1297159_20	SY365BB-8-12_bin26	SY365BB-8-12_bin26-k141_1297159	20	21	1	downstream	SY365BB-8-12_bin26-k141_1297159_21	24635	26827	+	ID=10_21;partial=00;start_type=ATG;rbs_motif=GGA/GAG/AGG;rbs_spacer=5-10bp;gc_cont=0.575
SY365BB-8-12_bin26-k141_1297159_20	SY365BB-8-12_bin26	SY365BB-8-12_bin26-k141_1297159	20	22	2	downstream	SY365BB-8-12_bin26-k141_1297159_22	26853	27593	+	ID=10_22;partial=00;start_type=ATG;rbs_motif=AGGA;rbs_spacer=5-10bp;gc_cont=0.520
SY365BB-8-12_bin26-k141_1297159_20	SY365BB-8-12_bin26	SY365BB-8-12_bin26-k141_1297159	20	23	3	downstream	SY365BB-8-12_bin26-k141_1297159_23	27615	27722	+	ID=10_23;partial=00;start_type=ATG;rbs_motif=AGGAG;rbs_spacer=5-10bp;gc_cont=0.491
SY365BB-8-12_bin26-k141_1297159_20	SY365BB-8-12_bin26	SY365BB-8-12_bin26-k141_1297159	20	24	4	downstream	SY365BB-8-12_bin26-k141_1297159_24	27734	28564	+	ID=10_24;partial=00;start_type=GTG;rbs_motif=None;rbs_spacer=None;gc_cont=0.597
SY365BB-8-12_bin26-k141_1297159_20	SY365BB-8-12_bin26	SY365BB-8-12_bin26-k141_1297159	20	25	5	downstream	SY365BB-8-12_bin26-k141_1297159_25	28571	30217	+	ID=10_25;partial=00;start_type=ATG;rbs_motif=GGA/GAG/AGG;rbs_spacer=5-10bp;gc_cont=0.570
SY365BB-8-12_bin26-k141_1297159_20	SY365BB-8-12_bin26	SY365BB-8-12_bin26-k141_1297159	20	26	6	downstream	SY365BB-8-12_bin26-k141_1297159_26	30217	31500	+	ID=10_26;partial=00;start_type=ATG;rbs_motif=GGA/GAG/AGG;rbs_spacer=5-10bp;gc_cont=0.585
SY365BB-8-12_bin26-k141_1297159_20	SY365BB-8-12_bin26	SY365BB-8-12_bin26-k141_1297159	20	27	7	downstream	SY365BB-8-12_bin26-k141_1297159_27	31500	32870	+	ID=10_27;partial=00;start_type=ATG;rbs_motif=GGAG/GAGG;rbs_spacer=5-10bp;gc_cont=0.577
SY365BB-8-12_bin26-k141_1297159_20	SY365BB-8-12_bin26	SY365BB-8-12_bin26-k141_1297159	20	28	8	downstream	SY365BB-8-12_bin26-k141_1297159_28	32867	35113	-	ID=10_28;partial=00;start_type=GTG;rbs_motif=GGA/GAG/AGG;rbs_spacer=5-10bp;gc_cont=0.543
SY365BB-8-12_bin26-k141_1297159_20	SY365BB-8-12_bin26	SY365BB-8-12_bin26-k141_1297159	20	29	9	downstream	SY365BB-8-12_bin26-k141_1297159_29	35196	35981	+	ID=10_29;partial=00;start_type=ATG;rbs_motif=None;rbs_spacer=None;gc_cont=0.538
SY365BB-8-12_bin26-k141_1297159_20	SY365BB-8-12_bin26	SY365BB-8-12_bin26-k141_1297159	20	30	10	downstream	SY365BB-8-12_bin26-k141_1297159_30	36092	37357	+	ID=10_30;partial=00;start_type=ATG;rbs_motif=AGGA;rbs_spacer=5-10bp;gc_cont=0.555
SY365BB-8-12_bin7-k141_1337394_7	SY365BB-8-12_bin7	SY365BB-8-12_bin7-k141_1337394	7	1	-6	upstream	SY365BB-8-12_bin7-k141_1337394_1	1	1347	-	ID=596_1;partial=10;start_type=ATG;rbs_motif=4Base/6BMM;rbs_spacer=13-15bp;gc_cont=0.418
SY365BB-8-12_bin7-k141_1337394_7	SY365BB-8-12_bin7	SY365BB-8-12_bin7-k141_1337394	7	2	-5	upstream	SY365BB-8-12_bin7-k141_1337394_2	1340	3862	-	ID=596_2;partial=00;start_type=ATG;rbs_motif=GGA/GAG/AGG;rbs_spacer=5-10bp;gc_cont=0.369
SY365BB-8-12_bin7-k141_1337394_7	SY365BB-8-12_bin7	SY365BB-8-12_bin7-k141_1337394	7	3	-4	upstream	SY365BB-8-12_bin7-k141_1337394_3	4059	6383	-	ID=596_3;partial=00;start_type=ATG;rbs_motif=GGA/GAG/AGG;rbs_spacer=5-10bp;gc_cont=0.417
SY365BB-8-12_bin7-k141_1337394_7	SY365BB-8-12_bin7	SY365BB-8-12_bin7-k141_1337394	7	4	-3	upstream	SY365BB-8-12_bin7-k141_1337394_4	6725	7819	+	ID=596_4;partial=00;start_type=ATG;rbs_motif=AGGAG;rbs_spacer=5-10bp;gc_cont=0.429
SY365BB-8-12_bin7-k141_1337394_7	SY365BB-8-12_bin7	SY365BB-8-12_bin7-k141_1337394	7	5	-2	upstream	SY365BB-8-12_bin7-k141_1337394_5	7830	9080	+	ID=596_5;partial=00;start_type=ATG;rbs_motif=AGGAG;rbs_spacer=5-10bp;gc_cont=0.431
SY365BB-8-12_bin7-k141_1337394_7	SY365BB-8-12_bin7	SY365BB-8-12_bin7-k141_1337394	7	6	-1	upstream	SY365BB-8-12_bin7-k141_1337394_6	9077	9697	+	ID=596_6;partial=00;start_type=ATG;rbs_motif=GGAGG;rbs_spacer=5-10bp;gc_cont=0.430
SY365BB-8-12_bin7-k141_1337394_7	SY365BB-8-12_bin7	SY365BB-8-12_bin7-k141_1337394	7	7	0	target	SY365BB-8-12_bin7-k141_1337394_7	9700	12396	+	ID=596_7;partial=00;start_type=ATG;rbs_motif=AGGAG;rbs_spacer=5-10bp;gc_cont=0.425
SY365BB-8-12_bin7-k141_1337394_7	SY365BB-8-12_bin7	SY365BB-8-12_bin7-k141_1337394	7	8	1	downstream	SY365BB-8-12_bin7-k141_1337394_8	12648	13151	+	ID=596_8;partial=00;start_type=ATG;rbs_motif=GGA/GAG/AGG;rbs_spacer=11-12bp;gc_cont=0.369
SY365BB-8-12_bin7-k141_1337394_7	SY365BB-8-12_bin7	SY365BB-8-12_bin7-k141_1337394	7	9	2	downstream	SY365BB-8-12_bin7-k141_1337394_9	13187	13849	+	ID=596_9;partial=00;start_type=GTG;rbs_motif=AGGAG;rbs_spacer=5-10bp;gc_cont=0.371
SY365BB-8-12_bin7-k141_1337394_7	SY365BB-8-12_bin7	SY365BB-8-12_bin7-k141_1337394	7	10	3	downstream	SY365BB-8-12_bin7-k141_1337394_10	14081	14893	+	ID=596_10;partial=00;start_type=ATG;rbs_motif=GGA/GAG/AGG;rbs_spacer=5-10bp;gc_cont=0.407
SY365BB-8-12_bin7-k141_1337394_7	SY365BB-8-12_bin7	SY365BB-8-12_bin7-k141_1337394	7	11	4	downstream	SY365BB-8-12_bin7-k141_1337394_11	14960	15124	-	ID=596_11;partial=00;start_type=ATG;rbs_motif=GGA/GAG/AGG;rbs_spacer=5-10bp;gc_cont=0.279
SY365BB-8-12_bin7-k141_1337394_7	SY365BB-8-12_bin7	SY365BB-8-12_bin7-k141_1337394	7	12	5	downstream	SY365BB-8-12_bin7-k141_1337394_12	15203	15901	+	ID=596_12;partial=00;start_type=ATG;rbs_motif=None;rbs_spacer=None;gc_cont=0.395
SY365BB-8-12_bin7-k141_1337394_7	SY365BB-8-12_bin7	SY365BB-8-12_bin7-k141_1337394	7	13	6	downstream	SY365BB-8-12_bin7-k141_1337394_13	16002	16361	-	ID=596_13;partial=00;start_type=ATG;rbs_motif=GGA/GAG/AGG;rbs_spacer=5-10bp;gc_cont=0.411
SY365BB-8-12_bin7-k141_1337394_7	SY365BB-8-12_bin7	SY365BB-8-12_bin7-k141_1337394	7	14	7	downstream	SY365BB-8-12_bin7-k141_1337394_14	16801	17478	+	ID=596_14;partial=00;start_type=ATG;rbs_motif=None;rbs_spacer=None;gc_cont=0.388
SY365BB-8-12_bin7-k141_1337394_7	SY365BB-8-12_bin7	SY365BB-8-12_bin7-k141_1337394	7	15	8	downstream	SY365BB-8-12_bin7-k141_1337394_15	17720	18559	+	ID=596_15;partial=00;start_type=ATG;rbs_motif=None;rbs_spacer=None;gc_cont=0.411
SY365BB-8-12_bin8-k141_832694_5	SY365BB-8-12_bin8	SY365BB-8-12_bin8-k141_832694	5	1	-4	upstream	SY365BB-8-12_bin8-k141_832694_1	2	142	+	ID=59_1;partial=10;start_type=Edge;rbs_motif=None;rbs_spacer=None;gc_cont=0.426
SY365BB-8-12_bin8-k141_832694_5	SY365BB-8-12_bin8	SY365BB-8-12_bin8-k141_832694	5	2	-3	upstream	SY365BB-8-12_bin8-k141_832694_2	328	1446	+	ID=59_2;partial=00;start_type=ATG;rbs_motif=GGAG/GAGG;rbs_spacer=5-10bp;gc_cont=0.527
SY365BB-8-12_bin8-k141_832694_5	SY365BB-8-12_bin8	SY365BB-8-12_bin8-k141_832694	5	3	-2	upstream	SY365BB-8-12_bin8-k141_832694_3	1461	2600	+	ID=59_3;partial=00;start_type=ATG;rbs_motif=AGGAG;rbs_spacer=5-10bp;gc_cont=0.545
SY365BB-8-12_bin8-k141_832694_5	SY365BB-8-12_bin8	SY365BB-8-12_bin8-k141_832694	5	4	-1	upstream	SY365BB-8-12_bin8-k141_832694_4	2623	3204	+	ID=59_4;partial=00;start_type=ATG;rbs_motif=GGA/GAG/AGG;rbs_spacer=5-10bp;gc_cont=0.495
SY365BB-8-12_bin8-k141_832694_5	SY365BB-8-12_bin8	SY365BB-8-12_bin8-k141_832694	5	5	0	target	SY365BB-8-12_bin8-k141_832694_5	3218	5896	+	ID=59_5;partial=00;start_type=ATG;rbs_motif=AGGAG;rbs_spacer=5-10bp;gc_cont=0.527
SY365BB-8-12_bin8-k141_832694_5	SY365BB-8-12_bin8	SY365BB-8-12_bin8-k141_832694	5	6	1	downstream	SY365BB-8-12_bin8-k141_832694_6	6038	8209	+	ID=59_6;partial=00;start_type=ATG;rbs_motif=None;rbs_spacer=None;gc_cont=0.553
SY365BB-8-12_bin8-k141_832694_5	SY365BB-8-12_bin8	SY365BB-8-12_bin8-k141_832694	5	7	2	downstream	SY365BB-8-12_bin8-k141_832694_7	8237	8974	+	ID=59_7;partial=00;start_type=ATG;rbs_motif=GGAG/GAGG;rbs_spacer=5-10bp;gc_cont=0.499
SY365BB-8-12_bin8-k141_832694_5	SY365BB-8-12_bin8	SY365BB-8-12_bin8-k141_832694	5	8	3	downstream	SY365BB-8-12_bin8-k141_832694_8	8992	9099	+	ID=59_8;partial=00;start_type=ATG;rbs_motif=GGA/GAG/AGG;rbs_spacer=5-10bp;gc_cont=0.463
SY365BB-8-12_bin8-k141_832694_5	SY365BB-8-12_bin8	SY365BB-8-12_bin8-k141_832694	5	9	4	downstream	SY365BB-8-12_bin8-k141_832694_9	9096	9938	+	ID=59_9;partial=00;start_type=TTG;rbs_motif=GGA/GAG/AGG;rbs_spacer=5-10bp;gc_cont=0.562
SY365BB-8-12_bin8-k141_832694_5	SY365BB-8-12_bin8	SY365BB-8-12_bin8-k141_832694	5	10	5	downstream	SY365BB-8-12_bin8-k141_832694_10	9969	11627	+	ID=59_10;partial=00;start_type=ATG;rbs_motif=GGAG/GAGG;rbs_spacer=5-10bp;gc_cont=0.566
SY365BB-8-12_bin8-k141_832694_5	SY365BB-8-12_bin8	SY365BB-8-12_bin8-k141_832694	5	11	6	downstream	SY365BB-8-12_bin8-k141_832694_11	11624	11824	+	ID=59_11;partial=01;start_type=ATG;rbs_motif=GGAGG;rbs_spacer=3-4bp;gc_cont=0.612
SY366YB-0-4_bin3-k141_281514_2	SY366YB-0-4_bin3	SY366YB-0-4_bin3-k141_281514	2	1	-1	upstream	SY366YB-0-4_bin3-k141_281514_1	3	755	-	ID=597_1;partial=10;start_type=GTG;rbs_motif=GGA/GAG/AGG;rbs_spacer=5-10bp;gc_cont=0.705
SY366YB-0-4_bin3-k141_281514_2	SY366YB-0-4_bin3	SY366YB-0-4_bin3-k141_281514	2	2	0	target	SY366YB-0-4_bin3-k141_281514_2	752	3181	-	ID=597_2;partial=01;start_type=Edge;rbs_motif=None;rbs_spacer=None;gc_cont=0.626
SY366YB-0-4_bin5-k141_98994_2	SY366YB-0-4_bin5	SY366YB-0-4_bin5-k141_98994	2	1	-1	upstream	SY366YB-0-4_bin5-k141_98994_1	3	611	-	ID=174_1;partial=10;start_type=ATG;rbs_motif=None;rbs_spacer=None;gc_cont=0.544
SY366YB-0-4_bin5-k141_98994_2	SY366YB-0-4_bin5	SY366YB-0-4_bin5-k141_98994	2	2	0	target	SY366YB-0-4_bin5-k141_98994_2	751	3429	-	ID=174_2;partial=00;start_type=ATG;rbs_motif=AGGAG;rbs_spacer=5-10bp;gc_cont=0.525
SY366YB-0-4_bin5-k141_98994_2	SY366YB-0-4_bin5	SY366YB-0-4_bin5-k141_98994	2	3	1	downstream	SY366YB-0-4_bin5-k141_98994_3	3443	4024	-	ID=174_3;partial=00;start_type=ATG;rbs_motif=GGA/GAG/AGG;rbs_spacer=5-10bp;gc_cont=0.507
SY366YB-4-8_bin5-k141_186748_2	SY366YB-4-8_bin5	SY366YB-4-8_bin5-k141_186748	2	1	-1	upstream	SY366YB-4-8_bin5-k141_186748_1	2	559	+	ID=300_1;partial=10;start_type=Edge;rbs_motif=None;rbs_spacer=None;gc_cont=0.642
SY366YB-4-8_bin5-k141_186748_2	SY366YB-4-8_bin5	SY366YB-4-8_bin5-k141_186748	2	2	0	target	SY366YB-4-8_bin5-k141_186748_2	556	2379	+	ID=300_2;partial=01;start_type=ATG;rbs_motif=None;rbs_spacer=None;gc_cont=0.644
SY366YW-0-4_bin2-k141_1353278_2	SY366YW-0-4_bin2	SY366YW-0-4_bin2-k141_1353278	2	1	-1	upstream	SY366YW-0-4_bin2-k141_1353278_1	1	474	+	ID=427_1;partial=10;start_type=Edge;rbs_motif=None;rbs_spacer=None;gc_cont=0.652
SY366YW-0-4_bin2-k141_1353278_2	SY366YW-0-4_bin2	SY366YW-0-4_bin2-k141_1353278	2	2	0	target	SY366YW-0-4_bin2-k141_1353278_2	471	2969	+	ID=427_2;partial=00;start_type=ATG;rbs_motif=GGxGG;rbs_spacer=5-10bp;gc_cont=0.636
SY366YW-0-4_bin34-k141_1276861_15	SY366YW-0-4_bin34	SY366YW-0-4_bin34-k141_1276861	15	5	-10	upstream	SY366YW-0-4_bin34-k141_1276861_5	5449	5973	-	ID=137_5;partial=00;start_type=ATG;rbs_motif=AGxAGG/AGGxGG;rbs_spacer=5-10bp;gc_cont=0.432
SY366YW-0-4_bin34-k141_1276861_15	SY366YW-0-4_bin34	SY366YW-0-4_bin34-k141_1276861	15	6	-9	upstream	SY366YW-0-4_bin34-k141_1276861_6	6310	7677	-	ID=137_6;partial=00;start_type=ATG;rbs_motif=GGA/GAG/AGG;rbs_spacer=5-10bp;gc_cont=0.520
SY366YW-0-4_bin34-k141_1276861_15	SY366YW-0-4_bin34	SY366YW-0-4_bin34-k141_1276861	15	7	-8	upstream	SY366YW-0-4_bin34-k141_1276861_7	7716	8885	-	ID=137_7;partial=00;start_type=ATG;rbs_motif=AGGA/GGAG/GAGG;rbs_spacer=11-12bp;gc_cont=0.540
SY366YW-0-4_bin34-k141_1276861_15	SY366YW-0-4_bin34	SY366YW-0-4_bin34-k141_1276861	15	8	-7	upstream	SY366YW-0-4_bin34-k141_1276861_8	8906	10294	-	ID=137_8;partial=00;start_type=ATG;rbs_motif=None;rbs_spacer=None;gc_cont=0.536
SY366YW-0-4_bin34-k141_1276861_15	SY366YW-0-4_bin34	SY366YW-0-4_bin34-k141_1276861	15	9	-6	upstream	SY366YW-0-4_bin34-k141_1276861_9	10558	11157	-	ID=137_9;partial=00;start_type=ATG;rbs_motif=AGxAG;rbs_spacer=11-12bp;gc_cont=0.490
SY366YW-0-4_bin34-k141_1276861_15	SY366YW-0-4_bin34	SY366YW-0-4_bin34-k141_1276861	15	10	-5	upstream	SY366YW-0-4_bin34-k141_1276861_10	11189	12586	-	ID=137_10;partial=00;start_type=ATG;rbs_motif=GGA/GAG/AGG;rbs_spacer=5-10bp;gc_cont=0.563
SY366YW-0-4_bin34-k141_1276861_15	SY366YW-0-4_bin34	SY366YW-0-4_bin34-k141_1276861	15	11	-4	upstream	SY366YW-0-4_bin34-k141_1276861_11	12583	13863	-	ID=137_11;partial=00;start_type=ATG;rbs_motif=GGA/GAG/AGG;rbs_spacer=5-10bp;gc_cont=0.559
SY366YW-0-4_bin34-k141_1276861_15	SY366YW-0-4_bin34	SY366YW-0-4_bin34-k141_1276861	15	12	-3	upstream	SY366YW-0-4_bin34-k141_1276861_12	13873	15627	-	ID=137_12;partial=00;start_type=ATG;rbs_motif=AGGA;rbs_spacer=5-10bp;gc_cont=0.532
SY366YW-0-4_bin34-k141_1276861_15	SY366YW-0-4_bin34	SY366YW-0-4_bin34-k141_1276861	15	13	-2	upstream	SY366YW-0-4_bin34-k141_1276861_13	15899	16633	-	ID=137_13;partial=00;start_type=ATG;rbs_motif=AGGAG;rbs_spacer=5-10bp;gc_cont=0.487
SY366YW-0-4_bin34-k141_1276861_15	SY366YW-0-4_bin34	SY366YW-0-4_bin34-k141_1276861	15	14	-1	upstream	SY366YW-0-4_bin34-k141_1276861_14	16836	19268	-	ID=137_14;partial=00;start_type=ATG;rbs_motif=AGGA;rbs_spacer=5-10bp;gc_cont=0.541
SY366YW-0-4_bin34-k141_1276861_15	SY366YW-0-4_bin34	SY366YW-0-4_bin34-k141_1276861	15	15	0	target	SY366YW-0-4_bin34-k141_1276861_15	19424	22099	-	ID=137_15;partial=00;start_type=ATG;rbs_motif=GGAG/GAGG;rbs_spacer=5-10bp;gc_cont=0.499
SY366YW-0-4_bin34-k141_1276861_15	SY366YW-0-4_bin34	SY366YW-0-4_bin34-k141_1276861	15	16	1	downstream	SY366YW-0-4_bin34-k141_1276861_16	22112	22690	-	ID=137_16;partial=00;start_type=ATG;rbs_motif=AGGAG;rbs_spacer=5-10bp;gc_cont=0.509
SY366YW-0-4_bin34-k141_1276861_15	SY366YW-0-4_bin34	SY366YW-0-4_bin34-k141_1276861	15	17	2	downstream	SY366YW-0-4_bin34-k141_1276861_17	22704	23840	-	ID=137_17;partial=00;start_type=ATG;rbs_motif=GGAGG;rbs_spacer=5-10bp;gc_cont=0.499
SY366YW-0-4_bin34-k141_1276861_15	SY366YW-0-4_bin34	SY366YW-0-4_bin34-k141_1276861	15	18	3	downstream	SY366YW-0-4_bin34-k141_1276861_18	23852	24982	-	ID=137_18;partial=00;start_type=ATG;rbs_motif=GGAGG;rbs_spacer=5-10bp;gc_cont=0.483
SY366YW-0-4_bin34-k141_1276861_15	SY366YW-0-4_bin34	SY366YW-0-4_bin34-k141_1276861	15	19	4	downstream	SY366YW-0-4_bin34-k141_1276861_19	25276	26205	-	ID=137_19;partial=00;start_type=GTG;rbs_motif=None;rbs_spacer=None;gc_cont=0.534
SY366YW-0-4_bin34-k141_1276861_15	SY366YW-0-4_bin34	SY366YW-0-4_bin34-k141_1276861	15	20	5	downstream	SY366YW-0-4_bin34-k141_1276861_20	26224	27558	-	ID=137_20;partial=00;start_type=ATG;rbs_motif=AGGA;rbs_spacer=5-10bp;gc_cont=0.522
SY366YW-0-4_bin34-k141_1276861_15	SY366YW-0-4_bin34	SY366YW-0-4_bin34-k141_1276861	15	21	6	downstream	SY366YW-0-4_bin34-k141_1276861_21	27570	28382	-	ID=137_21;partial=00;start_type=ATG;rbs_motif=GGAG/GAGG;rbs_spacer=5-10bp;gc_cont=0.528
SY366YW-0-4_bin34-k141_1276861_15	SY366YW-0-4_bin34	SY366YW-0-4_bin34-k141_1276861	15	22	7	downstream	SY366YW-0-4_bin34-k141_1276861_22	28379	30145	-	ID=137_22;partial=00;start_type=ATG;rbs_motif=GGAG/GAGG;rbs_spacer=5-10bp;gc_cont=0.517
SY366YW-0-4_bin34-k141_1276861_15	SY366YW-0-4_bin34	SY366YW-0-4_bin34-k141_1276861	15	23	8	downstream	SY366YW-0-4_bin34-k141_1276861_23	30153	30284	-	ID=137_23;partial=00;start_type=ATG;rbs_motif=GGAG/GAGG;rbs_spacer=5-10bp;gc_cont=0.500
SY366YW-0-4_bin34-k141_1276861_15	SY366YW-0-4_bin34	SY366YW-0-4_bin34-k141_1276861	15	24	9	downstream	SY366YW-0-4_bin34-k141_1276861_24	30292	30489	-	ID=137_24;partial=00;start_type=TTG;rbs_motif=GGAGG;rbs_spacer=5-10bp;gc_cont=0.439
SY366YW-0-4_bin34-k141_1276861_15	SY366YW-0-4_bin34	SY366YW-0-4_bin34-k141_1276861	15	25	10	downstream	SY366YW-0-4_bin34-k141_1276861_25	30625	31995	-	ID=137_25;partial=00;start_type=ATG;rbs_motif=GGA/GAG/AGG;rbs_spacer=11-12bp;gc_cont=0.505
SY366YW-0-4_bin9-k141_1360848_3	SY366YW-0-4_bin9	SY366YW-0-4_bin9-k141_1360848	3	1	-2	upstream	SY366YW-0-4_bin9-k141_1360848_1	3	665	-	ID=38_1;partial=10;start_type=ATG;rbs_motif=None;rbs_spacer=None;gc_cont=0.434
SY366YW-0-4_bin9-k141_1360848_3	SY366YW-0-4_bin9	SY366YW-0-4_bin9-k141_1360848	3	2	-1	upstream	SY366YW-0-4_bin9-k141_1360848_2	662	2833	-	ID=38_2;partial=00;start_type=ATG;rbs_motif=3Base/5BMM;rbs_spacer=13-15bp;gc_cont=0.525
SY366YW-0-4_bin9-k141_1360848_3	SY366YW-0-4_bin9	SY366YW-0-4_bin9-k141_1360848	3	3	0	target	SY366YW-0-4_bin9-k141_1360848_3	2837	5512	-	ID=38_3;partial=00;start_type=ATG;rbs_motif=GGAG/GAGG;rbs_spacer=5-10bp;gc_cont=0.531
SY366YW-0-4_bin9-k141_1360848_3	SY366YW-0-4_bin9	SY366YW-0-4_bin9-k141_1360848	3	4	1	downstream	SY366YW-0-4_bin9-k141_1360848_4	5525	6079	-	ID=38_4;partial=00;start_type=ATG;rbs_motif=GGAGG;rbs_spacer=5-10bp;gc_cont=0.505
SY366YW-0-4_bin9-k141_1360848_3	SY366YW-0-4_bin9	SY366YW-0-4_bin9-k141_1360848	3	5	2	downstream	SY366YW-0-4_bin9-k141_1360848_5	6091	7251	-	ID=38_5;partial=00;start_type=ATG;rbs_motif=GGAG/GAGG;rbs_spacer=5-10bp;gc_cont=0.516
SY366YW-0-4_bin9-k141_1360848_3	SY366YW-0-4_bin9	SY366YW-0-4_bin9-k141_1360848	3	6	3	downstream	SY366YW-0-4_bin9-k141_1360848_6	7269	8390	-	ID=38_6;partial=00;start_type=ATG;rbs_motif=AGxAGG/AGGxGG;rbs_spacer=5-10bp;gc_cont=0.494
SY366YW-0-4_bin9-k141_1360848_3	SY366YW-0-4_bin9	SY366YW-0-4_bin9-k141_1360848	3	7	4	downstream	SY366YW-0-4_bin9-k141_1360848_7	8603	9631	-	ID=38_7;partial=00;start_type=ATG;rbs_motif=GGA/GAG/AGG;rbs_spacer=5-10bp;gc_cont=0.561
SY366YW-0-4_bin9-k141_1360848_3	SY366YW-0-4_bin9	SY366YW-0-4_bin9-k141_1360848	3	8	5	downstream	SY366YW-0-4_bin9-k141_1360848_8	9633	10748	-	ID=38_8;partial=00;start_type=ATG;rbs_motif=AGGA;rbs_spacer=5-10bp;gc_cont=0.551
SY366YW-0-4_bin9-k141_1360848_3	SY366YW-0-4_bin9	SY366YW-0-4_bin9-k141_1360848	3	9	6	downstream	SY366YW-0-4_bin9-k141_1360848_9	10745	10975	-	ID=38_9;partial=00;start_type=ATG;rbs_motif=GGA/GAG/AGG;rbs_spacer=11-12bp;gc_cont=0.519
SY366YW-0-4_bin9-k141_1360848_3	SY366YW-0-4_bin9	SY366YW-0-4_bin9-k141_1360848	3	10	7	downstream	SY366YW-0-4_bin9-k141_1360848_10	10979	11827	-	ID=38_10;partial=00;start_type=ATG;rbs_motif=GGAGG;rbs_spacer=5-10bp;gc_cont=0.529
SY366YW-0-4_bin9-k141_1360848_3	SY366YW-0-4_bin9	SY366YW-0-4_bin9-k141_1360848	3	11	8	downstream	SY366YW-0-4_bin9-k141_1360848_11	11827	12168	-	ID=38_11;partial=00;start_type=ATG;rbs_motif=AGGAG;rbs_spacer=5-10bp;gc_cont=0.512
SY366YW-0-4_bin9-k141_1360848_3	SY366YW-0-4_bin9	SY366YW-0-4_bin9-k141_1360848	3	12	9	downstream	SY366YW-0-4_bin9-k141_1360848_12	12266	13240	-	ID=38_12;partial=00;start_type=ATG;rbs_motif=GGAGG;rbs_spacer=5-10bp;gc_cont=0.539
SY366YW-0-4_bin9-k141_1360848_3	SY366YW-0-4_bin9	SY366YW-0-4_bin9-k141_1360848	3	13	10	downstream	SY366YW-0-4_bin9-k141_1360848_13	13315	14331	-	ID=38_13;partial=00;start_type=ATG;rbs_motif=GGxGG;rbs_spacer=5-10bp;gc_cont=0.521
SY366YW-4-8_bin7-k141_14765_13	SY366YW-4-8_bin7	SY366YW-4-8_bin7-k141_14765	13	3	-10	upstream	SY366YW-4-8_bin7-k141_14765_3	2745	3512	-	ID=7_3;partial=00;start_type=ATG;rbs_motif=GGA/GAG/AGG;rbs_spacer=5-10bp;gc_cont=0.538
SY366YW-4-8_bin7-k141_14765_13	SY366YW-4-8_bin7	SY366YW-4-8_bin7-k141_14765	13	4	-9	upstream	SY366YW-4-8_bin7-k141_14765_4	3539	5209	-	ID=7_4;partial=00;start_type=ATG;rbs_motif=GGA/GAG/AGG;rbs_spacer=5-10bp;gc_cont=0.526
SY366YW-4-8_bin7-k141_14765_13	SY366YW-4-8_bin7	SY366YW-4-8_bin7-k141_14765	13	5	-8	upstream	SY366YW-4-8_bin7-k141_14765_5	5418	6071	-	ID=7_5;partial=00;start_type=GTG;rbs_motif=GGA/GAG/AGG;rbs_spacer=5-10bp;gc_cont=0.528
SY366YW-4-8_bin7-k141_14765_13	SY366YW-4-8_bin7	SY366YW-4-8_bin7-k141_14765	13	6	-7	upstream	SY366YW-4-8_bin7-k141_14765_6	6114	7301	+	ID=7_6;partial=00;start_type=ATG;rbs_motif=AGGAG;rbs_spacer=5-10bp;gc_cont=0.585
SY366YW-4-8_bin7-k141_14765_13	SY366YW-4-8_bin7	SY366YW-4-8_bin7-k141_14765	13	7	-6	upstream	SY366YW-4-8_bin7-k141_14765_7	7347	8486	-	ID=7_7;partial=00;start_type=TTG;rbs_motif=GGA/GAG/AGG;rbs_spacer=11-12bp;gc_cont=0.519
SY366YW-4-8_bin7-k141_14765_13	SY366YW-4-8_bin7	SY366YW-4-8_bin7-k141_14765	13	8	-5	upstream	SY366YW-4-8_bin7-k141_14765_8	8564	10264	-	ID=7_8;partial=00;start_type=ATG;rbs_motif=GGA/GAG/AGG;rbs_spacer=5-10bp;gc_cont=0.522
SY366YW-4-8_bin7-k141_14765_13	SY366YW-4-8_bin7	SY366YW-4-8_bin7-k141_14765	13	9	-4	upstream	SY366YW-4-8_bin7-k141_14765_9	10289	10702	-	ID=7_9;partial=00;start_type=ATG;rbs_motif=GGAG/GAGG;rbs_spacer=5-10bp;gc_cont=0.527
SY366YW-4-8_bin7-k141_14765_13	SY366YW-4-8_bin7	SY366YW-4-8_bin7-k141_14765	13	10	-3	upstream	SY366YW-4-8_bin7-k141_14765_10	10781	11590	+	ID=7_10;partial=00;start_type=ATG;rbs_motif=None;rbs_spacer=None;gc_cont=0.490
SY366YW-4-8_bin7-k141_14765_13	SY366YW-4-8_bin7	SY366YW-4-8_bin7-k141_14765	13	11	-2	upstream	SY366YW-4-8_bin7-k141_14765_11	11604	12683	+	ID=7_11;partial=00;start_type=ATG;rbs_motif=AGGAG;rbs_spacer=5-10bp;gc_cont=0.531
SY366YW-4-8_bin7-k141_14765_13	SY366YW-4-8_bin7	SY366YW-4-8_bin7-k141_14765	13	12	-1	upstream	SY366YW-4-8_bin7-k141_14765_12	12696	13361	+	ID=7_12;partial=00;start_type=ATG;rbs_motif=AGGA;rbs_spacer=5-10bp;gc_cont=0.527
SY366YW-4-8_bin7-k141_14765_13	SY366YW-4-8_bin7	SY366YW-4-8_bin7-k141_14765	13	13	0	target	SY366YW-4-8_bin7-k141_14765_13	13817	14335	+	ID=7_13;partial=00;start_type=ATG;rbs_motif=GGAG/GAGG;rbs_spacer=5-10bp;gc_cont=0.538
SY366YW-4-8_bin7-k141_14765_13	SY366YW-4-8_bin7	SY366YW-4-8_bin7-k141_14765	13	14	1	downstream	SY366YW-4-8_bin7-k141_14765_14	14352	16832	+	ID=7_14;partial=00;start_type=ATG;rbs_motif=GGAG/GAGG;rbs_spacer=5-10bp;gc_cont=0.516
SY366YW-4-8_bin7-k141_14765_13	SY366YW-4-8_bin7	SY366YW-4-8_bin7-k141_14765	13	15	2	downstream	SY366YW-4-8_bin7-k141_14765_15	16909	18060	-	ID=7_15;partial=00;start_type=ATG;rbs_motif=None;rbs_spacer=None;gc_cont=0.572
SY366YW-4-8_bin7-k141_14765_13	SY366YW-4-8_bin7	SY366YW-4-8_bin7-k141_14765	13	16	3	downstream	SY366YW-4-8_bin7-k141_14765_16	18057	19223	-	ID=7_16;partial=00;start_type=ATG;rbs_motif=AGGA/GGAG/GAGG;rbs_spacer=11-12bp;gc_cont=0.546
SY366YW-4-8_bin7-k141_14765_13	SY366YW-4-8_bin7	SY366YW-4-8_bin7-k141_14765	13	17	4	downstream	SY366YW-4-8_bin7-k141_14765_17	19273	20304	-	ID=7_17;partial=00;start_type=ATG;rbs_motif=AGGAGG;rbs_spacer=3-4bp;gc_cont=0.523
SY366YW-4-8_bin7-k141_14765_13	SY366YW-4-8_bin7	SY366YW-4-8_bin7-k141_14765	13	18	5	downstream	SY366YW-4-8_bin7-k141_14765_18	20481	21320	-	ID=7_18;partial=00;start_type=ATG;rbs_motif=GGAG/GAGG;rbs_spacer=5-10bp;gc_cont=0.510
SY366YW-4-8_bin7-k141_14765_13	SY366YW-4-8_bin7	SY366YW-4-8_bin7-k141_14765	13	19	6	downstream	SY366YW-4-8_bin7-k141_14765_19	21347	22513	-	ID=7_19;partial=00;start_type=ATG;rbs_motif=GGAG/GAGG;rbs_spacer=5-10bp;gc_cont=0.525
SY366YW-4-8_bin7-k141_14765_13	SY366YW-4-8_bin7	SY366YW-4-8_bin7-k141_14765	13	20	7	downstream	SY366YW-4-8_bin7-k141_14765_20	22532	23782	-	ID=7_20;partial=00;start_type=ATG;rbs_motif=GGA/GAG/AGG;rbs_spacer=5-10bp;gc_cont=0.533
SY366YW-4-8_bin7-k141_14765_13	SY366YW-4-8_bin7	SY366YW-4-8_bin7-k141_14765	13	21	8	downstream	SY366YW-4-8_bin7-k141_14765_21	23936	24946	-	ID=7_21;partial=00;start_type=ATG;rbs_motif=AGGAG;rbs_spacer=5-10bp;gc_cont=0.505
SY366YW-4-8_bin7-k141_14765_13	SY366YW-4-8_bin7	SY366YW-4-8_bin7-k141_14765	13	22	9	downstream	SY366YW-4-8_bin7-k141_14765_22	25075	25806	-	ID=7_22;partial=00;start_type=ATG;rbs_motif=GGA/GAG/AGG;rbs_spacer=11-12bp;gc_cont=0.552
SY366YW-4-8_bin7-k141_14765_13	SY366YW-4-8_bin7	SY366YW-4-8_bin7-k141_14765	13	23	10	downstream	SY366YW-4-8_bin7-k141_14765_23	25848	27038	-	ID=7_23;partial=00;start_type=ATG;rbs_motif=AGGA;rbs_spacer=5-10bp;gc_cont=0.553
SY366YW-8-12_bin2-k141_497241_22	SY366YW-8-12_bin2	SY366YW-8-12_bin2-k141_497241	22	12	-10	upstream	SY366YW-8-12_bin2-k141_497241_12	12959	13336	-	ID=27_12;partial=00;start_type=ATG;rbs_motif=GGAG/GAGG;rbs_spacer=5-10bp;gc_cont=0.415
SY366YW-8-12_bin2-k141_497241_22	SY366YW-8-12_bin2	SY366YW-8-12_bin2-k141_497241	22	13	-9	upstream	SY366YW-8-12_bin2-k141_497241_13	13524	14252	-	ID=27_13;partial=00;start_type=GTG;rbs_motif=GGAG/GAGG;rbs_spacer=5-10bp;gc_cont=0.466
SY366YW-8-12_bin2-k141_497241_22	SY366YW-8-12_bin2	SY366YW-8-12_bin2-k141_497241	22	14	-8	upstream	SY366YW-8-12_bin2-k141_497241_14	14377	16644	+	ID=27_14;partial=00;start_type=ATG;rbs_motif=GGA/GAG/AGG;rbs_spacer=5-10bp;gc_cont=0.467
SY366YW-8-12_bin2-k141_497241_22	SY366YW-8-12_bin2	SY366YW-8-12_bin2-k141_497241	22	15	-7	upstream	SY366YW-8-12_bin2-k141_497241_15	16671	18083	-	ID=27_15;partial=00;start_type=ATG;rbs_motif=None;rbs_spacer=None;gc_cont=0.506
SY366YW-8-12_bin2-k141_497241_22	SY366YW-8-12_bin2	SY366YW-8-12_bin2-k141_497241	22	16	-6	upstream	SY366YW-8-12_bin2-k141_497241_16	18034	19311	-	ID=27_16;partial=00;start_type=ATG;rbs_motif=3Base/5BMM;rbs_spacer=13-15bp;gc_cont=0.534
SY366YW-8-12_bin2-k141_497241_22	SY366YW-8-12_bin2	SY366YW-8-12_bin2-k141_497241	22	17	-5	upstream	SY366YW-8-12_bin2-k141_497241_17	19315	20955	-	ID=27_17;partial=00;start_type=ATG;rbs_motif=GGAG/GAGG;rbs_spacer=5-10bp;gc_cont=0.522
SY366YW-8-12_bin2-k141_497241_22	SY366YW-8-12_bin2	SY366YW-8-12_bin2-k141_497241	22	18	-4	upstream	SY366YW-8-12_bin2-k141_497241_18	20965	21816	-	ID=27_18;partial=00;start_type=TTG;rbs_motif=None;rbs_spacer=None;gc_cont=0.514
SY366YW-8-12_bin2-k141_497241_22	SY366YW-8-12_bin2	SY366YW-8-12_bin2-k141_497241	22	19	-3	upstream	SY366YW-8-12_bin2-k141_497241_19	21813	21920	-	ID=27_19;partial=00;start_type=ATG;rbs_motif=GGA/GAG/AGG;rbs_spacer=5-10bp;gc_cont=0.417
SY366YW-8-12_bin2-k141_497241_22	SY366YW-8-12_bin2	SY366YW-8-12_bin2-k141_497241	22	20	-2	upstream	SY366YW-8-12_bin2-k141_497241_20	21944	22684	-	ID=27_20;partial=00;start_type=ATG;rbs_motif=AGGA;rbs_spacer=5-10bp;gc_cont=0.453
SY366YW-8-12_bin2-k141_497241_22	SY366YW-8-12_bin2	SY366YW-8-12_bin2-k141_497241	22	21	-1	upstream	SY366YW-8-12_bin2-k141_497241_21	22710	24908	-	ID=27_21;partial=00;start_type=ATG;rbs_motif=None;rbs_spacer=None;gc_cont=0.504
SY366YW-8-12_bin2-k141_497241_22	SY366YW-8-12_bin2	SY366YW-8-12_bin2-k141_497241	22	22	0	target	SY366YW-8-12_bin2-k141_497241_22	25062	27740	-	ID=27_22;partial=00;start_type=ATG;rbs_motif=AGGAG;rbs_spacer=5-10bp;gc_cont=0.511
SY366YW-8-12_bin2-k141_497241_22	SY366YW-8-12_bin2	SY366YW-8-12_bin2-k141_497241	22	23	1	downstream	SY366YW-8-12_bin2-k141_497241_23	27752	28333	-	ID=27_23;partial=00;start_type=ATG;rbs_motif=AGGA;rbs_spacer=5-10bp;gc_cont=0.507
SY366YW-8-12_bin2-k141_497241_22	SY366YW-8-12_bin2	SY366YW-8-12_bin2-k141_497241	22	24	2	downstream	SY366YW-8-12_bin2-k141_497241_24	28354	29505	-	ID=27_24;partial=00;start_type=ATG;rbs_motif=AGGA;rbs_spacer=5-10bp;gc_cont=0.516
SY366YW-8-12_bin2-k141_497241_22	SY366YW-8-12_bin2	SY366YW-8-12_bin2-k141_497241	22	25	3	downstream	SY366YW-8-12_bin2-k141_497241_25	29526	30644	-	ID=27_25;partial=00;start_type=ATG;rbs_motif=GGA/GAG/AGG;rbs_spacer=5-10bp;gc_cont=0.507
SY366YW-8-12_bin2-k141_497241_22	SY366YW-8-12_bin2	SY366YW-8-12_bin2-k141_497241	22	26	4	downstream	SY366YW-8-12_bin2-k141_497241_26	30788	33052	-	ID=27_26;partial=00;start_type=ATG;rbs_motif=GGA/GAG/AGG;rbs_spacer=5-10bp;gc_cont=0.514
SY366YW-8-12_bin2-k141_497241_22	SY366YW-8-12_bin2	SY366YW-8-12_bin2-k141_497241	22	27	5	downstream	SY366YW-8-12_bin2-k141_497241_27	33063	34205	-	ID=27_27;partial=00;start_type=ATG;rbs_motif=GGAGG;rbs_spacer=5-10bp;gc_cont=0.539
SY366YW-8-12_bin2-k141_497241_22	SY366YW-8-12_bin2	SY366YW-8-12_bin2-k141_497241	22	28	6	downstream	SY366YW-8-12_bin2-k141_497241_28	34202	35959	-	ID=27_28;partial=00;start_type=ATG;rbs_motif=GGA/GAG/AGG;rbs_spacer=5-10bp;gc_cont=0.494
SY366YW-8-12_bin2-k141_497241_22	SY366YW-8-12_bin2	SY366YW-8-12_bin2-k141_497241	22	29	7	downstream	SY366YW-8-12_bin2-k141_497241_29	35971	36099	-	ID=27_29;partial=00;start_type=ATG;rbs_motif=GGA/GAG/AGG;rbs_spacer=5-10bp;gc_cont=0.488
SY366YW-8-12_bin2-k141_497241_22	SY366YW-8-12_bin2	SY366YW-8-12_bin2-k141_497241	22	30	8	downstream	SY366YW-8-12_bin2-k141_497241_30	36353	36655	-	ID=27_30;partial=00;start_type=ATG;rbs_motif=GGA/GAG/AGG;rbs_spacer=5-10bp;gc_cont=0.442
SY366YW-8-12_bin2-k141_497241_22	SY366YW-8-12_bin2	SY366YW-8-12_bin2-k141_497241	22	31	9	downstream	SY366YW-8-12_bin2-k141_497241_31	36848	37615	+	ID=27_31;partial=00;start_type=ATG;rbs_motif=GGA/GAG/AGG;rbs_spacer=11-12bp;gc_cont=0.462
SY366YW-8-12_bin2-k141_497241_22	SY366YW-8-12_bin2	SY366YW-8-12_bin2-k141_497241	22	32	10	downstream	SY366YW-8-12_bin2-k141_497241_32	37608	38585	+	ID=27_32;partial=00;start_type=ATG;rbs_motif=None;rbs_spacer=None;gc_cont=0.495
SY368YW-4-8_bin24-k141_617455_9	SY368YW-4-8_bin24	SY368YW-4-8_bin24-k141_617455	9	1	-8	upstream	SY368YW-4-8_bin24-k141_617455_1	3	350	+	ID=59_1;partial=10;start_type=Edge;rbs_motif=None;rbs_spacer=None;gc_cont=0.537
SY368YW-4-8_bin24-k141_617455_9	SY368YW-4-8_bin24	SY368YW-4-8_bin24-k141_617455	9	2	-7	upstream	SY368YW-4-8_bin24-k141_617455_2	338	988	+	ID=59_2;partial=00;start_type=TTG;rbs_motif=GGAG/GAGG;rbs_spacer=5-10bp;gc_cont=0.570
SY368YW-4-8_bin24-k141_617455_9	SY368YW-4-8_bin24	SY368YW-4-8_bin24-k141_617455	9	3	-6	upstream	SY368YW-4-8_bin24-k141_617455_3	1374	1619	+	ID=59_3;partial=00;start_type=TTG;rbs_motif=AGGAG;rbs_spacer=5-10bp;gc_cont=0.528
SY368YW-4-8_bin24-k141_617455_9	SY368YW-4-8_bin24	SY368YW-4-8_bin24-k141_617455	9	4	-5	upstream	SY368YW-4-8_bin24-k141_617455_4	1900	2616	-	ID=59_4;partial=00;start_type=ATG;rbs_motif=AGxAGG/AGGxGG;rbs_spacer=5-10bp;gc_cont=0.589
SY368YW-4-8_bin24-k141_617455_9	SY368YW-4-8_bin24	SY368YW-4-8_bin24-k141_617455	9	5	-4	upstream	SY368YW-4-8_bin24-k141_617455_5	2717	4921	+	ID=59_5;partial=00;start_type=ATG;rbs_motif=GGA/GAG/AGG;rbs_spacer=11-12bp;gc_cont=0.605
SY368YW-4-8_bin24-k141_617455_9	SY368YW-4-8_bin24	SY368YW-4-8_bin24-k141_617455	9	6	-3	upstream	SY368YW-4-8_bin24-k141_617455_6	5054	6145	+	ID=59_6;partial=00;start_type=ATG;rbs_motif=GGAGG;rbs_spacer=5-10bp;gc_cont=0.616
SY368YW-4-8_bin24-k141_617455_9	SY368YW-4-8_bin24	SY368YW-4-8_bin24-k141_617455	9	7	-2	upstream	SY368YW-4-8_bin24-k141_617455_7	6158	7276	+	ID=59_7;partial=00;start_type=ATG;rbs_motif=AGGAG;rbs_spacer=5-10bp;gc_cont=0.618
SY368YW-4-8_bin24-k141_617455_9	SY368YW-4-8_bin24	SY368YW-4-8_bin24-k141_617455	9	8	-1	upstream	SY368YW-4-8_bin24-k141_617455_8	7273	7824	+	ID=59_8;partial=00;start_type=ATG;rbs_motif=GGAG/GAGG;rbs_spacer=5-10bp;gc_cont=0.589
SY368YW-4-8_bin24-k141_617455_9	SY368YW-4-8_bin24	SY368YW-4-8_bin24-k141_617455	9	9	0	target	SY368YW-4-8_bin24-k141_617455_9	7841	10504	+	ID=59_9;partial=00;start_type=ATG;rbs_motif=GGAG/GAGG;rbs_spacer=5-10bp;gc_cont=0.598
SY368YW-4-8_bin24-k141_617455_9	SY368YW-4-8_bin24	SY368YW-4-8_bin24-k141_617455	9	10	1	downstream	SY368YW-4-8_bin24-k141_617455_10	10563	11090	+	ID=59_10;partial=00;start_type=ATG;rbs_motif=AGGA;rbs_spacer=5-10bp;gc_cont=0.608
SY368YW-4-8_bin24-k141_617455_9	SY368YW-4-8_bin24	SY368YW-4-8_bin24-k141_617455	9	11	2	downstream	SY368YW-4-8_bin24-k141_617455_11	11025	11156	-	ID=59_11;partial=00;start_type=ATG;rbs_motif=AGxAGG/AGGxGG;rbs_spacer=5-10bp;gc_cont=0.598
SY368YW-4-8_bin24-k141_617455_9	SY368YW-4-8_bin24	SY368YW-4-8_bin24-k141_617455	9	12	3	downstream	SY368YW-4-8_bin24-k141_617455_12	12116	13582	+	ID=59_12;partial=00;start_type=ATG;rbs_motif=GGAGG;rbs_spacer=5-10bp;gc_cont=0.643
SY368YW-4-8_bin24-k141_617455_9	SY368YW-4-8_bin24	SY368YW-4-8_bin24-k141_617455	9	13	4	downstream	SY368YW-4-8_bin24-k141_617455_13	13600	14964	+	ID=59_13;partial=00;start_type=ATG;rbs_motif=AGGAG;rbs_spacer=5-10bp;gc_cont=0.596
SY368YW-4-8_bin24-k141_617455_9	SY368YW-4-8_bin24	SY368YW-4-8_bin24-k141_617455	9	14	5	downstream	SY368YW-4-8_bin24-k141_617455_14	15012	15716	+	ID=59_14;partial=00;start_type=ATG;rbs_motif=AGGA;rbs_spacer=5-10bp;gc_cont=0.567
SY368YW-4-8_bin24-k141_617455_9	SY368YW-4-8_bin24	SY368YW-4-8_bin24-k141_617455	9	15	6	downstream	SY368YW-4-8_bin24-k141_617455_15	15996	16220	+	ID=59_15;partial=00;start_type=ATG;rbs_motif=GGA/GAG/AGG;rbs_spacer=5-10bp;gc_cont=0.551
SY368YW-4-8_bin24-k141_617455_9	SY368YW-4-8_bin24	SY368YW-4-8_bin24-k141_617455	9	16	7	downstream	SY368YW-4-8_bin24-k141_617455_16	16194	16874	-	ID=59_16;partial=00;start_type=ATG;rbs_motif=GGAG/GAGG;rbs_spacer=5-10bp;gc_cont=0.573
SY368YW-4-8_bin24-k141_617455_9	SY368YW-4-8_bin24	SY368YW-4-8_bin24-k141_617455	9	17	8	downstream	SY368YW-4-8_bin24-k141_617455_17	16960	18366	+	ID=59_17;partial=00;start_type=ATG;rbs_motif=GGA/GAG/AGG;rbs_spacer=5-10bp;gc_cont=0.623
SY368YW-4-8_bin24-k141_617455_9	SY368YW-4-8_bin24	SY368YW-4-8_bin24-k141_617455	9	18	9	downstream	SY368YW-4-8_bin24-k141_617455_18	18401	19225	+	ID=59_18;partial=00;start_type=ATG;rbs_motif=GGA/GAG/AGG;rbs_spacer=5-10bp;gc_cont=0.596
SY368YW-4-8_bin24-k141_617455_9	SY368YW-4-8_bin24	SY368YW-4-8_bin24-k141_617455	9	19	10	downstream	SY368YW-4-8_bin24-k141_617455_19	19222	19953	+	ID=59_19;partial=00;start_type=ATG;rbs_motif=GGA/GAG/AGG;rbs_spacer=5-10bp;gc_cont=0.612
SY368YW-8-12_bin14-k141_222555_4	SY368YW-8-12_bin14	SY368YW-8-12_bin14-k141_222555	4	1	-3	upstream	SY368YW-8-12_bin14-k141_222555_1	3	2720	-	ID=479_1;partial=10;start_type=ATG;rbs_motif=GGA/GAG/AGG;rbs_spacer=5-10bp;gc_cont=0.564
SY368YW-8-12_bin14-k141_222555_4	SY368YW-8-12_bin14	SY368YW-8-12_bin14-k141_222555	4	2	-2	upstream	SY368YW-8-12_bin14-k141_222555_2	2763	4622	-	ID=479_2;partial=00;start_type=ATG;rbs_motif=None;rbs_spacer=None;gc_cont=0.575
SY368YW-8-12_bin14-k141_222555_4	SY368YW-8-12_bin14	SY368YW-8-12_bin14-k141_222555	4	3	-1	upstream	SY368YW-8-12_bin14-k141_222555_3	4690	5694	-	ID=479_3;partial=00;start_type=ATG;rbs_motif=GGA/GAG/AGG;rbs_spacer=5-10bp;gc_cont=0.544
SY368YW-8-12_bin14-k141_222555_4	SY368YW-8-12_bin14	SY368YW-8-12_bin14-k141_222555	4	4	0	target	SY368YW-8-12_bin14-k141_222555_4	5802	8312	-	ID=479_4;partial=00;start_type=ATG;rbs_motif=GGAGG;rbs_spacer=5-10bp;gc_cont=0.556
SY368YW-8-12_bin14-k141_222555_4	SY368YW-8-12_bin14	SY368YW-8-12_bin14-k141_222555	4	5	1	downstream	SY368YW-8-12_bin14-k141_222555_5	8309	9061	-	ID=479_5;partial=00;start_type=ATG;rbs_motif=GGAG/GAGG;rbs_spacer=5-10bp;gc_cont=0.563
SY368YW-8-12_bin16-k141_314641_4	SY368YW-8-12_bin16	SY368YW-8-12_bin16-k141_314641	4	1	-3	upstream	SY368YW-8-12_bin16-k141_314641_1	1	774	+	ID=25_1;partial=10;start_type=Edge;rbs_motif=None;rbs_spacer=None;gc_cont=0.603
SY368YW-8-12_bin16-k141_314641_4	SY368YW-8-12_bin16	SY368YW-8-12_bin16-k141_314641	4	2	-2	upstream	SY368YW-8-12_bin16-k141_314641_2	828	1301	-	ID=25_2;partial=00;start_type=GTG;rbs_motif=AGGA;rbs_spacer=5-10bp;gc_cont=0.595
SY368YW-8-12_bin16-k141_314641_4	SY368YW-8-12_bin16	SY368YW-8-12_bin16-k141_314641	4	3	-1	upstream	SY368YW-8-12_bin16-k141_314641_3	1452	2042	+	ID=25_3;partial=00;start_type=ATG;rbs_motif=GGA/GAG/AGG;rbs_spacer=5-10bp;gc_cont=0.599
SY368YW-8-12_bin16-k141_314641_4	SY368YW-8-12_bin16	SY368YW-8-12_bin16-k141_314641	4	4	0	target	SY368YW-8-12_bin16-k141_314641_4	2042	4516	+	ID=25_4;partial=00;start_type=ATG;rbs_motif=GGAGG;rbs_spacer=5-10bp;gc_cont=0.612
SY368YW-8-12_bin16-k141_314641_4	SY368YW-8-12_bin16	SY368YW-8-12_bin16-k141_314641	4	5	1	downstream	SY368YW-8-12_bin16-k141_314641_5	4559	5233	-	ID=25_5;partial=00;start_type=ATG;rbs_motif=None;rbs_spacer=None;gc_cont=0.627
SY368YW-8-12_bin16-k141_314641_4	SY368YW-8-12_bin16	SY368YW-8-12_bin16-k141_314641	4	6	2	downstream	SY368YW-8-12_bin16-k141_314641_6	5271	6389	+	ID=25_6;partial=00;start_type=ATG;rbs_motif=None;rbs_spacer=None;gc_cont=0.602
SY368YW-8-12_bin16-k141_314641_4	SY368YW-8-12_bin16	SY368YW-8-12_bin16-k141_314641	4	7	3	downstream	SY368YW-8-12_bin16-k141_314641_7	6364	6567	-	ID=25_7;partial=01;start_type=Edge;rbs_motif=None;rbs_spacer=None;gc_cont=0.623
SY368YW-8-12_bin33-k141_1103131_193	SY368YW-8-12_bin33	SY368YW-8-12_bin33-k141_1103131	193	183	-10	upstream	SY368YW-8-12_bin33-k141_1103131_183	192194	193189	-	ID=30_183;partial=00;start_type=ATG;rbs_motif=GGAG/GAGG;rbs_spacer=5-10bp;gc_cont=0.561
SY368YW-8-12_bin33-k141_1103131_193	SY368YW-8-12_bin33	SY368YW-8-12_bin33-k141_1103131	193	184	-9	upstream	SY368YW-8-12_bin33-k141_1103131_184	193186	193830	-	ID=30_184;partial=00;start_type=ATG;rbs_motif=GGA/GAG/AGG;rbs_spacer=5-10bp;gc_cont=0.564
SY368YW-8-12_bin33-k141_1103131_193	SY368YW-8-12_bin33	SY368YW-8-12_bin33-k141_1103131	193	185	-8	upstream	SY368YW-8-12_bin33-k141_1103131_185	194139	195398	-	ID=30_185;partial=00;start_type=ATG;rbs_motif=None;rbs_spacer=None;gc_cont=0.617
SY368YW-8-12_bin33-k141_1103131_193	SY368YW-8-12_bin33	SY368YW-8-12_bin33-k141_1103131	193	186	-7	upstream	SY368YW-8-12_bin33-k141_1103131_186	195484	196104	-	ID=30_186;partial=00;start_type=ATG;rbs_motif=AGGA;rbs_spacer=5-10bp;gc_cont=0.617
SY368YW-8-12_bin33-k141_1103131_193	SY368YW-8-12_bin33	SY368YW-8-12_bin33-k141_1103131	193	187	-6	upstream	SY368YW-8-12_bin33-k141_1103131_187	196228	198474	-	ID=30_187;partial=00;start_type=ATG;rbs_motif=GGA/GAG/AGG;rbs_spacer=5-10bp;gc_cont=0.547
SY368YW-8-12_bin33-k141_1103131_193	SY368YW-8-12_bin33	SY368YW-8-12_bin33-k141_1103131	193	188	-5	upstream	SY368YW-8-12_bin33-k141_1103131_188	198505	199293	+	ID=30_188;partial=00;start_type=ATG;rbs_motif=None;rbs_spacer=None;gc_cont=0.511
SY368YW-8-12_bin33-k141_1103131_193	SY368YW-8-12_bin33	SY368YW-8-12_bin33-k141_1103131	193	189	-4	upstream	SY368YW-8-12_bin33-k141_1103131_189	199271	200641	-	ID=30_189;partial=00;start_type=ATG;rbs_motif=GGxGG;rbs_spacer=3-4bp;gc_cont=0.593
SY368YW-8-12_bin33-k141_1103131_193	SY368YW-8-12_bin33	SY368YW-8-12_bin33-k141_1103131	193	190	-3	upstream	SY368YW-8-12_bin33-k141_1103131_190	200631	201908	-	ID=30_190;partial=00;start_type=ATG;rbs_motif=GGA/GAG/AGG;rbs_spacer=5-10bp;gc_cont=0.592
SY368YW-8-12_bin33-k141_1103131_193	SY368YW-8-12_bin33	SY368YW-8-12_bin33-k141_1103131	193	191	-2	upstream	SY368YW-8-12_bin33-k141_1103131_191	201912	203555	-	ID=30_191;partial=00;start_type=ATG;rbs_motif=GGAG/GAGG;rbs_spacer=5-10bp;gc_cont=0.573
SY368YW-8-12_bin33-k141_1103131_193	SY368YW-8-12_bin33	SY368YW-8-12_bin33-k141_1103131	193	192	-1	upstream	SY368YW-8-12_bin33-k141_1103131_192	203589	204389	-	ID=30_192;partial=00;start_type=TTG;rbs_motif=GGA/GAG/AGG;rbs_spacer=5-10bp;gc_cont=0.593
SY368YW-8-12_bin33-k141_1103131_193	SY368YW-8-12_bin33	SY368YW-8-12_bin33-k141_1103131	193	193	0	target	SY368YW-8-12_bin33-k141_1103131_193	204425	204532	-	ID=30_193;partial=00;start_type=ATG;rbs_motif=GGA/GAG/AGG;rbs_spacer=5-10bp;gc_cont=0.435
SY368YW-8-12_bin33-k141_1103131_193	SY368YW-8-12_bin33	SY368YW-8-12_bin33-k141_1103131	193	194	1	downstream	SY368YW-8-12_bin33-k141_1103131_194	204554	205294	-	ID=30_194;partial=00;start_type=ATG;rbs_motif=AGGA;rbs_spacer=5-10bp;gc_cont=0.528
SY368YW-8-12_bin33-k141_1103131_193	SY368YW-8-12_bin33	SY368YW-8-12_bin33-k141_1103131	193	195	2	downstream	SY368YW-8-12_bin33-k141_1103131_195	205323	207503	-	ID=30_195;partial=00;start_type=ATG;rbs_motif=AGxAGG/AGGxGG;rbs_spacer=5-10bp;gc_cont=0.589
SY368YW-8-12_bin33-k141_1103131_193	SY368YW-8-12_bin33	SY368YW-8-12_bin33-k141_1103131	193	196	3	downstream	SY368YW-8-12_bin33-k141_1103131_196	207664	210342	-	ID=30_196;partial=00;start_type=ATG;rbs_motif=AGGAG;rbs_spacer=5-10bp;gc_cont=0.531
SY368YW-8-12_bin33-k141_1103131_193	SY368YW-8-12_bin33	SY368YW-8-12_bin33-k141_1103131	193	197	4	downstream	SY368YW-8-12_bin33-k141_1103131_197	210355	210936	-	ID=30_197;partial=00;start_type=ATG;rbs_motif=AGGAG;rbs_spacer=5-10bp;gc_cont=0.529
SY368YW-8-12_bin33-k141_1103131_193	SY368YW-8-12_bin33	SY368YW-8-12_bin33-k141_1103131	193	198	5	downstream	SY368YW-8-12_bin33-k141_1103131_198	210958	212103	-	ID=30_198;partial=00;start_type=ATG;rbs_motif=AGGAG;rbs_spacer=5-10bp;gc_cont=0.546
SY368YW-8-12_bin33-k141_1103131_193	SY368YW-8-12_bin33	SY368YW-8-12_bin33-k141_1103131	193	199	6	downstream	SY368YW-8-12_bin33-k141_1103131_199	212119	213237	-	ID=30_199;partial=00;start_type=ATG;rbs_motif=GGA/GAG/AGG;rbs_spacer=5-10bp;gc_cont=0.550
SY368YW-8-12_bin33-k141_1103131_193	SY368YW-8-12_bin33	SY368YW-8-12_bin33-k141_1103131	193	200	7	downstream	SY368YW-8-12_bin33-k141_1103131_200	213401	215674	-	ID=30_200;partial=00;start_type=ATG;rbs_motif=GGA/GAG/AGG;rbs_spacer=5-10bp;gc_cont=0.585
SY368YW-8-12_bin33-k141_1103131_193	SY368YW-8-12_bin33	SY368YW-8-12_bin33-k141_1103131	193	201	8	downstream	SY368YW-8-12_bin33-k141_1103131_201	215687	216829	-	ID=30_201;partial=00;start_type=ATG;rbs_motif=GGAGG;rbs_spacer=5-10bp;gc_cont=0.567
SY368YW-8-12_bin33-k141_1103131_193	SY368YW-8-12_bin33	SY368YW-8-12_bin33-k141_1103131	193	202	9	downstream	SY368YW-8-12_bin33-k141_1103131_202	216826	218583	-	ID=30_202;partial=00;start_type=ATG;rbs_motif=GGA/GAG/AGG;rbs_spacer=5-10bp;gc_cont=0.556
SY368YW-8-12_bin33-k141_1103131_193	SY368YW-8-12_bin33	SY368YW-8-12_bin33-k141_1103131	193	203	10	downstream	SY368YW-8-12_bin33-k141_1103131_203	218593	218721	-	ID=30_203;partial=00;start_type=ATG;rbs_motif=AGGA;rbs_spacer=5-10bp;gc_cont=0.527
SY456YB-0-4_bin2-k141_200390_5	SY456YB-0-4_bin2	SY456YB-0-4_bin2-k141_200390	5	1	-4	upstream	SY456YB-0-4_bin2-k141_200390_1	1	195	-	ID=462_1;partial=10;start_type=TTG;rbs_motif=None;rbs_spacer=None;gc_cont=0.615
SY456YB-0-4_bin2-k141_200390_5	SY456YB-0-4_bin2	SY456YB-0-4_bin2-k141_200390	5	2	-3	upstream	SY456YB-0-4_bin2-k141_200390_2	192	299	-	ID=462_2;partial=00;start_type=ATG;rbs_motif=GGxGG;rbs_spacer=5-10bp;gc_cont=0.472
SY456YB-0-4_bin2-k141_200390_5	SY456YB-0-4_bin2	SY456YB-0-4_bin2-k141_200390	5	3	-2	upstream	SY456YB-0-4_bin2-k141_200390_3	322	1059	-	ID=462_3;partial=00;start_type=ATG;rbs_motif=AGGA;rbs_spacer=5-10bp;gc_cont=0.541
SY456YB-0-4_bin2-k141_200390_5	SY456YB-0-4_bin2	SY456YB-0-4_bin2-k141_200390	5	4	-1	upstream	SY456YB-0-4_bin2-k141_200390_4	1089	3401	-	ID=462_4;partial=00;start_type=ATG;rbs_motif=3Base/5BMM;rbs_spacer=13-15bp;gc_cont=0.611
SY456YB-0-4_bin2-k141_200390_5	SY456YB-0-4_bin2	SY456YB-0-4_bin2-k141_200390	5	5	0	target	SY456YB-0-4_bin2-k141_200390_5	3565	5379	-	ID=462_5;partial=01;start_type=Edge;rbs_motif=None;rbs_spacer=None;gc_cont=0.581
SY456YB-0-4_bin8-k141_492248_42	SY456YB-0-4_bin8	SY456YB-0-4_bin8-k141_492248	42	32	-10	upstream	SY456YB-0-4_bin8-k141_492248_32	26546	27505	+	ID=56_32;partial=00;start_type=ATG;rbs_motif=AGGA;rbs_spacer=5-10bp;gc_cont=0.562
SY456YB-0-4_bin8-k141_492248_42	SY456YB-0-4_bin8	SY456YB-0-4_bin8-k141_492248	42	33	-9	upstream	SY456YB-0-4_bin8-k141_492248_33	27561	28283	-	ID=56_33;partial=00;start_type=TTG;rbs_motif=GGA/GAG/AGG;rbs_spacer=5-10bp;gc_cont=0.530
SY456YB-0-4_bin8-k141_492248_42	SY456YB-0-4_bin8	SY456YB-0-4_bin8-k141_492248	42	34	-8	upstream	SY456YB-0-4_bin8-k141_492248_34	28429	30666	+	ID=56_34;partial=00;start_type=GTG;rbs_motif=GGA/GAG/AGG;rbs_spacer=5-10bp;gc_cont=0.519
SY456YB-0-4_bin8-k141_492248_42	SY456YB-0-4_bin8	SY456YB-0-4_bin8-k141_492248	42	35	-7	upstream	SY456YB-0-4_bin8-k141_492248_35	30670	32052	-	ID=56_35;partial=00;start_type=ATG;rbs_motif=GGA/GAG/AGG;rbs_spacer=5-10bp;gc_cont=0.539
SY456YB-0-4_bin8-k141_492248_42	SY456YB-0-4_bin8	SY456YB-0-4_bin8-k141_492248	42	36	-6	upstream	SY456YB-0-4_bin8-k141_492248_36	32033	33322	-	ID=56_36;partial=00;start_type=ATG;rbs_motif=GGA/GAG/AGG;rbs_spacer=5-10bp;gc_cont=0.552
SY456YB-0-4_bin8-k141_492248_42	SY456YB-0-4_bin8	SY456YB-0-4_bin8-k141_492248	42	37	-5	upstream	SY456YB-0-4_bin8-k141_492248_37	33315	34985	-	ID=56_37;partial=00;start_type=ATG;rbs_motif=GGA/GAG/AGG;rbs_spacer=5-10bp;gc_cont=0.534
SY456YB-0-4_bin8-k141_492248_42	SY456YB-0-4_bin8	SY456YB-0-4_bin8-k141_492248	42	38	-4	upstream	SY456YB-0-4_bin8-k141_492248_38	34992	35741	-	ID=56_38;partial=00;start_type=ATG;rbs_motif=GGA/GAG/AGG;rbs_spacer=5-10bp;gc_cont=0.555
SY456YB-0-4_bin8-k141_492248_42	SY456YB-0-4_bin8	SY456YB-0-4_bin8-k141_492248	42	39	-3	upstream	SY456YB-0-4_bin8-k141_492248_39	35843	35950	-	ID=56_39;partial=00;start_type=ATG;rbs_motif=GGA/GAG/AGG;rbs_spacer=5-10bp;gc_cont=0.454
SY456YB-0-4_bin8-k141_492248_42	SY456YB-0-4_bin8	SY456YB-0-4_bin8-k141_492248	42	40	-2	upstream	SY456YB-0-4_bin8-k141_492248_40	35975	36715	-	ID=56_40;partial=00;start_type=ATG;rbs_motif=AGGA;rbs_spacer=5-10bp;gc_cont=0.491
SY456YB-0-4_bin8-k141_492248_42	SY456YB-0-4_bin8	SY456YB-0-4_bin8-k141_492248	42	41	-1	upstream	SY456YB-0-4_bin8-k141_492248_41	36739	38937	-	ID=56_41;partial=00;start_type=ATG;rbs_motif=GGA/GAG/AGG;rbs_spacer=5-10bp;gc_cont=0.536
SY456YB-0-4_bin8-k141_492248_42	SY456YB-0-4_bin8	SY456YB-0-4_bin8-k141_492248	42	42	0	target	SY456YB-0-4_bin8-k141_492248_42	39113	41791	-	ID=56_42;partial=00;start_type=ATG;rbs_motif=AGGAG;rbs_spacer=5-10bp;gc_cont=0.520
SY456YB-0-4_bin8-k141_492248_42	SY456YB-0-4_bin8	SY456YB-0-4_bin8-k141_492248	42	43	1	downstream	SY456YB-0-4_bin8-k141_492248_43	41804	42385	-	ID=56_43;partial=00;start_type=ATG;rbs_motif=AGGA;rbs_spacer=5-10bp;gc_cont=0.538
SY456YB-0-4_bin8-k141_492248_42	SY456YB-0-4_bin8	SY456YB-0-4_bin8-k141_492248	42	44	2	downstream	SY456YB-0-4_bin8-k141_492248_44	42406	43548	-	ID=56_44;partial=00;start_type=ATG;rbs_motif=GGAG/GAGG;rbs_spacer=5-10bp;gc_cont=0.535
SY456YB-0-4_bin8-k141_492248_42	SY456YB-0-4_bin8	SY456YB-0-4_bin8-k141_492248	42	45	3	downstream	SY456YB-0-4_bin8-k141_492248_45	43564	44685	-	ID=56_45;partial=00;start_type=ATG;rbs_motif=AGGAG;rbs_spacer=5-10bp;gc_cont=0.537
SY456YB-0-4_bin8-k141_492248_42	SY456YB-0-4_bin8	SY456YB-0-4_bin8-k141_492248	42	46	4	downstream	SY456YB-0-4_bin8-k141_492248_46	44829	47096	-	ID=56_46;partial=00;start_type=ATG;rbs_motif=GGA/GAG/AGG;rbs_spacer=5-10bp;gc_cont=0.551
SY456YB-0-4_bin8-k141_492248_42	SY456YB-0-4_bin8	SY456YB-0-4_bin8-k141_492248	42	47	5	downstream	SY456YB-0-4_bin8-k141_492248_47	47106	48239	-	ID=56_47;partial=00;start_type=ATG;rbs_motif=AGGAG;rbs_spacer=5-10bp;gc_cont=0.566
SY456YB-0-4_bin8-k141_492248_42	SY456YB-0-4_bin8	SY456YB-0-4_bin8-k141_492248	42	48	6	downstream	SY456YB-0-4_bin8-k141_492248_48	48236	50014	-	ID=56_48;partial=00;start_type=ATG;rbs_motif=GGA/GAG/AGG;rbs_spacer=5-10bp;gc_cont=0.521
SY456YB-0-4_bin8-k141_492248_42	SY456YB-0-4_bin8	SY456YB-0-4_bin8-k141_492248	42	49	7	downstream	SY456YB-0-4_bin8-k141_492248_49	50027	50155	-	ID=56_49;partial=00;start_type=ATG;rbs_motif=GGA/GAG/AGG;rbs_spacer=5-10bp;gc_cont=0.527
SY456YB-0-4_bin8-k141_492248_42	SY456YB-0-4_bin8	SY456YB-0-4_bin8-k141_492248	42	50	8	downstream	SY456YB-0-4_bin8-k141_492248_50	50178	50300	-	ID=56_50;partial=00;start_type=ATG;rbs_motif=GGA/GAG/AGG;rbs_spacer=5-10bp;gc_cont=0.480
SY456YB-0-4_bin8-k141_492248_42	SY456YB-0-4_bin8	SY456YB-0-4_bin8-k141_492248	42	51	9	downstream	SY456YB-0-4_bin8-k141_492248_51	50293	50406	-	ID=56_51;partial=00;start_type=ATG;rbs_motif=GGAGG;rbs_spacer=5-10bp;gc_cont=0.404
SY456YB-0-4_bin8-k141_492248_42	SY456YB-0-4_bin8	SY456YB-0-4_bin8-k141_492248	42	52	10	downstream	SY456YB-0-4_bin8-k141_492248_52	50409	50711	-	ID=56_52;partial=00;start_type=ATG;rbs_motif=GGA/GAG/AGG;rbs_spacer=5-10bp;gc_cont=0.479
SY456YB-4-8_bin24-k141_314185_12	SY456YB-4-8_bin24	SY456YB-4-8_bin24-k141_314185	12	2	-10	upstream	SY456YB-4-8_bin24-k141_314185_2	359	736	-	ID=14_2;partial=00;start_type=ATG;rbs_motif=4Base/6BMM;rbs_spacer=13-15bp;gc_cont=0.458
SY456YB-4-8_bin24-k141_314185_12	SY456YB-4-8_bin24	SY456YB-4-8_bin24-k141_314185	12	3	-9	upstream	SY456YB-4-8_bin24-k141_314185_3	740	1108	-	ID=14_3;partial=00;start_type=ATG;rbs_motif=GGA/GAG/AGG;rbs_spacer=5-10bp;gc_cont=0.436
SY456YB-4-8_bin24-k141_314185_12	SY456YB-4-8_bin24	SY456YB-4-8_bin24-k141_314185	12	4	-8	upstream	SY456YB-4-8_bin24-k141_314185_4	1146	2486	-	ID=14_4;partial=00;start_type=ATG;rbs_motif=GGA/GAG/AGG;rbs_spacer=5-10bp;gc_cont=0.419
SY456YB-4-8_bin24-k141_314185_12	SY456YB-4-8_bin24	SY456YB-4-8_bin24-k141_314185	12	5	-7	upstream	SY456YB-4-8_bin24-k141_314185_5	2644	3177	-	ID=14_5;partial=00;start_type=ATG;rbs_motif=GGA/GAG/AGG;rbs_spacer=5-10bp;gc_cont=0.434
SY456YB-4-8_bin24-k141_314185_12	SY456YB-4-8_bin24	SY456YB-4-8_bin24-k141_314185	12	6	-6	upstream	SY456YB-4-8_bin24-k141_314185_6	3417	5207	-	ID=14_6;partial=00;start_type=ATG;rbs_motif=GGA/GAG/AGG;rbs_spacer=5-10bp;gc_cont=0.423
SY456YB-4-8_bin24-k141_314185_12	SY456YB-4-8_bin24	SY456YB-4-8_bin24-k141_314185	12	7	-5	upstream	SY456YB-4-8_bin24-k141_314185_7	5314	6240	-	ID=14_7;partial=00;start_type=ATG;rbs_motif=GGAG/GAGG;rbs_spacer=5-10bp;gc_cont=0.442
SY456YB-4-8_bin24-k141_314185_12	SY456YB-4-8_bin24	SY456YB-4-8_bin24-k141_314185	12	8	-4	upstream	SY456YB-4-8_bin24-k141_314185_8	6539	7555	-	ID=14_8;partial=00;start_type=ATG;rbs_motif=None;rbs_spacer=None;gc_cont=0.394
SY456YB-4-8_bin24-k141_314185_12	SY456YB-4-8_bin24	SY456YB-4-8_bin24-k141_314185	12	9	-3	upstream	SY456YB-4-8_bin24-k141_314185_9	7969	9081	+	ID=14_9;partial=00;start_type=ATG;rbs_motif=AGGAG;rbs_spacer=5-10bp;gc_cont=0.409
SY456YB-4-8_bin24-k141_314185_12	SY456YB-4-8_bin24	SY456YB-4-8_bin24-k141_314185	12	10	-2	upstream	SY456YB-4-8_bin24-k141_314185_10	9097	10293	+	ID=14_10;partial=00;start_type=ATG;rbs_motif=AGGAG;rbs_spacer=5-10bp;gc_cont=0.425
SY456YB-4-8_bin24-k141_314185_12	SY456YB-4-8_bin24	SY456YB-4-8_bin24-k141_314185	12	11	-1	upstream	SY456YB-4-8_bin24-k141_314185_11	10290	10901	+	ID=14_11;partial=00;start_type=ATG;rbs_motif=AGGAG;rbs_spacer=5-10bp;gc_cont=0.425
SY456YB-4-8_bin24-k141_314185_12	SY456YB-4-8_bin24	SY456YB-4-8_bin24-k141_314185	12	12	0	target	SY456YB-4-8_bin24-k141_314185_12	10913	13606	+	ID=14_12;partial=00;start_type=ATG;rbs_motif=AGGAG;rbs_spacer=5-10bp;gc_cont=0.427
SY456YB-4-8_bin24-k141_314185_12	SY456YB-4-8_bin24	SY456YB-4-8_bin24-k141_314185	12	13	1	downstream	SY456YB-4-8_bin24-k141_314185_13	13774	14436	+	ID=14_13;partial=00;start_type=ATG;rbs_motif=GGA/GAG/AGG;rbs_spacer=5-10bp;gc_cont=0.388
SY456YB-4-8_bin24-k141_314185_12	SY456YB-4-8_bin24	SY456YB-4-8_bin24-k141_314185	12	14	2	downstream	SY456YB-4-8_bin24-k141_314185_14	14528	15256	+	ID=14_14;partial=00;start_type=GTG;rbs_motif=None;rbs_spacer=None;gc_cont=0.373
SY456YB-4-8_bin24-k141_314185_12	SY456YB-4-8_bin24	SY456YB-4-8_bin24-k141_314185	12	15	3	downstream	SY456YB-4-8_bin24-k141_314185_15	15253	15939	+	ID=14_15;partial=00;start_type=ATG;rbs_motif=None;rbs_spacer=None;gc_cont=0.438
SY456YB-4-8_bin24-k141_314185_12	SY456YB-4-8_bin24	SY456YB-4-8_bin24-k141_314185	12	16	4	downstream	SY456YB-4-8_bin24-k141_314185_16	15902	17044	+	ID=14_16;partial=00;start_type=ATG;rbs_motif=None;rbs_spacer=None;gc_cont=0.422
SY456YB-4-8_bin24-k141_314185_12	SY456YB-4-8_bin24	SY456YB-4-8_bin24-k141_314185	12	17	5	downstream	SY456YB-4-8_bin24-k141_314185_17	17222	18595	-	ID=14_17;partial=00;start_type=ATG;rbs_motif=GGA/GAG/AGG;rbs_spacer=5-10bp;gc_cont=0.412
SY456YB-4-8_bin24-k141_314185_12	SY456YB-4-8_bin24	SY456YB-4-8_bin24-k141_314185	12	18	6	downstream	SY456YB-4-8_bin24-k141_314185_18	18592	21528	-	ID=14_18;partial=00;start_type=ATG;rbs_motif=GGA/GAG/AGG;rbs_spacer=11-12bp;gc_cont=0.381
SY456YB-4-8_bin24-k141_314185_12	SY456YB-4-8_bin24	SY456YB-4-8_bin24-k141_314185	12	19	7	downstream	SY456YB-4-8_bin24-k141_314185_19	21525	21890	-	ID=14_19;partial=00;start_type=GTG;rbs_motif=None;rbs_spacer=None;gc_cont=0.404
SY456YB-4-8_bin24-k141_314185_12	SY456YB-4-8_bin24	SY456YB-4-8_bin24-k141_314185	12	20	8	downstream	SY456YB-4-8_bin24-k141_314185_20	21927	23345	-	ID=14_20;partial=00;start_type=ATG;rbs_motif=None;rbs_spacer=None;gc_cont=0.408
SY456YB-4-8_bin24-k141_314185_12	SY456YB-4-8_bin24	SY456YB-4-8_bin24-k141_314185	12	21	9	downstream	SY456YB-4-8_bin24-k141_314185_21	23342	23482	-	ID=14_21;partial=00;start_type=ATG;rbs_motif=GGA/GAG/AGG;rbs_spacer=11-12bp;gc_cont=0.433
SY456YB-4-8_bin24-k141_314185_12	SY456YB-4-8_bin24	SY456YB-4-8_bin24-k141_314185	12	22	10	downstream	SY456YB-4-8_bin24-k141_314185_22	23482	24744	-	ID=14_22;partial=00;start_type=ATG;rbs_motif=3Base/5BMM;rbs_spacer=13-15bp;gc_cont=0.429
SY456YB-8-12_bin17-k141_937905_1	SY456YB-8-12_bin17	SY456YB-8-12_bin17-k141_937905	1	1	0	target	SY456YB-8-12_bin17-k141_937905_1	2	1582	+	ID=505_1;partial=10;start_type=Edge;rbs_motif=None;rbs_spacer=None;gc_cont=0.581
SY456YB-8-12_bin27-k141_1029503_28	SY456YB-8-12_bin27	SY456YB-8-12_bin27-k141_1029503	28	18	-10	upstream	SY456YB-8-12_bin27-k141_1029503_18	18152	18883	-	ID=107_18;partial=00;start_type=GTG;rbs_motif=GGAG/GAGG;rbs_spacer=5-10bp;gc_cont=0.501
SY456YB-8-12_bin27-k141_1029503_28	SY456YB-8-12_bin27	SY456YB-8-12_bin27-k141_1029503	28	19	-9	upstream	SY456YB-8-12_bin27-k141_1029503_19	19029	21275	+	ID=107_19;partial=00;start_type=GTG;rbs_motif=GGAG/GAGG;rbs_spacer=5-10bp;gc_cont=0.511
SY456YB-8-12_bin27-k141_1029503_28	SY456YB-8-12_bin27	SY456YB-8-12_bin27-k141_1029503	28	20	-8	upstream	SY456YB-8-12_bin27-k141_1029503_20	21382	21993	+	ID=107_20;partial=00;start_type=ATG;rbs_motif=GGA/GAG/AGG;rbs_spacer=5-10bp;gc_cont=0.580
SY456YB-8-12_bin27-k141_1029503_28	SY456YB-8-12_bin27	SY456YB-8-12_bin27-k141_1029503	28	21	-7	upstream	SY456YB-8-12_bin27-k141_1029503_21	21940	23313	-	ID=107_21;partial=00;start_type=GTG;rbs_motif=AGGA/GGAG/GAGG;rbs_spacer=11-12bp;gc_cont=0.536
SY456YB-8-12_bin27-k141_1029503_28	SY456YB-8-12_bin27	SY456YB-8-12_bin27-k141_1029503	28	22	-6	upstream	SY456YB-8-12_bin27-k141_1029503_22	23322	24593	-	ID=107_22;partial=00;start_type=ATG;rbs_motif=GGA/GAG/AGG;rbs_spacer=5-10bp;gc_cont=0.561
SY456YB-8-12_bin27-k141_1029503_28	SY456YB-8-12_bin27	SY456YB-8-12_bin27-k141_1029503	28	23	-5	upstream	SY456YB-8-12_bin27-k141_1029503_23	24598	26238	-	ID=107_23;partial=00;start_type=ATG;rbs_motif=GGA/GAG/AGG;rbs_spacer=5-10bp;gc_cont=0.539
SY456YB-8-12_bin27-k141_1029503_28	SY456YB-8-12_bin27	SY456YB-8-12_bin27-k141_1029503	28	24	-4	upstream	SY456YB-8-12_bin27-k141_1029503_24	26250	27110	-	ID=107_24;partial=00;start_type=TTG;rbs_motif=GGxGG;rbs_spacer=3-4bp;gc_cont=0.520
SY456YB-8-12_bin27-k141_1029503_28	SY456YB-8-12_bin27	SY456YB-8-12_bin27-k141_1029503	28	25	-3	upstream	SY456YB-8-12_bin27-k141_1029503_25	27095	27202	-	ID=107_25;partial=00;start_type=ATG;rbs_motif=AGGAG;rbs_spacer=5-10bp;gc_cont=0.370
SY456YB-8-12_bin27-k141_1029503_28	SY456YB-8-12_bin27	SY456YB-8-12_bin27-k141_1029503	28	26	-2	upstream	SY456YB-8-12_bin27-k141_1029503_26	27247	27987	-	ID=107_26;partial=00;start_type=ATG;rbs_motif=AGGA;rbs_spacer=5-10bp;gc_cont=0.480
SY456YB-8-12_bin27-k141_1029503_28	SY456YB-8-12_bin27	SY456YB-8-12_bin27-k141_1029503	28	27	-1	upstream	SY456YB-8-12_bin27-k141_1029503_27	28013	30199	-	ID=107_27;partial=00;start_type=ATG;rbs_motif=None;rbs_spacer=None;gc_cont=0.532
SY456YB-8-12_bin27-k141_1029503_28	SY456YB-8-12_bin27	SY456YB-8-12_bin27-k141_1029503	28	28	0	target	SY456YB-8-12_bin27-k141_1029503_28	30367	33045	-	ID=107_28;partial=00;start_type=ATG;rbs_motif=AGGAG;rbs_spacer=5-10bp;gc_cont=0.515
SY456YB-8-12_bin27-k141_1029503_28	SY456YB-8-12_bin27	SY456YB-8-12_bin27-k141_1029503	28	29	1	downstream	SY456YB-8-12_bin27-k141_1029503_29	33057	33638	-	ID=107_29;partial=00;start_type=ATG;rbs_motif=AGGA;rbs_spacer=5-10bp;gc_cont=0.519
SY456YB-8-12_bin27-k141_1029503_28	SY456YB-8-12_bin27	SY456YB-8-12_bin27-k141_1029503	28	30	2	downstream	SY456YB-8-12_bin27-k141_1029503_30	33659	34810	-	ID=107_30;partial=00;start_type=ATG;rbs_motif=AGGA;rbs_spacer=5-10bp;gc_cont=0.515
SY456YB-8-12_bin27-k141_1029503_28	SY456YB-8-12_bin27	SY456YB-8-12_bin27-k141_1029503	28	31	3	downstream	SY456YB-8-12_bin27-k141_1029503_31	34831	35952	-	ID=107_31;partial=00;start_type=ATG;rbs_motif=GGA/GAG/AGG;rbs_spacer=5-10bp;gc_cont=0.496
SY456YB-8-12_bin27-k141_1029503_28	SY456YB-8-12_bin27	SY456YB-8-12_bin27-k141_1029503	28	32	4	downstream	SY456YB-8-12_bin27-k141_1029503_32	36099	38363	-	ID=107_32;partial=00;start_type=ATG;rbs_motif=GGA/GAG/AGG;rbs_spacer=5-10bp;gc_cont=0.525
SY456YB-8-12_bin27-k141_1029503_28	SY456YB-8-12_bin27	SY456YB-8-12_bin27-k141_1029503	28	33	5	downstream	SY456YB-8-12_bin27-k141_1029503_33	38374	39516	-	ID=107_33;partial=00;start_type=ATG;rbs_motif=GGAGG;rbs_spacer=5-10bp;gc_cont=0.544
SY456YB-8-12_bin27-k141_1029503_28	SY456YB-8-12_bin27	SY456YB-8-12_bin27-k141_1029503	28	34	6	downstream	SY456YB-8-12_bin27-k141_1029503_34	39513	41279	-	ID=107_34;partial=00;start_type=ATG;rbs_motif=AGxAGG/AGGxGG;rbs_spacer=5-10bp;gc_cont=0.525
SY456YB-8-12_bin27-k141_1029503_28	SY456YB-8-12_bin27	SY456YB-8-12_bin27-k141_1029503	28	35	7	downstream	SY456YB-8-12_bin27-k141_1029503_35	41289	41477	-	ID=107_35;partial=00;start_type=ATG;rbs_motif=GGxGG;rbs_spacer=5-10bp;gc_cont=0.460
SY456YB-8-12_bin27-k141_1029503_28	SY456YB-8-12_bin27	SY456YB-8-12_bin27-k141_1029503	28	36	8	downstream	SY456YB-8-12_bin27-k141_1029503_36	41449	41592	-	ID=107_36;partial=00;start_type=ATG;rbs_motif=AGGA;rbs_spacer=5-10bp;gc_cont=0.444
SY456YB-8-12_bin27-k141_1029503_28	SY456YB-8-12_bin27	SY456YB-8-12_bin27-k141_1029503	28	37	9	downstream	SY456YB-8-12_bin27-k141_1029503_37	41669	41971	-	ID=107_37;partial=00;start_type=ATG;rbs_motif=GGA/GAG/AGG;rbs_spacer=5-10bp;gc_cont=0.469
SY456YB-8-12_bin27-k141_1029503_28	SY456YB-8-12_bin27	SY456YB-8-12_bin27-k141_1029503	28	38	10	downstream	SY456YB-8-12_bin27-k141_1029503_38	42163	42930	+	ID=107_38;partial=00;start_type=ATG;rbs_motif=AGGA/GGAG/GAGG;rbs_spacer=11-12bp;gc_cont=0.499
SY456YB-8-12_bin34-k141_963697_76	SY456YB-8-12_bin34	SY456YB-8-12_bin34-k141_963697	76	66	-10	upstream	SY456YB-8-12_bin34-k141_963697_66	67616	68653	-	ID=54_66;partial=00;start_type=ATG;rbs_motif=GGA/GAG/AGG;rbs_spacer=11-12bp;gc_cont=0.579
SY456YB-8-12_bin34-k141_963697_76	SY456YB-8-12_bin34	SY456YB-8-12_bin34-k141_963697	76	67	-9	upstream	SY456YB-8-12_bin34-k141_963697_67	68807	69802	-	ID=54_67;partial=00;start_type=TTG;rbs_motif=GGA/GAG/AGG;rbs_spacer=5-10bp;gc_cont=0.560
SY456YB-8-12_bin34-k141_963697_76	SY456YB-8-12_bin34	SY456YB-8-12_bin34-k141_963697	76	68	-8	upstream	SY456YB-8-12_bin34-k141_963697_68	69795	70562	-	ID=54_68;partial=00;start_type=ATG;rbs_motif=AGGA/GGAG/GAGG;rbs_spacer=11-12bp;gc_cont=0.514
SY456YB-8-12_bin34-k141_963697_76	SY456YB-8-12_bin34	SY456YB-8-12_bin34-k141_963697	76	69	-7	upstream	SY456YB-8-12_bin34-k141_963697_69	70804	71106	+	ID=54_69;partial=00;start_type=ATG;rbs_motif=GGA/GAG/AGG;rbs_spacer=5-10bp;gc_cont=0.525
SY456YB-8-12_bin34-k141_963697_76	SY456YB-8-12_bin34	SY456YB-8-12_bin34-k141_963697	76	70	-6	upstream	SY456YB-8-12_bin34-k141_963697_70	71441	71569	+	ID=54_70;partial=00;start_type=ATG;rbs_motif=AGGA;rbs_spacer=5-10bp;gc_cont=0.504
SY456YB-8-12_bin34-k141_963697_76	SY456YB-8-12_bin34	SY456YB-8-12_bin34-k141_963697	76	71	-5	upstream	SY456YB-8-12_bin34-k141_963697_71	71579	73339	+	ID=54_71;partial=00;start_type=ATG;rbs_motif=AGxAGG/AGGxGG;rbs_spacer=5-10bp;gc_cont=0.549
SY456YB-8-12_bin34-k141_963697_76	SY456YB-8-12_bin34	SY456YB-8-12_bin34-k141_963697	76	72	-4	upstream	SY456YB-8-12_bin34-k141_963697_72	73336	74469	+	ID=54_72;partial=00;start_type=ATG;rbs_motif=GGAGG;rbs_spacer=5-10bp;gc_cont=0.567
SY456YB-8-12_bin34-k141_963697_76	SY456YB-8-12_bin34	SY456YB-8-12_bin34-k141_963697	76	73	-3	upstream	SY456YB-8-12_bin34-k141_963697_73	74480	76753	+	ID=54_73;partial=00;start_type=ATG;rbs_motif=GGA/GAG/AGG;rbs_spacer=5-10bp;gc_cont=0.559
SY456YB-8-12_bin34-k141_963697_76	SY456YB-8-12_bin34	SY456YB-8-12_bin34-k141_963697	76	74	-2	upstream	SY456YB-8-12_bin34-k141_963697_74	76918	78036	+	ID=54_74;partial=00;start_type=ATG;rbs_motif=GGA/GAG/AGG;rbs_spacer=5-10bp;gc_cont=0.517
SY456YB-8-12_bin34-k141_963697_76	SY456YB-8-12_bin34	SY456YB-8-12_bin34-k141_963697	76	75	-1	upstream	SY456YB-8-12_bin34-k141_963697_75	78052	79197	+	ID=54_75;partial=00;start_type=ATG;rbs_motif=GGAG/GAGG;rbs_spacer=5-10bp;gc_cont=0.527
SY456YB-8-12_bin34-k141_963697_76	SY456YB-8-12_bin34	SY456YB-8-12_bin34-k141_963697	76	76	0	target	SY456YB-8-12_bin34-k141_963697_76	79220	79801	+	ID=54_76;partial=00;start_type=ATG;rbs_motif=AGGAG/GGAGG;rbs_spacer=11-12bp;gc_cont=0.524
SY456YB-8-12_bin34-k141_963697_76	SY456YB-8-12_bin34	SY456YB-8-12_bin34-k141_963697	76	77	1	downstream	SY456YB-8-12_bin34-k141_963697_77	79814	82492	+	ID=54_77;partial=00;start_type=ATG;rbs_motif=AGGAG;rbs_spacer=5-10bp;gc_cont=0.533
SY456YB-8-12_bin34-k141_963697_76	SY456YB-8-12_bin34	SY456YB-8-12_bin34-k141_963697	76	78	2	downstream	SY456YB-8-12_bin34-k141_963697_78	82654	84828	+	ID=54_78;partial=00;start_type=ATG;rbs_motif=AGxAGG/AGGxGG;rbs_spacer=5-10bp;gc_cont=0.571
SY456YB-8-12_bin34-k141_963697_76	SY456YB-8-12_bin34	SY456YB-8-12_bin34-k141_963697	76	79	3	downstream	SY456YB-8-12_bin34-k141_963697_79	84858	85598	+	ID=54_79;partial=00;start_type=ATG;rbs_motif=AGGA;rbs_spacer=5-10bp;gc_cont=0.506
SY456YB-8-12_bin34-k141_963697_76	SY456YB-8-12_bin34	SY456YB-8-12_bin34-k141_963697	76	80	4	downstream	SY456YB-8-12_bin34-k141_963697_80	85623	85730	+	ID=54_80;partial=00;start_type=ATG;rbs_motif=GGA/GAG/AGG;rbs_spacer=5-10bp;gc_cont=0.426
SY456YB-8-12_bin34-k141_963697_76	SY456YB-8-12_bin34	SY456YB-8-12_bin34-k141_963697	76	81	5	downstream	SY456YB-8-12_bin34-k141_963697_81	85814	86566	+	ID=54_81;partial=00;start_type=ATG;rbs_motif=GGA/GAG/AGG;rbs_spacer=5-10bp;gc_cont=0.533
SY456YB-8-12_bin34-k141_963697_76	SY456YB-8-12_bin34	SY456YB-8-12_bin34-k141_963697	76	82	6	downstream	SY456YB-8-12_bin34-k141_963697_82	86606	88249	+	ID=54_82;partial=00;start_type=ATG;rbs_motif=GGAG/GAGG;rbs_spacer=5-10bp;gc_cont=0.567
SY456YB-8-12_bin34-k141_963697_76	SY456YB-8-12_bin34	SY456YB-8-12_bin34-k141_963697	76	83	7	downstream	SY456YB-8-12_bin34-k141_963697_83	88253	89524	+	ID=54_83;partial=00;start_type=ATG;rbs_motif=GGA/GAG/AGG;rbs_spacer=5-10bp;gc_cont=0.595
SY456YB-8-12_bin34-k141_963697_76	SY456YB-8-12_bin34	SY456YB-8-12_bin34-k141_963697	76	84	8	downstream	SY456YB-8-12_bin34-k141_963697_84	89517	90893	+	ID=54_84;partial=00;start_type=ATG;rbs_motif=GGAG/GAGG;rbs_spacer=5-10bp;gc_cont=0.573
SY456YB-8-12_bin34-k141_963697_76	SY456YB-8-12_bin34	SY456YB-8-12_bin34-k141_963697	76	85	9	downstream	SY456YB-8-12_bin34-k141_963697_85	90890	91609	-	ID=54_85;partial=00;start_type=GTG;rbs_motif=GGA/GAG/AGG;rbs_spacer=5-10bp;gc_cont=0.532
SY456YB-8-12_bin34-k141_963697_76	SY456YB-8-12_bin34	SY456YB-8-12_bin34-k141_963697	76	86	10	downstream	SY456YB-8-12_bin34-k141_963697_86	91757	94003	+	ID=54_86;partial=00;start_type=ATG;rbs_motif=GGAG/GAGG;rbs_spacer=5-10bp;gc_cont=0.518
SY456YB-8-12_bin4-k141_708485_189	SY456YB-8-12_bin4	SY456YB-8-12_bin4-k141_708485	189	179	-10	upstream	SY456YB-8-12_bin4-k141_708485_179	181368	181976	+	ID=28_179;partial=00;start_type=GTG;rbs_motif=GGA/GAG/AGG;rbs_spacer=5-10bp;gc_cont=0.409
SY456YB-8-12_bin4-k141_708485_189	SY456YB-8-12_bin4	SY456YB-8-12_bin4-k141_708485	189	180	-9	upstream	SY456YB-8-12_bin4-k141_708485_180	182038	182331	+	ID=28_180;partial=00;start_type=ATG;rbs_motif=GGA/GAG/AGG;rbs_spacer=5-10bp;gc_cont=0.486
SY456YB-8-12_bin4-k141_708485_189	SY456YB-8-12_bin4	SY456YB-8-12_bin4-k141_708485	189	181	-8	upstream	SY456YB-8-12_bin4-k141_708485_181	182485	182625	+	ID=28_181;partial=00;start_type=ATG;rbs_motif=AGGA;rbs_spacer=5-10bp;gc_cont=0.390
SY456YB-8-12_bin4-k141_708485_189	SY456YB-8-12_bin4	SY456YB-8-12_bin4-k141_708485	189	182	-7	upstream	SY456YB-8-12_bin4-k141_708485_182	182786	184549	+	ID=28_182;partial=00;start_type=ATG;rbs_motif=GGAG/GAGG;rbs_spacer=5-10bp;gc_cont=0.497
SY456YB-8-12_bin4-k141_708485_189	SY456YB-8-12_bin4	SY456YB-8-12_bin4-k141_708485	189	183	-6	upstream	SY456YB-8-12_bin4-k141_708485_183	184546	185379	+	ID=28_183;partial=00;start_type=ATG;rbs_motif=AGGAG;rbs_spacer=5-10bp;gc_cont=0.481
SY456YB-8-12_bin4-k141_708485_189	SY456YB-8-12_bin4	SY456YB-8-12_bin4-k141_708485	189	184	-5	upstream	SY456YB-8-12_bin4-k141_708485_184	185395	187674	+	ID=28_184;partial=00;start_type=ATG;rbs_motif=GGA/GAG/AGG;rbs_spacer=5-10bp;gc_cont=0.499
SY456YB-8-12_bin4-k141_708485_189	SY456YB-8-12_bin4	SY456YB-8-12_bin4-k141_708485	189	185	-4	upstream	SY456YB-8-12_bin4-k141_708485_185	187917	189038	+	ID=28_185;partial=00;start_type=ATG;rbs_motif=AGGAG;rbs_spacer=5-10bp;gc_cont=0.460
SY456YB-8-12_bin4-k141_708485_189	SY456YB-8-12_bin4	SY456YB-8-12_bin4-k141_708485	189	186	-3	upstream	SY456YB-8-12_bin4-k141_708485_186	189057	190211	+	ID=28_186;partial=00;start_type=ATG;rbs_motif=AGGAG;rbs_spacer=5-10bp;gc_cont=0.486
SY456YB-8-12_bin4-k141_708485_189	SY456YB-8-12_bin4	SY456YB-8-12_bin4-k141_708485	189	187	-2	upstream	SY456YB-8-12_bin4-k141_708485_187	190224	190808	+	ID=28_187;partial=00;start_type=ATG;rbs_motif=GGAG/GAGG;rbs_spacer=5-10bp;gc_cont=0.468
SY456YB-8-12_bin4-k141_708485_189	SY456YB-8-12_bin4	SY456YB-8-12_bin4-k141_708485	189	188	-1	upstream	SY456YB-8-12_bin4-k141_708485_188	190825	193500	+	ID=28_188;partial=00;start_type=ATG;rbs_motif=GGAGG;rbs_spacer=5-10bp;gc_cont=0.484
SY456YB-8-12_bin4-k141_708485_189	SY456YB-8-12_bin4	SY456YB-8-12_bin4-k141_708485	189	189	0	target	SY456YB-8-12_bin4-k141_708485_189	193690	195933	+	ID=28_189;partial=00;start_type=ATG;rbs_motif=GGA/GAG/AGG;rbs_spacer=5-10bp;gc_cont=0.486
SY456YB-8-12_bin4-k141_708485_189	SY456YB-8-12_bin4	SY456YB-8-12_bin4-k141_708485	189	190	1	downstream	SY456YB-8-12_bin4-k141_708485_190	195966	196703	+	ID=28_190;partial=00;start_type=ATG;rbs_motif=GGA/GAG/AGG;rbs_spacer=5-10bp;gc_cont=0.446
SY456YB-8-12_bin4-k141_708485_189	SY456YB-8-12_bin4	SY456YB-8-12_bin4-k141_708485	189	191	2	downstream	SY456YB-8-12_bin4-k141_708485_191	196741	196881	+	ID=28_191;partial=00;start_type=ATG;rbs_motif=GGA/GAG/AGG;rbs_spacer=5-10bp;gc_cont=0.461
SY456YB-8-12_bin4-k141_708485_189	SY456YB-8-12_bin4	SY456YB-8-12_bin4-k141_708485	189	192	3	downstream	SY456YB-8-12_bin4-k141_708485_192	196878	197765	+	ID=28_192;partial=00;start_type=ATG;rbs_motif=GGA/GAG/AGG;rbs_spacer=5-10bp;gc_cont=0.514
SY456YB-8-12_bin4-k141_708485_189	SY456YB-8-12_bin4	SY456YB-8-12_bin4-k141_708485	189	193	4	downstream	SY456YB-8-12_bin4-k141_708485_193	197786	199513	+	ID=28_193;partial=00;start_type=ATG;rbs_motif=GGAGG;rbs_spacer=3-4bp;gc_cont=0.506
SY456YB-8-12_bin4-k141_708485_189	SY456YB-8-12_bin4	SY456YB-8-12_bin4-k141_708485	189	194	5	downstream	SY456YB-8-12_bin4-k141_708485_194	199506	200801	+	ID=28_194;partial=00;start_type=ATG;rbs_motif=None;rbs_spacer=None;gc_cont=0.507
SY456YB-8-12_bin4-k141_708485_189	SY456YB-8-12_bin4	SY456YB-8-12_bin4-k141_708485	189	195	6	downstream	SY456YB-8-12_bin4-k141_708485_195	200798	202180	+	ID=28_195;partial=00;start_type=ATG;rbs_motif=GGA/GAG/AGG;rbs_spacer=5-10bp;gc_cont=0.525
SY456YB-8-12_bin4-k141_708485_189	SY456YB-8-12_bin4	SY456YB-8-12_bin4-k141_708485	189	196	7	downstream	SY456YB-8-12_bin4-k141_708485_196	202167	203465	-	ID=28_196;partial=00;start_type=ATG;rbs_motif=GGA/GAG/AGG;rbs_spacer=5-10bp;gc_cont=0.503
SY456YB-8-12_bin4-k141_708485_189	SY456YB-8-12_bin4	SY456YB-8-12_bin4-k141_708485	189	197	8	downstream	SY456YB-8-12_bin4-k141_708485_197	203446	204153	-	ID=28_197;partial=00;start_type=ATG;rbs_motif=GGA/GAG/AGG;rbs_spacer=5-10bp;gc_cont=0.479
SY456YB-8-12_bin4-k141_708485_189	SY456YB-8-12_bin4	SY456YB-8-12_bin4-k141_708485	189	198	9	downstream	SY456YB-8-12_bin4-k141_708485_198	204303	206528	-	ID=28_198;partial=00;start_type=ATG;rbs_motif=None;rbs_spacer=None;gc_cont=0.464
SY456YB-8-12_bin4-k141_708485_189	SY456YB-8-12_bin4	SY456YB-8-12_bin4-k141_708485	189	199	10	downstream	SY456YB-8-12_bin4-k141_708485_199	206613	207401	+	ID=28_199;partial=00;start_type=ATG;rbs_motif=3Base/5BMM;rbs_spacer=13-15bp;gc_cont=0.479
SY456YB-8-12_bin5-k141_222164_2	SY456YB-8-12_bin5	SY456YB-8-12_bin5-k141_222164	2	1	-1	upstream	SY456YB-8-12_bin5-k141_222164_1	2	583	-	ID=129_1;partial=10;start_type=GTG;rbs_motif=GGA/GAG/AGG;rbs_spacer=5-10bp;gc_cont=0.540
SY456YB-8-12_bin5-k141_222164_2	SY456YB-8-12_bin5	SY456YB-8-12_bin5-k141_222164	2	2	0	target	SY456YB-8-12_bin5-k141_222164_2	580	3255	-	ID=129_2;partial=00;start_type=ATG;rbs_motif=GGA/GAG/AGG;rbs_spacer=5-10bp;gc_cont=0.534
SY456YB-8-12_bin5-k141_222164_2	SY456YB-8-12_bin5	SY456YB-8-12_bin5-k141_222164	2	3	1	downstream	SY456YB-8-12_bin5-k141_222164_3	3267	3854	-	ID=129_3;partial=00;start_type=ATG;rbs_motif=GGAG/GAGG;rbs_spacer=5-10bp;gc_cont=0.514
SY456YB-8-12_bin5-k141_222164_2	SY456YB-8-12_bin5	SY456YB-8-12_bin5-k141_222164	2	4	2	downstream	SY456YB-8-12_bin5-k141_222164_4	3867	4898	-	ID=129_4;partial=01;start_type=Edge;rbs_motif=None;rbs_spacer=None;gc_cont=0.532
SY457BB-0-4_bin10-k141_729355_7	SY457BB-0-4_bin10	SY457BB-0-4_bin10-k141_729355	7	1	-6	upstream	SY457BB-0-4_bin10-k141_729355_1	2	70	-	ID=242_1;partial=10;start_type=ATG;rbs_motif=AGGA;rbs_spacer=5-10bp;gc_cont=0.478
SY457BB-0-4_bin10-k141_729355_7	SY457BB-0-4_bin10	SY457BB-0-4_bin10-k141_729355	7	2	-5	upstream	SY457BB-0-4_bin10-k141_729355_2	478	1062	+	ID=242_2;partial=00;start_type=GTG;rbs_motif=GGA/GAG/AGG;rbs_spacer=5-10bp;gc_cont=0.547
SY457BB-0-4_bin10-k141_729355_7	SY457BB-0-4_bin10	SY457BB-0-4_bin10-k141_729355	7	3	-4	upstream	SY457BB-0-4_bin10-k141_729355_3	1196	1594	+	ID=242_3;partial=00;start_type=GTG;rbs_motif=None;rbs_spacer=None;gc_cont=0.511
SY457BB-0-4_bin10-k141_729355_7	SY457BB-0-4_bin10	SY457BB-0-4_bin10-k141_729355	7	4	-3	upstream	SY457BB-0-4_bin10-k141_729355_4	1732	2148	-	ID=242_4;partial=00;start_type=ATG;rbs_motif=GGA/GAG/AGG;rbs_spacer=5-10bp;gc_cont=0.489
SY457BB-0-4_bin10-k141_729355_7	SY457BB-0-4_bin10	SY457BB-0-4_bin10-k141_729355	7	5	-2	upstream	SY457BB-0-4_bin10-k141_729355_5	2201	2620	-	ID=242_5;partial=00;start_type=ATG;rbs_motif=AGGAG;rbs_spacer=5-10bp;gc_cont=0.438
SY457BB-0-4_bin10-k141_729355_7	SY457BB-0-4_bin10	SY457BB-0-4_bin10-k141_729355	7	6	-1	upstream	SY457BB-0-4_bin10-k141_729355_6	2660	2980	+	ID=242_6;partial=00;start_type=ATG;rbs_motif=GGAG/GAGG;rbs_spacer=5-10bp;gc_cont=0.445
SY457BB-0-4_bin10-k141_729355_7	SY457BB-0-4_bin10	SY457BB-0-4_bin10-k141_729355	7	7	0	target	SY457BB-0-4_bin10-k141_729355_7	2966	5122	-	ID=242_7;partial=00;start_type=GTG;rbs_motif=GGAG/GAGG;rbs_spacer=5-10bp;gc_cont=0.539
SY457BB-0-4_bin10-k141_729355_7	SY457BB-0-4_bin10	SY457BB-0-4_bin10-k141_729355	7	8	1	downstream	SY457BB-0-4_bin10-k141_729355_8	5183	7207	-	ID=242_8;partial=01;start_type=Edge;rbs_motif=None;rbs_spacer=None;gc_cont=0.541
SY457BB-0-4_bin2-k141_509701_9	SY457BB-0-4_bin2	SY457BB-0-4_bin2-k141_509701	9	1	-8	upstream	SY457BB-0-4_bin2-k141_509701_1	3	704	+	ID=43_1;partial=10;start_type=Edge;rbs_motif=None;rbs_spacer=None;gc_cont=0.517
SY457BB-0-4_bin2-k141_509701_9	SY457BB-0-4_bin2	SY457BB-0-4_bin2-k141_509701	9	2	-7	upstream	SY457BB-0-4_bin2-k141_509701_2	845	1099	+	ID=43_2;partial=00;start_type=ATG;rbs_motif=None;rbs_spacer=None;gc_cont=0.490
SY457BB-0-4_bin2-k141_509701_9	SY457BB-0-4_bin2	SY457BB-0-4_bin2-k141_509701	9	3	-6	upstream	SY457BB-0-4_bin2-k141_509701_3	1102	1554	+	ID=43_3;partial=00;start_type=ATG;rbs_motif=None;rbs_spacer=None;gc_cont=0.508
SY457BB-0-4_bin2-k141_509701_9	SY457BB-0-4_bin2	SY457BB-0-4_bin2-k141_509701	9	4	-5	upstream	SY457BB-0-4_bin2-k141_509701_4	1551	1979	+	ID=43_4;partial=00;start_type=ATG;rbs_motif=None;rbs_spacer=None;gc_cont=0.478
SY457BB-0-4_bin2-k141_509701_9	SY457BB-0-4_bin2	SY457BB-0-4_bin2-k141_509701	9	5	-4	upstream	SY457BB-0-4_bin2-k141_509701_5	1972	3450	+	ID=43_5;partial=00;start_type=GTG;rbs_motif=AGGA;rbs_spacer=5-10bp;gc_cont=0.481
SY457BB-0-4_bin2-k141_509701_9	SY457BB-0-4_bin2	SY457BB-0-4_bin2-k141_509701	9	6	-3	upstream	SY457BB-0-4_bin2-k141_509701_6	3749	4867	+	ID=43_6;partial=00;start_type=ATG;rbs_motif=AGGAG;rbs_spacer=5-10bp;gc_cont=0.483
SY457BB-0-4_bin2-k141_509701_9	SY457BB-0-4_bin2	SY457BB-0-4_bin2-k141_509701	9	7	-2	upstream	SY457BB-0-4_bin2-k141_509701_7	4884	6074	+	ID=43_7;partial=00;start_type=ATG;rbs_motif=AGGAG;rbs_spacer=5-10bp;gc_cont=0.495
SY457BB-0-4_bin2-k141_509701_9	SY457BB-0-4_bin2	SY457BB-0-4_bin2-k141_509701	9	8	-1	upstream	SY457BB-0-4_bin2-k141_509701_8	6071	6697	+	ID=43_8;partial=00;start_type=ATG;rbs_motif=GGAG/GAGG;rbs_spacer=5-10bp;gc_cont=0.518
SY457BB-0-4_bin2-k141_509701_9	SY457BB-0-4_bin2	SY457BB-0-4_bin2-k141_509701	9	9	0	target	SY457BB-0-4_bin2-k141_509701_9	6709	9420	+	ID=43_9;partial=00;start_type=ATG;rbs_motif=GGAG/GAGG;rbs_spacer=5-10bp;gc_cont=0.493
SY457BB-0-4_bin20-k141_675426_1	SY457BB-0-4_bin20	SY457BB-0-4_bin20-k141_675426	1	1	0	target	SY457BB-0-4_bin20-k141_675426_1	1	1920	-	ID=182_1;partial=10;start_type=ATG;rbs_motif=AGGAG;rbs_spacer=5-10bp;gc_cont=0.598
SY457BB-0-4_bin20-k141_675426_1	SY457BB-0-4_bin20	SY457BB-0-4_bin20-k141_675426	1	2	1	downstream	SY457BB-0-4_bin20-k141_675426_2	1917	2459	-	ID=182_2;partial=00;start_type=GTG;rbs_motif=AGGAGG;rbs_spacer=3-4bp;gc_cont=0.599
SY457BB-0-4_bin20-k141_675426_1	SY457BB-0-4_bin20	SY457BB-0-4_bin20-k141_675426	1	3	2	downstream	SY457BB-0-4_bin20-k141_675426_3	2573	3421	-	ID=182_3;partial=00;start_type=ATG;rbs_motif=None;rbs_spacer=None;gc_cont=0.633
SY457BB-0-4_bin20-k141_675426_1	SY457BB-0-4_bin20	SY457BB-0-4_bin20-k141_675426	1	4	3	downstream	SY457BB-0-4_bin20-k141_675426_4	3515	4348	+	ID=182_4;partial=00;start_type=ATG;rbs_motif=GGAGG;rbs_spacer=3-4bp;gc_cont=0.580
SY457BB-0-4_bin20-k141_675426_1	SY457BB-0-4_bin20	SY457BB-0-4_bin20-k141_675426	1	5	4	downstream	SY457BB-0-4_bin20-k141_675426_5	4475	5590	-	ID=182_5;partial=00;start_type=ATG;rbs_motif=AGGAGG;rbs_spacer=3-4bp;gc_cont=0.588
SY457BB-0-4_bin20-k141_675426_1	SY457BB-0-4_bin20	SY457BB-0-4_bin20-k141_675426	1	6	5	downstream	SY457BB-0-4_bin20-k141_675426_6	5724	6890	+	ID=182_6;partial=00;start_type=GTG;rbs_motif=AGGAG;rbs_spacer=3-4bp;gc_cont=0.589
SY457BB-0-4_bin20-k141_675426_1	SY457BB-0-4_bin20	SY457BB-0-4_bin20-k141_675426	1	7	6	downstream	SY457BB-0-4_bin20-k141_675426_7	6887	7807	+	ID=182_7;partial=00;start_type=ATG;rbs_motif=GGA/GAG/AGG;rbs_spacer=5-10bp;gc_cont=0.603
SY457BB-0-4_bin20-k141_675426_1	SY457BB-0-4_bin20	SY457BB-0-4_bin20-k141_675426	1	8	7	downstream	SY457BB-0-4_bin20-k141_675426_8	7804	9069	+	ID=182_8;partial=00;start_type=ATG;rbs_motif=GGAG/GAGG;rbs_spacer=5-10bp;gc_cont=0.597
SY457BB-0-4_bin20-k141_675426_1	SY457BB-0-4_bin20	SY457BB-0-4_bin20-k141_675426	1	9	8	downstream	SY457BB-0-4_bin20-k141_675426_9	9144	10133	+	ID=182_9;partial=00;start_type=ATG;rbs_motif=None;rbs_spacer=None;gc_cont=0.622
SY457BB-0-4_bin20-k141_675426_1	SY457BB-0-4_bin20	SY457BB-0-4_bin20-k141_675426	1	10	9	downstream	SY457BB-0-4_bin20-k141_675426_10	10299	10844	+	ID=182_10;partial=01;start_type=ATG;rbs_motif=None;rbs_spacer=None;gc_cont=0.599
SY457BB-0-4_bin35-k141_455312_8	SY457BB-0-4_bin35	SY457BB-0-4_bin35-k141_455312	8	1	-7	upstream	SY457BB-0-4_bin35-k141_455312_1	1	303	+	ID=383_1;partial=10;start_type=Edge;rbs_motif=None;rbs_spacer=None;gc_cont=0.515
SY457BB-0-4_bin35-k141_455312_8	SY457BB-0-4_bin35	SY457BB-0-4_bin35-k141_455312	8	2	-6	upstream	SY457BB-0-4_bin35-k141_455312_2	356	1087	-	ID=383_2;partial=00;start_type=GTG;rbs_motif=AGGA;rbs_spacer=5-10bp;gc_cont=0.478
SY457BB-0-4_bin35-k141_455312_8	SY457BB-0-4_bin35	SY457BB-0-4_bin35-k141_455312	8	3	-5	upstream	SY457BB-0-4_bin35-k141_455312_3	1219	3471	+	ID=383_3;partial=00;start_type=GTG;rbs_motif=AGGA;rbs_spacer=5-10bp;gc_cont=0.514
SY457BB-0-4_bin35-k141_455312_8	SY457BB-0-4_bin35	SY457BB-0-4_bin35-k141_455312	8	4	-4	upstream	SY457BB-0-4_bin35-k141_455312_4	3610	4725	+	ID=383_4;partial=00;start_type=ATG;rbs_motif=GGAG/GAGG;rbs_spacer=5-10bp;gc_cont=0.517
SY457BB-0-4_bin35-k141_455312_8	SY457BB-0-4_bin35	SY457BB-0-4_bin35-k141_455312	8	5	-3	upstream	SY457BB-0-4_bin35-k141_455312_5	4737	4919	+	ID=383_5;partial=00;start_type=ATG;rbs_motif=AGGAG;rbs_spacer=5-10bp;gc_cont=0.563
SY457BB-0-4_bin35-k141_455312_8	SY457BB-0-4_bin35	SY457BB-0-4_bin35-k141_455312	8	6	-2	upstream	SY457BB-0-4_bin35-k141_455312_6	4947	5918	+	ID=383_6;partial=00;start_type=ATG;rbs_motif=None;rbs_spacer=None;gc_cont=0.488
SY457BB-0-4_bin35-k141_455312_8	SY457BB-0-4_bin35	SY457BB-0-4_bin35-k141_455312	8	7	-1	upstream	SY457BB-0-4_bin35-k141_455312_7	5931	6503	+	ID=383_7;partial=00;start_type=ATG;rbs_motif=AGGAG;rbs_spacer=5-10bp;gc_cont=0.524
SY457BB-0-4_bin35-k141_455312_8	SY457BB-0-4_bin35	SY457BB-0-4_bin35-k141_455312	8	8	0	target	SY457BB-0-4_bin35-k141_455312_8	6522	9200	+	ID=383_8;partial=00;start_type=ATG;rbs_motif=GGA/GAG/AGG;rbs_spacer=5-10bp;gc_cont=0.511
SY457BB-0-4_bin35-k141_455312_8	SY457BB-0-4_bin35	SY457BB-0-4_bin35-k141_455312	8	9	1	downstream	SY457BB-0-4_bin35-k141_455312_9	9385	11166	+	ID=383_9;partial=00;start_type=ATG;rbs_motif=GGA/GAG/AGG;rbs_spacer=5-10bp;gc_cont=0.547
SY457BB-0-4_bin35-k141_455312_8	SY457BB-0-4_bin35	SY457BB-0-4_bin35-k141_455312	8	10	2	downstream	SY457BB-0-4_bin35-k141_455312_10	11163	11804	+	ID=383_10;partial=00;start_type=GTG;rbs_motif=GGA/GAG/AGG;rbs_spacer=5-10bp;gc_cont=0.548
SY457BB-0-4_bin35-k141_455312_8	SY457BB-0-4_bin35	SY457BB-0-4_bin35-k141_455312	8	11	3	downstream	SY457BB-0-4_bin35-k141_455312_11	11866	12414	+	ID=383_11;partial=00;start_type=ATG;rbs_motif=GGA/GAG/AGG;rbs_spacer=11-12bp;gc_cont=0.545
SY457BB-0-4_bin35-k141_455312_8	SY457BB-0-4_bin35	SY457BB-0-4_bin35-k141_455312	8	12	4	downstream	SY457BB-0-4_bin35-k141_455312_12	12408	13391	+	ID=383_12;partial=00;start_type=GTG;rbs_motif=AGGAG;rbs_spacer=5-10bp;gc_cont=0.540
SY457BB-0-4_bin35-k141_455312_8	SY457BB-0-4_bin35	SY457BB-0-4_bin35-k141_455312	8	13	5	downstream	SY457BB-0-4_bin35-k141_455312_13	13397	14308	+	ID=383_13;partial=00;start_type=ATG;rbs_motif=GGAGG;rbs_spacer=5-10bp;gc_cont=0.534
SY457BB-0-4_bin35-k141_455312_8	SY457BB-0-4_bin35	SY457BB-0-4_bin35-k141_455312	8	14	6	downstream	SY457BB-0-4_bin35-k141_455312_14	14320	14832	+	ID=383_14;partial=00;start_type=ATG;rbs_motif=GGAG/GAGG;rbs_spacer=5-10bp;gc_cont=0.526
SY457BB-0-4_bin35-k141_455312_8	SY457BB-0-4_bin35	SY457BB-0-4_bin35-k141_455312	8	15	7	downstream	SY457BB-0-4_bin35-k141_455312_15	14883	15281	-	ID=383_15;partial=01;start_type=Edge;rbs_motif=None;rbs_spacer=None;gc_cont=0.516
SY457BB-0-4_bin6-k141_196093_82	SY457BB-0-4_bin6	SY457BB-0-4_bin6-k141_196093	82	72	-10	upstream	SY457BB-0-4_bin6-k141_196093_72	78349	79152	+	ID=11_72;partial=00;start_type=ATG;rbs_motif=AGGAG;rbs_spacer=5-10bp;gc_cont=0.531
SY457BB-0-4_bin6-k141_196093_82	SY457BB-0-4_bin6	SY457BB-0-4_bin6-k141_196093	82	73	-9	upstream	SY457BB-0-4_bin6-k141_196093_73	79155	80372	+	ID=11_73;partial=00;start_type=ATG;rbs_motif=None;rbs_spacer=None;gc_cont=0.549
SY457BB-0-4_bin6-k141_196093_82	SY457BB-0-4_bin6	SY457BB-0-4_bin6-k141_196093	82	74	-8	upstream	SY457BB-0-4_bin6-k141_196093_74	80582	81973	-	ID=11_74;partial=00;start_type=ATG;rbs_motif=GGA/GAG/AGG;rbs_spacer=5-10bp;gc_cont=0.570
SY457BB-0-4_bin6-k141_196093_82	SY457BB-0-4_bin6	SY457BB-0-4_bin6-k141_196093	82	75	-7	upstream	SY457BB-0-4_bin6-k141_196093_75	81970	83310	-	ID=11_75;partial=00;start_type=TTG;rbs_motif=GGA/GAG/AGG;rbs_spacer=11-12bp;gc_cont=0.563
SY457BB-0-4_bin6-k141_196093_82	SY457BB-0-4_bin6	SY457BB-0-4_bin6-k141_196093	82	76	-6	upstream	SY457BB-0-4_bin6-k141_196093_76	83285	84955	-	ID=11_76;partial=00;start_type=ATG;rbs_motif=AGGAG;rbs_spacer=5-10bp;gc_cont=0.566
SY457BB-0-4_bin6-k141_196093_82	SY457BB-0-4_bin6	SY457BB-0-4_bin6-k141_196093	82	77	-5	upstream	SY457BB-0-4_bin6-k141_196093_77	85269	86276	+	ID=11_77;partial=00;start_type=ATG;rbs_motif=3Base/5BMM;rbs_spacer=13-15bp;gc_cont=0.557
SY457BB-0-4_bin6-k141_196093_82	SY457BB-0-4_bin6	SY457BB-0-4_bin6-k141_196093	82	78	-4	upstream	SY457BB-0-4_bin6-k141_196093_78	86384	87565	+	ID=11_78;partial=00;start_type=ATG;rbs_motif=GGA/GAG/AGG;rbs_spacer=5-10bp;gc_cont=0.547
SY457BB-0-4_bin6-k141_196093_82	SY457BB-0-4_bin6	SY457BB-0-4_bin6-k141_196093	82	79	-3	upstream	SY457BB-0-4_bin6-k141_196093_79	87751	87975	+	ID=11_79;partial=00;start_type=ATG;rbs_motif=None;rbs_spacer=None;gc_cont=0.520
SY457BB-0-4_bin6-k141_196093_82	SY457BB-0-4_bin6	SY457BB-0-4_bin6-k141_196093	82	80	-2	upstream	SY457BB-0-4_bin6-k141_196093_80	87987	89162	+	ID=11_80;partial=00;start_type=ATG;rbs_motif=AGGA;rbs_spacer=5-10bp;gc_cont=0.550
SY457BB-0-4_bin6-k141_196093_82	SY457BB-0-4_bin6	SY457BB-0-4_bin6-k141_196093	82	81	-1	upstream	SY457BB-0-4_bin6-k141_196093_81	89173	90324	+	ID=11_81;partial=00;start_type=ATG;rbs_motif=AGGA;rbs_spacer=5-10bp;gc_cont=0.541
SY457BB-0-4_bin6-k141_196093_82	SY457BB-0-4_bin6	SY457BB-0-4_bin6-k141_196093	82	82	0	target	SY457BB-0-4_bin6-k141_196093_82	90338	90925	+	ID=11_82;partial=00;start_type=ATG;rbs_motif=GGA/GAG/AGG;rbs_spacer=5-10bp;gc_cont=0.532
SY457BB-0-4_bin6-k141_196093_82	SY457BB-0-4_bin6	SY457BB-0-4_bin6-k141_196093	82	83	1	downstream	SY457BB-0-4_bin6-k141_196093_83	90938	93613	+	ID=11_83;partial=00;start_type=ATG;rbs_motif=GGA/GAG/AGG;rbs_spacer=5-10bp;gc_cont=0.540
SY457BB-0-4_bin6-k141_196093_82	SY457BB-0-4_bin6	SY457BB-0-4_bin6-k141_196093	82	84	2	downstream	SY457BB-0-4_bin6-k141_196093_84	93610	95844	+	ID=11_84;partial=00;start_type=GTG;rbs_motif=GGA/GAG/AGG;rbs_spacer=5-10bp;gc_cont=0.576
SY457BB-0-4_bin6-k141_196093_82	SY457BB-0-4_bin6	SY457BB-0-4_bin6-k141_196093	82	85	3	downstream	SY457BB-0-4_bin6-k141_196093_85	95887	96687	+	ID=11_85;partial=00;start_type=ATG;rbs_motif=GGAG/GAGG;rbs_spacer=5-10bp;gc_cont=0.538
SY457BB-0-4_bin6-k141_196093_82	SY457BB-0-4_bin6	SY457BB-0-4_bin6-k141_196093	82	86	4	downstream	SY457BB-0-4_bin6-k141_196093_86	96728	98878	+	ID=11_86;partial=00;start_type=ATG;rbs_motif=GGA/GAG/AGG;rbs_spacer=5-10bp;gc_cont=0.556
SY457BB-0-4_bin6-k141_196093_82	SY457BB-0-4_bin6	SY457BB-0-4_bin6-k141_196093	82	87	5	downstream	SY457BB-0-4_bin6-k141_196093_87	98883	99878	+	ID=11_87;partial=00;start_type=ATG;rbs_motif=GGAGG;rbs_spacer=5-10bp;gc_cont=0.539
SY457BB-0-4_bin6-k141_196093_82	SY457BB-0-4_bin6	SY457BB-0-4_bin6-k141_196093	82	88	6	downstream	SY457BB-0-4_bin6-k141_196093_88	99928	100893	+	ID=11_88;partial=00;start_type=ATG;rbs_motif=GGA/GAG/AGG;rbs_spacer=5-10bp;gc_cont=0.554
SY457BB-0-4_bin6-k141_196093_82	SY457BB-0-4_bin6	SY457BB-0-4_bin6-k141_196093	82	89	7	downstream	SY457BB-0-4_bin6-k141_196093_89	100890	102551	+	ID=11_89;partial=00;start_type=ATG;rbs_motif=GGA/GAG/AGG;rbs_spacer=5-10bp;gc_cont=0.552
SY457BB-0-4_bin6-k141_196093_82	SY457BB-0-4_bin6	SY457BB-0-4_bin6-k141_196093	82	90	8	downstream	SY457BB-0-4_bin6-k141_196093_90	102593	103264	+	ID=11_90;partial=00;start_type=ATG;rbs_motif=GGAG/GAGG;rbs_spacer=5-10bp;gc_cont=0.546
SY457BB-0-4_bin6-k141_196093_82	SY457BB-0-4_bin6	SY457BB-0-4_bin6-k141_196093	82	91	9	downstream	SY457BB-0-4_bin6-k141_196093_91	103285	103653	+	ID=11_91;partial=00;start_type=ATG;rbs_motif=GGAG/GAGG;rbs_spacer=5-10bp;gc_cont=0.542
SY457BB-0-4_bin6-k141_196093_82	SY457BB-0-4_bin6	SY457BB-0-4_bin6-k141_196093	82	92	10	downstream	SY457BB-0-4_bin6-k141_196093_92	103665	103769	-	ID=11_92;partial=00;start_type=ATG;rbs_motif=AGGA;rbs_spacer=5-10bp;gc_cont=0.467
SY457BB-4-8_bin29-k141_12975_7	SY457BB-4-8_bin29	SY457BB-4-8_bin29-k141_12975	7	1	-6	upstream	SY457BB-4-8_bin29-k141_12975_1	1	1032	+	ID=338_1;partial=10;start_type=Edge;rbs_motif=None;rbs_spacer=None;gc_cont=0.485
SY457BB-4-8_bin29-k141_12975_7	SY457BB-4-8_bin29	SY457BB-4-8_bin29-k141_12975	7	2	-5	upstream	SY457BB-4-8_bin29-k141_12975_2	1029	2177	+	ID=338_2;partial=00;start_type=ATG;rbs_motif=GGxGG;rbs_spacer=5-10bp;gc_cont=0.510
SY457BB-4-8_bin29-k141_12975_7	SY457BB-4-8_bin29	SY457BB-4-8_bin29-k141_12975	7	3	-4	upstream	SY457BB-4-8_bin29-k141_12975_3	2188	4434	+	ID=338_3;partial=00;start_type=ATG;rbs_motif=GGA/GAG/AGG;rbs_spacer=5-10bp;gc_cont=0.517
SY457BB-4-8_bin29-k141_12975_7	SY457BB-4-8_bin29	SY457BB-4-8_bin29-k141_12975	7	4	-3	upstream	SY457BB-4-8_bin29-k141_12975_4	4593	5711	+	ID=338_4;partial=00;start_type=ATG;rbs_motif=GGA/GAG/AGG;rbs_spacer=5-10bp;gc_cont=0.512
SY457BB-4-8_bin29-k141_12975_7	SY457BB-4-8_bin29	SY457BB-4-8_bin29-k141_12975	7	5	-2	upstream	SY457BB-4-8_bin29-k141_12975_5	5726	6868	+	ID=338_5;partial=00;start_type=ATG;rbs_motif=GGAG/GAGG;rbs_spacer=5-10bp;gc_cont=0.534
SY457BB-4-8_bin29-k141_12975_7	SY457BB-4-8_bin29	SY457BB-4-8_bin29-k141_12975	7	6	-1	upstream	SY457BB-4-8_bin29-k141_12975_6	6890	7465	+	ID=338_6;partial=00;start_type=ATG;rbs_motif=AGGAG;rbs_spacer=5-10bp;gc_cont=0.476
SY457BB-4-8_bin29-k141_12975_7	SY457BB-4-8_bin29	SY457BB-4-8_bin29-k141_12975	7	7	0	target	SY457BB-4-8_bin29-k141_12975_7	7478	10156	+	ID=338_7;partial=00;start_type=ATG;rbs_motif=AGGAG;rbs_spacer=5-10bp;gc_cont=0.503
SY457BB-4-8_bin29-k141_12975_7	SY457BB-4-8_bin29	SY457BB-4-8_bin29-k141_12975	7	8	1	downstream	SY457BB-4-8_bin29-k141_12975_8	10315	10461	+	ID=338_8;partial=01;start_type=ATG;rbs_motif=AGGA;rbs_spacer=5-10bp;gc_cont=0.497
SY457BB-4-8_bin33-k141_110702_26	SY457BB-4-8_bin33	SY457BB-4-8_bin33-k141_110702	26	16	-10	upstream	SY457BB-4-8_bin33-k141_110702_16	14053	15885	-	ID=18_16;partial=00;start_type=ATG;rbs_motif=GGA/GAG/AGG;rbs_spacer=5-10bp;gc_cont=0.531
SY457BB-4-8_bin33-k141_110702_26	SY457BB-4-8_bin33	SY457BB-4-8_bin33-k141_110702	26	17	-9	upstream	SY457BB-4-8_bin33-k141_110702_17	15901	16023	-	ID=18_17;partial=00;start_type=ATG;rbs_motif=GGA/GAG/AGG;rbs_spacer=5-10bp;gc_cont=0.423
SY457BB-4-8_bin33-k141_110702_26	SY457BB-4-8_bin33	SY457BB-4-8_bin33-k141_110702	26	18	-8	upstream	SY457BB-4-8_bin33-k141_110702_18	16260	16364	+	ID=18_18;partial=00;start_type=ATG;rbs_motif=GGA/GAG/AGG;rbs_spacer=5-10bp;gc_cont=0.429
SY457BB-4-8_bin33-k141_110702_26	SY457BB-4-8_bin33	SY457BB-4-8_bin33-k141_110702	26	19	-7	upstream	SY457BB-4-8_bin33-k141_110702_19	16377	16745	-	ID=18_19;partial=00;start_type=ATG;rbs_motif=GGAG/GAGG;rbs_spacer=5-10bp;gc_cont=0.537
SY457BB-4-8_bin33-k141_110702_26	SY457BB-4-8_bin33	SY457BB-4-8_bin33-k141_110702	26	20	-6	upstream	SY457BB-4-8_bin33-k141_110702_20	16766	17437	-	ID=18_20;partial=00;start_type=ATG;rbs_motif=GGAG/GAGG;rbs_spacer=5-10bp;gc_cont=0.540
SY457BB-4-8_bin33-k141_110702_26	SY457BB-4-8_bin33	SY457BB-4-8_bin33-k141_110702	26	21	-5	upstream	SY457BB-4-8_bin33-k141_110702_21	17478	19136	-	ID=18_21;partial=00;start_type=ATG;rbs_motif=GGA/GAG/AGG;rbs_spacer=5-10bp;gc_cont=0.540
SY457BB-4-8_bin33-k141_110702_26	SY457BB-4-8_bin33	SY457BB-4-8_bin33-k141_110702	26	22	-4	upstream	SY457BB-4-8_bin33-k141_110702_22	19136	20104	-	ID=18_22;partial=00;start_type=ATG;rbs_motif=AGxAGG/AGGxGG;rbs_spacer=5-10bp;gc_cont=0.546
SY457BB-4-8_bin33-k141_110702_26	SY457BB-4-8_bin33	SY457BB-4-8_bin33-k141_110702	26	23	-3	upstream	SY457BB-4-8_bin33-k141_110702_23	20160	21149	-	ID=18_23;partial=00;start_type=ATG;rbs_motif=AGGAG;rbs_spacer=5-10bp;gc_cont=0.521
SY457BB-4-8_bin33-k141_110702_26	SY457BB-4-8_bin33	SY457BB-4-8_bin33-k141_110702	26	24	-2	upstream	SY457BB-4-8_bin33-k141_110702_24	21154	23304	-	ID=18_24;partial=00;start_type=ATG;rbs_motif=GGA/GAG/AGG;rbs_spacer=5-10bp;gc_cont=0.533
SY457BB-4-8_bin33-k141_110702_26	SY457BB-4-8_bin33	SY457BB-4-8_bin33-k141_110702	26	25	-1	upstream	SY457BB-4-8_bin33-k141_110702_25	23348	24148	-	ID=18_25;partial=00;start_type=ATG;rbs_motif=GGAG/GAGG;rbs_spacer=5-10bp;gc_cont=0.504
SY457BB-4-8_bin33-k141_110702_26	SY457BB-4-8_bin33	SY457BB-4-8_bin33-k141_110702	26	26	0	target	SY457BB-4-8_bin33-k141_110702_26	24188	26413	-	ID=18_26;partial=00;start_type=ATG;rbs_motif=3Base/5BMM;rbs_spacer=13-15bp;gc_cont=0.551
SY457BB-4-8_bin33-k141_110702_26	SY457BB-4-8_bin33	SY457BB-4-8_bin33-k141_110702	26	27	1	downstream	SY457BB-4-8_bin33-k141_110702_27	26419	29094	-	ID=18_27;partial=00;start_type=ATG;rbs_motif=GGA/GAG/AGG;rbs_spacer=5-10bp;gc_cont=0.527
SY457BB-4-8_bin33-k141_110702_26	SY457BB-4-8_bin33	SY457BB-4-8_bin33-k141_110702	26	28	2	downstream	SY457BB-4-8_bin33-k141_110702_28	29106	29693	-	ID=18_28;partial=00;start_type=ATG;rbs_motif=GGA/GAG/AGG;rbs_spacer=5-10bp;gc_cont=0.553
SY457BB-4-8_bin33-k141_110702_26	SY457BB-4-8_bin33	SY457BB-4-8_bin33-k141_110702	26	29	3	downstream	SY457BB-4-8_bin33-k141_110702_29	29707	30864	-	ID=18_29;partial=00;start_type=ATG;rbs_motif=AGGA;rbs_spacer=5-10bp;gc_cont=0.522
SY457BB-4-8_bin33-k141_110702_26	SY457BB-4-8_bin33	SY457BB-4-8_bin33-k141_110702	26	30	4	downstream	SY457BB-4-8_bin33-k141_110702_30	30875	31981	-	ID=18_30;partial=00;start_type=ATG;rbs_motif=GGAG/GAGG;rbs_spacer=5-10bp;gc_cont=0.528
SY457BB-4-8_bin33-k141_110702_26	SY457BB-4-8_bin33	SY457BB-4-8_bin33-k141_110702	26	31	5	downstream	SY457BB-4-8_bin33-k141_110702_31	32049	32279	-	ID=18_31;partial=00;start_type=ATG;rbs_motif=None;rbs_spacer=None;gc_cont=0.519
SY457BB-4-8_bin33-k141_110702_26	SY457BB-4-8_bin33	SY457BB-4-8_bin33-k141_110702	26	32	6	downstream	SY457BB-4-8_bin33-k141_110702_32	32475	33656	-	ID=18_32;partial=00;start_type=GTG;rbs_motif=GGA/GAG/AGG;rbs_spacer=5-10bp;gc_cont=0.522
SY457BB-4-8_bin33-k141_110702_26	SY457BB-4-8_bin33	SY457BB-4-8_bin33-k141_110702	26	33	7	downstream	SY457BB-4-8_bin33-k141_110702_33	34088	35758	+	ID=18_33;partial=00;start_type=GTG;rbs_motif=AGGAG;rbs_spacer=5-10bp;gc_cont=0.567
SY457BB-4-8_bin33-k141_110702_26	SY457BB-4-8_bin33	SY457BB-4-8_bin33-k141_110702	26	34	8	downstream	SY457BB-4-8_bin33-k141_110702_34	35785	37083	+	ID=18_34;partial=00;start_type=ATG;rbs_motif=None;rbs_spacer=None;gc_cont=0.573
SY457BB-4-8_bin33-k141_110702_26	SY457BB-4-8_bin33	SY457BB-4-8_bin33-k141_110702	26	35	9	downstream	SY457BB-4-8_bin33-k141_110702_35	37080	38468	+	ID=18_35;partial=00;start_type=ATG;rbs_motif=GGA/GAG/AGG;rbs_spacer=5-10bp;gc_cont=0.552
SY457BB-4-8_bin33-k141_110702_26	SY457BB-4-8_bin33	SY457BB-4-8_bin33-k141_110702	26	36	10	downstream	SY457BB-4-8_bin33-k141_110702_36	38486	39202	-	ID=18_36;partial=00;start_type=ATG;rbs_motif=AGGA/GGAG/GAGG;rbs_spacer=11-12bp;gc_cont=0.561
SY457BB-8-12_bin10-k141_377897_3	SY457BB-8-12_bin10	SY457BB-8-12_bin10-k141_377897	3	1	-2	upstream	SY457BB-8-12_bin10-k141_377897_1	1	219	+	ID=51_1;partial=10;start_type=Edge;rbs_motif=None;rbs_spacer=None;gc_cont=0.502
SY457BB-8-12_bin10-k141_377897_3	SY457BB-8-12_bin10	SY457BB-8-12_bin10-k141_377897	3	2	-1	upstream	SY457BB-8-12_bin10-k141_377897_2	237	815	+	ID=51_2;partial=00;start_type=ATG;rbs_motif=GGA/GAG/AGG;rbs_spacer=5-10bp;gc_cont=0.511
SY457BB-8-12_bin10-k141_377897_3	SY457BB-8-12_bin10	SY457BB-8-12_bin10-k141_377897	3	3	0	target	SY457BB-8-12_bin10-k141_377897_3	828	3506	+	ID=51_3;partial=00;start_type=ATG;rbs_motif=AGGAG;rbs_spacer=5-10bp;gc_cont=0.501
SY457BB-8-12_bin10-k141_377897_3	SY457BB-8-12_bin10	SY457BB-8-12_bin10-k141_377897	3	4	1	downstream	SY457BB-8-12_bin10-k141_377897_4	3660	5834	+	ID=51_4;partial=00;start_type=ATG;rbs_motif=GGA/GAG/AGG;rbs_spacer=5-10bp;gc_cont=0.513
SY457BB-8-12_bin10-k141_377897_3	SY457BB-8-12_bin10	SY457BB-8-12_bin10-k141_377897	3	5	2	downstream	SY457BB-8-12_bin10-k141_377897_5	5871	6611	+	ID=51_5;partial=00;start_type=ATG;rbs_motif=GGA/GAG/AGG;rbs_spacer=5-10bp;gc_cont=0.460
SY457BB-8-12_bin10-k141_377897_3	SY457BB-8-12_bin10	SY457BB-8-12_bin10-k141_377897	3	6	3	downstream	SY457BB-8-12_bin10-k141_377897_6	6731	7570	+	ID=51_6;partial=00;start_type=ATG;rbs_motif=None;rbs_spacer=None;gc_cont=0.505
SY457BB-8-12_bin10-k141_377897_3	SY457BB-8-12_bin10	SY457BB-8-12_bin10-k141_377897	3	7	4	downstream	SY457BB-8-12_bin10-k141_377897_7	7580	9244	+	ID=51_7;partial=00;start_type=ATG;rbs_motif=GGA/GAG/AGG;rbs_spacer=5-10bp;gc_cont=0.509
SY457BB-8-12_bin10-k141_377897_3	SY457BB-8-12_bin10	SY457BB-8-12_bin10-k141_377897	3	8	5	downstream	SY457BB-8-12_bin10-k141_377897_8	9244	10512	+	ID=51_8;partial=00;start_type=ATG;rbs_motif=GGA/GAG/AGG;rbs_spacer=5-10bp;gc_cont=0.517
SY457BB-8-12_bin10-k141_377897_3	SY457BB-8-12_bin10	SY457BB-8-12_bin10-k141_377897	3	9	6	downstream	SY457BB-8-12_bin10-k141_377897_9	10509	11873	+	ID=51_9;partial=00;start_type=ATG;rbs_motif=None;rbs_spacer=None;gc_cont=0.495
SY457BB-8-12_bin10-k141_377897_3	SY457BB-8-12_bin10	SY457BB-8-12_bin10-k141_377897	3	10	7	downstream	SY457BB-8-12_bin10-k141_377897_10	11958	12485	-	ID=51_10;partial=00;start_type=ATG;rbs_motif=GGA/GAG/AGG;rbs_spacer=5-10bp;gc_cont=0.527
SY457BB-8-12_bin10-k141_377897_3	SY457BB-8-12_bin10	SY457BB-8-12_bin10-k141_377897	3	11	8	downstream	SY457BB-8-12_bin10-k141_377897_11	12487	13332	-	ID=51_11;partial=00;start_type=ATG;rbs_motif=GGAG/GAGG;rbs_spacer=5-10bp;gc_cont=0.543
SY457BB-8-12_bin10-k141_377897_3	SY457BB-8-12_bin10	SY457BB-8-12_bin10-k141_377897	3	12	9	downstream	SY457BB-8-12_bin10-k141_377897_12	13332	14465	-	ID=51_12;partial=00;start_type=ATG;rbs_motif=GGAGG;rbs_spacer=5-10bp;gc_cont=0.559
SY457BB-8-12_bin10-k141_377897_3	SY457BB-8-12_bin10	SY457BB-8-12_bin10-k141_377897	3	13	10	downstream	SY457BB-8-12_bin10-k141_377897_13	14462	15358	-	ID=51_13;partial=00;start_type=ATG;rbs_motif=AGGA;rbs_spacer=5-10bp;gc_cont=0.546
SY457BB-8-12_bin15-k141_1498167_38	SY457BB-8-12_bin15	SY457BB-8-12_bin15-k141_1498167	38	28	-10	upstream	SY457BB-8-12_bin15-k141_1498167_28	21593	22933	+	ID=59_28;partial=00;start_type=ATG;rbs_motif=AGGAG;rbs_spacer=5-10bp;gc_cont=0.571
SY457BB-8-12_bin15-k141_1498167_38	SY457BB-8-12_bin15	SY457BB-8-12_bin15-k141_1498167	38	29	-9	upstream	SY457BB-8-12_bin15-k141_1498167_29	22968	23732	-	ID=59_29;partial=00;start_type=TTG;rbs_motif=GGA/GAG/AGG;rbs_spacer=5-10bp;gc_cont=0.532
SY457BB-8-12_bin15-k141_1498167_38	SY457BB-8-12_bin15	SY457BB-8-12_bin15-k141_1498167	38	30	-8	upstream	SY457BB-8-12_bin15-k141_1498167_30	23769	26075	+	ID=59_30;partial=00;start_type=ATG;rbs_motif=None;rbs_spacer=None;gc_cont=0.531
SY457BB-8-12_bin15-k141_1498167_38	SY457BB-8-12_bin15	SY457BB-8-12_bin15-k141_1498167	38	31	-7	upstream	SY457BB-8-12_bin15-k141_1498167_31	26093	27466	-	ID=59_31;partial=00;start_type=ATG;rbs_motif=GGA/GAG/AGG;rbs_spacer=5-10bp;gc_cont=0.550
SY457BB-8-12_bin15-k141_1498167_38	SY457BB-8-12_bin15	SY457BB-8-12_bin15-k141_1498167	38	32	-6	upstream	SY457BB-8-12_bin15-k141_1498167_32	27456	28733	-	ID=59_32;partial=00;start_type=ATG;rbs_motif=GGA/GAG/AGG;rbs_spacer=5-10bp;gc_cont=0.559
SY457BB-8-12_bin15-k141_1498167_38	SY457BB-8-12_bin15	SY457BB-8-12_bin15-k141_1498167	38	33	-5	upstream	SY457BB-8-12_bin15-k141_1498167_33	28726	30396	-	ID=59_33;partial=00;start_type=ATG;rbs_motif=GGA/GAG/AGG;rbs_spacer=5-10bp;gc_cont=0.554
SY457BB-8-12_bin15-k141_1498167_38	SY457BB-8-12_bin15	SY457BB-8-12_bin15-k141_1498167	38	34	-4	upstream	SY457BB-8-12_bin15-k141_1498167_34	30403	31152	-	ID=59_34;partial=00;start_type=ATG;rbs_motif=GGA/GAG/AGG;rbs_spacer=5-10bp;gc_cont=0.561
SY457BB-8-12_bin15-k141_1498167_38	SY457BB-8-12_bin15	SY457BB-8-12_bin15-k141_1498167	38	35	-3	upstream	SY457BB-8-12_bin15-k141_1498167_35	31254	31361	-	ID=59_35;partial=00;start_type=ATG;rbs_motif=AGGAG;rbs_spacer=5-10bp;gc_cont=0.435
SY457BB-8-12_bin15-k141_1498167_38	SY457BB-8-12_bin15	SY457BB-8-12_bin15-k141_1498167	38	36	-2	upstream	SY457BB-8-12_bin15-k141_1498167_36	31387	32127	-	ID=59_36;partial=00;start_type=ATG;rbs_motif=AGGA;rbs_spacer=5-10bp;gc_cont=0.532
SY457BB-8-12_bin15-k141_1498167_38	SY457BB-8-12_bin15	SY457BB-8-12_bin15-k141_1498167	38	37	-1	upstream	SY457BB-8-12_bin15-k141_1498167_37	32153	34369	-	ID=59_37;partial=00;start_type=ATG;rbs_motif=GGA/GAG/AGG;rbs_spacer=5-10bp;gc_cont=0.554
SY457BB-8-12_bin15-k141_1498167_38	SY457BB-8-12_bin15	SY457BB-8-12_bin15-k141_1498167	38	38	0	target	SY457BB-8-12_bin15-k141_1498167_38	34524	37202	-	ID=59_38;partial=00;start_type=ATG;rbs_motif=AGGAG;rbs_spacer=5-10bp;gc_cont=0.523
SY457BB-8-12_bin15-k141_1498167_38	SY457BB-8-12_bin15	SY457BB-8-12_bin15-k141_1498167	38	39	1	downstream	SY457BB-8-12_bin15-k141_1498167_39	37215	37796	-	ID=59_39;partial=00;start_type=ATG;rbs_motif=AGGA;rbs_spacer=5-10bp;gc_cont=0.534
SY457BB-8-12_bin15-k141_1498167_38	SY457BB-8-12_bin15	SY457BB-8-12_bin15-k141_1498167	38	40	2	downstream	SY457BB-8-12_bin15-k141_1498167_40	37817	38959	-	ID=59_40;partial=00;start_type=ATG;rbs_motif=AGGAG;rbs_spacer=5-10bp;gc_cont=0.528
SY457BB-8-12_bin15-k141_1498167_38	SY457BB-8-12_bin15	SY457BB-8-12_bin15-k141_1498167	38	41	3	downstream	SY457BB-8-12_bin15-k141_1498167_41	38975	40096	-	ID=59_41;partial=00;start_type=ATG;rbs_motif=GGA/GAG/AGG;rbs_spacer=5-10bp;gc_cont=0.542
SY457BB-8-12_bin15-k141_1498167_38	SY457BB-8-12_bin15	SY457BB-8-12_bin15-k141_1498167	38	42	4	downstream	SY457BB-8-12_bin15-k141_1498167_42	40234	40431	-	ID=59_42;partial=01;start_type=Edge;rbs_motif=None;rbs_spacer=None;gc_cont=0.581
SY457BB-8-12_bin16-k141_1142550_1	SY457BB-8-12_bin16	SY457BB-8-12_bin16-k141_1142550	1	1	0	target	SY457BB-8-12_bin16-k141_1142550_1	3	2687	+	ID=41_1;partial=10;start_type=Edge;rbs_motif=None;rbs_spacer=None;gc_cont=0.520
SY457BB-8-12_bin16-k141_1142550_1	SY457BB-8-12_bin16	SY457BB-8-12_bin16-k141_1142550	1	2	1	downstream	SY457BB-8-12_bin16-k141_1142550_2	2852	5041	+	ID=41_2;partial=00;start_type=ATG;rbs_motif=GGA/GAG/AGG;rbs_spacer=5-10bp;gc_cont=0.558
SY457BB-8-12_bin16-k141_1142550_1	SY457BB-8-12_bin16	SY457BB-8-12_bin16-k141_1142550	1	3	2	downstream	SY457BB-8-12_bin16-k141_1142550_3	5066	5806	+	ID=41_3;partial=00;start_type=ATG;rbs_motif=AGGA;rbs_spacer=5-10bp;gc_cont=0.498
SY457BB-8-12_bin16-k141_1142550_1	SY457BB-8-12_bin16	SY457BB-8-12_bin16-k141_1142550	1	4	3	downstream	SY457BB-8-12_bin16-k141_1142550_4	5830	5937	+	ID=41_4;partial=00;start_type=ATG;rbs_motif=GGA/GAG/AGG;rbs_spacer=5-10bp;gc_cont=0.444
SY457BB-8-12_bin16-k141_1142550_1	SY457BB-8-12_bin16	SY457BB-8-12_bin16-k141_1142550	1	5	4	downstream	SY457BB-8-12_bin16-k141_1142550_5	5934	6779	+	ID=41_5;partial=00;start_type=ATG;rbs_motif=None;rbs_spacer=None;gc_cont=0.576
SY457BB-8-12_bin16-k141_1142550_1	SY457BB-8-12_bin16	SY457BB-8-12_bin16-k141_1142550	1	6	5	downstream	SY457BB-8-12_bin16-k141_1142550_6	6786	8435	+	ID=41_6;partial=00;start_type=ATG;rbs_motif=GGA/GAG/AGG;rbs_spacer=5-10bp;gc_cont=0.547
SY457BB-8-12_bin16-k141_1142550_1	SY457BB-8-12_bin16	SY457BB-8-12_bin16-k141_1142550	1	7	6	downstream	SY457BB-8-12_bin16-k141_1142550_7	8435	9712	+	ID=41_7;partial=00;start_type=ATG;rbs_motif=GGA/GAG/AGG;rbs_spacer=5-10bp;gc_cont=0.546
SY457BB-8-12_bin16-k141_1142550_1	SY457BB-8-12_bin16	SY457BB-8-12_bin16-k141_1142550	1	8	7	downstream	SY457BB-8-12_bin16-k141_1142550_8	9702	11075	+	ID=41_8;partial=00;start_type=ATG;rbs_motif=GGxGG;rbs_spacer=3-4bp;gc_cont=0.552
SY457BB-8-12_bin16-k141_1142550_1	SY457BB-8-12_bin16	SY457BB-8-12_bin16-k141_1142550	1	9	8	downstream	SY457BB-8-12_bin16-k141_1142550_9	11079	13316	-	ID=41_9;partial=00;start_type=GTG;rbs_motif=GGA/GAG/AGG;rbs_spacer=5-10bp;gc_cont=0.530
SY457BB-8-12_bin16-k141_1142550_1	SY457BB-8-12_bin16	SY457BB-8-12_bin16-k141_1142550	1	10	9	downstream	SY457BB-8-12_bin16-k141_1142550_10	13461	14183	+	ID=41_10;partial=00;start_type=TTG;rbs_motif=GGA/GAG/AGG;rbs_spacer=5-10bp;gc_cont=0.521
SY457BB-8-12_bin16-k141_1142550_1	SY457BB-8-12_bin16	SY457BB-8-12_bin16-k141_1142550	1	11	10	downstream	SY457BB-8-12_bin16-k141_1142550_11	14257	15216	-	ID=41_11;partial=00;start_type=ATG;rbs_motif=AGGA;rbs_spacer=5-10bp;gc_cont=0.570
SY457BB-8-12_bin25-k141_129537_12	SY457BB-8-12_bin25	SY457BB-8-12_bin25-k141_129537	12	2	-10	upstream	SY457BB-8-12_bin25-k141_129537_2	191	1156	-	ID=222_2;partial=00;start_type=ATG;rbs_motif=AGGA;rbs_spacer=5-10bp;gc_cont=0.550
SY457BB-8-12_bin25-k141_129537_12	SY457BB-8-12_bin25	SY457BB-8-12_bin25-k141_129537	12	3	-9	upstream	SY457BB-8-12_bin25-k141_129537_3	1285	1587	+	ID=222_3;partial=00;start_type=ATG;rbs_motif=AGxAGG/AGGxGG;rbs_spacer=5-10bp;gc_cont=0.502
SY457BB-8-12_bin25-k141_129537_12	SY457BB-8-12_bin25	SY457BB-8-12_bin25-k141_129537	12	4	-8	upstream	SY457BB-8-12_bin25-k141_129537_4	1693	1815	+	ID=222_4;partial=00;start_type=ATG;rbs_motif=GGA/GAG/AGG;rbs_spacer=5-10bp;gc_cont=0.488
SY457BB-8-12_bin25-k141_129537_12	SY457BB-8-12_bin25	SY457BB-8-12_bin25-k141_129537	12	5	-7	upstream	SY457BB-8-12_bin25-k141_129537_5	1836	1964	+	ID=222_5;partial=00;start_type=ATG;rbs_motif=AGGA;rbs_spacer=5-10bp;gc_cont=0.450
SY457BB-8-12_bin25-k141_129537_12	SY457BB-8-12_bin25	SY457BB-8-12_bin25-k141_129537	12	6	-6	upstream	SY457BB-8-12_bin25-k141_129537_6	1976	3727	+	ID=222_6;partial=00;start_type=ATG;rbs_motif=GGA/GAG/AGG;rbs_spacer=5-10bp;gc_cont=0.554
SY457BB-8-12_bin25-k141_129537_12	SY457BB-8-12_bin25	SY457BB-8-12_bin25-k141_129537	12	7	-5	upstream	SY457BB-8-12_bin25-k141_129537_7	3724	4866	+	ID=222_7;partial=00;start_type=ATG;rbs_motif=AGxAGG/AGGxGG;rbs_spacer=5-10bp;gc_cont=0.560
SY457BB-8-12_bin25-k141_129537_12	SY457BB-8-12_bin25	SY457BB-8-12_bin25-k141_129537	12	8	-4	upstream	SY457BB-8-12_bin25-k141_129537_8	4879	7161	+	ID=222_8;partial=00;start_type=ATG;rbs_motif=GGA/GAG/AGG;rbs_spacer=5-10bp;gc_cont=0.565
SY457BB-8-12_bin25-k141_129537_12	SY457BB-8-12_bin25	SY457BB-8-12_bin25-k141_129537	12	9	-3	upstream	SY457BB-8-12_bin25-k141_129537_9	7415	8536	+	ID=222_9;partial=00;start_type=ATG;rbs_motif=GGA/GAG/AGG;rbs_spacer=5-10bp;gc_cont=0.553
SY457BB-8-12_bin25-k141_129537_12	SY457BB-8-12_bin25	SY457BB-8-12_bin25-k141_129537	12	10	-2	upstream	SY457BB-8-12_bin25-k141_129537_10	8552	9685	+	ID=222_10;partial=00;start_type=ATG;rbs_motif=GGAG/GAGG;rbs_spacer=5-10bp;gc_cont=0.556
SY457BB-8-12_bin25-k141_129537_12	SY457BB-8-12_bin25	SY457BB-8-12_bin25-k141_129537	12	11	-1	upstream	SY457BB-8-12_bin25-k141_129537_11	9710	10276	+	ID=222_11;partial=00;start_type=ATG;rbs_motif=AGGAG/GGAGG;rbs_spacer=11-12bp;gc_cont=0.540
SY457BB-8-12_bin25-k141_129537_12	SY457BB-8-12_bin25	SY457BB-8-12_bin25-k141_129537	12	12	0	target	SY457BB-8-12_bin25-k141_129537_12	10289	12967	+	ID=222_12;partial=00;start_type=ATG;rbs_motif=AGGAG;rbs_spacer=5-10bp;gc_cont=0.537
SY457BB-8-12_bin25-k141_129537_12	SY457BB-8-12_bin25	SY457BB-8-12_bin25-k141_129537	12	13	1	downstream	SY457BB-8-12_bin25-k141_129537_13	13134	15314	+	ID=222_13;partial=00;start_type=ATG;rbs_motif=GGA/GAG/AGG;rbs_spacer=5-10bp;gc_cont=0.556
SY457BB-8-12_bin25-k141_129537_12	SY457BB-8-12_bin25	SY457BB-8-12_bin25-k141_129537	12	14	2	downstream	SY457BB-8-12_bin25-k141_129537_14	15337	16077	+	ID=222_14;partial=00;start_type=ATG;rbs_motif=AGGAG;rbs_spacer=5-10bp;gc_cont=0.526
SY457BB-8-12_bin25-k141_129537_12	SY457BB-8-12_bin25	SY457BB-8-12_bin25-k141_129537	12	15	3	downstream	SY457BB-8-12_bin25-k141_129537_15	16096	16203	+	ID=222_15;partial=00;start_type=ATG;rbs_motif=AGGAG;rbs_spacer=5-10bp;gc_cont=0.481
SY457BB-8-12_bin25-k141_129537_12	SY457BB-8-12_bin25	SY457BB-8-12_bin25-k141_129537	12	16	4	downstream	SY457BB-8-12_bin25-k141_129537_16	16200	17030	+	ID=222_16;partial=00;start_type=GTG;rbs_motif=3Base/5BMM;rbs_spacer=13-15bp;gc_cont=0.580
SY457BB-8-12_bin25-k141_129537_12	SY457BB-8-12_bin25	SY457BB-8-12_bin25-k141_129537	12	17	5	downstream	SY457BB-8-12_bin25-k141_129537_17	17040	18680	+	ID=222_17;partial=00;start_type=ATG;rbs_motif=GGA/GAG/AGG;rbs_spacer=5-10bp;gc_cont=0.567
SY457BB-8-12_bin25-k141_129537_12	SY457BB-8-12_bin25	SY457BB-8-12_bin25-k141_129537	12	18	6	downstream	SY457BB-8-12_bin25-k141_129537_18	18673	19938	+	ID=222_18;partial=00;start_type=ATG;rbs_motif=GGA/GAG/AGG;rbs_spacer=11-12bp;gc_cont=0.593
SY457BB-8-12_bin25-k141_129537_12	SY457BB-8-12_bin25	SY457BB-8-12_bin25-k141_129537	12	19	7	downstream	SY457BB-8-12_bin25-k141_129537_19	19938	21338	+	ID=222_19;partial=00;start_type=ATG;rbs_motif=AGGA;rbs_spacer=5-10bp;gc_cont=0.572
SY457BB-8-12_bin25-k141_129537_12	SY457BB-8-12_bin25	SY457BB-8-12_bin25-k141_129537	12	20	8	downstream	SY457BB-8-12_bin25-k141_129537_20	22063	22218	+	ID=222_20;partial=00;start_type=ATG;rbs_motif=GGA/GAG/AGG;rbs_spacer=5-10bp;gc_cont=0.487
SY457BB-8-12_bin25-k141_129537_12	SY457BB-8-12_bin25	SY457BB-8-12_bin25-k141_129537	12	21	9	downstream	SY457BB-8-12_bin25-k141_129537_21	22876	23583	-	ID=222_21;partial=00;start_type=ATG;rbs_motif=None;rbs_spacer=None;gc_cont=0.564
SY457BB-8-12_bin25-k141_129537_12	SY457BB-8-12_bin25	SY457BB-8-12_bin25-k141_129537	12	22	10	downstream	SY457BB-8-12_bin25-k141_129537_22	23541	24026	-	ID=222_22;partial=00;start_type=TTG;rbs_motif=GGAG/GAGG;rbs_spacer=5-10bp;gc_cont=0.591
SY457BB-8-12_bin4-k141_1432391_5	SY457BB-8-12_bin4	SY457BB-8-12_bin4-k141_1432391	5	1	-4	upstream	SY457BB-8-12_bin4-k141_1432391_1	1	489	+	ID=113_1;partial=10;start_type=Edge;rbs_motif=None;rbs_spacer=None;gc_cont=0.511
SY457BB-8-12_bin4-k141_1432391_5	SY457BB-8-12_bin4	SY457BB-8-12_bin4-k141_1432391	5	2	-3	upstream	SY457BB-8-12_bin4-k141_1432391_2	656	1777	+	ID=113_2;partial=00;start_type=ATG;rbs_motif=GGA/GAG/AGG;rbs_spacer=5-10bp;gc_cont=0.508
SY457BB-8-12_bin4-k141_1432391_5	SY457BB-8-12_bin4	SY457BB-8-12_bin4-k141_1432391	5	3	-2	upstream	SY457BB-8-12_bin4-k141_1432391_3	1789	2931	+	ID=113_3;partial=00;start_type=ATG;rbs_motif=AGGAG;rbs_spacer=5-10bp;gc_cont=0.519
SY457BB-8-12_bin4-k141_1432391_5	SY457BB-8-12_bin4	SY457BB-8-12_bin4-k141_1432391	5	4	-1	upstream	SY457BB-8-12_bin4-k141_1432391_4	2954	3535	+	ID=113_4;partial=00;start_type=ATG;rbs_motif=AGGAG/GGAGG;rbs_spacer=11-12bp;gc_cont=0.502
SY457BB-8-12_bin4-k141_1432391_5	SY457BB-8-12_bin4	SY457BB-8-12_bin4-k141_1432391	5	5	0	target	SY457BB-8-12_bin4-k141_1432391_5	3548	6226	+	ID=113_5;partial=00;start_type=ATG;rbs_motif=AGGAG;rbs_spacer=5-10bp;gc_cont=0.517
SY457BB-8-12_bin4-k141_1432391_5	SY457BB-8-12_bin4	SY457BB-8-12_bin4-k141_1432391	5	6	1	downstream	SY457BB-8-12_bin4-k141_1432391_6	6383	8551	+	ID=113_6;partial=00;start_type=ATG;rbs_motif=GGA/GAG/AGG;rbs_spacer=5-10bp;gc_cont=0.533
SY457BB-8-12_bin4-k141_1432391_5	SY457BB-8-12_bin4	SY457BB-8-12_bin4-k141_1432391	5	7	2	downstream	SY457BB-8-12_bin4-k141_1432391_7	8582	9322	+	ID=113_7;partial=00;start_type=ATG;rbs_motif=GGAG/GAGG;rbs_spacer=5-10bp;gc_cont=0.503
SY457BB-8-12_bin4-k141_1432391_5	SY457BB-8-12_bin4	SY457BB-8-12_bin4-k141_1432391	5	8	3	downstream	SY457BB-8-12_bin4-k141_1432391_8	9344	9448	+	ID=113_8;partial=00;start_type=ATG;rbs_motif=GGAG/GAGG;rbs_spacer=5-10bp;gc_cont=0.467
SY457BB-8-12_bin4-k141_1432391_5	SY457BB-8-12_bin4	SY457BB-8-12_bin4-k141_1432391	5	9	4	downstream	SY457BB-8-12_bin4-k141_1432391_9	9445	10278	+	ID=113_9;partial=00;start_type=TTG;rbs_motif=None;rbs_spacer=None;gc_cont=0.559
SY457BB-8-12_bin4-k141_1432391_5	SY457BB-8-12_bin4	SY457BB-8-12_bin4-k141_1432391	5	10	5	downstream	SY457BB-8-12_bin4-k141_1432391_10	10280	11911	+	ID=113_10;partial=00;start_type=ATG;rbs_motif=GGA/GAG/AGG;rbs_spacer=5-10bp;gc_cont=0.534
SY457BB-8-12_bin4-k141_1432391_5	SY457BB-8-12_bin4	SY457BB-8-12_bin4-k141_1432391	5	11	6	downstream	SY457BB-8-12_bin4-k141_1432391_11	11913	13190	+	ID=113_11;partial=00;start_type=ATG;rbs_motif=4Base/6BMM;rbs_spacer=13-15bp;gc_cont=0.571
SY457BB-8-12_bin4-k141_1432391_5	SY457BB-8-12_bin4	SY457BB-8-12_bin4-k141_1432391	5	12	7	downstream	SY457BB-8-12_bin4-k141_1432391_12	13180	13797	+	ID=113_12;partial=01;start_type=ATG;rbs_motif=GGAG/GAGG;rbs_spacer=5-10bp;gc_cont=0.557
SY459WG-0-4_bin26-k141_460220_2	SY459WG-0-4_bin26	SY459WG-0-4_bin26-k141_460220	2	1	-1	upstream	SY459WG-0-4_bin26-k141_460220_1	1	546	+	ID=88_1;partial=10;start_type=Edge;rbs_motif=None;rbs_spacer=None;gc_cont=0.581
SY459WG-0-4_bin26-k141_460220_2	SY459WG-0-4_bin26	SY459WG-0-4_bin26-k141_460220	2	2	0	target	SY459WG-0-4_bin26-k141_460220_2	543	3044	+	ID=88_2;partial=00;start_type=ATG;rbs_motif=GGAGG;rbs_spacer=5-10bp;gc_cont=0.597
SY459WG-0-4_bin26-k141_460220_2	SY459WG-0-4_bin26	SY459WG-0-4_bin26-k141_460220	2	3	1	downstream	SY459WG-0-4_bin26-k141_460220_3	3065	3301	+	ID=88_3;partial=00;start_type=ATG;rbs_motif=None;rbs_spacer=None;gc_cont=0.599
SY459WG-0-4_bin26-k141_460220_2	SY459WG-0-4_bin26	SY459WG-0-4_bin26-k141_460220	2	4	2	downstream	SY459WG-0-4_bin26-k141_460220_4	3354	3899	+	ID=88_4;partial=00;start_type=ATG;rbs_motif=None;rbs_spacer=None;gc_cont=0.610
SY459WG-0-4_bin26-k141_460220_2	SY459WG-0-4_bin26	SY459WG-0-4_bin26-k141_460220	2	5	3	downstream	SY459WG-0-4_bin26-k141_460220_5	3933	4463	+	ID=88_5;partial=00;start_type=ATG;rbs_motif=None;rbs_spacer=None;gc_cont=0.584
SY459WG-0-4_bin26-k141_460220_2	SY459WG-0-4_bin26	SY459WG-0-4_bin26-k141_460220	2	6	4	downstream	SY459WG-0-4_bin26-k141_460220_6	4491	5393	+	ID=88_6;partial=00;start_type=ATG;rbs_motif=None;rbs_spacer=None;gc_cont=0.587
SY459WG-0-4_bin26-k141_460220_2	SY459WG-0-4_bin26	SY459WG-0-4_bin26-k141_460220	2	7	5	downstream	SY459WG-0-4_bin26-k141_460220_7	5410	6633	-	ID=88_7;partial=00;start_type=ATG;rbs_motif=None;rbs_spacer=None;gc_cont=0.614
SY459WG-0-4_bin26-k141_460220_2	SY459WG-0-4_bin26	SY459WG-0-4_bin26-k141_460220	2	8	6	downstream	SY459WG-0-4_bin26-k141_460220_8	6654	8315	-	ID=88_8;partial=00;start_type=ATG;rbs_motif=GGAG/GAGG;rbs_spacer=5-10bp;gc_cont=0.630
SY459WG-0-4_bin26-k141_460220_2	SY459WG-0-4_bin26	SY459WG-0-4_bin26-k141_460220	2	9	7	downstream	SY459WG-0-4_bin26-k141_460220_9	8319	9155	-	ID=88_9;partial=01;start_type=Edge;rbs_motif=None;rbs_spacer=None;gc_cont=0.627
SY459WG-0-4_bin37-k141_569169_31	SY459WG-0-4_bin37	SY459WG-0-4_bin37-k141_569169	31	21	-10	upstream	SY459WG-0-4_bin37-k141_569169_21	20015	20968	-	ID=23_21;partial=00;start_type=ATG;rbs_motif=GGA/GAG/AGG;rbs_spacer=5-10bp;gc_cont=0.546
SY459WG-0-4_bin37-k141_569169_31	SY459WG-0-4_bin37	SY459WG-0-4_bin37-k141_569169	31	22	-9	upstream	SY459WG-0-4_bin37-k141_569169_22	20968	21903	-	ID=23_22;partial=00;start_type=ATG;rbs_motif=GGA/GAG/AGG;rbs_spacer=5-10bp;gc_cont=0.521
SY459WG-0-4_bin37-k141_569169_31	SY459WG-0-4_bin37	SY459WG-0-4_bin37-k141_569169	31	23	-8	upstream	SY459WG-0-4_bin37-k141_569169_23	21966	23282	-	ID=23_23;partial=00;start_type=ATG;rbs_motif=GGAGG;rbs_spacer=5-10bp;gc_cont=0.535
SY459WG-0-4_bin37-k141_569169_31	SY459WG-0-4_bin37	SY459WG-0-4_bin37-k141_569169	31	24	-7	upstream	SY459WG-0-4_bin37-k141_569169_24	23390	24757	-	ID=23_24;partial=00;start_type=ATG;rbs_motif=GGA/GAG/AGG;rbs_spacer=5-10bp;gc_cont=0.561
SY459WG-0-4_bin37-k141_569169_31	SY459WG-0-4_bin37	SY459WG-0-4_bin37-k141_569169	31	25	-6	upstream	SY459WG-0-4_bin37-k141_569169_25	24754	26028	-	ID=23_25;partial=00;start_type=ATG;rbs_motif=GGAGG;rbs_spacer=3-4bp;gc_cont=0.558
SY459WG-0-4_bin37-k141_569169_31	SY459WG-0-4_bin37	SY459WG-0-4_bin37-k141_569169	31	26	-5	upstream	SY459WG-0-4_bin37-k141_569169_26	26025	27683	-	ID=23_26;partial=00;start_type=ATG;rbs_motif=GGA/GAG/AGG;rbs_spacer=5-10bp;gc_cont=0.562
SY459WG-0-4_bin37-k141_569169_31	SY459WG-0-4_bin37	SY459WG-0-4_bin37-k141_569169	31	27	-4	upstream	SY459WG-0-4_bin37-k141_569169_27	27714	28559	-	ID=23_27;partial=00;start_type=TTG;rbs_motif=GGA/GAG/AGG;rbs_spacer=5-10bp;gc_cont=0.540
SY459WG-0-4_bin37-k141_569169_31	SY459WG-0-4_bin37	SY459WG-0-4_bin37-k141_569169	31	28	-3	upstream	SY459WG-0-4_bin37-k141_569169_28	28556	28663	-	ID=23_28;partial=00;start_type=ATG;rbs_motif=AGxAGG/AGGxGG;rbs_spacer=5-10bp;gc_cont=0.454
SY459WG-0-4_bin37-k141_569169_31	SY459WG-0-4_bin37	SY459WG-0-4_bin37-k141_569169	31	29	-2	upstream	SY459WG-0-4_bin37-k141_569169_29	28683	29420	-	ID=23_29;partial=00;start_type=ATG;rbs_motif=AGGA;rbs_spacer=5-10bp;gc_cont=0.522
SY459WG-0-4_bin37-k141_569169_31	SY459WG-0-4_bin37	SY459WG-0-4_bin37-k141_569169	31	30	-1	upstream	SY459WG-0-4_bin37-k141_569169_30	29443	31605	-	ID=23_30;partial=00;start_type=ATG;rbs_motif=GGA/GAG/AGG;rbs_spacer=11-12bp;gc_cont=0.564
SY459WG-0-4_bin37-k141_569169_31	SY459WG-0-4_bin37	SY459WG-0-4_bin37-k141_569169	31	31	0	target	SY459WG-0-4_bin37-k141_569169_31	31747	34425	-	ID=23_31;partial=00;start_type=ATG;rbs_motif=AGGAG;rbs_spacer=5-10bp;gc_cont=0.531
SY459WG-0-4_bin37-k141_569169_31	SY459WG-0-4_bin37	SY459WG-0-4_bin37-k141_569169	31	32	1	downstream	SY459WG-0-4_bin37-k141_569169_32	34440	35021	-	ID=23_32;partial=00;start_type=ATG;rbs_motif=GGA/GAG/AGG;rbs_spacer=5-10bp;gc_cont=0.505
SY459WG-0-4_bin37-k141_569169_31	SY459WG-0-4_bin37	SY459WG-0-4_bin37-k141_569169	31	33	2	downstream	SY459WG-0-4_bin37-k141_569169_33	35043	36179	-	ID=23_33;partial=00;start_type=ATG;rbs_motif=AGGAG;rbs_spacer=5-10bp;gc_cont=0.539
SY459WG-0-4_bin37-k141_569169_31	SY459WG-0-4_bin37	SY459WG-0-4_bin37-k141_569169	31	34	3	downstream	SY459WG-0-4_bin37-k141_569169_34	36194	37312	-	ID=23_34;partial=00;start_type=ATG;rbs_motif=GGAG/GAGG;rbs_spacer=5-10bp;gc_cont=0.527
SY459WG-0-4_bin37-k141_569169_31	SY459WG-0-4_bin37	SY459WG-0-4_bin37-k141_569169	31	35	4	downstream	SY459WG-0-4_bin37-k141_569169_35	37490	39745	-	ID=23_35;partial=00;start_type=ATG;rbs_motif=GGAG/GAGG;rbs_spacer=5-10bp;gc_cont=0.571
SY459WG-0-4_bin37-k141_569169_31	SY459WG-0-4_bin37	SY459WG-0-4_bin37-k141_569169	31	36	5	downstream	SY459WG-0-4_bin37-k141_569169_36	39758	40591	-	ID=23_36;partial=00;start_type=ATG;rbs_motif=GGAGG;rbs_spacer=5-10bp;gc_cont=0.537
SY459WG-0-4_bin37-k141_569169_31	SY459WG-0-4_bin37	SY459WG-0-4_bin37-k141_569169	31	37	6	downstream	SY459WG-0-4_bin37-k141_569169_37	40588	42369	-	ID=23_37;partial=00;start_type=ATG;rbs_motif=None;rbs_spacer=None;gc_cont=0.540
SY459WG-0-4_bin37-k141_569169_31	SY459WG-0-4_bin37	SY459WG-0-4_bin37-k141_569169	31	38	7	downstream	SY459WG-0-4_bin37-k141_569169_38	42366	42494	-	ID=23_38;partial=00;start_type=ATG;rbs_motif=GGxGG;rbs_spacer=5-10bp;gc_cont=0.527
SY459WG-0-4_bin37-k141_569169_31	SY459WG-0-4_bin37	SY459WG-0-4_bin37-k141_569169	31	39	8	downstream	SY459WG-0-4_bin37-k141_569169_39	42526	42648	-	ID=23_39;partial=00;start_type=ATG;rbs_motif=GGA/GAG/AGG;rbs_spacer=5-10bp;gc_cont=0.439
SY459WG-0-4_bin37-k141_569169_31	SY459WG-0-4_bin37	SY459WG-0-4_bin37-k141_569169	31	40	9	downstream	SY459WG-0-4_bin37-k141_569169_40	42752	43054	-	ID=23_40;partial=00;start_type=ATG;rbs_motif=GGA/GAG/AGG;rbs_spacer=5-10bp;gc_cont=0.531
SY459WG-0-4_bin37-k141_569169_31	SY459WG-0-4_bin37	SY459WG-0-4_bin37-k141_569169	31	41	10	downstream	SY459WG-0-4_bin37-k141_569169_41	43185	43952	+	ID=23_41;partial=00;start_type=ATG;rbs_motif=None;rbs_spacer=None;gc_cont=0.539
SY459WG-4-8_bin39-k141_681176_50	SY459WG-4-8_bin39	SY459WG-4-8_bin39-k141_681176	50	40	-10	upstream	SY459WG-4-8_bin39-k141_681176_40	49147	51222	+	ID=91_40;partial=00;start_type=ATG;rbs_motif=GGxGG;rbs_spacer=5-10bp;gc_cont=0.559
SY459WG-4-8_bin39-k141_681176_50	SY459WG-4-8_bin39	SY459WG-4-8_bin39-k141_681176	50	41	-9	upstream	SY459WG-4-8_bin39-k141_681176_41	51186	52421	+	ID=91_41;partial=00;start_type=GTG;rbs_motif=None;rbs_spacer=None;gc_cont=0.582
SY459WG-4-8_bin39-k141_681176_50	SY459WG-4-8_bin39	SY459WG-4-8_bin39-k141_681176	50	42	-8	upstream	SY459WG-4-8_bin39-k141_681176_42	52409	53452	-	ID=91_42;partial=00;start_type=GTG;rbs_motif=GGA/GAG/AGG;rbs_spacer=5-10bp;gc_cont=0.547
SY459WG-4-8_bin39-k141_681176_50	SY459WG-4-8_bin39	SY459WG-4-8_bin39-k141_681176	50	43	-7	upstream	SY459WG-4-8_bin39-k141_681176_43	53560	56259	+	ID=91_43;partial=00;start_type=ATG;rbs_motif=None;rbs_spacer=None;gc_cont=0.547
SY459WG-4-8_bin39-k141_681176_50	SY459WG-4-8_bin39	SY459WG-4-8_bin39-k141_681176	50	44	-6	upstream	SY459WG-4-8_bin39-k141_681176_44	56263	57042	-	ID=91_44;partial=00;start_type=TTG;rbs_motif=GGAG/GAGG;rbs_spacer=5-10bp;gc_cont=0.558
SY459WG-4-8_bin39-k141_681176_50	SY459WG-4-8_bin39	SY459WG-4-8_bin39-k141_681176	50	45	-5	upstream	SY459WG-4-8_bin39-k141_681176_45	57070	57498	-	ID=91_45;partial=00;start_type=ATG;rbs_motif=None;rbs_spacer=None;gc_cont=0.522
SY459WG-4-8_bin39-k141_681176_50	SY459WG-4-8_bin39	SY459WG-4-8_bin39-k141_681176	50	46	-4	upstream	SY459WG-4-8_bin39-k141_681176_46	57601	58626	+	ID=91_46;partial=00;start_type=ATG;rbs_motif=GGAG/GAGG;rbs_spacer=5-10bp;gc_cont=0.549
SY459WG-4-8_bin39-k141_681176_50	SY459WG-4-8_bin39	SY459WG-4-8_bin39-k141_681176	50	47	-3	upstream	SY459WG-4-8_bin39-k141_681176_47	58623	59321	-	ID=91_47;partial=00;start_type=ATG;rbs_motif=None;rbs_spacer=None;gc_cont=0.522
SY459WG-4-8_bin39-k141_681176_50	SY459WG-4-8_bin39	SY459WG-4-8_bin39-k141_681176	50	48	-2	upstream	SY459WG-4-8_bin39-k141_681176_48	59409	60446	+	ID=91_48;partial=00;start_type=ATG;rbs_motif=None;rbs_spacer=None;gc_cont=0.536
SY459WG-4-8_bin39-k141_681176_50	SY459WG-4-8_bin39	SY459WG-4-8_bin39-k141_681176	50	49	-1	upstream	SY459WG-4-8_bin39-k141_681176_49	60443	62926	-	ID=91_49;partial=00;start_type=ATG;rbs_motif=AGGAG;rbs_spacer=5-10bp;gc_cont=0.524
SY459WG-4-8_bin39-k141_681176_50	SY459WG-4-8_bin39	SY459WG-4-8_bin39-k141_681176	50	50	0	target	SY459WG-4-8_bin39-k141_681176_50	62929	63549	-	ID=91_50;partial=00;start_type=ATG;rbs_motif=AGGAGG;rbs_spacer=3-4bp;gc_cont=0.510
SY459WG-4-8_bin39-k141_681176_50	SY459WG-4-8_bin39	SY459WG-4-8_bin39-k141_681176	50	51	1	downstream	SY459WG-4-8_bin39-k141_681176_51	63674	64192	+	ID=91_51;partial=00;start_type=ATG;rbs_motif=None;rbs_spacer=None;gc_cont=0.538
SY459WG-4-8_bin39-k141_681176_50	SY459WG-4-8_bin39	SY459WG-4-8_bin39-k141_681176	50	52	2	downstream	SY459WG-4-8_bin39-k141_681176_52	64198	65325	-	ID=91_52;partial=00;start_type=GTG;rbs_motif=AGGAG;rbs_spacer=5-10bp;gc_cont=0.541
SY459WG-4-8_bin39-k141_681176_50	SY459WG-4-8_bin39	SY459WG-4-8_bin39-k141_681176	50	53	3	downstream	SY459WG-4-8_bin39-k141_681176_53	65396	66505	-	ID=91_53;partial=00;start_type=ATG;rbs_motif=GGAG/GAGG;rbs_spacer=5-10bp;gc_cont=0.550
SY459WG-4-8_bin39-k141_681176_50	SY459WG-4-8_bin39	SY459WG-4-8_bin39-k141_681176	50	54	4	downstream	SY459WG-4-8_bin39-k141_681176_54	66613	66888	+	ID=91_54;partial=00;start_type=GTG;rbs_motif=None;rbs_spacer=None;gc_cont=0.630
SY459WG-4-8_bin39-k141_681176_50	SY459WG-4-8_bin39	SY459WG-4-8_bin39-k141_681176	50	55	5	downstream	SY459WG-4-8_bin39-k141_681176_55	66914	67321	+	ID=91_55;partial=00;start_type=GTG;rbs_motif=None;rbs_spacer=None;gc_cont=0.618
SY459WG-4-8_bin39-k141_681176_50	SY459WG-4-8_bin39	SY459WG-4-8_bin39-k141_681176	50	56	6	downstream	SY459WG-4-8_bin39-k141_681176_56	67622	67867	+	ID=91_56;partial=00;start_type=ATG;rbs_motif=None;rbs_spacer=None;gc_cont=0.585
SY459WG-4-8_bin39-k141_681176_50	SY459WG-4-8_bin39	SY459WG-4-8_bin39-k141_681176	50	57	7	downstream	SY459WG-4-8_bin39-k141_681176_57	67864	68232	+	ID=91_57;partial=00;start_type=GTG;rbs_motif=GGAG/GAGG;rbs_spacer=5-10bp;gc_cont=0.591
SY459WG-4-8_bin39-k141_681176_50	SY459WG-4-8_bin39	SY459WG-4-8_bin39-k141_681176	50	58	8	downstream	SY459WG-4-8_bin39-k141_681176_58	68397	68972	+	ID=91_58;partial=00;start_type=ATG;rbs_motif=AGGAG;rbs_spacer=5-10bp;gc_cont=0.545
SY459WG-4-8_bin39-k141_681176_50	SY459WG-4-8_bin39	SY459WG-4-8_bin39-k141_681176	50	59	9	downstream	SY459WG-4-8_bin39-k141_681176_59	68982	69593	+	ID=91_59;partial=00;start_type=ATG;rbs_motif=GGA/GAG/AGG;rbs_spacer=5-10bp;gc_cont=0.565
SY459WG-4-8_bin39-k141_681176_50	SY459WG-4-8_bin39	SY459WG-4-8_bin39-k141_681176	50	60	10	downstream	SY459WG-4-8_bin39-k141_681176_60	69658	70401	+	ID=91_60;partial=00;start_type=ATG;rbs_motif=None;rbs_spacer=None;gc_cont=0.546
SY459WG-4-8_bin8-k141_320908_36	SY459WG-4-8_bin8	SY459WG-4-8_bin8-k141_320908	36	26	-10	upstream	SY459WG-4-8_bin8-k141_320908_26	20992	21129	-	ID=57_26;partial=00;start_type=ATG;rbs_motif=AGGA;rbs_spacer=5-10bp;gc_cont=0.370
SY459WG-4-8_bin8-k141_320908_36	SY459WG-4-8_bin8	SY459WG-4-8_bin8-k141_320908	36	27	-9	upstream	SY459WG-4-8_bin8-k141_320908_27	21142	21315	-	ID=57_27;partial=00;start_type=ATG;rbs_motif=None;rbs_spacer=None;gc_cont=0.448
SY459WG-4-8_bin8-k141_320908_36	SY459WG-4-8_bin8	SY459WG-4-8_bin8-k141_320908	36	28	-8	upstream	SY459WG-4-8_bin8-k141_320908_28	21767	24235	+	ID=57_28;partial=00;start_type=GTG;rbs_motif=GGA/GAG/AGG;rbs_spacer=5-10bp;gc_cont=0.497
SY459WG-4-8_bin8-k141_320908_36	SY459WG-4-8_bin8	SY459WG-4-8_bin8-k141_320908	36	29	-7	upstream	SY459WG-4-8_bin8-k141_320908_29	24308	25048	+	ID=57_29;partial=00;start_type=ATG;rbs_motif=GGAG/GAGG;rbs_spacer=5-10bp;gc_cont=0.475
SY459WG-4-8_bin8-k141_320908_36	SY459WG-4-8_bin8	SY459WG-4-8_bin8-k141_320908	36	30	-6	upstream	SY459WG-4-8_bin8-k141_320908_30	25055	25177	+	ID=57_30;partial=00;start_type=ATG;rbs_motif=None;rbs_spacer=None;gc_cont=0.512
SY459WG-4-8_bin8-k141_320908_36	SY459WG-4-8_bin8	SY459WG-4-8_bin8-k141_320908	36	31	-5	upstream	SY459WG-4-8_bin8-k141_320908_31	25227	27401	+	ID=57_31;partial=00;start_type=ATG;rbs_motif=None;rbs_spacer=None;gc_cont=0.524
SY459WG-4-8_bin8-k141_320908_36	SY459WG-4-8_bin8	SY459WG-4-8_bin8-k141_320908	36	32	-4	upstream	SY459WG-4-8_bin8-k141_320908_32	27404	28663	+	ID=57_32;partial=00;start_type=ATG;rbs_motif=None;rbs_spacer=None;gc_cont=0.536
SY459WG-4-8_bin8-k141_320908_36	SY459WG-4-8_bin8	SY459WG-4-8_bin8-k141_320908	36	33	-3	upstream	SY459WG-4-8_bin8-k141_320908_33	28660	30066	+	ID=57_33;partial=00;start_type=ATG;rbs_motif=None;rbs_spacer=None;gc_cont=0.503
SY459WG-4-8_bin8-k141_320908_36	SY459WG-4-8_bin8	SY459WG-4-8_bin8-k141_320908	36	34	-2	upstream	SY459WG-4-8_bin8-k141_320908_34	30123	30440	+	ID=57_34;partial=00;start_type=GTG;rbs_motif=GGA/GAG/AGG;rbs_spacer=5-10bp;gc_cont=0.491
SY459WG-4-8_bin8-k141_320908_36	SY459WG-4-8_bin8	SY459WG-4-8_bin8-k141_320908	36	35	-1	upstream	SY459WG-4-8_bin8-k141_320908_35	30431	33025	+	ID=57_35;partial=00;start_type=ATG;rbs_motif=None;rbs_spacer=None;gc_cont=0.469
SY459WG-4-8_bin8-k141_320908_36	SY459WG-4-8_bin8	SY459WG-4-8_bin8-k141_320908	36	36	0	target	SY459WG-4-8_bin8-k141_320908_36	33022	34392	+	ID=57_36;partial=00;start_type=ATG;rbs_motif=GGAG/GAGG;rbs_spacer=5-10bp;gc_cont=0.497
SY459WG-4-8_bin8-k141_320908_36	SY459WG-4-8_bin8	SY459WG-4-8_bin8-k141_320908	36	37	1	downstream	SY459WG-4-8_bin8-k141_320908_37	34438	35058	-	ID=57_37;partial=00;start_type=ATG;rbs_motif=None;rbs_spacer=None;gc_cont=0.485
SY459WG-4-8_bin8-k141_320908_36	SY459WG-4-8_bin8	SY459WG-4-8_bin8-k141_320908	36	38	2	downstream	SY459WG-4-8_bin8-k141_320908_38	35154	37865	-	ID=57_38;partial=00;start_type=ATG;rbs_motif=AGGAG;rbs_spacer=5-10bp;gc_cont=0.489
SY459WG-4-8_bin8-k141_320908_36	SY459WG-4-8_bin8	SY459WG-4-8_bin8-k141_320908	36	39	3	downstream	SY459WG-4-8_bin8-k141_320908_39	37877	38491	-	ID=57_39;partial=00;start_type=ATG;rbs_motif=GGAG/GAGG;rbs_spacer=5-10bp;gc_cont=0.524
SY459WG-4-8_bin8-k141_320908_36	SY459WG-4-8_bin8	SY459WG-4-8_bin8-k141_320908	36	40	4	downstream	SY459WG-4-8_bin8-k141_320908_40	38488	39678	-	ID=57_40;partial=00;start_type=ATG;rbs_motif=AGGAG;rbs_spacer=5-10bp;gc_cont=0.516
SY459WG-4-8_bin8-k141_320908_36	SY459WG-4-8_bin8	SY459WG-4-8_bin8-k141_320908	36	41	5	downstream	SY459WG-4-8_bin8-k141_320908_41	39694	40812	-	ID=57_41;partial=00;start_type=ATG;rbs_motif=AGGAG;rbs_spacer=5-10bp;gc_cont=0.489
SY459WG-4-8_bin8-k141_320908_36	SY459WG-4-8_bin8	SY459WG-4-8_bin8-k141_320908	36	42	6	downstream	SY459WG-4-8_bin8-k141_320908_42	41106	42581	-	ID=57_42;partial=00;start_type=ATG;rbs_motif=AGGA;rbs_spacer=5-10bp;gc_cont=0.494
SY459WG-4-8_bin8-k141_320908_36	SY459WG-4-8_bin8	SY459WG-4-8_bin8-k141_320908	36	43	7	downstream	SY459WG-4-8_bin8-k141_320908_43	42574	43002	-	ID=57_43;partial=00;start_type=ATG;rbs_motif=None;rbs_spacer=None;gc_cont=0.476
SY459WG-4-8_bin8-k141_320908_36	SY459WG-4-8_bin8	SY459WG-4-8_bin8-k141_320908	36	44	8	downstream	SY459WG-4-8_bin8-k141_320908_44	43002	43451	-	ID=57_44;partial=00;start_type=GTG;rbs_motif=None;rbs_spacer=None;gc_cont=0.513
SY459WG-4-8_bin8-k141_320908_36	SY459WG-4-8_bin8	SY459WG-4-8_bin8-k141_320908	36	45	9	downstream	SY459WG-4-8_bin8-k141_320908_45	43462	43716	-	ID=57_45;partial=00;start_type=ATG;rbs_motif=None;rbs_spacer=None;gc_cont=0.541
SY459WG-4-8_bin8-k141_320908_36	SY459WG-4-8_bin8	SY459WG-4-8_bin8-k141_320908	36	46	10	downstream	SY459WG-4-8_bin8-k141_320908_46	43742	44983	-	ID=57_46;partial=00;start_type=ATG;rbs_motif=GGA/GAG/AGG;rbs_spacer=5-10bp;gc_cont=0.530
SY459WG-8-12_bin19-k141_364478_5	SY459WG-8-12_bin19	SY459WG-8-12_bin19-k141_364478	5	1	-4	upstream	SY459WG-8-12_bin19-k141_364478_1	3	692	-	ID=143_1;partial=10;start_type=ATG;rbs_motif=None;rbs_spacer=None;gc_cont=0.559
SY459WG-8-12_bin19-k141_364478_5	SY459WG-8-12_bin19	SY459WG-8-12_bin19-k141_364478	5	2	-3	upstream	SY459WG-8-12_bin19-k141_364478_2	689	799	-	ID=143_2;partial=00;start_type=ATG;rbs_motif=GGA/GAG/AGG;rbs_spacer=5-10bp;gc_cont=0.468
SY459WG-8-12_bin19-k141_364478_5	SY459WG-8-12_bin19	SY459WG-8-12_bin19-k141_364478	5	3	-2	upstream	SY459WG-8-12_bin19-k141_364478_3	827	1564	-	ID=143_3;partial=00;start_type=ATG;rbs_motif=AGGA;rbs_spacer=5-10bp;gc_cont=0.496
SY459WG-8-12_bin19-k141_364478_5	SY459WG-8-12_bin19	SY459WG-8-12_bin19-k141_364478	5	4	-1	upstream	SY459WG-8-12_bin19-k141_364478_4	1616	3856	-	ID=143_4;partial=00;start_type=ATG;rbs_motif=GGAG/GAGG;rbs_spacer=5-10bp;gc_cont=0.542
SY459WG-8-12_bin19-k141_364478_5	SY459WG-8-12_bin19	SY459WG-8-12_bin19-k141_364478	5	5	0	target	SY459WG-8-12_bin19-k141_364478_5	4043	6718	-	ID=143_5;partial=00;start_type=ATG;rbs_motif=AGGAG;rbs_spacer=5-10bp;gc_cont=0.515
SY459WG-8-12_bin19-k141_364478_5	SY459WG-8-12_bin19	SY459WG-8-12_bin19-k141_364478	5	6	1	downstream	SY459WG-8-12_bin19-k141_364478_6	6739	7323	-	ID=143_6;partial=00;start_type=ATG;rbs_motif=AGGAG;rbs_spacer=5-10bp;gc_cont=0.515
SY459WG-8-12_bin19-k141_364478_5	SY459WG-8-12_bin19	SY459WG-8-12_bin19-k141_364478	5	7	2	downstream	SY459WG-8-12_bin19-k141_364478_7	7336	7869	-	ID=143_7;partial=01;start_type=Edge;rbs_motif=None;rbs_spacer=None;gc_cont=0.493
SY459WG-8-12_bin2-k141_281775_92	SY459WG-8-12_bin2	SY459WG-8-12_bin2-k141_281775	92	82	-10	upstream	SY459WG-8-12_bin2-k141_281775_82	76348	78594	-	ID=38_82;partial=00;start_type=ATG;rbs_motif=GGAG/GAGG;rbs_spacer=5-10bp;gc_cont=0.551
SY459WG-8-12_bin2-k141_281775_92	SY459WG-8-12_bin2	SY459WG-8-12_bin2-k141_281775	92	83	-9	upstream	SY459WG-8-12_bin2-k141_281775_83	78742	79461	+	ID=38_83;partial=00;start_type=GTG;rbs_motif=GGA/GAG/AGG;rbs_spacer=5-10bp;gc_cont=0.525
SY459WG-8-12_bin2-k141_281775_92	SY459WG-8-12_bin2	SY459WG-8-12_bin2-k141_281775	92	84	-8	upstream	SY459WG-8-12_bin2-k141_281775_84	79458	80834	-	ID=38_84;partial=00;start_type=ATG;rbs_motif=GGA/GAG/AGG;rbs_spacer=5-10bp;gc_cont=0.594
SY459WG-8-12_bin2-k141_281775_92	SY459WG-8-12_bin2	SY459WG-8-12_bin2-k141_281775	92	85	-7	upstream	SY459WG-8-12_bin2-k141_281775_85	80827	82098	-	ID=38_85;partial=00;start_type=ATG;rbs_motif=GGA/GAG/AGG;rbs_spacer=5-10bp;gc_cont=0.608
SY459WG-8-12_bin2-k141_281775_92	SY459WG-8-12_bin2	SY459WG-8-12_bin2-k141_281775	92	86	-6	upstream	SY459WG-8-12_bin2-k141_281775_86	82102	83745	-	ID=38_86;partial=00;start_type=ATG;rbs_motif=GGAG/GAGG;rbs_spacer=5-10bp;gc_cont=0.595
SY459WG-8-12_bin2-k141_281775_92	SY459WG-8-12_bin2	SY459WG-8-12_bin2-k141_281775	92	87	-5	upstream	SY459WG-8-12_bin2-k141_281775_87	83785	84636	-	ID=38_87;partial=00;start_type=TTG;rbs_motif=None;rbs_spacer=None;gc_cont=0.583
SY459WG-8-12_bin2-k141_281775_92	SY459WG-8-12_bin2	SY459WG-8-12_bin2-k141_281775	92	88	-4	upstream	SY459WG-8-12_bin2-k141_281775_88	84621	84728	-	ID=38_88;partial=00;start_type=ATG;rbs_motif=AGGA;rbs_spacer=5-10bp;gc_cont=0.463
SY459WG-8-12_bin2-k141_281775_92	SY459WG-8-12_bin2	SY459WG-8-12_bin2-k141_281775	92	89	-3	upstream	SY459WG-8-12_bin2-k141_281775_89	84750	85490	-	ID=38_89;partial=00;start_type=ATG;rbs_motif=AGGA;rbs_spacer=5-10bp;gc_cont=0.520
SY459WG-8-12_bin2-k141_281775_92	SY459WG-8-12_bin2	SY459WG-8-12_bin2-k141_281775	92	90	-2	upstream	SY459WG-8-12_bin2-k141_281775_90	85520	87697	-	ID=38_90;partial=00;start_type=ATG;rbs_motif=AGxAGG/AGGxGG;rbs_spacer=5-10bp;gc_cont=0.570
SY459WG-8-12_bin2-k141_281775_92	SY459WG-8-12_bin2	SY459WG-8-12_bin2-k141_281775	92	91	-1	upstream	SY459WG-8-12_bin2-k141_281775_91	87870	90548	-	ID=38_91;partial=00;start_type=ATG;rbs_motif=AGGAG;rbs_spacer=5-10bp;gc_cont=0.539
SY459WG-8-12_bin2-k141_281775_92	SY459WG-8-12_bin2	SY459WG-8-12_bin2-k141_281775	92	92	0	target	SY459WG-8-12_bin2-k141_281775_92	90561	91142	-	ID=38_92;partial=00;start_type=ATG;rbs_motif=AGGA;rbs_spacer=5-10bp;gc_cont=0.552
SY459WG-8-12_bin2-k141_281775_92	SY459WG-8-12_bin2	SY459WG-8-12_bin2-k141_281775	92	93	1	downstream	SY459WG-8-12_bin2-k141_281775_93	91165	92307	-	ID=38_93;partial=00;start_type=ATG;rbs_motif=GGAG/GAGG;rbs_spacer=5-10bp;gc_cont=0.538
SY459WG-8-12_bin2-k141_281775_92	SY459WG-8-12_bin2	SY459WG-8-12_bin2-k141_281775	92	94	2	downstream	SY459WG-8-12_bin2-k141_281775_94	92325	93407	-	ID=38_94;partial=00;start_type=ATG;rbs_motif=GGAG/GAGG;rbs_spacer=5-10bp;gc_cont=0.551
SY459WG-8-12_bin2-k141_281775_92	SY459WG-8-12_bin2	SY459WG-8-12_bin2-k141_281775	92	95	3	downstream	SY459WG-8-12_bin2-k141_281775_95	93355	93561	-	ID=38_95;partial=00;start_type=ATG;rbs_motif=None;rbs_spacer=None;gc_cont=0.527
SY459WG-8-12_bin2-k141_281775_92	SY459WG-8-12_bin2	SY459WG-8-12_bin2-k141_281775	92	96	4	downstream	SY459WG-8-12_bin2-k141_281775_96	93617	95890	-	ID=38_96;partial=00;start_type=ATG;rbs_motif=GGA/GAG/AGG;rbs_spacer=5-10bp;gc_cont=0.573
SY459WG-8-12_bin2-k141_281775_92	SY459WG-8-12_bin2	SY459WG-8-12_bin2-k141_281775	92	97	5	downstream	SY459WG-8-12_bin2-k141_281775_97	95902	97032	-	ID=38_97;partial=00;start_type=ATG;rbs_motif=GGAGG;rbs_spacer=5-10bp;gc_cont=0.588
SY459WG-8-12_bin2-k141_281775_92	SY459WG-8-12_bin2	SY459WG-8-12_bin2-k141_281775	92	98	6	downstream	SY459WG-8-12_bin2-k141_281775_98	97029	98789	-	ID=38_98;partial=00;start_type=ATG;rbs_motif=AGxAGG/AGGxGG;rbs_spacer=5-10bp;gc_cont=0.561
SY459WG-8-12_bin2-k141_281775_92	SY459WG-8-12_bin2	SY459WG-8-12_bin2-k141_281775	92	99	7	downstream	SY459WG-8-12_bin2-k141_281775_99	98799	98927	-	ID=38_99;partial=00;start_type=ATG;rbs_motif=AGGA;rbs_spacer=5-10bp;gc_cont=0.519
SY459WG-8-12_bin2-k141_281775_92	SY459WG-8-12_bin2	SY459WG-8-12_bin2-k141_281775	92	100	8	downstream	SY459WG-8-12_bin2-k141_281775_100	99283	99585	-	ID=38_100;partial=00;start_type=ATG;rbs_motif=GGA/GAG/AGG;rbs_spacer=5-10bp;gc_cont=0.558
SY459WG-8-12_bin2-k141_281775_92	SY459WG-8-12_bin2	SY459WG-8-12_bin2-k141_281775	92	101	9	downstream	SY459WG-8-12_bin2-k141_281775_101	99869	100597	+	ID=38_101;partial=00;start_type=ATG;rbs_motif=AGGA;rbs_spacer=5-10bp;gc_cont=0.532
SY459WG-8-12_bin2-k141_281775_92	SY459WG-8-12_bin2	SY459WG-8-12_bin2-k141_281775	92	102	10	downstream	SY459WG-8-12_bin2-k141_281775_102	100590	101585	+	ID=38_102;partial=00;start_type=ATG;rbs_motif=None;rbs_spacer=None;gc_cont=0.549
