tree_label	candidate_id	MAG_ID	Final_class	gene_id	relative_position	relative_bp_start	relative_bp_end	strand	plot_label	KO	annotation
C1_12-18_bin19|C1_12-18_bin19-k141_2550623_11	C1_12-18_bin19-k141_2550623_11	C1_12-18_bin19	IdrA-associated clade	C1_12-18_bin19-k141_2550623_1	-10	-11465.5	-10113.5	+	function unknown		
C1_12-18_bin19|C1_12-18_bin19-k141_2550623_11	C1_12-18_bin19-k141_2550623_11	C1_12-18_bin19	IdrA-associated clade	C1_12-18_bin19-k141_2550623_2	-9	-9912.5	-9631.5	+	function unknown		
C1_12-18_bin19|C1_12-18_bin19-k141_2550623_11	C1_12-18_bin19-k141_2550623_11	C1_12-18_bin19	IdrA-associated clade	C1_12-18_bin19-k141_2550623_3	-8	-9638.5	-9363.5	+	function unknown		
C1_12-18_bin19|C1_12-18_bin19-k141_2550623_11	C1_12-18_bin19-k141_2550623_11	C1_12-18_bin19	IdrA-associated clade	C1_12-18_bin19-k141_2550623_4	-7	-8634.5	-8200.5	-	function unknown		
C1_12-18_bin19|C1_12-18_bin19-k141_2550623_11	C1_12-18_bin19-k141_2550623_11	C1_12-18_bin19	IdrA-associated clade	C1_12-18_bin19-k141_2550623_5	-6	-8194.5	-7001.5	-	function unknown		
C1_12-18_bin19|C1_12-18_bin19-k141_2550623_11	C1_12-18_bin19-k141_2550623_11	C1_12-18_bin19	IdrA-associated clade	C1_12-18_bin19-k141_2550623_6	-5	-6717.5	-5350.5	+	function unknown		
C1_12-18_bin19|C1_12-18_bin19-k141_2550623_11	C1_12-18_bin19-k141_2550623_11	C1_12-18_bin19	IdrA-associated clade	C1_12-18_bin19-k141_2550623_7	-4	-5255.5	-4659.5	+	function unknown		
C1_12-18_bin19|C1_12-18_bin19-k141_2550623_11	C1_12-18_bin19-k141_2550623_11	C1_12-18_bin19	IdrA-associated clade	C1_12-18_bin19-k141_2550623_8	-3	-4300.5	-3194.5	+	P-like		
C1_12-18_bin19|C1_12-18_bin19-k141_2550623_11	C1_12-18_bin19-k141_2550623_11	C1_12-18_bin19	IdrA-associated clade	C1_12-18_bin19-k141_2550623_9	-2	-3179.5	-1935.5	+	P-like		
C1_12-18_bin19|C1_12-18_bin19-k141_2550623_11	C1_12-18_bin19-k141_2550623_11	C1_12-18_bin19	IdrA-associated clade	C1_12-18_bin19-k141_2550623_10	-1	-1935.5	-1360.5	+	B-related small subunit		
C1_12-18_bin19|C1_12-18_bin19-k141_2550623_11	C1_12-18_bin19-k141_2550623_11	C1_12-18_bin19	IdrA-associated clade	C1_12-18_bin19-k141_2550623_11	0	-1346.5	1346.5	+	AioA/IdrA-related A		
C1_12-18_bin19|C1_12-18_bin19-k141_2550623_11	C1_12-18_bin19-k141_2550623_11	C1_12-18_bin19	IdrA-associated clade	C1_12-18_bin19-k141_2550623_12	1	1552.5	2469.5	-	function unknown		
C1_12-18_bin19|C1_12-18_bin19-k141_2550623_11	C1_12-18_bin19-k141_2550623_11	C1_12-18_bin19	IdrA-associated clade	C1_12-18_bin19-k141_2550623_13	2	2518.5	2820.5	-	function unknown		
C1_12-18_bin19|C1_12-18_bin19-k141_2550623_11	C1_12-18_bin19-k141_2550623_11	C1_12-18_bin19	IdrA-associated clade	C1_12-18_bin19-k141_2550623_14	3	2821.5	3492.5	-	function unknown		
C1_12-18_bin19|C1_12-18_bin19-k141_2550623_11	C1_12-18_bin19-k141_2550623_11	C1_12-18_bin19	IdrA-associated clade	C1_12-18_bin19-k141_2550623_15	4	3527.5	4291.5	-	function unknown		
C1_12-18_bin19|C1_12-18_bin19-k141_2550623_11	C1_12-18_bin19-k141_2550623_11	C1_12-18_bin19	IdrA-associated clade	C1_12-18_bin19-k141_2550623_16	5	4417.5	5286.5	+	function unknown		
C1_12-18_bin19|C1_12-18_bin19-k141_2550623_11	C1_12-18_bin19-k141_2550623_11	C1_12-18_bin19	IdrA-associated clade	C1_12-18_bin19-k141_2550623_17	6	5295.5	5918.5	+	function unknown		
C1_12-18_bin19|C1_12-18_bin19-k141_2550623_11	C1_12-18_bin19-k141_2550623_11	C1_12-18_bin19	IdrA-associated clade	C1_12-18_bin19-k141_2550623_18	7	5937.5	6623.5	+	function unknown		
C1_12-18_bin19|C1_12-18_bin19-k141_2550623_11	C1_12-18_bin19-k141_2550623_11	C1_12-18_bin19	IdrA-associated clade	C1_12-18_bin19-k141_2550623_19	8	6626.5	7840.5	+	function unknown		
C1_12-18_bin19|C1_12-18_bin19-k141_2550623_11	C1_12-18_bin19-k141_2550623_11	C1_12-18_bin19	IdrA-associated clade	C1_12-18_bin19-k141_2550623_20	9	7926.5	8696.5	+	function unknown		
C1_12-18_bin19|C1_12-18_bin19-k141_2550623_11	C1_12-18_bin19-k141_2550623_11	C1_12-18_bin19	IdrA-associated clade	C1_12-18_bin19-k141_2550623_21	10	8698.5	9627.5	+	function unknown		
C1_12-18_bin24|C1_12-18_bin24-k141_2459344_2	C1_12-18_bin24-k141_2459344_2	C1_12-18_bin24	IdrA-associated clade	C1_12-18_bin24-k141_2459344_1	-1	-1487.0	-1071.0	+	B-related small subunit		
C1_12-18_bin24|C1_12-18_bin24-k141_2459344_2	C1_12-18_bin24-k141_2459344_2	C1_12-18_bin24	IdrA-associated clade	C1_12-18_bin24-k141_2459344_2	0	-1060.0	1060.0	+	AioA/IdrA-related A		
C2_12-18_bin11|C2_12-18_bin11-k141_1404867_2	C2_12-18_bin11-k141_1404867_2	C2_12-18_bin11	IdrA-associated clade	C2_12-18_bin11-k141_1404867_1	-1	-1698.5	-1369.5	+	B-related small subunit		
C2_12-18_bin11|C2_12-18_bin11-k141_1404867_2	C2_12-18_bin11-k141_1404867_2	C2_12-18_bin11	IdrA-associated clade	C2_12-18_bin11-k141_1404867_2	0	-1361.5	1361.5	+	AioA/IdrA-related A		
C2_12-18_bin11|C2_12-18_bin11-k141_1404867_2	C2_12-18_bin11-k141_1404867_2	C2_12-18_bin11	IdrA-associated clade	C2_12-18_bin11-k141_1404867_3	1	1494.5	3668.5	+	function unknown		
C2_12-18_bin11|C2_12-18_bin11-k141_1404867_2	C2_12-18_bin11-k141_1404867_2	C2_12-18_bin11	IdrA-associated clade	C2_12-18_bin11-k141_1404867_4	2	3713.5	4705.5	+	function unknown		
C2_12-18_bin17|C2_12-18_bin17-k141_1448372_1	C2_12-18_bin17-k141_1448372_1	C2_12-18_bin17	IdrA-associated clade	C2_12-18_bin17-k141_1448372_1	0	-1270.0	1270.0	-	AioA/IdrA-related A		
C2_12-18_bin17|C2_12-18_bin17-k141_1448372_1	C2_12-18_bin17-k141_1448372_1	C2_12-18_bin17	IdrA-associated clade	C2_12-18_bin17-k141_1448372_2	1	1355.0	1912.0	-	B-related small subunit		
C2_12-18_bin17|C2_12-18_bin17-k141_1448372_1	C2_12-18_bin17-k141_1448372_1	C2_12-18_bin17	IdrA-associated clade	C2_12-18_bin17-k141_1448372_3	2	1913.0	3145.0	-	P-like		
R2111_S300_0-10_bin19|R2111_S300_0-10_bin19-k141_825759_6	R2111_S300_0-10_bin19-k141_825759_6	R2111_S300_0-10_bin19	Canonical AioA clade	R2111_S300_0-10_bin19-k141_825759_1	-5	-4258.5	-3530.5	+	function unknown		
R2111_S300_0-10_bin19|R2111_S300_0-10_bin19-k141_825759_6	R2111_S300_0-10_bin19-k141_825759_6	R2111_S300_0-10_bin19	Canonical AioA clade	R2111_S300_0-10_bin19-k141_825759_2	-4	-3526.5	-3083.5	+	function unknown		
R2111_S300_0-10_bin19|R2111_S300_0-10_bin19-k141_825759_6	R2111_S300_0-10_bin19-k141_825759_6	R2111_S300_0-10_bin19	Canonical AioA clade	R2111_S300_0-10_bin19-k141_825759_3	-3	-3079.5	-1412.5	+	function unknown		
R2111_S300_0-10_bin19|R2111_S300_0-10_bin19-k141_825759_6	R2111_S300_0-10_bin19-k141_825759_6	R2111_S300_0-10_bin19	Canonical AioA clade	R2111_S300_0-10_bin19-k141_825759_4	-2	-1415.5	-573.5	-	function unknown		
R2111_S300_0-10_bin19|R2111_S300_0-10_bin19-k141_825759_6	R2111_S300_0-10_bin19-k141_825759_6	R2111_S300_0-10_bin19	Canonical AioA clade	R2111_S300_0-10_bin19-k141_825759_5	-1	-583.5	-485.5	-	function unknown		
R2111_S300_0-10_bin19|R2111_S300_0-10_bin19-k141_825759_6	R2111_S300_0-10_bin19-k141_825759_6	R2111_S300_0-10_bin19	Canonical AioA clade	R2111_S300_0-10_bin19-k141_825759_6	0	-455.5	455.5	-	AioA/IdrA-related A		
R2111_S300_0-10_bin19|R2111_S300_0-10_bin19-k141_825759_6	R2111_S300_0-10_bin19-k141_825759_6	R2111_S300_0-10_bin19	Canonical AioA clade	R2111_S300_0-10_bin19-k141_825759_7	1	452.5	1447.5	-	function unknown		
R2111_S300_0-10_bin19|R2111_S300_0-10_bin19-k141_825759_6	R2111_S300_0-10_bin19-k141_825759_6	R2111_S300_0-10_bin19	Canonical AioA clade	R2111_S300_0-10_bin19-k141_825759_8	2	1444.5	3933.5	-	function unknown		
R2111_S300_0-10_bin19|R2111_S300_0-10_bin19-k141_825759_6	R2111_S300_0-10_bin19-k141_825759_6	R2111_S300_0-10_bin19	Canonical AioA clade	R2111_S300_0-10_bin19-k141_825759_9	3	3937.5	4443.5	-	B-related small subunit		
R2111_S300_0-10_bin19|R2111_S300_0-10_bin19-k141_825759_6	R2111_S300_0-10_bin19-k141_825759_6	R2111_S300_0-10_bin19	Canonical AioA clade	R2111_S300_0-10_bin19-k141_825759_10	4	4560.5	4889.5	-	function unknown		
R2111_S300_0-10_bin19|R2111_S300_0-10_bin19-k141_825759_6	R2111_S300_0-10_bin19-k141_825759_6	R2111_S300_0-10_bin19	Canonical AioA clade	R2111_S300_0-10_bin19-k141_825759_11	5	5040.5	5360.5	-	function unknown		
R2111_S300_0-10_bin19|R2111_S300_0-10_bin19-k141_825759_6	R2111_S300_0-10_bin19-k141_825759_6	R2111_S300_0-10_bin19	Canonical AioA clade	R2111_S300_0-10_bin19-k141_825759_12	6	5363.5	6574.5	-	function unknown		
R2111_S300_0-10_bin19|R2111_S300_0-10_bin19-k141_825759_6	R2111_S300_0-10_bin19-k141_825759_6	R2111_S300_0-10_bin19	Canonical AioA clade	R2111_S300_0-10_bin19-k141_825759_13	7	7151.5	7723.5	-	function unknown		
R2111_S300_0-10_bin19|R2111_S300_0-10_bin19-k141_825759_6	R2111_S300_0-10_bin19-k141_825759_6	R2111_S300_0-10_bin19	Canonical AioA clade	R2111_S300_0-10_bin19-k141_825759_14	8	8336.5	9316.5	+	function unknown		
R2111_S300_0-10_bin19|R2111_S300_0-10_bin19-k141_825759_6	R2111_S300_0-10_bin19-k141_825759_6	R2111_S300_0-10_bin19	Canonical AioA clade	R2111_S300_0-10_bin19-k141_825759_15	9	9351.5	10343.5	+	function unknown		
R2111_S300_0-10_bin19|R2111_S300_0-10_bin19-k141_825759_6	R2111_S300_0-10_bin19-k141_825759_6	R2111_S300_0-10_bin19	Canonical AioA clade	R2111_S300_0-10_bin19-k141_825759_16	10	10534.5	10827.5	+	function unknown		
R2111_S300_0-10_bin6|R2111_S300_0-10_bin6-k141_8337747_2	R2111_S300_0-10_bin6-k141_8337747_2	R2111_S300_0-10_bin6	IdrA-associated clade	R2111_S300_0-10_bin6-k141_8337747_1	-1	-1385.5	-675.5	+	function unknown		
R2111_S300_0-10_bin6|R2111_S300_0-10_bin6-k141_8337747_2	R2111_S300_0-10_bin6-k141_8337747_2	R2111_S300_0-10_bin6	IdrA-associated clade	R2111_S300_0-10_bin6-k141_8337747_2	0	-626.5	626.5	+	AioA/IdrA-related A		
S13_0-2_bin3|S13_0-2_bin3-k141_1059512_3	S13_0-2_bin3-k141_1059512_3	S13_0-2_bin3	IdrA-associated clade	S13_0-2_bin3-k141_1059512_1	-2	-2362.5	-1619.5	+	P-like		
S13_0-2_bin3|S13_0-2_bin3-k141_1059512_3	S13_0-2_bin3-k141_1059512_3	S13_0-2_bin3	IdrA-associated clade	S13_0-2_bin3-k141_1059512_2	-1	-1622.5	-1077.5	+	B-related small subunit		
S13_0-2_bin3|S13_0-2_bin3-k141_1059512_3	S13_0-2_bin3-k141_1059512_3	S13_0-2_bin3	IdrA-associated clade	S13_0-2_bin3-k141_1059512_3	0	-1064.5	1064.5	+	AioA/IdrA-related A		
S15_8-10_bin20|S15_8-10_bin20-k141_2063280_11	S15_8-10_bin20-k141_2063280_11	S15_8-10_bin20	IdrA-associated clade	S15_8-10_bin20-k141_2063280_1	-10	-11155.5	-10739.5	-	function unknown		
S15_8-10_bin20|S15_8-10_bin20-k141_2063280_11	S15_8-10_bin20-k141_2063280_11	S15_8-10_bin20	IdrA-associated clade	S15_8-10_bin20-k141_2063280_2	-9	-10749.5	-9790.5	-	function unknown		
S15_8-10_bin20|S15_8-10_bin20-k141_2063280_11	S15_8-10_bin20-k141_2063280_11	S15_8-10_bin20	IdrA-associated clade	S15_8-10_bin20-k141_2063280_3	-8	-9526.5	-9056.5	-	function unknown		
S15_8-10_bin20|S15_8-10_bin20-k141_2063280_11	S15_8-10_bin20-k141_2063280_11	S15_8-10_bin20	IdrA-associated clade	S15_8-10_bin20-k141_2063280_4	-7	-8496.5	-7357.5	+	function unknown		
S15_8-10_bin20|S15_8-10_bin20-k141_2063280_11	S15_8-10_bin20-k141_2063280_11	S15_8-10_bin20	IdrA-associated clade	S15_8-10_bin20-k141_2063280_5	-6	-7357.5	-6668.5	+	function unknown		
S15_8-10_bin20|S15_8-10_bin20-k141_2063280_11	S15_8-10_bin20-k141_2063280_11	S15_8-10_bin20	IdrA-associated clade	S15_8-10_bin20-k141_2063280_6	-5	-6678.5	-5476.5	+	function unknown		
S15_8-10_bin20|S15_8-10_bin20-k141_2063280_11	S15_8-10_bin20-k141_2063280_11	S15_8-10_bin20	IdrA-associated clade	S15_8-10_bin20-k141_2063280_7	-4	-5012.5	-3813.5	+	function unknown		
S15_8-10_bin20|S15_8-10_bin20-k141_2063280_11	S15_8-10_bin20-k141_2063280_11	S15_8-10_bin20	IdrA-associated clade	S15_8-10_bin20-k141_2063280_8	-3	-3738.5	-3529.5	+	function unknown		
S15_8-10_bin20|S15_8-10_bin20-k141_2063280_11	S15_8-10_bin20-k141_2063280_11	S15_8-10_bin20	IdrA-associated clade	S15_8-10_bin20-k141_2063280_9	-2	-3447.5	-2650.5	+	function unknown		
S15_8-10_bin20|S15_8-10_bin20-k141_2063280_11	S15_8-10_bin20-k141_2063280_11	S15_8-10_bin20	IdrA-associated clade	S15_8-10_bin20-k141_2063280_10	-1	-2653.5	-1487.5	+	function unknown		
S15_8-10_bin20|S15_8-10_bin20-k141_2063280_11	S15_8-10_bin20-k141_2063280_11	S15_8-10_bin20	IdrA-associated clade	S15_8-10_bin20-k141_2063280_11	0	-1346.5	1346.5	-	AioA/IdrA-related A		
S1_6-9_bin10|S1_6-9_bin10-k141_481815_1	S1_6-9_bin10-k141_481815_1	S1_6-9_bin10	IdrA-associated clade	S1_6-9_bin10-k141_481815_1	0	-767.5	767.5	+	AioA/IdrA-related A		
S1_6-9_bin10|S1_6-9_bin10-k141_876983_1	S1_6-9_bin10-k141_876983_1	S1_6-9_bin10	IdrA-associated clade	S1_6-9_bin10-k141_876983_1	0	-916.0	916.0	+	AioA/IdrA-related A		
S1_6-9_bin10|S1_6-9_bin10-k141_876983_1	S1_6-9_bin10-k141_876983_1	S1_6-9_bin10	IdrA-associated clade	S1_6-9_bin10-k141_876983_2	1	1469.0	1918.0	-	function unknown		
S1_6-9_bin10|S1_6-9_bin10-k141_876983_1	S1_6-9_bin10-k141_876983_1	S1_6-9_bin10	IdrA-associated clade	S1_6-9_bin10-k141_876983_3	2	1915.0	2124.0	-	function unknown		
S1_6-9_bin9|S1_6-9_bin9-k141_583308_1	S1_6-9_bin9-k141_583308_1	S1_6-9_bin9	IdrA-associated clade	S1_6-9_bin9-k141_583308_1	0	-806.5	806.5	+	AioA/IdrA-related A		
S1_6-9_bin9|S1_6-9_bin9-k141_583308_1	S1_6-9_bin9-k141_583308_1	S1_6-9_bin9	IdrA-associated clade	S1_6-9_bin9-k141_583308_2	1	1214.5	2488.5	-	function unknown		
S1_6-9_bin9|S1_6-9_bin9-k141_583308_1	S1_6-9_bin9-k141_583308_1	S1_6-9_bin9	IdrA-associated clade	S1_6-9_bin9-k141_583308_3	2	2551.5	2901.5	-	function unknown		
S1_6-9_bin9|S1_6-9_bin9-k141_583308_1	S1_6-9_bin9-k141_583308_1	S1_6-9_bin9	IdrA-associated clade	S1_6-9_bin9-k141_583308_4	3	2933.5	7165.5	-	function unknown		
S1_6-9_bin9|S1_6-9_bin9-k141_583308_1	S1_6-9_bin9-k141_583308_1	S1_6-9_bin9	IdrA-associated clade	S1_6-9_bin9-k141_583308_5	4	7445.5	8827.5	+	function unknown		
S1_9-12_bin1|S1_9-12_bin1-k141_637215_2	S1_9-12_bin1-k141_637215_2	S1_9-12_bin1	Canonical AioA clade	S1_9-12_bin1-k141_637215_1	-1	-1328.0	-1230.0	+	function unknown		
S1_9-12_bin1|S1_9-12_bin1-k141_637215_2	S1_9-12_bin1-k141_637215_2	S1_9-12_bin1	Canonical AioA clade	S1_9-12_bin1-k141_637215_2	0	-259.0	259.0	+	AioA/IdrA-related A		
S1_9-12_bin1|S1_9-12_bin1-k141_637215_2	S1_9-12_bin1-k141_637215_2	S1_9-12_bin1	Canonical AioA clade	S1_9-12_bin1-k141_637215_3	1	284.0	2755.0	+	function unknown		
S1_9-12_bin1|S1_9-12_bin1-k141_637215_2	S1_9-12_bin1-k141_637215_2	S1_9-12_bin1	Canonical AioA clade	S1_9-12_bin1-k141_637215_4	2	2917.0	3852.0	+	function unknown		
S1_9-12_bin1|S1_9-12_bin1-k141_675749_2	S1_9-12_bin1-k141_675749_2	S1_9-12_bin1	IdrA-associated clade	S1_9-12_bin1-k141_675749_1	-1	-1718.5	-1116.5	+	B-related small subunit		
S1_9-12_bin1|S1_9-12_bin1-k141_675749_2	S1_9-12_bin1-k141_675749_2	S1_9-12_bin1	IdrA-associated clade	S1_9-12_bin1-k141_675749_2	0	-1106.5	1106.5	+	AioA/IdrA-related A		
SQ_58_0-4_bin4|SQ_58_0-4_bin4-k141_1629246_3	SQ_58_0-4_bin4-k141_1629246_3	SQ_58_0-4_bin4	Unknown DMSOR clade	SQ_58_0-4_bin4-k141_1629246_1	-2	-2367.0	-1885.0	-	function unknown		
SQ_58_0-4_bin4|SQ_58_0-4_bin4-k141_1629246_3	SQ_58_0-4_bin4-k141_1629246_3	SQ_58_0-4_bin4	Unknown DMSOR clade	SQ_58_0-4_bin4-k141_1629246_2	-1	-1827.0	-1246.0	+	B-related small subunit		
SQ_58_0-4_bin4|SQ_58_0-4_bin4-k141_1629246_3	SQ_58_0-4_bin4-k141_1629246_3	SQ_58_0-4_bin4	Unknown DMSOR clade	SQ_58_0-4_bin4-k141_1629246_3	0	-1249.0	1249.0	+	AioA/IdrA-related A		
SQ_81_0-4_bin5|SQ_81_0-4_bin5-k141_112333_1	SQ_81_0-4_bin5-k141_112333_1	SQ_81_0-4_bin5	IdrA-associated clade	SQ_81_0-4_bin5-k141_112333_1	0	-820.0	820.0	-	AioA/IdrA-related A		
SQ_81_0-4_bin5|SQ_81_0-4_bin5-k141_112333_1	SQ_81_0-4_bin5-k141_112333_1	SQ_81_0-4_bin5	IdrA-associated clade	SQ_81_0-4_bin5-k141_112333_2	1	835.0	1386.0	-	B-related small subunit		
SY365BB-0-4_bin24|SY365BB-0-4_bin24-k141_346659_3	SY365BB-0-4_bin24-k141_346659_3	SY365BB-0-4_bin24	IdrA-associated clade	SY365BB-0-4_bin24-k141_346659_1	-2	-2111.0	-1974.0	+	function unknown		
SY365BB-0-4_bin24|SY365BB-0-4_bin24-k141_346659_3	SY365BB-0-4_bin24-k141_346659_3	SY365BB-0-4_bin24	IdrA-associated clade	SY365BB-0-4_bin24-k141_346659_2	-1	-1977.0	-1357.0	+	B-related small subunit		
SY365BB-0-4_bin24|SY365BB-0-4_bin24-k141_346659_3	SY365BB-0-4_bin24-k141_346659_3	SY365BB-0-4_bin24	IdrA-associated clade	SY365BB-0-4_bin24-k141_346659_3	0	-1354.0	1354.0	+	AioA/IdrA-related A		
SY365BB-0-4_bin24|SY365BB-0-4_bin24-k141_346659_3	SY365BB-0-4_bin24-k141_346659_3	SY365BB-0-4_bin24	IdrA-associated clade	SY365BB-0-4_bin24-k141_346659_4	1	1522.0	1812.0	+	function unknown		
SY365BB-0-4_bin24|SY365BB-0-4_bin24-k141_346659_3	SY365BB-0-4_bin24-k141_346659_3	SY365BB-0-4_bin24	IdrA-associated clade	SY365BB-0-4_bin24-k141_346659_5	2	2024.0	2251.0	-	function unknown		
SY365BB-8-12_bin10|SY365BB-8-12_bin10-k141_688982_32	SY365BB-8-12_bin10-k141_688982_32	SY365BB-8-12_bin10	IdrA clade	SY365BB-8-12_bin10-k141_688982_22	-10	-11782.0	-11480.0	+	function unknown		
SY365BB-8-12_bin10|SY365BB-8-12_bin10-k141_688982_32	SY365BB-8-12_bin10-k141_688982_32	SY365BB-8-12_bin10	IdrA clade	SY365BB-8-12_bin10-k141_688982_23	-9	-11228.0	-11106.0	+	function unknown		
SY365BB-8-12_bin10|SY365BB-8-12_bin10-k141_688982_32	SY365BB-8-12_bin10-k141_688982_32	SY365BB-8-12_bin10	IdrA clade	SY365BB-8-12_bin10-k141_688982_24	-8	-11092.0	-9335.0	+	function unknown		
SY365BB-8-12_bin10|SY365BB-8-12_bin10-k141_688982_32	SY365BB-8-12_bin10-k141_688982_32	SY365BB-8-12_bin10	IdrA clade	SY365BB-8-12_bin10-k141_688982_25	-7	-9338.0	-8205.0	+	function unknown		
SY365BB-8-12_bin10|SY365BB-8-12_bin10-k141_688982_32	SY365BB-8-12_bin10-k141_688982_32	SY365BB-8-12_bin10	IdrA clade	SY365BB-8-12_bin10-k141_688982_26	-6	-8195.0	-5919.0	+	function unknown		
SY365BB-8-12_bin10|SY365BB-8-12_bin10-k141_688982_32	SY365BB-8-12_bin10-k141_688982_32	SY365BB-8-12_bin10	IdrA clade	SY365BB-8-12_bin10-k141_688982_27	-5	-5844.0	-5329.0	+	function unknown		
SY365BB-8-12_bin10|SY365BB-8-12_bin10-k141_688982_32	SY365BB-8-12_bin10-k141_688982_32	SY365BB-8-12_bin10	IdrA clade	SY365BB-8-12_bin10-k141_688982_28	-4	-5332.0	-4571.0	+	function unknown		
SY365BB-8-12_bin10|SY365BB-8-12_bin10-k141_688982_32	SY365BB-8-12_bin10-k141_688982_32	SY365BB-8-12_bin10	IdrA clade	SY365BB-8-12_bin10-k141_688982_29	-3	-4238.0	-3120.0	+	P-like		
SY365BB-8-12_bin10|SY365BB-8-12_bin10-k141_688982_32	SY365BB-8-12_bin10-k141_688982_32	SY365BB-8-12_bin10	IdrA clade	SY365BB-8-12_bin10-k141_688982_30	-2	-3105.0	-1954.0	+	P-like		
SY365BB-8-12_bin10|SY365BB-8-12_bin10-k141_688982_32	SY365BB-8-12_bin10-k141_688982_32	SY365BB-8-12_bin10	IdrA clade	SY365BB-8-12_bin10-k141_688982_31	-1	-1933.0	-1352.0	+	B-related small subunit		
SY365BB-8-12_bin10|SY365BB-8-12_bin10-k141_688982_32	SY365BB-8-12_bin10-k141_688982_32	SY365BB-8-12_bin10	IdrA clade	SY365BB-8-12_bin10-k141_688982_32	0	-1339.0	1339.0	+	AioA/IdrA-related A		
SY365BB-8-12_bin10|SY365BB-8-12_bin10-k141_688982_32	SY365BB-8-12_bin10-k141_688982_32	SY365BB-8-12_bin10	IdrA clade	SY365BB-8-12_bin10-k141_688982_33	1	1491.0	3680.0	+	function unknown		
SY365BB-8-12_bin10|SY365BB-8-12_bin10-k141_688982_32	SY365BB-8-12_bin10-k141_688982_32	SY365BB-8-12_bin10	IdrA clade	SY365BB-8-12_bin10-k141_688982_34	2	3706.0	4446.0	+	function unknown		
SY365BB-8-12_bin10|SY365BB-8-12_bin10-k141_688982_32	SY365BB-8-12_bin10-k141_688982_32	SY365BB-8-12_bin10	IdrA clade	SY365BB-8-12_bin10-k141_688982_35	3	4465.0	4572.0	+	function unknown		
SY365BB-8-12_bin10|SY365BB-8-12_bin10-k141_688982_32	SY365BB-8-12_bin10-k141_688982_32	SY365BB-8-12_bin10	IdrA clade	SY365BB-8-12_bin10-k141_688982_36	4	4602.0	5405.0	+	function unknown		
SY365BB-8-12_bin10|SY365BB-8-12_bin10-k141_688982_32	SY365BB-8-12_bin10-k141_688982_32	SY365BB-8-12_bin10	IdrA clade	SY365BB-8-12_bin10-k141_688982_37	5	5417.0	7069.0	+	function unknown		
SY365BB-8-12_bin10|SY365BB-8-12_bin10-k141_688982_32	SY365BB-8-12_bin10-k141_688982_32	SY365BB-8-12_bin10	IdrA clade	SY365BB-8-12_bin10-k141_688982_38	6	7062.0	8333.0	+	function unknown		
SY365BB-8-12_bin10|SY365BB-8-12_bin10-k141_688982_32	SY365BB-8-12_bin10-k141_688982_32	SY365BB-8-12_bin10	IdrA clade	SY365BB-8-12_bin10-k141_688982_39	7	8330.0	9703.0	+	function unknown		
SY365BB-8-12_bin10|SY365BB-8-12_bin10-k141_688982_32	SY365BB-8-12_bin10-k141_688982_32	SY365BB-8-12_bin10	IdrA clade	SY365BB-8-12_bin10-k141_688982_40	8	9690.0	10913.0	-	function unknown		
SY365BB-8-12_bin10|SY365BB-8-12_bin10-k141_688982_32	SY365BB-8-12_bin10-k141_688982_32	SY365BB-8-12_bin10	IdrA clade	SY365BB-8-12_bin10-k141_688982_41	9	10910.0	11551.0	-	function unknown		
SY365BB-8-12_bin10|SY365BB-8-12_bin10-k141_688982_32	SY365BB-8-12_bin10-k141_688982_32	SY365BB-8-12_bin10	IdrA clade	SY365BB-8-12_bin10-k141_688982_42	10	11704.0	13899.0	-	function unknown		
SY365BB-8-12_bin26|SY365BB-8-12_bin26-k141_1297159_20	SY365BB-8-12_bin26-k141_1297159_20	SY365BB-8-12_bin26	IdrA clade	SY365BB-8-12_bin26-k141_1297159_10	-10	-11233.0	-10466.0	-	function unknown		
SY365BB-8-12_bin26|SY365BB-8-12_bin26-k141_1297159_20	SY365BB-8-12_bin26-k141_1297159_20	SY365BB-8-12_bin26	IdrA clade	SY365BB-8-12_bin26-k141_1297159_11	-9	-10283.0	-9981.0	+	function unknown		
SY365BB-8-12_bin26|SY365BB-8-12_bin26-k141_1297159_20	SY365BB-8-12_bin26-k141_1297159_20	SY365BB-8-12_bin26	IdrA clade	SY365BB-8-12_bin26-k141_1297159_12	-8	-9825.0	-9703.0	+	function unknown		
SY365BB-8-12_bin26|SY365BB-8-12_bin26-k141_1297159_20	SY365BB-8-12_bin26-k141_1297159_20	SY365BB-8-12_bin26	IdrA clade	SY365BB-8-12_bin26-k141_1297159_13	-7	-9680.0	-9555.0	+	function unknown		
SY365BB-8-12_bin26|SY365BB-8-12_bin26-k141_1297159_20	SY365BB-8-12_bin26-k141_1297159_20	SY365BB-8-12_bin26	IdrA clade	SY365BB-8-12_bin26-k141_1297159_14	-6	-9543.0	-7786.0	+	function unknown		
SY365BB-8-12_bin26|SY365BB-8-12_bin26-k141_1297159_20	SY365BB-8-12_bin26-k141_1297159_20	SY365BB-8-12_bin26	IdrA clade	SY365BB-8-12_bin26-k141_1297159_15	-5	-7789.0	-6650.0	+	function unknown		
SY365BB-8-12_bin26|SY365BB-8-12_bin26-k141_1297159_20	SY365BB-8-12_bin26-k141_1297159_20	SY365BB-8-12_bin26	IdrA clade	SY365BB-8-12_bin26-k141_1297159_16	-4	-6640.0	-4376.0	+	function unknown		
SY365BB-8-12_bin26|SY365BB-8-12_bin26-k141_1297159_20	SY365BB-8-12_bin26-k141_1297159_20	SY365BB-8-12_bin26	IdrA clade	SY365BB-8-12_bin26-k141_1297159_17	-3	-4233.0	-3112.0	+	P-like		
SY365BB-8-12_bin26|SY365BB-8-12_bin26-k141_1297159_20	SY365BB-8-12_bin26-k141_1297159_20	SY365BB-8-12_bin26	IdrA clade	SY365BB-8-12_bin26-k141_1297159_18	-2	-3099.0	-1954.0	+	P-like		
SY365BB-8-12_bin26|SY365BB-8-12_bin26-k141_1297159_20	SY365BB-8-12_bin26-k141_1297159_20	SY365BB-8-12_bin26	IdrA clade	SY365BB-8-12_bin26-k141_1297159_19	-1	-1933.0	-1352.0	+	B-related small subunit		
SY365BB-8-12_bin26|SY365BB-8-12_bin26-k141_1297159_20	SY365BB-8-12_bin26-k141_1297159_20	SY365BB-8-12_bin26	IdrA clade	SY365BB-8-12_bin26-k141_1297159_20	0	-1339.0	1339.0	+	AioA/IdrA-related A		
SY365BB-8-12_bin26|SY365BB-8-12_bin26-k141_1297159_20	SY365BB-8-12_bin26-k141_1297159_20	SY365BB-8-12_bin26	IdrA clade	SY365BB-8-12_bin26-k141_1297159_21	1	1495.0	3687.0	+	function unknown		
SY365BB-8-12_bin26|SY365BB-8-12_bin26-k141_1297159_20	SY365BB-8-12_bin26-k141_1297159_20	SY365BB-8-12_bin26	IdrA clade	SY365BB-8-12_bin26-k141_1297159_22	2	3713.0	4453.0	+	function unknown		
SY365BB-8-12_bin26|SY365BB-8-12_bin26-k141_1297159_20	SY365BB-8-12_bin26-k141_1297159_20	SY365BB-8-12_bin26	IdrA clade	SY365BB-8-12_bin26-k141_1297159_23	3	4475.0	4582.0	+	function unknown		
SY365BB-8-12_bin26|SY365BB-8-12_bin26-k141_1297159_20	SY365BB-8-12_bin26-k141_1297159_20	SY365BB-8-12_bin26	IdrA clade	SY365BB-8-12_bin26-k141_1297159_24	4	4594.0	5424.0	+	function unknown		
SY365BB-8-12_bin26|SY365BB-8-12_bin26-k141_1297159_20	SY365BB-8-12_bin26-k141_1297159_20	SY365BB-8-12_bin26	IdrA clade	SY365BB-8-12_bin26-k141_1297159_25	5	5431.0	7077.0	+	function unknown		
SY365BB-8-12_bin26|SY365BB-8-12_bin26-k141_1297159_20	SY365BB-8-12_bin26-k141_1297159_20	SY365BB-8-12_bin26	IdrA clade	SY365BB-8-12_bin26-k141_1297159_26	6	7077.0	8360.0	+	function unknown		
SY365BB-8-12_bin26|SY365BB-8-12_bin26-k141_1297159_20	SY365BB-8-12_bin26-k141_1297159_20	SY365BB-8-12_bin26	IdrA clade	SY365BB-8-12_bin26-k141_1297159_27	7	8360.0	9730.0	+	function unknown		
SY365BB-8-12_bin26|SY365BB-8-12_bin26-k141_1297159_20	SY365BB-8-12_bin26-k141_1297159_20	SY365BB-8-12_bin26	IdrA clade	SY365BB-8-12_bin26-k141_1297159_28	8	9727.0	11973.0	-	function unknown		
SY365BB-8-12_bin26|SY365BB-8-12_bin26-k141_1297159_20	SY365BB-8-12_bin26-k141_1297159_20	SY365BB-8-12_bin26	IdrA clade	SY365BB-8-12_bin26-k141_1297159_29	9	12056.0	12841.0	+	function unknown		
SY365BB-8-12_bin26|SY365BB-8-12_bin26-k141_1297159_20	SY365BB-8-12_bin26-k141_1297159_20	SY365BB-8-12_bin26	IdrA clade	SY365BB-8-12_bin26-k141_1297159_30	10	12952.0	14217.0	+	function unknown		
SY365BB-8-12_bin7|SY365BB-8-12_bin7-k141_1337394_7	SY365BB-8-12_bin7-k141_1337394_7	SY365BB-8-12_bin7	IdrA-associated clade	SY365BB-8-12_bin7-k141_1337394_1	-6	-11047.0	-9701.0	-	function unknown		
SY365BB-8-12_bin7|SY365BB-8-12_bin7-k141_1337394_7	SY365BB-8-12_bin7-k141_1337394_7	SY365BB-8-12_bin7	IdrA-associated clade	SY365BB-8-12_bin7-k141_1337394_2	-5	-9708.0	-7186.0	-	function unknown		
SY365BB-8-12_bin7|SY365BB-8-12_bin7-k141_1337394_7	SY365BB-8-12_bin7-k141_1337394_7	SY365BB-8-12_bin7	IdrA-associated clade	SY365BB-8-12_bin7-k141_1337394_3	-4	-6989.0	-4665.0	-	function unknown		
SY365BB-8-12_bin7|SY365BB-8-12_bin7-k141_1337394_7	SY365BB-8-12_bin7-k141_1337394_7	SY365BB-8-12_bin7	IdrA-associated clade	SY365BB-8-12_bin7-k141_1337394_4	-3	-4323.0	-3229.0	+	P-like		
SY365BB-8-12_bin7|SY365BB-8-12_bin7-k141_1337394_7	SY365BB-8-12_bin7-k141_1337394_7	SY365BB-8-12_bin7	IdrA-associated clade	SY365BB-8-12_bin7-k141_1337394_5	-2	-3218.0	-1968.0	+	P-like		
SY365BB-8-12_bin7|SY365BB-8-12_bin7-k141_1337394_7	SY365BB-8-12_bin7-k141_1337394_7	SY365BB-8-12_bin7	IdrA-associated clade	SY365BB-8-12_bin7-k141_1337394_6	-1	-1971.0	-1351.0	+	B-related small subunit		
SY365BB-8-12_bin7|SY365BB-8-12_bin7-k141_1337394_7	SY365BB-8-12_bin7-k141_1337394_7	SY365BB-8-12_bin7	IdrA-associated clade	SY365BB-8-12_bin7-k141_1337394_7	0	-1348.0	1348.0	+	AioA/IdrA-related A		
SY365BB-8-12_bin7|SY365BB-8-12_bin7-k141_1337394_7	SY365BB-8-12_bin7-k141_1337394_7	SY365BB-8-12_bin7	IdrA-associated clade	SY365BB-8-12_bin7-k141_1337394_8	1	1600.0	2103.0	+	function unknown		
SY365BB-8-12_bin7|SY365BB-8-12_bin7-k141_1337394_7	SY365BB-8-12_bin7-k141_1337394_7	SY365BB-8-12_bin7	IdrA-associated clade	SY365BB-8-12_bin7-k141_1337394_9	2	2139.0	2801.0	+	function unknown		
SY365BB-8-12_bin7|SY365BB-8-12_bin7-k141_1337394_7	SY365BB-8-12_bin7-k141_1337394_7	SY365BB-8-12_bin7	IdrA-associated clade	SY365BB-8-12_bin7-k141_1337394_10	3	3033.0	3845.0	+	function unknown		
SY365BB-8-12_bin7|SY365BB-8-12_bin7-k141_1337394_7	SY365BB-8-12_bin7-k141_1337394_7	SY365BB-8-12_bin7	IdrA-associated clade	SY365BB-8-12_bin7-k141_1337394_11	4	3912.0	4076.0	-	function unknown		
SY365BB-8-12_bin7|SY365BB-8-12_bin7-k141_1337394_7	SY365BB-8-12_bin7-k141_1337394_7	SY365BB-8-12_bin7	IdrA-associated clade	SY365BB-8-12_bin7-k141_1337394_12	5	4155.0	4853.0	+	function unknown		
SY365BB-8-12_bin7|SY365BB-8-12_bin7-k141_1337394_7	SY365BB-8-12_bin7-k141_1337394_7	SY365BB-8-12_bin7	IdrA-associated clade	SY365BB-8-12_bin7-k141_1337394_13	6	4954.0	5313.0	-	function unknown		
SY365BB-8-12_bin7|SY365BB-8-12_bin7-k141_1337394_7	SY365BB-8-12_bin7-k141_1337394_7	SY365BB-8-12_bin7	IdrA-associated clade	SY365BB-8-12_bin7-k141_1337394_14	7	5753.0	6430.0	+	function unknown		
SY365BB-8-12_bin7|SY365BB-8-12_bin7-k141_1337394_7	SY365BB-8-12_bin7-k141_1337394_7	SY365BB-8-12_bin7	IdrA-associated clade	SY365BB-8-12_bin7-k141_1337394_15	8	6672.0	7511.0	+	function unknown		
SY365BB-8-12_bin8|SY365BB-8-12_bin8-k141_832694_5	SY365BB-8-12_bin8-k141_832694_5	SY365BB-8-12_bin8	IdrA clade	SY365BB-8-12_bin8-k141_832694_1	-4	-4555.0	-4415.0	+	function unknown		
SY365BB-8-12_bin8|SY365BB-8-12_bin8-k141_832694_5	SY365BB-8-12_bin8-k141_832694_5	SY365BB-8-12_bin8	IdrA clade	SY365BB-8-12_bin8-k141_832694_2	-3	-4229.0	-3111.0	+	P-like		
SY365BB-8-12_bin8|SY365BB-8-12_bin8-k141_832694_5	SY365BB-8-12_bin8-k141_832694_5	SY365BB-8-12_bin8	IdrA clade	SY365BB-8-12_bin8-k141_832694_3	-2	-3096.0	-1957.0	+	P-like		
SY365BB-8-12_bin8|SY365BB-8-12_bin8-k141_832694_5	SY365BB-8-12_bin8-k141_832694_5	SY365BB-8-12_bin8	IdrA clade	SY365BB-8-12_bin8-k141_832694_4	-1	-1934.0	-1353.0	+	B-related small subunit		
SY365BB-8-12_bin8|SY365BB-8-12_bin8-k141_832694_5	SY365BB-8-12_bin8-k141_832694_5	SY365BB-8-12_bin8	IdrA clade	SY365BB-8-12_bin8-k141_832694_5	0	-1339.0	1339.0	+	AioA/IdrA-related A		
SY365BB-8-12_bin8|SY365BB-8-12_bin8-k141_832694_5	SY365BB-8-12_bin8-k141_832694_5	SY365BB-8-12_bin8	IdrA clade	SY365BB-8-12_bin8-k141_832694_6	1	1481.0	3652.0	+	function unknown		
SY365BB-8-12_bin8|SY365BB-8-12_bin8-k141_832694_5	SY365BB-8-12_bin8-k141_832694_5	SY365BB-8-12_bin8	IdrA clade	SY365BB-8-12_bin8-k141_832694_7	2	3680.0	4417.0	+	function unknown		
SY365BB-8-12_bin8|SY365BB-8-12_bin8-k141_832694_5	SY365BB-8-12_bin8-k141_832694_5	SY365BB-8-12_bin8	IdrA clade	SY365BB-8-12_bin8-k141_832694_8	3	4435.0	4542.0	+	function unknown		
SY365BB-8-12_bin8|SY365BB-8-12_bin8-k141_832694_5	SY365BB-8-12_bin8-k141_832694_5	SY365BB-8-12_bin8	IdrA clade	SY365BB-8-12_bin8-k141_832694_9	4	4539.0	5381.0	+	function unknown		
SY365BB-8-12_bin8|SY365BB-8-12_bin8-k141_832694_5	SY365BB-8-12_bin8-k141_832694_5	SY365BB-8-12_bin8	IdrA clade	SY365BB-8-12_bin8-k141_832694_10	5	5412.0	7070.0	+	function unknown		
SY365BB-8-12_bin8|SY365BB-8-12_bin8-k141_832694_5	SY365BB-8-12_bin8-k141_832694_5	SY365BB-8-12_bin8	IdrA clade	SY365BB-8-12_bin8-k141_832694_11	6	7067.0	7267.0	+	function unknown		
SY366YB-0-4_bin3|SY366YB-0-4_bin3-k141_281514_2	SY366YB-0-4_bin3-k141_281514_2	SY366YB-0-4_bin3	IdrA-associated clade	SY366YB-0-4_bin3-k141_281514_1	-1	-1963.5	-1211.5	-	function unknown		
SY366YB-0-4_bin3|SY366YB-0-4_bin3-k141_281514_2	SY366YB-0-4_bin3-k141_281514_2	SY366YB-0-4_bin3	IdrA-associated clade	SY366YB-0-4_bin3-k141_281514_2	0	-1214.5	1214.5	-	AioA/IdrA-related A		
SY366YB-0-4_bin5|SY366YB-0-4_bin5-k141_98994_2	SY366YB-0-4_bin5-k141_98994_2	SY366YB-0-4_bin5	IdrA-associated clade	SY366YB-0-4_bin5-k141_98994_1	-1	-2087.0	-1479.0	-	function unknown		
SY366YB-0-4_bin5|SY366YB-0-4_bin5-k141_98994_2	SY366YB-0-4_bin5-k141_98994_2	SY366YB-0-4_bin5	IdrA-associated clade	SY366YB-0-4_bin5-k141_98994_2	0	-1339.0	1339.0	-	AioA/IdrA-related A		
SY366YB-0-4_bin5|SY366YB-0-4_bin5-k141_98994_2	SY366YB-0-4_bin5-k141_98994_2	SY366YB-0-4_bin5	IdrA-associated clade	SY366YB-0-4_bin5-k141_98994_3	1	1353.0	1934.0	-	B-related small subunit		
SY366YB-4-8_bin5|SY366YB-4-8_bin5-k141_186748_2	SY366YB-4-8_bin5-k141_186748_2	SY366YB-4-8_bin5	Unknown DMSOR clade	SY366YB-4-8_bin5-k141_186748_1	-1	-1465.5	-908.5	+	B-related small subunit		
SY366YB-4-8_bin5|SY366YB-4-8_bin5-k141_186748_2	SY366YB-4-8_bin5-k141_186748_2	SY366YB-4-8_bin5	Unknown DMSOR clade	SY366YB-4-8_bin5-k141_186748_2	0	-911.5	911.5	+	AioA/IdrA-related A		
SY366YW-0-4_bin2|SY366YW-0-4_bin2-k141_1353278_2	SY366YW-0-4_bin2-k141_1353278_2	SY366YW-0-4_bin2	Unknown DMSOR clade	SY366YW-0-4_bin2-k141_1353278_1	-1	-1719.0	-1246.0	+	B-related small subunit		
SY366YW-0-4_bin2|SY366YW-0-4_bin2-k141_1353278_2	SY366YW-0-4_bin2-k141_1353278_2	SY366YW-0-4_bin2	Unknown DMSOR clade	SY366YW-0-4_bin2-k141_1353278_2	0	-1249.0	1249.0	+	AioA/IdrA-related A		
SY366YW-0-4_bin34|SY366YW-0-4_bin34-k141_1276861_15	SY366YW-0-4_bin34-k141_1276861_15	SY366YW-0-4_bin34	IdrA clade	SY366YW-0-4_bin34-k141_1276861_5	-10	-15312.5	-14788.5	-	function unknown		
SY366YW-0-4_bin34|SY366YW-0-4_bin34-k141_1276861_15	SY366YW-0-4_bin34-k141_1276861_15	SY366YW-0-4_bin34	IdrA clade	SY366YW-0-4_bin34-k141_1276861_6	-9	-14451.5	-13084.5	-	function unknown		
SY366YW-0-4_bin34|SY366YW-0-4_bin34-k141_1276861_15	SY366YW-0-4_bin34-k141_1276861_15	SY366YW-0-4_bin34	IdrA clade	SY366YW-0-4_bin34-k141_1276861_7	-8	-13045.5	-11876.5	-	function unknown		
SY366YW-0-4_bin34|SY366YW-0-4_bin34-k141_1276861_15	SY366YW-0-4_bin34-k141_1276861_15	SY366YW-0-4_bin34	IdrA clade	SY366YW-0-4_bin34-k141_1276861_8	-7	-11855.5	-10467.5	-	function unknown		
SY366YW-0-4_bin34|SY366YW-0-4_bin34-k141_1276861_15	SY366YW-0-4_bin34-k141_1276861_15	SY366YW-0-4_bin34	IdrA clade	SY366YW-0-4_bin34-k141_1276861_9	-6	-10203.5	-9604.5	-	function unknown		
SY366YW-0-4_bin34|SY366YW-0-4_bin34-k141_1276861_15	SY366YW-0-4_bin34-k141_1276861_15	SY366YW-0-4_bin34	IdrA clade	SY366YW-0-4_bin34-k141_1276861_10	-5	-9572.5	-8175.5	-	function unknown		
SY366YW-0-4_bin34|SY366YW-0-4_bin34-k141_1276861_15	SY366YW-0-4_bin34-k141_1276861_15	SY366YW-0-4_bin34	IdrA clade	SY366YW-0-4_bin34-k141_1276861_11	-4	-8178.5	-6898.5	-	function unknown		
SY366YW-0-4_bin34|SY366YW-0-4_bin34-k141_1276861_15	SY366YW-0-4_bin34-k141_1276861_15	SY366YW-0-4_bin34	IdrA clade	SY366YW-0-4_bin34-k141_1276861_12	-3	-6888.5	-5134.5	-	function unknown		
SY366YW-0-4_bin34|SY366YW-0-4_bin34-k141_1276861_15	SY366YW-0-4_bin34-k141_1276861_15	SY366YW-0-4_bin34	IdrA clade	SY366YW-0-4_bin34-k141_1276861_13	-2	-4862.5	-4128.5	-	function unknown		
SY366YW-0-4_bin34|SY366YW-0-4_bin34-k141_1276861_15	SY366YW-0-4_bin34-k141_1276861_15	SY366YW-0-4_bin34	IdrA clade	SY366YW-0-4_bin34-k141_1276861_14	-1	-3925.5	-1493.5	-	function unknown		
SY366YW-0-4_bin34|SY366YW-0-4_bin34-k141_1276861_15	SY366YW-0-4_bin34-k141_1276861_15	SY366YW-0-4_bin34	IdrA clade	SY366YW-0-4_bin34-k141_1276861_15	0	-1337.5	1337.5	-	AioA/IdrA-related A		
SY366YW-0-4_bin34|SY366YW-0-4_bin34-k141_1276861_15	SY366YW-0-4_bin34-k141_1276861_15	SY366YW-0-4_bin34	IdrA clade	SY366YW-0-4_bin34-k141_1276861_16	1	1350.5	1928.5	-	B-related small subunit		
SY366YW-0-4_bin34|SY366YW-0-4_bin34-k141_1276861_15	SY366YW-0-4_bin34-k141_1276861_15	SY366YW-0-4_bin34	IdrA clade	SY366YW-0-4_bin34-k141_1276861_17	2	1942.5	3078.5	-	P-like		
SY366YW-0-4_bin34|SY366YW-0-4_bin34-k141_1276861_15	SY366YW-0-4_bin34-k141_1276861_15	SY366YW-0-4_bin34	IdrA clade	SY366YW-0-4_bin34-k141_1276861_18	3	3090.5	4220.5	-	P-like		
SY366YW-0-4_bin34|SY366YW-0-4_bin34-k141_1276861_15	SY366YW-0-4_bin34-k141_1276861_15	SY366YW-0-4_bin34	IdrA clade	SY366YW-0-4_bin34-k141_1276861_19	4	4514.5	5443.5	-	function unknown		
SY366YW-0-4_bin34|SY366YW-0-4_bin34-k141_1276861_15	SY366YW-0-4_bin34-k141_1276861_15	SY366YW-0-4_bin34	IdrA clade	SY366YW-0-4_bin34-k141_1276861_20	5	5462.5	6796.5	-	function unknown		
SY366YW-0-4_bin34|SY366YW-0-4_bin34-k141_1276861_15	SY366YW-0-4_bin34-k141_1276861_15	SY366YW-0-4_bin34	IdrA clade	SY366YW-0-4_bin34-k141_1276861_21	6	6808.5	7620.5	-	function unknown		
SY366YW-0-4_bin34|SY366YW-0-4_bin34-k141_1276861_15	SY366YW-0-4_bin34-k141_1276861_15	SY366YW-0-4_bin34	IdrA clade	SY366YW-0-4_bin34-k141_1276861_22	7	7617.5	9383.5	-	function unknown		
SY366YW-0-4_bin34|SY366YW-0-4_bin34-k141_1276861_15	SY366YW-0-4_bin34-k141_1276861_15	SY366YW-0-4_bin34	IdrA clade	SY366YW-0-4_bin34-k141_1276861_23	8	9391.5	9522.5	-	function unknown		
SY366YW-0-4_bin34|SY366YW-0-4_bin34-k141_1276861_15	SY366YW-0-4_bin34-k141_1276861_15	SY366YW-0-4_bin34	IdrA clade	SY366YW-0-4_bin34-k141_1276861_24	9	9530.5	9727.5	-	function unknown		
SY366YW-0-4_bin34|SY366YW-0-4_bin34-k141_1276861_15	SY366YW-0-4_bin34-k141_1276861_15	SY366YW-0-4_bin34	IdrA clade	SY366YW-0-4_bin34-k141_1276861_25	10	9863.5	11233.5	-	function unknown		
SY366YW-0-4_bin9|SY366YW-0-4_bin9-k141_1360848_3	SY366YW-0-4_bin9-k141_1360848_3	SY366YW-0-4_bin9	IdrA clade	SY366YW-0-4_bin9-k141_1360848_1	-2	-4171.5	-3509.5	-	function unknown		
SY366YW-0-4_bin9|SY366YW-0-4_bin9-k141_1360848_3	SY366YW-0-4_bin9-k141_1360848_3	SY366YW-0-4_bin9	IdrA clade	SY366YW-0-4_bin9-k141_1360848_2	-1	-3512.5	-1341.5	-	function unknown		
SY366YW-0-4_bin9|SY366YW-0-4_bin9-k141_1360848_3	SY366YW-0-4_bin9-k141_1360848_3	SY366YW-0-4_bin9	IdrA clade	SY366YW-0-4_bin9-k141_1360848_3	0	-1337.5	1337.5	-	AioA/IdrA-related A		
SY366YW-0-4_bin9|SY366YW-0-4_bin9-k141_1360848_3	SY366YW-0-4_bin9-k141_1360848_3	SY366YW-0-4_bin9	IdrA clade	SY366YW-0-4_bin9-k141_1360848_4	1	1350.5	1904.5	-	B-related small subunit		
SY366YW-0-4_bin9|SY366YW-0-4_bin9-k141_1360848_3	SY366YW-0-4_bin9-k141_1360848_3	SY366YW-0-4_bin9	IdrA clade	SY366YW-0-4_bin9-k141_1360848_5	2	1916.5	3076.5	-	P-like		
SY366YW-0-4_bin9|SY366YW-0-4_bin9-k141_1360848_3	SY366YW-0-4_bin9-k141_1360848_3	SY366YW-0-4_bin9	IdrA clade	SY366YW-0-4_bin9-k141_1360848_6	3	3094.5	4215.5	-	P-like		
SY366YW-0-4_bin9|SY366YW-0-4_bin9-k141_1360848_3	SY366YW-0-4_bin9-k141_1360848_3	SY366YW-0-4_bin9	IdrA clade	SY366YW-0-4_bin9-k141_1360848_7	4	4428.5	5456.5	-	function unknown		
SY366YW-0-4_bin9|SY366YW-0-4_bin9-k141_1360848_3	SY366YW-0-4_bin9-k141_1360848_3	SY366YW-0-4_bin9	IdrA clade	SY366YW-0-4_bin9-k141_1360848_8	5	5458.5	6573.5	-	function unknown		
SY366YW-0-4_bin9|SY366YW-0-4_bin9-k141_1360848_3	SY366YW-0-4_bin9-k141_1360848_3	SY366YW-0-4_bin9	IdrA clade	SY366YW-0-4_bin9-k141_1360848_9	6	6570.5	6800.5	-	function unknown		
SY366YW-0-4_bin9|SY366YW-0-4_bin9-k141_1360848_3	SY366YW-0-4_bin9-k141_1360848_3	SY366YW-0-4_bin9	IdrA clade	SY366YW-0-4_bin9-k141_1360848_10	7	6804.5	7652.5	-	function unknown		
SY366YW-0-4_bin9|SY366YW-0-4_bin9-k141_1360848_3	SY366YW-0-4_bin9-k141_1360848_3	SY366YW-0-4_bin9	IdrA clade	SY366YW-0-4_bin9-k141_1360848_11	8	7652.5	7993.5	-	function unknown		
SY366YW-0-4_bin9|SY366YW-0-4_bin9-k141_1360848_3	SY366YW-0-4_bin9-k141_1360848_3	SY366YW-0-4_bin9	IdrA clade	SY366YW-0-4_bin9-k141_1360848_12	9	8091.5	9065.5	-	function unknown		
SY366YW-0-4_bin9|SY366YW-0-4_bin9-k141_1360848_3	SY366YW-0-4_bin9-k141_1360848_3	SY366YW-0-4_bin9	IdrA clade	SY366YW-0-4_bin9-k141_1360848_13	10	9140.5	10156.5	-	function unknown		
SY366YW-4-8_bin7|SY366YW-4-8_bin7-k141_14765_13	SY366YW-4-8_bin7-k141_14765_13	SY366YW-4-8_bin7	Canonical AioA clade	SY366YW-4-8_bin7-k141_14765_3	-10	-11331.0	-10564.0	-	function unknown		
SY366YW-4-8_bin7|SY366YW-4-8_bin7-k141_14765_13	SY366YW-4-8_bin7-k141_14765_13	SY366YW-4-8_bin7	Canonical AioA clade	SY366YW-4-8_bin7-k141_14765_4	-9	-10537.0	-8867.0	-	function unknown		
SY366YW-4-8_bin7|SY366YW-4-8_bin7-k141_14765_13	SY366YW-4-8_bin7-k141_14765_13	SY366YW-4-8_bin7	Canonical AioA clade	SY366YW-4-8_bin7-k141_14765_5	-8	-8658.0	-8005.0	-	function unknown		
SY366YW-4-8_bin7|SY366YW-4-8_bin7-k141_14765_13	SY366YW-4-8_bin7-k141_14765_13	SY366YW-4-8_bin7	Canonical AioA clade	SY366YW-4-8_bin7-k141_14765_6	-7	-7962.0	-6775.0	+	function unknown		
SY366YW-4-8_bin7|SY366YW-4-8_bin7-k141_14765_13	SY366YW-4-8_bin7-k141_14765_13	SY366YW-4-8_bin7	Canonical AioA clade	SY366YW-4-8_bin7-k141_14765_7	-6	-6729.0	-5590.0	-	function unknown		
SY366YW-4-8_bin7|SY366YW-4-8_bin7-k141_14765_13	SY366YW-4-8_bin7-k141_14765_13	SY366YW-4-8_bin7	Canonical AioA clade	SY366YW-4-8_bin7-k141_14765_8	-5	-5512.0	-3812.0	-	function unknown		
SY366YW-4-8_bin7|SY366YW-4-8_bin7-k141_14765_13	SY366YW-4-8_bin7-k141_14765_13	SY366YW-4-8_bin7	Canonical AioA clade	SY366YW-4-8_bin7-k141_14765_9	-4	-3787.0	-3374.0	-	function unknown		
SY366YW-4-8_bin7|SY366YW-4-8_bin7-k141_14765_13	SY366YW-4-8_bin7-k141_14765_13	SY366YW-4-8_bin7	Canonical AioA clade	SY366YW-4-8_bin7-k141_14765_10	-3	-3295.0	-2486.0	+	function unknown		
SY366YW-4-8_bin7|SY366YW-4-8_bin7-k141_14765_13	SY366YW-4-8_bin7-k141_14765_13	SY366YW-4-8_bin7	Canonical AioA clade	SY366YW-4-8_bin7-k141_14765_11	-2	-2472.0	-1393.0	+	function unknown		
SY366YW-4-8_bin7|SY366YW-4-8_bin7-k141_14765_13	SY366YW-4-8_bin7-k141_14765_13	SY366YW-4-8_bin7	Canonical AioA clade	SY366YW-4-8_bin7-k141_14765_12	-1	-1380.0	-715.0	+	function unknown		
SY366YW-4-8_bin7|SY366YW-4-8_bin7-k141_14765_13	SY366YW-4-8_bin7-k141_14765_13	SY366YW-4-8_bin7	Canonical AioA clade	SY366YW-4-8_bin7-k141_14765_13	0	-259.0	259.0	+	AioA/IdrA-related A		
SY366YW-4-8_bin7|SY366YW-4-8_bin7-k141_14765_13	SY366YW-4-8_bin7-k141_14765_13	SY366YW-4-8_bin7	Canonical AioA clade	SY366YW-4-8_bin7-k141_14765_14	1	276.0	2756.0	+	function unknown		
SY366YW-4-8_bin7|SY366YW-4-8_bin7-k141_14765_13	SY366YW-4-8_bin7-k141_14765_13	SY366YW-4-8_bin7	Canonical AioA clade	SY366YW-4-8_bin7-k141_14765_15	2	2833.0	3984.0	-	function unknown		
SY366YW-4-8_bin7|SY366YW-4-8_bin7-k141_14765_13	SY366YW-4-8_bin7-k141_14765_13	SY366YW-4-8_bin7	Canonical AioA clade	SY366YW-4-8_bin7-k141_14765_16	3	3981.0	5147.0	-	function unknown		
SY366YW-4-8_bin7|SY366YW-4-8_bin7-k141_14765_13	SY366YW-4-8_bin7-k141_14765_13	SY366YW-4-8_bin7	Canonical AioA clade	SY366YW-4-8_bin7-k141_14765_17	4	5197.0	6228.0	-	function unknown		
SY366YW-4-8_bin7|SY366YW-4-8_bin7-k141_14765_13	SY366YW-4-8_bin7-k141_14765_13	SY366YW-4-8_bin7	Canonical AioA clade	SY366YW-4-8_bin7-k141_14765_18	5	6405.0	7244.0	-	function unknown		
SY366YW-4-8_bin7|SY366YW-4-8_bin7-k141_14765_13	SY366YW-4-8_bin7-k141_14765_13	SY366YW-4-8_bin7	Canonical AioA clade	SY366YW-4-8_bin7-k141_14765_19	6	7271.0	8437.0	-	function unknown		
SY366YW-4-8_bin7|SY366YW-4-8_bin7-k141_14765_13	SY366YW-4-8_bin7-k141_14765_13	SY366YW-4-8_bin7	Canonical AioA clade	SY366YW-4-8_bin7-k141_14765_20	7	8456.0	9706.0	-	function unknown		
SY366YW-4-8_bin7|SY366YW-4-8_bin7-k141_14765_13	SY366YW-4-8_bin7-k141_14765_13	SY366YW-4-8_bin7	Canonical AioA clade	SY366YW-4-8_bin7-k141_14765_21	8	9860.0	10870.0	-	function unknown		
SY366YW-4-8_bin7|SY366YW-4-8_bin7-k141_14765_13	SY366YW-4-8_bin7-k141_14765_13	SY366YW-4-8_bin7	Canonical AioA clade	SY366YW-4-8_bin7-k141_14765_22	9	10999.0	11730.0	-	function unknown		
SY366YW-4-8_bin7|SY366YW-4-8_bin7-k141_14765_13	SY366YW-4-8_bin7-k141_14765_13	SY366YW-4-8_bin7	Canonical AioA clade	SY366YW-4-8_bin7-k141_14765_23	10	11772.0	12962.0	-	function unknown		
SY366YW-8-12_bin2|SY366YW-8-12_bin2-k141_497241_22	SY366YW-8-12_bin2-k141_497241_22	SY366YW-8-12_bin2	IdrA clade	SY366YW-8-12_bin2-k141_497241_12	-10	-13442.0	-13065.0	-	function unknown		
SY366YW-8-12_bin2|SY366YW-8-12_bin2-k141_497241_22	SY366YW-8-12_bin2-k141_497241_22	SY366YW-8-12_bin2	IdrA clade	SY366YW-8-12_bin2-k141_497241_13	-9	-12877.0	-12149.0	-	function unknown		
SY366YW-8-12_bin2|SY366YW-8-12_bin2-k141_497241_22	SY366YW-8-12_bin2-k141_497241_22	SY366YW-8-12_bin2	IdrA clade	SY366YW-8-12_bin2-k141_497241_14	-8	-12024.0	-9757.0	+	function unknown		
SY366YW-8-12_bin2|SY366YW-8-12_bin2-k141_497241_22	SY366YW-8-12_bin2-k141_497241_22	SY366YW-8-12_bin2	IdrA clade	SY366YW-8-12_bin2-k141_497241_15	-7	-9730.0	-8318.0	-	function unknown		
SY366YW-8-12_bin2|SY366YW-8-12_bin2-k141_497241_22	SY366YW-8-12_bin2-k141_497241_22	SY366YW-8-12_bin2	IdrA clade	SY366YW-8-12_bin2-k141_497241_16	-6	-8367.0	-7090.0	-	function unknown		
SY366YW-8-12_bin2|SY366YW-8-12_bin2-k141_497241_22	SY366YW-8-12_bin2-k141_497241_22	SY366YW-8-12_bin2	IdrA clade	SY366YW-8-12_bin2-k141_497241_17	-5	-7086.0	-5446.0	-	function unknown		
SY366YW-8-12_bin2|SY366YW-8-12_bin2-k141_497241_22	SY366YW-8-12_bin2-k141_497241_22	SY366YW-8-12_bin2	IdrA clade	SY366YW-8-12_bin2-k141_497241_18	-4	-5436.0	-4585.0	-	function unknown		
SY366YW-8-12_bin2|SY366YW-8-12_bin2-k141_497241_22	SY366YW-8-12_bin2-k141_497241_22	SY366YW-8-12_bin2	IdrA clade	SY366YW-8-12_bin2-k141_497241_19	-3	-4588.0	-4481.0	-	function unknown		
SY366YW-8-12_bin2|SY366YW-8-12_bin2-k141_497241_22	SY366YW-8-12_bin2-k141_497241_22	SY366YW-8-12_bin2	IdrA clade	SY366YW-8-12_bin2-k141_497241_20	-2	-4457.0	-3717.0	-	function unknown		
SY366YW-8-12_bin2|SY366YW-8-12_bin2-k141_497241_22	SY366YW-8-12_bin2-k141_497241_22	SY366YW-8-12_bin2	IdrA clade	SY366YW-8-12_bin2-k141_497241_21	-1	-3691.0	-1493.0	-	function unknown		
SY366YW-8-12_bin2|SY366YW-8-12_bin2-k141_497241_22	SY366YW-8-12_bin2-k141_497241_22	SY366YW-8-12_bin2	IdrA clade	SY366YW-8-12_bin2-k141_497241_22	0	-1339.0	1339.0	-	AioA/IdrA-related A		
SY366YW-8-12_bin2|SY366YW-8-12_bin2-k141_497241_22	SY366YW-8-12_bin2-k141_497241_22	SY366YW-8-12_bin2	IdrA clade	SY366YW-8-12_bin2-k141_497241_23	1	1351.0	1932.0	-	B-related small subunit		
SY366YW-8-12_bin2|SY366YW-8-12_bin2-k141_497241_22	SY366YW-8-12_bin2-k141_497241_22	SY366YW-8-12_bin2	IdrA clade	SY366YW-8-12_bin2-k141_497241_24	2	1953.0	3104.0	-	P-like		
SY366YW-8-12_bin2|SY366YW-8-12_bin2-k141_497241_22	SY366YW-8-12_bin2-k141_497241_22	SY366YW-8-12_bin2	IdrA clade	SY366YW-8-12_bin2-k141_497241_25	3	3125.0	4243.0	-	P-like		
SY366YW-8-12_bin2|SY366YW-8-12_bin2-k141_497241_22	SY366YW-8-12_bin2-k141_497241_22	SY366YW-8-12_bin2	IdrA clade	SY366YW-8-12_bin2-k141_497241_26	4	4387.0	6651.0	-	function unknown		
SY366YW-8-12_bin2|SY366YW-8-12_bin2-k141_497241_22	SY366YW-8-12_bin2-k141_497241_22	SY366YW-8-12_bin2	IdrA clade	SY366YW-8-12_bin2-k141_497241_27	5	6662.0	7804.0	-	function unknown		
SY366YW-8-12_bin2|SY366YW-8-12_bin2-k141_497241_22	SY366YW-8-12_bin2-k141_497241_22	SY366YW-8-12_bin2	IdrA clade	SY366YW-8-12_bin2-k141_497241_28	6	7801.0	9558.0	-	function unknown		
SY366YW-8-12_bin2|SY366YW-8-12_bin2-k141_497241_22	SY366YW-8-12_bin2-k141_497241_22	SY366YW-8-12_bin2	IdrA clade	SY366YW-8-12_bin2-k141_497241_29	7	9570.0	9698.0	-	function unknown		
SY366YW-8-12_bin2|SY366YW-8-12_bin2-k141_497241_22	SY366YW-8-12_bin2-k141_497241_22	SY366YW-8-12_bin2	IdrA clade	SY366YW-8-12_bin2-k141_497241_30	8	9952.0	10254.0	-	function unknown		
SY366YW-8-12_bin2|SY366YW-8-12_bin2-k141_497241_22	SY366YW-8-12_bin2-k141_497241_22	SY366YW-8-12_bin2	IdrA clade	SY366YW-8-12_bin2-k141_497241_31	9	10447.0	11214.0	+	function unknown		
SY366YW-8-12_bin2|SY366YW-8-12_bin2-k141_497241_22	SY366YW-8-12_bin2-k141_497241_22	SY366YW-8-12_bin2	IdrA clade	SY366YW-8-12_bin2-k141_497241_32	10	11207.0	12184.0	+	function unknown		
SY368YW-4-8_bin24|SY368YW-4-8_bin24-k141_617455_9	SY368YW-4-8_bin24-k141_617455_9	SY368YW-4-8_bin24	IdrA-associated clade	SY368YW-4-8_bin24-k141_617455_1	-8	-9169.5	-8822.5	+	function unknown		
SY368YW-4-8_bin24|SY368YW-4-8_bin24-k141_617455_9	SY368YW-4-8_bin24-k141_617455_9	SY368YW-4-8_bin24	IdrA-associated clade	SY368YW-4-8_bin24-k141_617455_2	-7	-8834.5	-8184.5	+	function unknown		
SY368YW-4-8_bin24|SY368YW-4-8_bin24-k141_617455_9	SY368YW-4-8_bin24-k141_617455_9	SY368YW-4-8_bin24	IdrA-associated clade	SY368YW-4-8_bin24-k141_617455_3	-6	-7798.5	-7553.5	+	function unknown		
SY368YW-4-8_bin24|SY368YW-4-8_bin24-k141_617455_9	SY368YW-4-8_bin24-k141_617455_9	SY368YW-4-8_bin24	IdrA-associated clade	SY368YW-4-8_bin24-k141_617455_4	-5	-7272.5	-6556.5	-	function unknown		
SY368YW-4-8_bin24|SY368YW-4-8_bin24-k141_617455_9	SY368YW-4-8_bin24-k141_617455_9	SY368YW-4-8_bin24	IdrA-associated clade	SY368YW-4-8_bin24-k141_617455_5	-4	-6455.5	-4251.5	+	function unknown		
SY368YW-4-8_bin24|SY368YW-4-8_bin24-k141_617455_9	SY368YW-4-8_bin24-k141_617455_9	SY368YW-4-8_bin24	IdrA-associated clade	SY368YW-4-8_bin24-k141_617455_6	-3	-4118.5	-3027.5	+	P-like		
SY368YW-4-8_bin24|SY368YW-4-8_bin24-k141_617455_9	SY368YW-4-8_bin24-k141_617455_9	SY368YW-4-8_bin24	IdrA-associated clade	SY368YW-4-8_bin24-k141_617455_7	-2	-3014.5	-1896.5	+	P-like		
SY368YW-4-8_bin24|SY368YW-4-8_bin24-k141_617455_9	SY368YW-4-8_bin24-k141_617455_9	SY368YW-4-8_bin24	IdrA-associated clade	SY368YW-4-8_bin24-k141_617455_8	-1	-1899.5	-1348.5	+	B-related small subunit		
SY368YW-4-8_bin24|SY368YW-4-8_bin24-k141_617455_9	SY368YW-4-8_bin24-k141_617455_9	SY368YW-4-8_bin24	IdrA-associated clade	SY368YW-4-8_bin24-k141_617455_9	0	-1331.5	1331.5	+	AioA/IdrA-related A		
SY368YW-4-8_bin24|SY368YW-4-8_bin24-k141_617455_9	SY368YW-4-8_bin24-k141_617455_9	SY368YW-4-8_bin24	IdrA-associated clade	SY368YW-4-8_bin24-k141_617455_10	1	1390.5	1917.5	+	function unknown		
SY368YW-4-8_bin24|SY368YW-4-8_bin24-k141_617455_9	SY368YW-4-8_bin24-k141_617455_9	SY368YW-4-8_bin24	IdrA-associated clade	SY368YW-4-8_bin24-k141_617455_11	2	1852.5	1983.5	-	function unknown		
SY368YW-4-8_bin24|SY368YW-4-8_bin24-k141_617455_9	SY368YW-4-8_bin24-k141_617455_9	SY368YW-4-8_bin24	IdrA-associated clade	SY368YW-4-8_bin24-k141_617455_12	3	2943.5	4409.5	+	function unknown		
SY368YW-4-8_bin24|SY368YW-4-8_bin24-k141_617455_9	SY368YW-4-8_bin24-k141_617455_9	SY368YW-4-8_bin24	IdrA-associated clade	SY368YW-4-8_bin24-k141_617455_13	4	4427.5	5791.5	+	function unknown		
SY368YW-4-8_bin24|SY368YW-4-8_bin24-k141_617455_9	SY368YW-4-8_bin24-k141_617455_9	SY368YW-4-8_bin24	IdrA-associated clade	SY368YW-4-8_bin24-k141_617455_14	5	5839.5	6543.5	+	function unknown		
SY368YW-4-8_bin24|SY368YW-4-8_bin24-k141_617455_9	SY368YW-4-8_bin24-k141_617455_9	SY368YW-4-8_bin24	IdrA-associated clade	SY368YW-4-8_bin24-k141_617455_15	6	6823.5	7047.5	+	function unknown		
SY368YW-4-8_bin24|SY368YW-4-8_bin24-k141_617455_9	SY368YW-4-8_bin24-k141_617455_9	SY368YW-4-8_bin24	IdrA-associated clade	SY368YW-4-8_bin24-k141_617455_16	7	7021.5	7701.5	-	function unknown		
SY368YW-4-8_bin24|SY368YW-4-8_bin24-k141_617455_9	SY368YW-4-8_bin24-k141_617455_9	SY368YW-4-8_bin24	IdrA-associated clade	SY368YW-4-8_bin24-k141_617455_17	8	7787.5	9193.5	+	function unknown		
SY368YW-4-8_bin24|SY368YW-4-8_bin24-k141_617455_9	SY368YW-4-8_bin24-k141_617455_9	SY368YW-4-8_bin24	IdrA-associated clade	SY368YW-4-8_bin24-k141_617455_18	9	9228.5	10052.5	+	function unknown		
SY368YW-4-8_bin24|SY368YW-4-8_bin24-k141_617455_9	SY368YW-4-8_bin24-k141_617455_9	SY368YW-4-8_bin24	IdrA-associated clade	SY368YW-4-8_bin24-k141_617455_19	10	10049.5	10780.5	+	function unknown		
SY368YW-8-12_bin14|SY368YW-8-12_bin14-k141_222555_4	SY368YW-8-12_bin14-k141_222555_4	SY368YW-8-12_bin14	Unknown DMSOR clade	SY368YW-8-12_bin14-k141_222555_1	-3	-7054.0	-4337.0	-	function unknown		
SY368YW-8-12_bin14|SY368YW-8-12_bin14-k141_222555_4	SY368YW-8-12_bin14-k141_222555_4	SY368YW-8-12_bin14	Unknown DMSOR clade	SY368YW-8-12_bin14-k141_222555_2	-2	-4294.0	-2435.0	-	function unknown		
SY368YW-8-12_bin14|SY368YW-8-12_bin14-k141_222555_4	SY368YW-8-12_bin14-k141_222555_4	SY368YW-8-12_bin14	Unknown DMSOR clade	SY368YW-8-12_bin14-k141_222555_3	-1	-2367.0	-1363.0	-	function unknown		
SY368YW-8-12_bin14|SY368YW-8-12_bin14-k141_222555_4	SY368YW-8-12_bin14-k141_222555_4	SY368YW-8-12_bin14	Unknown DMSOR clade	SY368YW-8-12_bin14-k141_222555_4	0	-1255.0	1255.0	-	AioA/IdrA-related A		
SY368YW-8-12_bin14|SY368YW-8-12_bin14-k141_222555_4	SY368YW-8-12_bin14-k141_222555_4	SY368YW-8-12_bin14	Unknown DMSOR clade	SY368YW-8-12_bin14-k141_222555_5	1	1252.0	2004.0	-	B-related small subunit		
SY368YW-8-12_bin16|SY368YW-8-12_bin16-k141_314641_4	SY368YW-8-12_bin16-k141_314641_4	SY368YW-8-12_bin16	Unknown DMSOR clade	SY368YW-8-12_bin16-k141_314641_1	-3	-3278.0	-2505.0	+	function unknown		
SY368YW-8-12_bin16|SY368YW-8-12_bin16-k141_314641_4	SY368YW-8-12_bin16-k141_314641_4	SY368YW-8-12_bin16	Unknown DMSOR clade	SY368YW-8-12_bin16-k141_314641_2	-2	-2451.0	-1978.0	-	function unknown		
SY368YW-8-12_bin16|SY368YW-8-12_bin16-k141_314641_4	SY368YW-8-12_bin16-k141_314641_4	SY368YW-8-12_bin16	Unknown DMSOR clade	SY368YW-8-12_bin16-k141_314641_3	-1	-1827.0	-1237.0	+	B-related small subunit		
SY368YW-8-12_bin16|SY368YW-8-12_bin16-k141_314641_4	SY368YW-8-12_bin16-k141_314641_4	SY368YW-8-12_bin16	Unknown DMSOR clade	SY368YW-8-12_bin16-k141_314641_4	0	-1237.0	1237.0	+	AioA/IdrA-related A		
SY368YW-8-12_bin16|SY368YW-8-12_bin16-k141_314641_4	SY368YW-8-12_bin16-k141_314641_4	SY368YW-8-12_bin16	Unknown DMSOR clade	SY368YW-8-12_bin16-k141_314641_5	1	1280.0	1954.0	-	function unknown		
SY368YW-8-12_bin16|SY368YW-8-12_bin16-k141_314641_4	SY368YW-8-12_bin16-k141_314641_4	SY368YW-8-12_bin16	Unknown DMSOR clade	SY368YW-8-12_bin16-k141_314641_6	2	1992.0	3110.0	+	function unknown		
SY368YW-8-12_bin16|SY368YW-8-12_bin16-k141_314641_4	SY368YW-8-12_bin16-k141_314641_4	SY368YW-8-12_bin16	Unknown DMSOR clade	SY368YW-8-12_bin16-k141_314641_7	3	3085.0	3288.0	-	function unknown		
SY368YW-8-12_bin33|SY368YW-8-12_bin33-k141_1103131_193	SY368YW-8-12_bin33-k141_1103131_193	SY368YW-8-12_bin33	IdrA clade	SY368YW-8-12_bin33-k141_1103131_183	-10	-12284.5	-11289.5	-	function unknown		
SY368YW-8-12_bin33|SY368YW-8-12_bin33-k141_1103131_193	SY368YW-8-12_bin33-k141_1103131_193	SY368YW-8-12_bin33	IdrA clade	SY368YW-8-12_bin33-k141_1103131_184	-9	-11292.5	-10648.5	-	function unknown		
SY368YW-8-12_bin33|SY368YW-8-12_bin33-k141_1103131_193	SY368YW-8-12_bin33-k141_1103131_193	SY368YW-8-12_bin33	IdrA clade	SY368YW-8-12_bin33-k141_1103131_185	-8	-10339.5	-9080.5	-	function unknown		
SY368YW-8-12_bin33|SY368YW-8-12_bin33-k141_1103131_193	SY368YW-8-12_bin33-k141_1103131_193	SY368YW-8-12_bin33	IdrA clade	SY368YW-8-12_bin33-k141_1103131_186	-7	-8994.5	-8374.5	-	function unknown		
SY368YW-8-12_bin33|SY368YW-8-12_bin33-k141_1103131_193	SY368YW-8-12_bin33-k141_1103131_193	SY368YW-8-12_bin33	IdrA clade	SY368YW-8-12_bin33-k141_1103131_187	-6	-8250.5	-6004.5	-	function unknown		
SY368YW-8-12_bin33|SY368YW-8-12_bin33-k141_1103131_193	SY368YW-8-12_bin33-k141_1103131_193	SY368YW-8-12_bin33	IdrA clade	SY368YW-8-12_bin33-k141_1103131_188	-5	-5973.5	-5185.5	+	function unknown		
SY368YW-8-12_bin33|SY368YW-8-12_bin33-k141_1103131_193	SY368YW-8-12_bin33-k141_1103131_193	SY368YW-8-12_bin33	IdrA clade	SY368YW-8-12_bin33-k141_1103131_189	-4	-5207.5	-3837.5	-	function unknown		
SY368YW-8-12_bin33|SY368YW-8-12_bin33-k141_1103131_193	SY368YW-8-12_bin33-k141_1103131_193	SY368YW-8-12_bin33	IdrA clade	SY368YW-8-12_bin33-k141_1103131_190	-3	-3847.5	-2570.5	-	function unknown		
SY368YW-8-12_bin33|SY368YW-8-12_bin33-k141_1103131_193	SY368YW-8-12_bin33-k141_1103131_193	SY368YW-8-12_bin33	IdrA clade	SY368YW-8-12_bin33-k141_1103131_191	-2	-2566.5	-923.5	-	function unknown		
SY368YW-8-12_bin33|SY368YW-8-12_bin33-k141_1103131_193	SY368YW-8-12_bin33-k141_1103131_193	SY368YW-8-12_bin33	IdrA clade	SY368YW-8-12_bin33-k141_1103131_192	-1	-889.5	-89.5	-	function unknown		
SY368YW-8-12_bin33|SY368YW-8-12_bin33-k141_1103131_193	SY368YW-8-12_bin33-k141_1103131_193	SY368YW-8-12_bin33	IdrA clade	SY368YW-8-12_bin33-k141_1103131_193	0	-53.5	53.5	-	AioA/IdrA-related A		
SY368YW-8-12_bin33|SY368YW-8-12_bin33-k141_1103131_193	SY368YW-8-12_bin33-k141_1103131_193	SY368YW-8-12_bin33	IdrA clade	SY368YW-8-12_bin33-k141_1103131_194	1	75.5	815.5	-	function unknown		
SY368YW-8-12_bin33|SY368YW-8-12_bin33-k141_1103131_193	SY368YW-8-12_bin33-k141_1103131_193	SY368YW-8-12_bin33	IdrA clade	SY368YW-8-12_bin33-k141_1103131_195	2	844.5	3024.5	-	function unknown		
SY368YW-8-12_bin33|SY368YW-8-12_bin33-k141_1103131_193	SY368YW-8-12_bin33-k141_1103131_193	SY368YW-8-12_bin33	IdrA clade	SY368YW-8-12_bin33-k141_1103131_196	3	3185.5	5863.5	-	function unknown		
SY368YW-8-12_bin33|SY368YW-8-12_bin33-k141_1103131_193	SY368YW-8-12_bin33-k141_1103131_193	SY368YW-8-12_bin33	IdrA clade	SY368YW-8-12_bin33-k141_1103131_197	4	5876.5	6457.5	-	B-related small subunit		
SY368YW-8-12_bin33|SY368YW-8-12_bin33-k141_1103131_193	SY368YW-8-12_bin33-k141_1103131_193	SY368YW-8-12_bin33	IdrA clade	SY368YW-8-12_bin33-k141_1103131_198	5	6479.5	7624.5	-	P-like		
SY368YW-8-12_bin33|SY368YW-8-12_bin33-k141_1103131_193	SY368YW-8-12_bin33-k141_1103131_193	SY368YW-8-12_bin33	IdrA clade	SY368YW-8-12_bin33-k141_1103131_199	6	7640.5	8758.5	-	P-like		
SY368YW-8-12_bin33|SY368YW-8-12_bin33-k141_1103131_193	SY368YW-8-12_bin33-k141_1103131_193	SY368YW-8-12_bin33	IdrA clade	SY368YW-8-12_bin33-k141_1103131_200	7	8922.5	11195.5	-	function unknown		
SY368YW-8-12_bin33|SY368YW-8-12_bin33-k141_1103131_193	SY368YW-8-12_bin33-k141_1103131_193	SY368YW-8-12_bin33	IdrA clade	SY368YW-8-12_bin33-k141_1103131_201	8	11208.5	12350.5	-	function unknown		
SY368YW-8-12_bin33|SY368YW-8-12_bin33-k141_1103131_193	SY368YW-8-12_bin33-k141_1103131_193	SY368YW-8-12_bin33	IdrA clade	SY368YW-8-12_bin33-k141_1103131_202	9	12347.5	14104.5	-	function unknown		
SY368YW-8-12_bin33|SY368YW-8-12_bin33-k141_1103131_193	SY368YW-8-12_bin33-k141_1103131_193	SY368YW-8-12_bin33	IdrA clade	SY368YW-8-12_bin33-k141_1103131_203	10	14114.5	14242.5	-	function unknown		
SY456YB-0-4_bin2|SY456YB-0-4_bin2-k141_200390_5	SY456YB-0-4_bin2-k141_200390_5	SY456YB-0-4_bin2	IdrA-associated clade	SY456YB-0-4_bin2-k141_200390_1	-4	-4471.0	-4277.0	-	function unknown		
SY456YB-0-4_bin2|SY456YB-0-4_bin2-k141_200390_5	SY456YB-0-4_bin2-k141_200390_5	SY456YB-0-4_bin2	IdrA-associated clade	SY456YB-0-4_bin2-k141_200390_2	-3	-4280.0	-4173.0	-	function unknown		
SY456YB-0-4_bin2|SY456YB-0-4_bin2-k141_200390_5	SY456YB-0-4_bin2-k141_200390_5	SY456YB-0-4_bin2	IdrA-associated clade	SY456YB-0-4_bin2-k141_200390_3	-2	-4150.0	-3413.0	-	function unknown		
SY456YB-0-4_bin2|SY456YB-0-4_bin2-k141_200390_5	SY456YB-0-4_bin2-k141_200390_5	SY456YB-0-4_bin2	IdrA-associated clade	SY456YB-0-4_bin2-k141_200390_4	-1	-3383.0	-1071.0	-	function unknown		
SY456YB-0-4_bin2|SY456YB-0-4_bin2-k141_200390_5	SY456YB-0-4_bin2-k141_200390_5	SY456YB-0-4_bin2	IdrA-associated clade	SY456YB-0-4_bin2-k141_200390_5	0	-907.0	907.0	-	AioA/IdrA-related A		
SY456YB-0-4_bin8|SY456YB-0-4_bin8-k141_492248_42	SY456YB-0-4_bin8-k141_492248_42	SY456YB-0-4_bin8	IdrA clade	SY456YB-0-4_bin8-k141_492248_32	-10	-13906.0	-12947.0	+	function unknown		
SY456YB-0-4_bin8|SY456YB-0-4_bin8-k141_492248_42	SY456YB-0-4_bin8-k141_492248_42	SY456YB-0-4_bin8	IdrA clade	SY456YB-0-4_bin8-k141_492248_33	-9	-12891.0	-12169.0	-	function unknown		
SY456YB-0-4_bin8|SY456YB-0-4_bin8-k141_492248_42	SY456YB-0-4_bin8-k141_492248_42	SY456YB-0-4_bin8	IdrA clade	SY456YB-0-4_bin8-k141_492248_34	-8	-12023.0	-9786.0	+	function unknown		
SY456YB-0-4_bin8|SY456YB-0-4_bin8-k141_492248_42	SY456YB-0-4_bin8-k141_492248_42	SY456YB-0-4_bin8	IdrA clade	SY456YB-0-4_bin8-k141_492248_35	-7	-9782.0	-8400.0	-	function unknown		
SY456YB-0-4_bin8|SY456YB-0-4_bin8-k141_492248_42	SY456YB-0-4_bin8-k141_492248_42	SY456YB-0-4_bin8	IdrA clade	SY456YB-0-4_bin8-k141_492248_36	-6	-8419.0	-7130.0	-	function unknown		
SY456YB-0-4_bin8|SY456YB-0-4_bin8-k141_492248_42	SY456YB-0-4_bin8-k141_492248_42	SY456YB-0-4_bin8	IdrA clade	SY456YB-0-4_bin8-k141_492248_37	-5	-7137.0	-5467.0	-	function unknown		
SY456YB-0-4_bin8|SY456YB-0-4_bin8-k141_492248_42	SY456YB-0-4_bin8-k141_492248_42	SY456YB-0-4_bin8	IdrA clade	SY456YB-0-4_bin8-k141_492248_38	-4	-5460.0	-4711.0	-	function unknown		
SY456YB-0-4_bin8|SY456YB-0-4_bin8-k141_492248_42	SY456YB-0-4_bin8-k141_492248_42	SY456YB-0-4_bin8	IdrA clade	SY456YB-0-4_bin8-k141_492248_39	-3	-4609.0	-4502.0	-	function unknown		
SY456YB-0-4_bin8|SY456YB-0-4_bin8-k141_492248_42	SY456YB-0-4_bin8-k141_492248_42	SY456YB-0-4_bin8	IdrA clade	SY456YB-0-4_bin8-k141_492248_40	-2	-4477.0	-3737.0	-	function unknown		
SY456YB-0-4_bin8|SY456YB-0-4_bin8-k141_492248_42	SY456YB-0-4_bin8-k141_492248_42	SY456YB-0-4_bin8	IdrA clade	SY456YB-0-4_bin8-k141_492248_41	-1	-3713.0	-1515.0	-	function unknown		
SY456YB-0-4_bin8|SY456YB-0-4_bin8-k141_492248_42	SY456YB-0-4_bin8-k141_492248_42	SY456YB-0-4_bin8	IdrA clade	SY456YB-0-4_bin8-k141_492248_42	0	-1339.0	1339.0	-	AioA/IdrA-related A		
SY456YB-0-4_bin8|SY456YB-0-4_bin8-k141_492248_42	SY456YB-0-4_bin8-k141_492248_42	SY456YB-0-4_bin8	IdrA clade	SY456YB-0-4_bin8-k141_492248_43	1	1352.0	1933.0	-	B-related small subunit		
SY456YB-0-4_bin8|SY456YB-0-4_bin8-k141_492248_42	SY456YB-0-4_bin8-k141_492248_42	SY456YB-0-4_bin8	IdrA clade	SY456YB-0-4_bin8-k141_492248_44	2	1954.0	3096.0	-	P-like		
SY456YB-0-4_bin8|SY456YB-0-4_bin8-k141_492248_42	SY456YB-0-4_bin8-k141_492248_42	SY456YB-0-4_bin8	IdrA clade	SY456YB-0-4_bin8-k141_492248_45	3	3112.0	4233.0	-	P-like		
SY456YB-0-4_bin8|SY456YB-0-4_bin8-k141_492248_42	SY456YB-0-4_bin8-k141_492248_42	SY456YB-0-4_bin8	IdrA clade	SY456YB-0-4_bin8-k141_492248_46	4	4377.0	6644.0	-	function unknown		
SY456YB-0-4_bin8|SY456YB-0-4_bin8-k141_492248_42	SY456YB-0-4_bin8-k141_492248_42	SY456YB-0-4_bin8	IdrA clade	SY456YB-0-4_bin8-k141_492248_47	5	6654.0	7787.0	-	function unknown		
SY456YB-0-4_bin8|SY456YB-0-4_bin8-k141_492248_42	SY456YB-0-4_bin8-k141_492248_42	SY456YB-0-4_bin8	IdrA clade	SY456YB-0-4_bin8-k141_492248_48	6	7784.0	9562.0	-	function unknown		
SY456YB-0-4_bin8|SY456YB-0-4_bin8-k141_492248_42	SY456YB-0-4_bin8-k141_492248_42	SY456YB-0-4_bin8	IdrA clade	SY456YB-0-4_bin8-k141_492248_49	7	9575.0	9703.0	-	function unknown		
SY456YB-0-4_bin8|SY456YB-0-4_bin8-k141_492248_42	SY456YB-0-4_bin8-k141_492248_42	SY456YB-0-4_bin8	IdrA clade	SY456YB-0-4_bin8-k141_492248_50	8	9726.0	9848.0	-	function unknown		
SY456YB-0-4_bin8|SY456YB-0-4_bin8-k141_492248_42	SY456YB-0-4_bin8-k141_492248_42	SY456YB-0-4_bin8	IdrA clade	SY456YB-0-4_bin8-k141_492248_51	9	9841.0	9954.0	-	function unknown		
SY456YB-0-4_bin8|SY456YB-0-4_bin8-k141_492248_42	SY456YB-0-4_bin8-k141_492248_42	SY456YB-0-4_bin8	IdrA clade	SY456YB-0-4_bin8-k141_492248_52	10	9957.0	10259.0	-	function unknown		
SY456YB-4-8_bin24|SY456YB-4-8_bin24-k141_314185_12	SY456YB-4-8_bin24-k141_314185_12	SY456YB-4-8_bin24	IdrA-associated clade	SY456YB-4-8_bin24-k141_314185_2	-10	-11900.5	-11523.5	-	function unknown		
SY456YB-4-8_bin24|SY456YB-4-8_bin24-k141_314185_12	SY456YB-4-8_bin24-k141_314185_12	SY456YB-4-8_bin24	IdrA-associated clade	SY456YB-4-8_bin24-k141_314185_3	-9	-11519.5	-11151.5	-	function unknown		
SY456YB-4-8_bin24|SY456YB-4-8_bin24-k141_314185_12	SY456YB-4-8_bin24-k141_314185_12	SY456YB-4-8_bin24	IdrA-associated clade	SY456YB-4-8_bin24-k141_314185_4	-8	-11113.5	-9773.5	-	function unknown		
SY456YB-4-8_bin24|SY456YB-4-8_bin24-k141_314185_12	SY456YB-4-8_bin24-k141_314185_12	SY456YB-4-8_bin24	IdrA-associated clade	SY456YB-4-8_bin24-k141_314185_5	-7	-9615.5	-9082.5	-	function unknown		
SY456YB-4-8_bin24|SY456YB-4-8_bin24-k141_314185_12	SY456YB-4-8_bin24-k141_314185_12	SY456YB-4-8_bin24	IdrA-associated clade	SY456YB-4-8_bin24-k141_314185_6	-6	-8842.5	-7052.5	-	function unknown		
SY456YB-4-8_bin24|SY456YB-4-8_bin24-k141_314185_12	SY456YB-4-8_bin24-k141_314185_12	SY456YB-4-8_bin24	IdrA-associated clade	SY456YB-4-8_bin24-k141_314185_7	-5	-6945.5	-6019.5	-	function unknown		
SY456YB-4-8_bin24|SY456YB-4-8_bin24-k141_314185_12	SY456YB-4-8_bin24-k141_314185_12	SY456YB-4-8_bin24	IdrA-associated clade	SY456YB-4-8_bin24-k141_314185_8	-4	-5720.5	-4704.5	-	function unknown		
SY456YB-4-8_bin24|SY456YB-4-8_bin24-k141_314185_12	SY456YB-4-8_bin24-k141_314185_12	SY456YB-4-8_bin24	IdrA-associated clade	SY456YB-4-8_bin24-k141_314185_9	-3	-4290.5	-3178.5	+	P-like		
SY456YB-4-8_bin24|SY456YB-4-8_bin24-k141_314185_12	SY456YB-4-8_bin24-k141_314185_12	SY456YB-4-8_bin24	IdrA-associated clade	SY456YB-4-8_bin24-k141_314185_10	-2	-3162.5	-1966.5	+	P-like		
SY456YB-4-8_bin24|SY456YB-4-8_bin24-k141_314185_12	SY456YB-4-8_bin24-k141_314185_12	SY456YB-4-8_bin24	IdrA-associated clade	SY456YB-4-8_bin24-k141_314185_11	-1	-1969.5	-1358.5	+	B-related small subunit		
SY456YB-4-8_bin24|SY456YB-4-8_bin24-k141_314185_12	SY456YB-4-8_bin24-k141_314185_12	SY456YB-4-8_bin24	IdrA-associated clade	SY456YB-4-8_bin24-k141_314185_12	0	-1346.5	1346.5	+	AioA/IdrA-related A		
SY456YB-4-8_bin24|SY456YB-4-8_bin24-k141_314185_12	SY456YB-4-8_bin24-k141_314185_12	SY456YB-4-8_bin24	IdrA-associated clade	SY456YB-4-8_bin24-k141_314185_13	1	1514.5	2176.5	+	function unknown		
SY456YB-4-8_bin24|SY456YB-4-8_bin24-k141_314185_12	SY456YB-4-8_bin24-k141_314185_12	SY456YB-4-8_bin24	IdrA-associated clade	SY456YB-4-8_bin24-k141_314185_14	2	2268.5	2996.5	+	function unknown		
SY456YB-4-8_bin24|SY456YB-4-8_bin24-k141_314185_12	SY456YB-4-8_bin24-k141_314185_12	SY456YB-4-8_bin24	IdrA-associated clade	SY456YB-4-8_bin24-k141_314185_15	3	2993.5	3679.5	+	function unknown		
SY456YB-4-8_bin24|SY456YB-4-8_bin24-k141_314185_12	SY456YB-4-8_bin24-k141_314185_12	SY456YB-4-8_bin24	IdrA-associated clade	SY456YB-4-8_bin24-k141_314185_16	4	3642.5	4784.5	+	function unknown		
SY456YB-4-8_bin24|SY456YB-4-8_bin24-k141_314185_12	SY456YB-4-8_bin24-k141_314185_12	SY456YB-4-8_bin24	IdrA-associated clade	SY456YB-4-8_bin24-k141_314185_17	5	4962.5	6335.5	-	function unknown		
SY456YB-4-8_bin24|SY456YB-4-8_bin24-k141_314185_12	SY456YB-4-8_bin24-k141_314185_12	SY456YB-4-8_bin24	IdrA-associated clade	SY456YB-4-8_bin24-k141_314185_18	6	6332.5	9268.5	-	function unknown		
SY456YB-4-8_bin24|SY456YB-4-8_bin24-k141_314185_12	SY456YB-4-8_bin24-k141_314185_12	SY456YB-4-8_bin24	IdrA-associated clade	SY456YB-4-8_bin24-k141_314185_19	7	9265.5	9630.5	-	function unknown		
SY456YB-4-8_bin24|SY456YB-4-8_bin24-k141_314185_12	SY456YB-4-8_bin24-k141_314185_12	SY456YB-4-8_bin24	IdrA-associated clade	SY456YB-4-8_bin24-k141_314185_20	8	9667.5	11085.5	-	function unknown		
SY456YB-4-8_bin24|SY456YB-4-8_bin24-k141_314185_12	SY456YB-4-8_bin24-k141_314185_12	SY456YB-4-8_bin24	IdrA-associated clade	SY456YB-4-8_bin24-k141_314185_21	9	11082.5	11222.5	-	function unknown		
SY456YB-4-8_bin24|SY456YB-4-8_bin24-k141_314185_12	SY456YB-4-8_bin24-k141_314185_12	SY456YB-4-8_bin24	IdrA-associated clade	SY456YB-4-8_bin24-k141_314185_22	10	11222.5	12484.5	-	function unknown		
SY456YB-8-12_bin17|SY456YB-8-12_bin17-k141_937905_1	SY456YB-8-12_bin17-k141_937905_1	SY456YB-8-12_bin17	IdrA-associated clade	SY456YB-8-12_bin17-k141_937905_1	0	-790.0	790.0	+	AioA/IdrA-related A		
SY456YB-8-12_bin27|SY456YB-8-12_bin27-k141_1029503_28	SY456YB-8-12_bin27-k141_1029503_28	SY456YB-8-12_bin27	IdrA clade	SY456YB-8-12_bin27-k141_1029503_18	-10	-13554.0	-12823.0	-	function unknown		
SY456YB-8-12_bin27|SY456YB-8-12_bin27-k141_1029503_28	SY456YB-8-12_bin27-k141_1029503_28	SY456YB-8-12_bin27	IdrA clade	SY456YB-8-12_bin27-k141_1029503_19	-9	-12677.0	-10431.0	+	function unknown		
SY456YB-8-12_bin27|SY456YB-8-12_bin27-k141_1029503_28	SY456YB-8-12_bin27-k141_1029503_28	SY456YB-8-12_bin27	IdrA clade	SY456YB-8-12_bin27-k141_1029503_20	-8	-10324.0	-9713.0	+	function unknown		
SY456YB-8-12_bin27|SY456YB-8-12_bin27-k141_1029503_28	SY456YB-8-12_bin27-k141_1029503_28	SY456YB-8-12_bin27	IdrA clade	SY456YB-8-12_bin27-k141_1029503_21	-7	-9766.0	-8393.0	-	function unknown		
SY456YB-8-12_bin27|SY456YB-8-12_bin27-k141_1029503_28	SY456YB-8-12_bin27-k141_1029503_28	SY456YB-8-12_bin27	IdrA clade	SY456YB-8-12_bin27-k141_1029503_22	-6	-8384.0	-7113.0	-	function unknown		
SY456YB-8-12_bin27|SY456YB-8-12_bin27-k141_1029503_28	SY456YB-8-12_bin27-k141_1029503_28	SY456YB-8-12_bin27	IdrA clade	SY456YB-8-12_bin27-k141_1029503_23	-5	-7108.0	-5468.0	-	function unknown		
SY456YB-8-12_bin27|SY456YB-8-12_bin27-k141_1029503_28	SY456YB-8-12_bin27-k141_1029503_28	SY456YB-8-12_bin27	IdrA clade	SY456YB-8-12_bin27-k141_1029503_24	-4	-5456.0	-4596.0	-	function unknown		
SY456YB-8-12_bin27|SY456YB-8-12_bin27-k141_1029503_28	SY456YB-8-12_bin27-k141_1029503_28	SY456YB-8-12_bin27	IdrA clade	SY456YB-8-12_bin27-k141_1029503_25	-3	-4611.0	-4504.0	-	function unknown		
SY456YB-8-12_bin27|SY456YB-8-12_bin27-k141_1029503_28	SY456YB-8-12_bin27-k141_1029503_28	SY456YB-8-12_bin27	IdrA clade	SY456YB-8-12_bin27-k141_1029503_26	-2	-4459.0	-3719.0	-	function unknown		
SY456YB-8-12_bin27|SY456YB-8-12_bin27-k141_1029503_28	SY456YB-8-12_bin27-k141_1029503_28	SY456YB-8-12_bin27	IdrA clade	SY456YB-8-12_bin27-k141_1029503_27	-1	-3693.0	-1507.0	-	function unknown		
SY456YB-8-12_bin27|SY456YB-8-12_bin27-k141_1029503_28	SY456YB-8-12_bin27-k141_1029503_28	SY456YB-8-12_bin27	IdrA clade	SY456YB-8-12_bin27-k141_1029503_28	0	-1339.0	1339.0	-	AioA/IdrA-related A		
SY456YB-8-12_bin27|SY456YB-8-12_bin27-k141_1029503_28	SY456YB-8-12_bin27-k141_1029503_28	SY456YB-8-12_bin27	IdrA clade	SY456YB-8-12_bin27-k141_1029503_29	1	1351.0	1932.0	-	B-related small subunit		
SY456YB-8-12_bin27|SY456YB-8-12_bin27-k141_1029503_28	SY456YB-8-12_bin27-k141_1029503_28	SY456YB-8-12_bin27	IdrA clade	SY456YB-8-12_bin27-k141_1029503_30	2	1953.0	3104.0	-	P-like		
SY456YB-8-12_bin27|SY456YB-8-12_bin27-k141_1029503_28	SY456YB-8-12_bin27-k141_1029503_28	SY456YB-8-12_bin27	IdrA clade	SY456YB-8-12_bin27-k141_1029503_31	3	3125.0	4246.0	-	P-like		
SY456YB-8-12_bin27|SY456YB-8-12_bin27-k141_1029503_28	SY456YB-8-12_bin27-k141_1029503_28	SY456YB-8-12_bin27	IdrA clade	SY456YB-8-12_bin27-k141_1029503_32	4	4393.0	6657.0	-	function unknown		
SY456YB-8-12_bin27|SY456YB-8-12_bin27-k141_1029503_28	SY456YB-8-12_bin27-k141_1029503_28	SY456YB-8-12_bin27	IdrA clade	SY456YB-8-12_bin27-k141_1029503_33	5	6668.0	7810.0	-	function unknown		
SY456YB-8-12_bin27|SY456YB-8-12_bin27-k141_1029503_28	SY456YB-8-12_bin27-k141_1029503_28	SY456YB-8-12_bin27	IdrA clade	SY456YB-8-12_bin27-k141_1029503_34	6	7807.0	9573.0	-	function unknown		
SY456YB-8-12_bin27|SY456YB-8-12_bin27-k141_1029503_28	SY456YB-8-12_bin27-k141_1029503_28	SY456YB-8-12_bin27	IdrA clade	SY456YB-8-12_bin27-k141_1029503_35	7	9583.0	9771.0	-	function unknown		
SY456YB-8-12_bin27|SY456YB-8-12_bin27-k141_1029503_28	SY456YB-8-12_bin27-k141_1029503_28	SY456YB-8-12_bin27	IdrA clade	SY456YB-8-12_bin27-k141_1029503_36	8	9743.0	9886.0	-	function unknown		
SY456YB-8-12_bin27|SY456YB-8-12_bin27-k141_1029503_28	SY456YB-8-12_bin27-k141_1029503_28	SY456YB-8-12_bin27	IdrA clade	SY456YB-8-12_bin27-k141_1029503_37	9	9963.0	10265.0	-	function unknown		
SY456YB-8-12_bin27|SY456YB-8-12_bin27-k141_1029503_28	SY456YB-8-12_bin27-k141_1029503_28	SY456YB-8-12_bin27	IdrA clade	SY456YB-8-12_bin27-k141_1029503_38	10	10457.0	11224.0	+	function unknown		
SY456YB-8-12_bin34|SY456YB-8-12_bin34-k141_963697_76	SY456YB-8-12_bin34-k141_963697_76	SY456YB-8-12_bin34	IdrA clade	SY456YB-8-12_bin34-k141_963697_66	-10	-11894.5	-10857.5	-	function unknown		
SY456YB-8-12_bin34|SY456YB-8-12_bin34-k141_963697_76	SY456YB-8-12_bin34-k141_963697_76	SY456YB-8-12_bin34	IdrA clade	SY456YB-8-12_bin34-k141_963697_67	-9	-10703.5	-9708.5	-	function unknown		
SY456YB-8-12_bin34|SY456YB-8-12_bin34-k141_963697_76	SY456YB-8-12_bin34-k141_963697_76	SY456YB-8-12_bin34	IdrA clade	SY456YB-8-12_bin34-k141_963697_68	-8	-9715.5	-8948.5	-	function unknown		
SY456YB-8-12_bin34|SY456YB-8-12_bin34-k141_963697_76	SY456YB-8-12_bin34-k141_963697_76	SY456YB-8-12_bin34	IdrA clade	SY456YB-8-12_bin34-k141_963697_69	-7	-8706.5	-8404.5	+	function unknown		
SY456YB-8-12_bin34|SY456YB-8-12_bin34-k141_963697_76	SY456YB-8-12_bin34-k141_963697_76	SY456YB-8-12_bin34	IdrA clade	SY456YB-8-12_bin34-k141_963697_70	-6	-8069.5	-7941.5	+	function unknown		
SY456YB-8-12_bin34|SY456YB-8-12_bin34-k141_963697_76	SY456YB-8-12_bin34-k141_963697_76	SY456YB-8-12_bin34	IdrA clade	SY456YB-8-12_bin34-k141_963697_71	-5	-7931.5	-6171.5	+	function unknown		
SY456YB-8-12_bin34|SY456YB-8-12_bin34-k141_963697_76	SY456YB-8-12_bin34-k141_963697_76	SY456YB-8-12_bin34	IdrA clade	SY456YB-8-12_bin34-k141_963697_72	-4	-6174.5	-5041.5	+	function unknown		
SY456YB-8-12_bin34|SY456YB-8-12_bin34-k141_963697_76	SY456YB-8-12_bin34-k141_963697_76	SY456YB-8-12_bin34	IdrA clade	SY456YB-8-12_bin34-k141_963697_73	-3	-5030.5	-2757.5	+	function unknown		
SY456YB-8-12_bin34|SY456YB-8-12_bin34-k141_963697_76	SY456YB-8-12_bin34-k141_963697_76	SY456YB-8-12_bin34	IdrA clade	SY456YB-8-12_bin34-k141_963697_74	-2	-2592.5	-1474.5	+	P-like		
SY456YB-8-12_bin34|SY456YB-8-12_bin34-k141_963697_76	SY456YB-8-12_bin34-k141_963697_76	SY456YB-8-12_bin34	IdrA clade	SY456YB-8-12_bin34-k141_963697_75	-1	-1458.5	-313.5	+	P-like		
SY456YB-8-12_bin34|SY456YB-8-12_bin34-k141_963697_76	SY456YB-8-12_bin34-k141_963697_76	SY456YB-8-12_bin34	IdrA clade	SY456YB-8-12_bin34-k141_963697_76	0	-290.5	290.5	+	AioA/IdrA-related A		
SY456YB-8-12_bin34|SY456YB-8-12_bin34-k141_963697_76	SY456YB-8-12_bin34-k141_963697_76	SY456YB-8-12_bin34	IdrA clade	SY456YB-8-12_bin34-k141_963697_77	1	303.5	2981.5	+	function unknown		
SY456YB-8-12_bin34|SY456YB-8-12_bin34-k141_963697_76	SY456YB-8-12_bin34-k141_963697_76	SY456YB-8-12_bin34	IdrA clade	SY456YB-8-12_bin34-k141_963697_78	2	3143.5	5317.5	+	function unknown		
SY456YB-8-12_bin34|SY456YB-8-12_bin34-k141_963697_76	SY456YB-8-12_bin34-k141_963697_76	SY456YB-8-12_bin34	IdrA clade	SY456YB-8-12_bin34-k141_963697_79	3	5347.5	6087.5	+	function unknown		
SY456YB-8-12_bin34|SY456YB-8-12_bin34-k141_963697_76	SY456YB-8-12_bin34-k141_963697_76	SY456YB-8-12_bin34	IdrA clade	SY456YB-8-12_bin34-k141_963697_80	4	6112.5	6219.5	+	function unknown		
SY456YB-8-12_bin34|SY456YB-8-12_bin34-k141_963697_76	SY456YB-8-12_bin34-k141_963697_76	SY456YB-8-12_bin34	IdrA clade	SY456YB-8-12_bin34-k141_963697_81	5	6303.5	7055.5	+	function unknown		
SY456YB-8-12_bin34|SY456YB-8-12_bin34-k141_963697_76	SY456YB-8-12_bin34-k141_963697_76	SY456YB-8-12_bin34	IdrA clade	SY456YB-8-12_bin34-k141_963697_82	6	7095.5	8738.5	+	function unknown		
SY456YB-8-12_bin34|SY456YB-8-12_bin34-k141_963697_76	SY456YB-8-12_bin34-k141_963697_76	SY456YB-8-12_bin34	IdrA clade	SY456YB-8-12_bin34-k141_963697_83	7	8742.5	10013.5	+	function unknown		
SY456YB-8-12_bin34|SY456YB-8-12_bin34-k141_963697_76	SY456YB-8-12_bin34-k141_963697_76	SY456YB-8-12_bin34	IdrA clade	SY456YB-8-12_bin34-k141_963697_84	8	10006.5	11382.5	+	function unknown		
SY456YB-8-12_bin34|SY456YB-8-12_bin34-k141_963697_76	SY456YB-8-12_bin34-k141_963697_76	SY456YB-8-12_bin34	IdrA clade	SY456YB-8-12_bin34-k141_963697_85	9	11379.5	12098.5	-	function unknown		
SY456YB-8-12_bin34|SY456YB-8-12_bin34-k141_963697_76	SY456YB-8-12_bin34-k141_963697_76	SY456YB-8-12_bin34	IdrA clade	SY456YB-8-12_bin34-k141_963697_86	10	12246.5	14492.5	+	function unknown		
SY456YB-8-12_bin4|SY456YB-8-12_bin4-k141_708485_189	SY456YB-8-12_bin4-k141_708485_189	SY456YB-8-12_bin4	IdrA clade	SY456YB-8-12_bin4-k141_708485_179	-10	-13443.5	-12835.5	+	function unknown		
SY456YB-8-12_bin4|SY456YB-8-12_bin4-k141_708485_189	SY456YB-8-12_bin4-k141_708485_189	SY456YB-8-12_bin4	IdrA clade	SY456YB-8-12_bin4-k141_708485_180	-9	-12773.5	-12480.5	+	function unknown		
SY456YB-8-12_bin4|SY456YB-8-12_bin4-k141_708485_189	SY456YB-8-12_bin4-k141_708485_189	SY456YB-8-12_bin4	IdrA clade	SY456YB-8-12_bin4-k141_708485_181	-8	-12326.5	-12186.5	+	function unknown		
SY456YB-8-12_bin4|SY456YB-8-12_bin4-k141_708485_189	SY456YB-8-12_bin4-k141_708485_189	SY456YB-8-12_bin4	IdrA clade	SY456YB-8-12_bin4-k141_708485_182	-7	-12025.5	-10262.5	+	function unknown		
SY456YB-8-12_bin4|SY456YB-8-12_bin4-k141_708485_189	SY456YB-8-12_bin4-k141_708485_189	SY456YB-8-12_bin4	IdrA clade	SY456YB-8-12_bin4-k141_708485_183	-6	-10265.5	-9432.5	+	function unknown		
SY456YB-8-12_bin4|SY456YB-8-12_bin4-k141_708485_189	SY456YB-8-12_bin4-k141_708485_189	SY456YB-8-12_bin4	IdrA clade	SY456YB-8-12_bin4-k141_708485_184	-5	-9416.5	-7137.5	+	function unknown		
SY456YB-8-12_bin4|SY456YB-8-12_bin4-k141_708485_189	SY456YB-8-12_bin4-k141_708485_189	SY456YB-8-12_bin4	IdrA clade	SY456YB-8-12_bin4-k141_708485_185	-4	-6894.5	-5773.5	+	P-like		
SY456YB-8-12_bin4|SY456YB-8-12_bin4-k141_708485_189	SY456YB-8-12_bin4-k141_708485_189	SY456YB-8-12_bin4	IdrA clade	SY456YB-8-12_bin4-k141_708485_186	-3	-5754.5	-4600.5	+	P-like		
SY456YB-8-12_bin4|SY456YB-8-12_bin4-k141_708485_189	SY456YB-8-12_bin4-k141_708485_189	SY456YB-8-12_bin4	IdrA clade	SY456YB-8-12_bin4-k141_708485_187	-2	-4587.5	-4003.5	+	B-related small subunit		
SY456YB-8-12_bin4|SY456YB-8-12_bin4-k141_708485_189	SY456YB-8-12_bin4-k141_708485_189	SY456YB-8-12_bin4	IdrA clade	SY456YB-8-12_bin4-k141_708485_188	-1	-3986.5	-1311.5	+	function unknown		
SY456YB-8-12_bin4|SY456YB-8-12_bin4-k141_708485_189	SY456YB-8-12_bin4-k141_708485_189	SY456YB-8-12_bin4	IdrA clade	SY456YB-8-12_bin4-k141_708485_189	0	-1121.5	1121.5	+	AioA/IdrA-related A		
SY456YB-8-12_bin4|SY456YB-8-12_bin4-k141_708485_189	SY456YB-8-12_bin4-k141_708485_189	SY456YB-8-12_bin4	IdrA clade	SY456YB-8-12_bin4-k141_708485_190	1	1154.5	1891.5	+	function unknown		
SY456YB-8-12_bin4|SY456YB-8-12_bin4-k141_708485_189	SY456YB-8-12_bin4-k141_708485_189	SY456YB-8-12_bin4	IdrA clade	SY456YB-8-12_bin4-k141_708485_191	2	1929.5	2069.5	+	function unknown		
SY456YB-8-12_bin4|SY456YB-8-12_bin4-k141_708485_189	SY456YB-8-12_bin4-k141_708485_189	SY456YB-8-12_bin4	IdrA clade	SY456YB-8-12_bin4-k141_708485_192	3	2066.5	2953.5	+	function unknown		
SY456YB-8-12_bin4|SY456YB-8-12_bin4-k141_708485_189	SY456YB-8-12_bin4-k141_708485_189	SY456YB-8-12_bin4	IdrA clade	SY456YB-8-12_bin4-k141_708485_193	4	2974.5	4701.5	+	function unknown		
SY456YB-8-12_bin4|SY456YB-8-12_bin4-k141_708485_189	SY456YB-8-12_bin4-k141_708485_189	SY456YB-8-12_bin4	IdrA clade	SY456YB-8-12_bin4-k141_708485_194	5	4694.5	5989.5	+	function unknown		
SY456YB-8-12_bin4|SY456YB-8-12_bin4-k141_708485_189	SY456YB-8-12_bin4-k141_708485_189	SY456YB-8-12_bin4	IdrA clade	SY456YB-8-12_bin4-k141_708485_195	6	5986.5	7368.5	+	function unknown		
SY456YB-8-12_bin4|SY456YB-8-12_bin4-k141_708485_189	SY456YB-8-12_bin4-k141_708485_189	SY456YB-8-12_bin4	IdrA clade	SY456YB-8-12_bin4-k141_708485_196	7	7355.5	8653.5	-	function unknown		
SY456YB-8-12_bin4|SY456YB-8-12_bin4-k141_708485_189	SY456YB-8-12_bin4-k141_708485_189	SY456YB-8-12_bin4	IdrA clade	SY456YB-8-12_bin4-k141_708485_197	8	8634.5	9341.5	-	function unknown		
SY456YB-8-12_bin4|SY456YB-8-12_bin4-k141_708485_189	SY456YB-8-12_bin4-k141_708485_189	SY456YB-8-12_bin4	IdrA clade	SY456YB-8-12_bin4-k141_708485_198	9	9491.5	11716.5	-	function unknown		
SY456YB-8-12_bin4|SY456YB-8-12_bin4-k141_708485_189	SY456YB-8-12_bin4-k141_708485_189	SY456YB-8-12_bin4	IdrA clade	SY456YB-8-12_bin4-k141_708485_199	10	11801.5	12589.5	+	function unknown		
SY456YB-8-12_bin5|SY456YB-8-12_bin5-k141_222164_2	SY456YB-8-12_bin5-k141_222164_2	SY456YB-8-12_bin5	IdrA-associated clade	SY456YB-8-12_bin5-k141_222164_1	-1	-1915.5	-1334.5	-	function unknown		
SY456YB-8-12_bin5|SY456YB-8-12_bin5-k141_222164_2	SY456YB-8-12_bin5-k141_222164_2	SY456YB-8-12_bin5	IdrA-associated clade	SY456YB-8-12_bin5-k141_222164_2	0	-1337.5	1337.5	-	AioA/IdrA-related A		
SY456YB-8-12_bin5|SY456YB-8-12_bin5-k141_222164_2	SY456YB-8-12_bin5-k141_222164_2	SY456YB-8-12_bin5	IdrA-associated clade	SY456YB-8-12_bin5-k141_222164_3	1	1349.5	1936.5	-	B-related small subunit		
SY456YB-8-12_bin5|SY456YB-8-12_bin5-k141_222164_2	SY456YB-8-12_bin5-k141_222164_2	SY456YB-8-12_bin5	IdrA-associated clade	SY456YB-8-12_bin5-k141_222164_4	2	1949.5	2980.5	-	P-like		
SY457BB-0-4_bin10|SY457BB-0-4_bin10-k141_729355_7	SY457BB-0-4_bin10-k141_729355_7	SY457BB-0-4_bin10	IdrA-associated clade	SY457BB-0-4_bin10-k141_729355_1	-6	-4042.0	-3974.0	-	function unknown		
SY457BB-0-4_bin10|SY457BB-0-4_bin10-k141_729355_7	SY457BB-0-4_bin10-k141_729355_7	SY457BB-0-4_bin10	IdrA-associated clade	SY457BB-0-4_bin10-k141_729355_2	-5	-3566.0	-2982.0	+	function unknown		
SY457BB-0-4_bin10|SY457BB-0-4_bin10-k141_729355_7	SY457BB-0-4_bin10-k141_729355_7	SY457BB-0-4_bin10	IdrA-associated clade	SY457BB-0-4_bin10-k141_729355_3	-4	-2848.0	-2450.0	+	function unknown		
SY457BB-0-4_bin10|SY457BB-0-4_bin10-k141_729355_7	SY457BB-0-4_bin10-k141_729355_7	SY457BB-0-4_bin10	IdrA-associated clade	SY457BB-0-4_bin10-k141_729355_4	-3	-2312.0	-1896.0	-	function unknown		
SY457BB-0-4_bin10|SY457BB-0-4_bin10-k141_729355_7	SY457BB-0-4_bin10-k141_729355_7	SY457BB-0-4_bin10	IdrA-associated clade	SY457BB-0-4_bin10-k141_729355_5	-2	-1843.0	-1424.0	-	function unknown		
SY457BB-0-4_bin10|SY457BB-0-4_bin10-k141_729355_7	SY457BB-0-4_bin10-k141_729355_7	SY457BB-0-4_bin10	IdrA-associated clade	SY457BB-0-4_bin10-k141_729355_6	-1	-1384.0	-1064.0	+	function unknown		
SY457BB-0-4_bin10|SY457BB-0-4_bin10-k141_729355_7	SY457BB-0-4_bin10-k141_729355_7	SY457BB-0-4_bin10	IdrA-associated clade	SY457BB-0-4_bin10-k141_729355_7	0	-1078.0	1078.0	-	AioA/IdrA-related A		
SY457BB-0-4_bin10|SY457BB-0-4_bin10-k141_729355_7	SY457BB-0-4_bin10-k141_729355_7	SY457BB-0-4_bin10	IdrA-associated clade	SY457BB-0-4_bin10-k141_729355_8	1	1139.0	3163.0	-	function unknown		
SY457BB-0-4_bin2|SY457BB-0-4_bin2-k141_509701_9	SY457BB-0-4_bin2-k141_509701_9	SY457BB-0-4_bin2	IdrA-associated clade	SY457BB-0-4_bin2-k141_509701_1	-8	-8061.5	-7360.5	+	function unknown		
SY457BB-0-4_bin2|SY457BB-0-4_bin2-k141_509701_9	SY457BB-0-4_bin2-k141_509701_9	SY457BB-0-4_bin2	IdrA-associated clade	SY457BB-0-4_bin2-k141_509701_2	-7	-7219.5	-6965.5	+	function unknown		
SY457BB-0-4_bin2|SY457BB-0-4_bin2-k141_509701_9	SY457BB-0-4_bin2-k141_509701_9	SY457BB-0-4_bin2	IdrA-associated clade	SY457BB-0-4_bin2-k141_509701_3	-6	-6962.5	-6510.5	+	function unknown		
SY457BB-0-4_bin2|SY457BB-0-4_bin2-k141_509701_9	SY457BB-0-4_bin2-k141_509701_9	SY457BB-0-4_bin2	IdrA-associated clade	SY457BB-0-4_bin2-k141_509701_4	-5	-6513.5	-6085.5	+	function unknown		
SY457BB-0-4_bin2|SY457BB-0-4_bin2-k141_509701_9	SY457BB-0-4_bin2-k141_509701_9	SY457BB-0-4_bin2	IdrA-associated clade	SY457BB-0-4_bin2-k141_509701_5	-4	-6092.5	-4614.5	+	function unknown		
SY457BB-0-4_bin2|SY457BB-0-4_bin2-k141_509701_9	SY457BB-0-4_bin2-k141_509701_9	SY457BB-0-4_bin2	IdrA-associated clade	SY457BB-0-4_bin2-k141_509701_6	-3	-4315.5	-3197.5	+	P-like		
SY457BB-0-4_bin2|SY457BB-0-4_bin2-k141_509701_9	SY457BB-0-4_bin2-k141_509701_9	SY457BB-0-4_bin2	IdrA-associated clade	SY457BB-0-4_bin2-k141_509701_7	-2	-3180.5	-1990.5	+	P-like		
SY457BB-0-4_bin2|SY457BB-0-4_bin2-k141_509701_9	SY457BB-0-4_bin2-k141_509701_9	SY457BB-0-4_bin2	IdrA-associated clade	SY457BB-0-4_bin2-k141_509701_8	-1	-1993.5	-1367.5	+	B-related small subunit		
SY457BB-0-4_bin2|SY457BB-0-4_bin2-k141_509701_9	SY457BB-0-4_bin2-k141_509701_9	SY457BB-0-4_bin2	IdrA-associated clade	SY457BB-0-4_bin2-k141_509701_9	0	-1355.5	1355.5	+	AioA/IdrA-related A		
SY457BB-0-4_bin20|SY457BB-0-4_bin20-k141_675426_1	SY457BB-0-4_bin20-k141_675426_1	SY457BB-0-4_bin20	Unknown DMSOR clade	SY457BB-0-4_bin20-k141_675426_1	0	-959.5	959.5	-	AioA/IdrA-related A		
SY457BB-0-4_bin20|SY457BB-0-4_bin20-k141_675426_1	SY457BB-0-4_bin20-k141_675426_1	SY457BB-0-4_bin20	Unknown DMSOR clade	SY457BB-0-4_bin20-k141_675426_2	1	956.5	1498.5	-	B-related small subunit		
SY457BB-0-4_bin20|SY457BB-0-4_bin20-k141_675426_1	SY457BB-0-4_bin20-k141_675426_1	SY457BB-0-4_bin20	Unknown DMSOR clade	SY457BB-0-4_bin20-k141_675426_3	2	1612.5	2460.5	-	function unknown		
SY457BB-0-4_bin20|SY457BB-0-4_bin20-k141_675426_1	SY457BB-0-4_bin20-k141_675426_1	SY457BB-0-4_bin20	Unknown DMSOR clade	SY457BB-0-4_bin20-k141_675426_4	3	2554.5	3387.5	+	function unknown		
SY457BB-0-4_bin20|SY457BB-0-4_bin20-k141_675426_1	SY457BB-0-4_bin20-k141_675426_1	SY457BB-0-4_bin20	Unknown DMSOR clade	SY457BB-0-4_bin20-k141_675426_5	4	3514.5	4629.5	-	function unknown		
SY457BB-0-4_bin20|SY457BB-0-4_bin20-k141_675426_1	SY457BB-0-4_bin20-k141_675426_1	SY457BB-0-4_bin20	Unknown DMSOR clade	SY457BB-0-4_bin20-k141_675426_6	5	4763.5	5929.5	+	function unknown		
SY457BB-0-4_bin20|SY457BB-0-4_bin20-k141_675426_1	SY457BB-0-4_bin20-k141_675426_1	SY457BB-0-4_bin20	Unknown DMSOR clade	SY457BB-0-4_bin20-k141_675426_7	6	5926.5	6846.5	+	function unknown		
SY457BB-0-4_bin20|SY457BB-0-4_bin20-k141_675426_1	SY457BB-0-4_bin20-k141_675426_1	SY457BB-0-4_bin20	Unknown DMSOR clade	SY457BB-0-4_bin20-k141_675426_8	7	6843.5	8108.5	+	function unknown		
SY457BB-0-4_bin20|SY457BB-0-4_bin20-k141_675426_1	SY457BB-0-4_bin20-k141_675426_1	SY457BB-0-4_bin20	Unknown DMSOR clade	SY457BB-0-4_bin20-k141_675426_9	8	8183.5	9172.5	+	function unknown		
SY457BB-0-4_bin20|SY457BB-0-4_bin20-k141_675426_1	SY457BB-0-4_bin20-k141_675426_1	SY457BB-0-4_bin20	Unknown DMSOR clade	SY457BB-0-4_bin20-k141_675426_10	9	9338.5	9883.5	+	function unknown		
SY457BB-0-4_bin35|SY457BB-0-4_bin35-k141_455312_8	SY457BB-0-4_bin35-k141_455312_8	SY457BB-0-4_bin35	IdrA clade	SY457BB-0-4_bin35-k141_455312_1	-7	-7860.0	-7558.0	+	function unknown		
SY457BB-0-4_bin35|SY457BB-0-4_bin35-k141_455312_8	SY457BB-0-4_bin35-k141_455312_8	SY457BB-0-4_bin35	IdrA clade	SY457BB-0-4_bin35-k141_455312_2	-6	-7505.0	-6774.0	-	function unknown		
SY457BB-0-4_bin35|SY457BB-0-4_bin35-k141_455312_8	SY457BB-0-4_bin35-k141_455312_8	SY457BB-0-4_bin35	IdrA clade	SY457BB-0-4_bin35-k141_455312_3	-5	-6642.0	-4390.0	+	function unknown		
SY457BB-0-4_bin35|SY457BB-0-4_bin35-k141_455312_8	SY457BB-0-4_bin35-k141_455312_8	SY457BB-0-4_bin35	IdrA clade	SY457BB-0-4_bin35-k141_455312_4	-4	-4251.0	-3136.0	+	P-like		
SY457BB-0-4_bin35|SY457BB-0-4_bin35-k141_455312_8	SY457BB-0-4_bin35-k141_455312_8	SY457BB-0-4_bin35	IdrA clade	SY457BB-0-4_bin35-k141_455312_5	-3	-3124.0	-2942.0	+	function unknown		
SY457BB-0-4_bin35|SY457BB-0-4_bin35-k141_455312_8	SY457BB-0-4_bin35-k141_455312_8	SY457BB-0-4_bin35	IdrA clade	SY457BB-0-4_bin35-k141_455312_6	-2	-2914.0	-1943.0	+	P-like		
SY457BB-0-4_bin35|SY457BB-0-4_bin35-k141_455312_8	SY457BB-0-4_bin35-k141_455312_8	SY457BB-0-4_bin35	IdrA clade	SY457BB-0-4_bin35-k141_455312_7	-1	-1930.0	-1358.0	+	B-related small subunit		
SY457BB-0-4_bin35|SY457BB-0-4_bin35-k141_455312_8	SY457BB-0-4_bin35-k141_455312_8	SY457BB-0-4_bin35	IdrA clade	SY457BB-0-4_bin35-k141_455312_8	0	-1339.0	1339.0	+	AioA/IdrA-related A		
SY457BB-0-4_bin35|SY457BB-0-4_bin35-k141_455312_8	SY457BB-0-4_bin35-k141_455312_8	SY457BB-0-4_bin35	IdrA clade	SY457BB-0-4_bin35-k141_455312_9	1	1524.0	3305.0	+	function unknown		
SY457BB-0-4_bin35|SY457BB-0-4_bin35-k141_455312_8	SY457BB-0-4_bin35-k141_455312_8	SY457BB-0-4_bin35	IdrA clade	SY457BB-0-4_bin35-k141_455312_10	2	3302.0	3943.0	+	function unknown		
SY457BB-0-4_bin35|SY457BB-0-4_bin35-k141_455312_8	SY457BB-0-4_bin35-k141_455312_8	SY457BB-0-4_bin35	IdrA clade	SY457BB-0-4_bin35-k141_455312_11	3	4005.0	4553.0	+	function unknown		
SY457BB-0-4_bin35|SY457BB-0-4_bin35-k141_455312_8	SY457BB-0-4_bin35-k141_455312_8	SY457BB-0-4_bin35	IdrA clade	SY457BB-0-4_bin35-k141_455312_12	4	4547.0	5530.0	+	function unknown		
SY457BB-0-4_bin35|SY457BB-0-4_bin35-k141_455312_8	SY457BB-0-4_bin35-k141_455312_8	SY457BB-0-4_bin35	IdrA clade	SY457BB-0-4_bin35-k141_455312_13	5	5536.0	6447.0	+	function unknown		
SY457BB-0-4_bin35|SY457BB-0-4_bin35-k141_455312_8	SY457BB-0-4_bin35-k141_455312_8	SY457BB-0-4_bin35	IdrA clade	SY457BB-0-4_bin35-k141_455312_14	6	6459.0	6971.0	+	function unknown		
SY457BB-0-4_bin35|SY457BB-0-4_bin35-k141_455312_8	SY457BB-0-4_bin35-k141_455312_8	SY457BB-0-4_bin35	IdrA clade	SY457BB-0-4_bin35-k141_455312_15	7	7022.0	7420.0	-	function unknown		
SY457BB-0-4_bin6|SY457BB-0-4_bin6-k141_196093_82	SY457BB-0-4_bin6-k141_196093_82	SY457BB-0-4_bin6	IdrA clade	SY457BB-0-4_bin6-k141_196093_72	-10	-12282.5	-11479.5	+	function unknown		
SY457BB-0-4_bin6|SY457BB-0-4_bin6-k141_196093_82	SY457BB-0-4_bin6-k141_196093_82	SY457BB-0-4_bin6	IdrA clade	SY457BB-0-4_bin6-k141_196093_73	-9	-11476.5	-10259.5	+	function unknown		
SY457BB-0-4_bin6|SY457BB-0-4_bin6-k141_196093_82	SY457BB-0-4_bin6-k141_196093_82	SY457BB-0-4_bin6	IdrA clade	SY457BB-0-4_bin6-k141_196093_74	-8	-10049.5	-8658.5	-	function unknown		
SY457BB-0-4_bin6|SY457BB-0-4_bin6-k141_196093_82	SY457BB-0-4_bin6-k141_196093_82	SY457BB-0-4_bin6	IdrA clade	SY457BB-0-4_bin6-k141_196093_75	-7	-8661.5	-7321.5	-	function unknown		
SY457BB-0-4_bin6|SY457BB-0-4_bin6-k141_196093_82	SY457BB-0-4_bin6-k141_196093_82	SY457BB-0-4_bin6	IdrA clade	SY457BB-0-4_bin6-k141_196093_76	-6	-7346.5	-5676.5	-	function unknown		
SY457BB-0-4_bin6|SY457BB-0-4_bin6-k141_196093_82	SY457BB-0-4_bin6-k141_196093_82	SY457BB-0-4_bin6	IdrA clade	SY457BB-0-4_bin6-k141_196093_77	-5	-5362.5	-4355.5	+	function unknown		
SY457BB-0-4_bin6|SY457BB-0-4_bin6-k141_196093_82	SY457BB-0-4_bin6-k141_196093_82	SY457BB-0-4_bin6	IdrA clade	SY457BB-0-4_bin6-k141_196093_78	-4	-4247.5	-3066.5	+	function unknown		
SY457BB-0-4_bin6|SY457BB-0-4_bin6-k141_196093_82	SY457BB-0-4_bin6-k141_196093_82	SY457BB-0-4_bin6	IdrA clade	SY457BB-0-4_bin6-k141_196093_79	-3	-2880.5	-2656.5	+	function unknown		
SY457BB-0-4_bin6|SY457BB-0-4_bin6-k141_196093_82	SY457BB-0-4_bin6-k141_196093_82	SY457BB-0-4_bin6	IdrA clade	SY457BB-0-4_bin6-k141_196093_80	-2	-2644.5	-1469.5	+	P-like		
SY457BB-0-4_bin6|SY457BB-0-4_bin6-k141_196093_82	SY457BB-0-4_bin6-k141_196093_82	SY457BB-0-4_bin6	IdrA clade	SY457BB-0-4_bin6-k141_196093_81	-1	-1458.5	-307.5	+	P-like		
SY457BB-0-4_bin6|SY457BB-0-4_bin6-k141_196093_82	SY457BB-0-4_bin6-k141_196093_82	SY457BB-0-4_bin6	IdrA clade	SY457BB-0-4_bin6-k141_196093_82	0	-293.5	293.5	+	AioA/IdrA-related A		
SY457BB-0-4_bin6|SY457BB-0-4_bin6-k141_196093_82	SY457BB-0-4_bin6-k141_196093_82	SY457BB-0-4_bin6	IdrA clade	SY457BB-0-4_bin6-k141_196093_83	1	306.5	2981.5	+	function unknown		
SY457BB-0-4_bin6|SY457BB-0-4_bin6-k141_196093_82	SY457BB-0-4_bin6-k141_196093_82	SY457BB-0-4_bin6	IdrA clade	SY457BB-0-4_bin6-k141_196093_84	2	2978.5	5212.5	+	function unknown		
SY457BB-0-4_bin6|SY457BB-0-4_bin6-k141_196093_82	SY457BB-0-4_bin6-k141_196093_82	SY457BB-0-4_bin6	IdrA clade	SY457BB-0-4_bin6-k141_196093_85	3	5255.5	6055.5	+	function unknown		
SY457BB-0-4_bin6|SY457BB-0-4_bin6-k141_196093_82	SY457BB-0-4_bin6-k141_196093_82	SY457BB-0-4_bin6	IdrA clade	SY457BB-0-4_bin6-k141_196093_86	4	6096.5	8246.5	+	function unknown		
SY457BB-0-4_bin6|SY457BB-0-4_bin6-k141_196093_82	SY457BB-0-4_bin6-k141_196093_82	SY457BB-0-4_bin6	IdrA clade	SY457BB-0-4_bin6-k141_196093_87	5	8251.5	9246.5	+	function unknown		
SY457BB-0-4_bin6|SY457BB-0-4_bin6-k141_196093_82	SY457BB-0-4_bin6-k141_196093_82	SY457BB-0-4_bin6	IdrA clade	SY457BB-0-4_bin6-k141_196093_88	6	9296.5	10261.5	+	function unknown		
SY457BB-0-4_bin6|SY457BB-0-4_bin6-k141_196093_82	SY457BB-0-4_bin6-k141_196093_82	SY457BB-0-4_bin6	IdrA clade	SY457BB-0-4_bin6-k141_196093_89	7	10258.5	11919.5	+	function unknown		
SY457BB-0-4_bin6|SY457BB-0-4_bin6-k141_196093_82	SY457BB-0-4_bin6-k141_196093_82	SY457BB-0-4_bin6	IdrA clade	SY457BB-0-4_bin6-k141_196093_90	8	11961.5	12632.5	+	function unknown		
SY457BB-0-4_bin6|SY457BB-0-4_bin6-k141_196093_82	SY457BB-0-4_bin6-k141_196093_82	SY457BB-0-4_bin6	IdrA clade	SY457BB-0-4_bin6-k141_196093_91	9	12653.5	13021.5	+	function unknown		
SY457BB-0-4_bin6|SY457BB-0-4_bin6-k141_196093_82	SY457BB-0-4_bin6-k141_196093_82	SY457BB-0-4_bin6	IdrA clade	SY457BB-0-4_bin6-k141_196093_92	10	13033.5	13137.5	-	function unknown		
SY457BB-4-8_bin29|SY457BB-4-8_bin29-k141_12975_7	SY457BB-4-8_bin29-k141_12975_7	SY457BB-4-8_bin29	IdrA clade	SY457BB-4-8_bin29-k141_12975_1	-6	-8816.0	-7785.0	+	function unknown		
SY457BB-4-8_bin29|SY457BB-4-8_bin29-k141_12975_7	SY457BB-4-8_bin29-k141_12975_7	SY457BB-4-8_bin29	IdrA clade	SY457BB-4-8_bin29-k141_12975_2	-5	-7788.0	-6640.0	+	function unknown		
SY457BB-4-8_bin29|SY457BB-4-8_bin29-k141_12975_7	SY457BB-4-8_bin29-k141_12975_7	SY457BB-4-8_bin29	IdrA clade	SY457BB-4-8_bin29-k141_12975_3	-4	-6629.0	-4383.0	+	function unknown		
SY457BB-4-8_bin29|SY457BB-4-8_bin29-k141_12975_7	SY457BB-4-8_bin29-k141_12975_7	SY457BB-4-8_bin29	IdrA clade	SY457BB-4-8_bin29-k141_12975_4	-3	-4224.0	-3106.0	+	P-like		
SY457BB-4-8_bin29|SY457BB-4-8_bin29-k141_12975_7	SY457BB-4-8_bin29-k141_12975_7	SY457BB-4-8_bin29	IdrA clade	SY457BB-4-8_bin29-k141_12975_5	-2	-3091.0	-1949.0	+	P-like		
SY457BB-4-8_bin29|SY457BB-4-8_bin29-k141_12975_7	SY457BB-4-8_bin29-k141_12975_7	SY457BB-4-8_bin29	IdrA clade	SY457BB-4-8_bin29-k141_12975_6	-1	-1927.0	-1352.0	+	B-related small subunit		
SY457BB-4-8_bin29|SY457BB-4-8_bin29-k141_12975_7	SY457BB-4-8_bin29-k141_12975_7	SY457BB-4-8_bin29	IdrA clade	SY457BB-4-8_bin29-k141_12975_7	0	-1339.0	1339.0	+	AioA/IdrA-related A		
SY457BB-4-8_bin29|SY457BB-4-8_bin29-k141_12975_7	SY457BB-4-8_bin29-k141_12975_7	SY457BB-4-8_bin29	IdrA clade	SY457BB-4-8_bin29-k141_12975_8	1	1498.0	1644.0	+	function unknown		
SY457BB-4-8_bin33|SY457BB-4-8_bin33-k141_110702_26	SY457BB-4-8_bin33-k141_110702_26	SY457BB-4-8_bin33	IdrA clade	SY457BB-4-8_bin33-k141_110702_16	-10	-11247.5	-9415.5	-	function unknown		
SY457BB-4-8_bin33|SY457BB-4-8_bin33-k141_110702_26	SY457BB-4-8_bin33-k141_110702_26	SY457BB-4-8_bin33	IdrA clade	SY457BB-4-8_bin33-k141_110702_17	-9	-9399.5	-9277.5	-	function unknown		
SY457BB-4-8_bin33|SY457BB-4-8_bin33-k141_110702_26	SY457BB-4-8_bin33-k141_110702_26	SY457BB-4-8_bin33	IdrA clade	SY457BB-4-8_bin33-k141_110702_18	-8	-9040.5	-8936.5	+	function unknown		
SY457BB-4-8_bin33|SY457BB-4-8_bin33-k141_110702_26	SY457BB-4-8_bin33-k141_110702_26	SY457BB-4-8_bin33	IdrA clade	SY457BB-4-8_bin33-k141_110702_19	-7	-8923.5	-8555.5	-	function unknown		
SY457BB-4-8_bin33|SY457BB-4-8_bin33-k141_110702_26	SY457BB-4-8_bin33-k141_110702_26	SY457BB-4-8_bin33	IdrA clade	SY457BB-4-8_bin33-k141_110702_20	-6	-8534.5	-7863.5	-	function unknown		
SY457BB-4-8_bin33|SY457BB-4-8_bin33-k141_110702_26	SY457BB-4-8_bin33-k141_110702_26	SY457BB-4-8_bin33	IdrA clade	SY457BB-4-8_bin33-k141_110702_21	-5	-7822.5	-6164.5	-	function unknown		
SY457BB-4-8_bin33|SY457BB-4-8_bin33-k141_110702_26	SY457BB-4-8_bin33-k141_110702_26	SY457BB-4-8_bin33	IdrA clade	SY457BB-4-8_bin33-k141_110702_22	-4	-6164.5	-5196.5	-	function unknown		
SY457BB-4-8_bin33|SY457BB-4-8_bin33-k141_110702_26	SY457BB-4-8_bin33-k141_110702_26	SY457BB-4-8_bin33	IdrA clade	SY457BB-4-8_bin33-k141_110702_23	-3	-5140.5	-4151.5	-	function unknown		
SY457BB-4-8_bin33|SY457BB-4-8_bin33-k141_110702_26	SY457BB-4-8_bin33-k141_110702_26	SY457BB-4-8_bin33	IdrA clade	SY457BB-4-8_bin33-k141_110702_24	-2	-4146.5	-1996.5	-	function unknown		
SY457BB-4-8_bin33|SY457BB-4-8_bin33-k141_110702_26	SY457BB-4-8_bin33-k141_110702_26	SY457BB-4-8_bin33	IdrA clade	SY457BB-4-8_bin33-k141_110702_25	-1	-1952.5	-1152.5	-	function unknown		
SY457BB-4-8_bin33|SY457BB-4-8_bin33-k141_110702_26	SY457BB-4-8_bin33-k141_110702_26	SY457BB-4-8_bin33	IdrA clade	SY457BB-4-8_bin33-k141_110702_26	0	-1112.5	1112.5	-	AioA/IdrA-related A		
SY457BB-4-8_bin33|SY457BB-4-8_bin33-k141_110702_26	SY457BB-4-8_bin33-k141_110702_26	SY457BB-4-8_bin33	IdrA clade	SY457BB-4-8_bin33-k141_110702_27	1	1118.5	3793.5	-	function unknown		
SY457BB-4-8_bin33|SY457BB-4-8_bin33-k141_110702_26	SY457BB-4-8_bin33-k141_110702_26	SY457BB-4-8_bin33	IdrA clade	SY457BB-4-8_bin33-k141_110702_28	2	3805.5	4392.5	-	B-related small subunit		
SY457BB-4-8_bin33|SY457BB-4-8_bin33-k141_110702_26	SY457BB-4-8_bin33-k141_110702_26	SY457BB-4-8_bin33	IdrA clade	SY457BB-4-8_bin33-k141_110702_29	3	4406.5	5563.5	-	P-like		
SY457BB-4-8_bin33|SY457BB-4-8_bin33-k141_110702_26	SY457BB-4-8_bin33-k141_110702_26	SY457BB-4-8_bin33	IdrA clade	SY457BB-4-8_bin33-k141_110702_30	4	5574.5	6680.5	-	P-like		
SY457BB-4-8_bin33|SY457BB-4-8_bin33-k141_110702_26	SY457BB-4-8_bin33-k141_110702_26	SY457BB-4-8_bin33	IdrA clade	SY457BB-4-8_bin33-k141_110702_31	5	6748.5	6978.5	-	function unknown		
SY457BB-4-8_bin33|SY457BB-4-8_bin33-k141_110702_26	SY457BB-4-8_bin33-k141_110702_26	SY457BB-4-8_bin33	IdrA clade	SY457BB-4-8_bin33-k141_110702_32	6	7174.5	8355.5	-	function unknown		
SY457BB-4-8_bin33|SY457BB-4-8_bin33-k141_110702_26	SY457BB-4-8_bin33-k141_110702_26	SY457BB-4-8_bin33	IdrA clade	SY457BB-4-8_bin33-k141_110702_33	7	8787.5	10457.5	+	function unknown		
SY457BB-4-8_bin33|SY457BB-4-8_bin33-k141_110702_26	SY457BB-4-8_bin33-k141_110702_26	SY457BB-4-8_bin33	IdrA clade	SY457BB-4-8_bin33-k141_110702_34	8	10484.5	11782.5	+	function unknown		
SY457BB-4-8_bin33|SY457BB-4-8_bin33-k141_110702_26	SY457BB-4-8_bin33-k141_110702_26	SY457BB-4-8_bin33	IdrA clade	SY457BB-4-8_bin33-k141_110702_35	9	11779.5	13167.5	+	function unknown		
SY457BB-4-8_bin33|SY457BB-4-8_bin33-k141_110702_26	SY457BB-4-8_bin33-k141_110702_26	SY457BB-4-8_bin33	IdrA clade	SY457BB-4-8_bin33-k141_110702_36	10	13185.5	13901.5	-	function unknown		
SY457BB-8-12_bin10|SY457BB-8-12_bin10-k141_377897_3	SY457BB-8-12_bin10-k141_377897_3	SY457BB-8-12_bin10	IdrA-associated clade	SY457BB-8-12_bin10-k141_377897_1	-2	-2166.0	-1948.0	+	function unknown		
SY457BB-8-12_bin10|SY457BB-8-12_bin10-k141_377897_3	SY457BB-8-12_bin10-k141_377897_3	SY457BB-8-12_bin10	IdrA-associated clade	SY457BB-8-12_bin10-k141_377897_2	-1	-1930.0	-1352.0	+	B-related small subunit		
SY457BB-8-12_bin10|SY457BB-8-12_bin10-k141_377897_3	SY457BB-8-12_bin10-k141_377897_3	SY457BB-8-12_bin10	IdrA-associated clade	SY457BB-8-12_bin10-k141_377897_3	0	-1339.0	1339.0	+	AioA/IdrA-related A		
SY457BB-8-12_bin10|SY457BB-8-12_bin10-k141_377897_3	SY457BB-8-12_bin10-k141_377897_3	SY457BB-8-12_bin10	IdrA-associated clade	SY457BB-8-12_bin10-k141_377897_4	1	1493.0	3667.0	+	function unknown		
SY457BB-8-12_bin10|SY457BB-8-12_bin10-k141_377897_3	SY457BB-8-12_bin10-k141_377897_3	SY457BB-8-12_bin10	IdrA-associated clade	SY457BB-8-12_bin10-k141_377897_5	2	3704.0	4444.0	+	function unknown		
SY457BB-8-12_bin10|SY457BB-8-12_bin10-k141_377897_3	SY457BB-8-12_bin10-k141_377897_3	SY457BB-8-12_bin10	IdrA-associated clade	SY457BB-8-12_bin10-k141_377897_6	3	4564.0	5403.0	+	function unknown		
SY457BB-8-12_bin10|SY457BB-8-12_bin10-k141_377897_3	SY457BB-8-12_bin10-k141_377897_3	SY457BB-8-12_bin10	IdrA-associated clade	SY457BB-8-12_bin10-k141_377897_7	4	5413.0	7077.0	+	function unknown		
SY457BB-8-12_bin10|SY457BB-8-12_bin10-k141_377897_3	SY457BB-8-12_bin10-k141_377897_3	SY457BB-8-12_bin10	IdrA-associated clade	SY457BB-8-12_bin10-k141_377897_8	5	7077.0	8345.0	+	function unknown		
SY457BB-8-12_bin10|SY457BB-8-12_bin10-k141_377897_3	SY457BB-8-12_bin10-k141_377897_3	SY457BB-8-12_bin10	IdrA-associated clade	SY457BB-8-12_bin10-k141_377897_9	6	8342.0	9706.0	+	function unknown		
SY457BB-8-12_bin10|SY457BB-8-12_bin10-k141_377897_3	SY457BB-8-12_bin10-k141_377897_3	SY457BB-8-12_bin10	IdrA-associated clade	SY457BB-8-12_bin10-k141_377897_10	7	9791.0	10318.0	-	function unknown		
SY457BB-8-12_bin10|SY457BB-8-12_bin10-k141_377897_3	SY457BB-8-12_bin10-k141_377897_3	SY457BB-8-12_bin10	IdrA-associated clade	SY457BB-8-12_bin10-k141_377897_11	8	10320.0	11165.0	-	function unknown		
SY457BB-8-12_bin10|SY457BB-8-12_bin10-k141_377897_3	SY457BB-8-12_bin10-k141_377897_3	SY457BB-8-12_bin10	IdrA-associated clade	SY457BB-8-12_bin10-k141_377897_12	9	11165.0	12298.0	-	function unknown		
SY457BB-8-12_bin10|SY457BB-8-12_bin10-k141_377897_3	SY457BB-8-12_bin10-k141_377897_3	SY457BB-8-12_bin10	IdrA-associated clade	SY457BB-8-12_bin10-k141_377897_13	10	12295.0	13191.0	-	function unknown		
SY457BB-8-12_bin15|SY457BB-8-12_bin15-k141_1498167_38	SY457BB-8-12_bin15-k141_1498167_38	SY457BB-8-12_bin15	IdrA clade	SY457BB-8-12_bin15-k141_1498167_28	-10	-14270.0	-12930.0	+	function unknown		
SY457BB-8-12_bin15|SY457BB-8-12_bin15-k141_1498167_38	SY457BB-8-12_bin15-k141_1498167_38	SY457BB-8-12_bin15	IdrA clade	SY457BB-8-12_bin15-k141_1498167_29	-9	-12895.0	-12131.0	-	function unknown		
SY457BB-8-12_bin15|SY457BB-8-12_bin15-k141_1498167_38	SY457BB-8-12_bin15-k141_1498167_38	SY457BB-8-12_bin15	IdrA clade	SY457BB-8-12_bin15-k141_1498167_30	-8	-12094.0	-9788.0	+	function unknown		
SY457BB-8-12_bin15|SY457BB-8-12_bin15-k141_1498167_38	SY457BB-8-12_bin15-k141_1498167_38	SY457BB-8-12_bin15	IdrA clade	SY457BB-8-12_bin15-k141_1498167_31	-7	-9770.0	-8397.0	-	function unknown		
SY457BB-8-12_bin15|SY457BB-8-12_bin15-k141_1498167_38	SY457BB-8-12_bin15-k141_1498167_38	SY457BB-8-12_bin15	IdrA clade	SY457BB-8-12_bin15-k141_1498167_32	-6	-8407.0	-7130.0	-	function unknown		
SY457BB-8-12_bin15|SY457BB-8-12_bin15-k141_1498167_38	SY457BB-8-12_bin15-k141_1498167_38	SY457BB-8-12_bin15	IdrA clade	SY457BB-8-12_bin15-k141_1498167_33	-5	-7137.0	-5467.0	-	function unknown		
SY457BB-8-12_bin15|SY457BB-8-12_bin15-k141_1498167_38	SY457BB-8-12_bin15-k141_1498167_38	SY457BB-8-12_bin15	IdrA clade	SY457BB-8-12_bin15-k141_1498167_34	-4	-5460.0	-4711.0	-	function unknown		
SY457BB-8-12_bin15|SY457BB-8-12_bin15-k141_1498167_38	SY457BB-8-12_bin15-k141_1498167_38	SY457BB-8-12_bin15	IdrA clade	SY457BB-8-12_bin15-k141_1498167_35	-3	-4609.0	-4502.0	-	function unknown		
SY457BB-8-12_bin15|SY457BB-8-12_bin15-k141_1498167_38	SY457BB-8-12_bin15-k141_1498167_38	SY457BB-8-12_bin15	IdrA clade	SY457BB-8-12_bin15-k141_1498167_36	-2	-4476.0	-3736.0	-	function unknown		
SY457BB-8-12_bin15|SY457BB-8-12_bin15-k141_1498167_38	SY457BB-8-12_bin15-k141_1498167_38	SY457BB-8-12_bin15	IdrA clade	SY457BB-8-12_bin15-k141_1498167_37	-1	-3710.0	-1494.0	-	function unknown		
SY457BB-8-12_bin15|SY457BB-8-12_bin15-k141_1498167_38	SY457BB-8-12_bin15-k141_1498167_38	SY457BB-8-12_bin15	IdrA clade	SY457BB-8-12_bin15-k141_1498167_38	0	-1339.0	1339.0	-	AioA/IdrA-related A		
SY457BB-8-12_bin15|SY457BB-8-12_bin15-k141_1498167_38	SY457BB-8-12_bin15-k141_1498167_38	SY457BB-8-12_bin15	IdrA clade	SY457BB-8-12_bin15-k141_1498167_39	1	1352.0	1933.0	-	B-related small subunit		
SY457BB-8-12_bin15|SY457BB-8-12_bin15-k141_1498167_38	SY457BB-8-12_bin15-k141_1498167_38	SY457BB-8-12_bin15	IdrA clade	SY457BB-8-12_bin15-k141_1498167_40	2	1954.0	3096.0	-	P-like		
SY457BB-8-12_bin15|SY457BB-8-12_bin15-k141_1498167_38	SY457BB-8-12_bin15-k141_1498167_38	SY457BB-8-12_bin15	IdrA clade	SY457BB-8-12_bin15-k141_1498167_41	3	3112.0	4233.0	-	P-like		
SY457BB-8-12_bin15|SY457BB-8-12_bin15-k141_1498167_38	SY457BB-8-12_bin15-k141_1498167_38	SY457BB-8-12_bin15	IdrA clade	SY457BB-8-12_bin15-k141_1498167_42	4	4371.0	4568.0	-	function unknown		
SY457BB-8-12_bin16|SY457BB-8-12_bin16-k141_1142550_1	SY457BB-8-12_bin16-k141_1142550_1	SY457BB-8-12_bin16	IdrA-associated clade	SY457BB-8-12_bin16-k141_1142550_1	0	-1342.0	1342.0	+	AioA/IdrA-related A		
SY457BB-8-12_bin16|SY457BB-8-12_bin16-k141_1142550_1	SY457BB-8-12_bin16-k141_1142550_1	SY457BB-8-12_bin16	IdrA-associated clade	SY457BB-8-12_bin16-k141_1142550_2	1	1507.0	3696.0	+	function unknown		
SY457BB-8-12_bin16|SY457BB-8-12_bin16-k141_1142550_1	SY457BB-8-12_bin16-k141_1142550_1	SY457BB-8-12_bin16	IdrA-associated clade	SY457BB-8-12_bin16-k141_1142550_3	2	3721.0	4461.0	+	function unknown		
SY457BB-8-12_bin16|SY457BB-8-12_bin16-k141_1142550_1	SY457BB-8-12_bin16-k141_1142550_1	SY457BB-8-12_bin16	IdrA-associated clade	SY457BB-8-12_bin16-k141_1142550_4	3	4485.0	4592.0	+	function unknown		
SY457BB-8-12_bin16|SY457BB-8-12_bin16-k141_1142550_1	SY457BB-8-12_bin16-k141_1142550_1	SY457BB-8-12_bin16	IdrA-associated clade	SY457BB-8-12_bin16-k141_1142550_5	4	4589.0	5434.0	+	function unknown		
SY457BB-8-12_bin16|SY457BB-8-12_bin16-k141_1142550_1	SY457BB-8-12_bin16-k141_1142550_1	SY457BB-8-12_bin16	IdrA-associated clade	SY457BB-8-12_bin16-k141_1142550_6	5	5441.0	7090.0	+	function unknown		
SY457BB-8-12_bin16|SY457BB-8-12_bin16-k141_1142550_1	SY457BB-8-12_bin16-k141_1142550_1	SY457BB-8-12_bin16	IdrA-associated clade	SY457BB-8-12_bin16-k141_1142550_7	6	7090.0	8367.0	+	function unknown		
SY457BB-8-12_bin16|SY457BB-8-12_bin16-k141_1142550_1	SY457BB-8-12_bin16-k141_1142550_1	SY457BB-8-12_bin16	IdrA-associated clade	SY457BB-8-12_bin16-k141_1142550_8	7	8357.0	9730.0	+	function unknown		
SY457BB-8-12_bin16|SY457BB-8-12_bin16-k141_1142550_1	SY457BB-8-12_bin16-k141_1142550_1	SY457BB-8-12_bin16	IdrA-associated clade	SY457BB-8-12_bin16-k141_1142550_9	8	9734.0	11971.0	-	function unknown		
SY457BB-8-12_bin16|SY457BB-8-12_bin16-k141_1142550_1	SY457BB-8-12_bin16-k141_1142550_1	SY457BB-8-12_bin16	IdrA-associated clade	SY457BB-8-12_bin16-k141_1142550_10	9	12116.0	12838.0	+	function unknown		
SY457BB-8-12_bin16|SY457BB-8-12_bin16-k141_1142550_1	SY457BB-8-12_bin16-k141_1142550_1	SY457BB-8-12_bin16	IdrA-associated clade	SY457BB-8-12_bin16-k141_1142550_11	10	12912.0	13871.0	-	function unknown		
SY457BB-8-12_bin25|SY457BB-8-12_bin25-k141_129537_12	SY457BB-8-12_bin25-k141_129537_12	SY457BB-8-12_bin25	IdrA clade	SY457BB-8-12_bin25-k141_129537_2	-10	-11437.0	-10472.0	-	function unknown		
SY457BB-8-12_bin25|SY457BB-8-12_bin25-k141_129537_12	SY457BB-8-12_bin25-k141_129537_12	SY457BB-8-12_bin25	IdrA clade	SY457BB-8-12_bin25-k141_129537_3	-9	-10343.0	-10041.0	+	function unknown		
SY457BB-8-12_bin25|SY457BB-8-12_bin25-k141_129537_12	SY457BB-8-12_bin25-k141_129537_12	SY457BB-8-12_bin25	IdrA clade	SY457BB-8-12_bin25-k141_129537_4	-8	-9935.0	-9813.0	+	function unknown		
SY457BB-8-12_bin25|SY457BB-8-12_bin25-k141_129537_12	SY457BB-8-12_bin25-k141_129537_12	SY457BB-8-12_bin25	IdrA clade	SY457BB-8-12_bin25-k141_129537_5	-7	-9792.0	-9664.0	+	function unknown		
SY457BB-8-12_bin25|SY457BB-8-12_bin25-k141_129537_12	SY457BB-8-12_bin25-k141_129537_12	SY457BB-8-12_bin25	IdrA clade	SY457BB-8-12_bin25-k141_129537_6	-6	-9652.0	-7901.0	+	function unknown		
SY457BB-8-12_bin25|SY457BB-8-12_bin25-k141_129537_12	SY457BB-8-12_bin25-k141_129537_12	SY457BB-8-12_bin25	IdrA clade	SY457BB-8-12_bin25-k141_129537_7	-5	-7904.0	-6762.0	+	function unknown		
SY457BB-8-12_bin25|SY457BB-8-12_bin25-k141_129537_12	SY457BB-8-12_bin25-k141_129537_12	SY457BB-8-12_bin25	IdrA clade	SY457BB-8-12_bin25-k141_129537_8	-4	-6749.0	-4467.0	+	function unknown		
SY457BB-8-12_bin25|SY457BB-8-12_bin25-k141_129537_12	SY457BB-8-12_bin25-k141_129537_12	SY457BB-8-12_bin25	IdrA clade	SY457BB-8-12_bin25-k141_129537_9	-3	-4213.0	-3092.0	+	P-like		
SY457BB-8-12_bin25|SY457BB-8-12_bin25-k141_129537_12	SY457BB-8-12_bin25-k141_129537_12	SY457BB-8-12_bin25	IdrA clade	SY457BB-8-12_bin25-k141_129537_10	-2	-3076.0	-1943.0	+	P-like		
SY457BB-8-12_bin25|SY457BB-8-12_bin25-k141_129537_12	SY457BB-8-12_bin25-k141_129537_12	SY457BB-8-12_bin25	IdrA clade	SY457BB-8-12_bin25-k141_129537_11	-1	-1918.0	-1352.0	+	B-related small subunit		
SY457BB-8-12_bin25|SY457BB-8-12_bin25-k141_129537_12	SY457BB-8-12_bin25-k141_129537_12	SY457BB-8-12_bin25	IdrA clade	SY457BB-8-12_bin25-k141_129537_12	0	-1339.0	1339.0	+	AioA/IdrA-related A		
SY457BB-8-12_bin25|SY457BB-8-12_bin25-k141_129537_12	SY457BB-8-12_bin25-k141_129537_12	SY457BB-8-12_bin25	IdrA clade	SY457BB-8-12_bin25-k141_129537_13	1	1506.0	3686.0	+	function unknown		
SY457BB-8-12_bin25|SY457BB-8-12_bin25-k141_129537_12	SY457BB-8-12_bin25-k141_129537_12	SY457BB-8-12_bin25	IdrA clade	SY457BB-8-12_bin25-k141_129537_14	2	3709.0	4449.0	+	function unknown		
SY457BB-8-12_bin25|SY457BB-8-12_bin25-k141_129537_12	SY457BB-8-12_bin25-k141_129537_12	SY457BB-8-12_bin25	IdrA clade	SY457BB-8-12_bin25-k141_129537_15	3	4468.0	4575.0	+	function unknown		
SY457BB-8-12_bin25|SY457BB-8-12_bin25-k141_129537_12	SY457BB-8-12_bin25-k141_129537_12	SY457BB-8-12_bin25	IdrA clade	SY457BB-8-12_bin25-k141_129537_16	4	4572.0	5402.0	+	function unknown		
SY457BB-8-12_bin25|SY457BB-8-12_bin25-k141_129537_12	SY457BB-8-12_bin25-k141_129537_12	SY457BB-8-12_bin25	IdrA clade	SY457BB-8-12_bin25-k141_129537_17	5	5412.0	7052.0	+	function unknown		
SY457BB-8-12_bin25|SY457BB-8-12_bin25-k141_129537_12	SY457BB-8-12_bin25-k141_129537_12	SY457BB-8-12_bin25	IdrA clade	SY457BB-8-12_bin25-k141_129537_18	6	7045.0	8310.0	+	function unknown		
SY457BB-8-12_bin25|SY457BB-8-12_bin25-k141_129537_12	SY457BB-8-12_bin25-k141_129537_12	SY457BB-8-12_bin25	IdrA clade	SY457BB-8-12_bin25-k141_129537_19	7	8310.0	9710.0	+	function unknown		
SY457BB-8-12_bin25|SY457BB-8-12_bin25-k141_129537_12	SY457BB-8-12_bin25-k141_129537_12	SY457BB-8-12_bin25	IdrA clade	SY457BB-8-12_bin25-k141_129537_20	8	10435.0	10590.0	+	function unknown		
SY457BB-8-12_bin25|SY457BB-8-12_bin25-k141_129537_12	SY457BB-8-12_bin25-k141_129537_12	SY457BB-8-12_bin25	IdrA clade	SY457BB-8-12_bin25-k141_129537_21	9	11248.0	11955.0	-	function unknown		
SY457BB-8-12_bin25|SY457BB-8-12_bin25-k141_129537_12	SY457BB-8-12_bin25-k141_129537_12	SY457BB-8-12_bin25	IdrA clade	SY457BB-8-12_bin25-k141_129537_22	10	11913.0	12398.0	-	function unknown		
SY457BB-8-12_bin4|SY457BB-8-12_bin4-k141_1432391_5	SY457BB-8-12_bin4-k141_1432391_5	SY457BB-8-12_bin4	IdrA clade	SY457BB-8-12_bin4-k141_1432391_1	-4	-4886.0	-4398.0	+	function unknown		
SY457BB-8-12_bin4|SY457BB-8-12_bin4-k141_1432391_5	SY457BB-8-12_bin4-k141_1432391_5	SY457BB-8-12_bin4	IdrA clade	SY457BB-8-12_bin4-k141_1432391_2	-3	-4231.0	-3110.0	+	P-like		
SY457BB-8-12_bin4|SY457BB-8-12_bin4-k141_1432391_5	SY457BB-8-12_bin4-k141_1432391_5	SY457BB-8-12_bin4	IdrA clade	SY457BB-8-12_bin4-k141_1432391_3	-2	-3098.0	-1956.0	+	P-like		
SY457BB-8-12_bin4|SY457BB-8-12_bin4-k141_1432391_5	SY457BB-8-12_bin4-k141_1432391_5	SY457BB-8-12_bin4	IdrA clade	SY457BB-8-12_bin4-k141_1432391_4	-1	-1933.0	-1352.0	+	B-related small subunit		
SY457BB-8-12_bin4|SY457BB-8-12_bin4-k141_1432391_5	SY457BB-8-12_bin4-k141_1432391_5	SY457BB-8-12_bin4	IdrA clade	SY457BB-8-12_bin4-k141_1432391_5	0	-1339.0	1339.0	+	AioA/IdrA-related A		
SY457BB-8-12_bin4|SY457BB-8-12_bin4-k141_1432391_5	SY457BB-8-12_bin4-k141_1432391_5	SY457BB-8-12_bin4	IdrA clade	SY457BB-8-12_bin4-k141_1432391_6	1	1496.0	3664.0	+	function unknown		
SY457BB-8-12_bin4|SY457BB-8-12_bin4-k141_1432391_5	SY457BB-8-12_bin4-k141_1432391_5	SY457BB-8-12_bin4	IdrA clade	SY457BB-8-12_bin4-k141_1432391_7	2	3695.0	4435.0	+	function unknown		
SY457BB-8-12_bin4|SY457BB-8-12_bin4-k141_1432391_5	SY457BB-8-12_bin4-k141_1432391_5	SY457BB-8-12_bin4	IdrA clade	SY457BB-8-12_bin4-k141_1432391_8	3	4457.0	4561.0	+	function unknown		
SY457BB-8-12_bin4|SY457BB-8-12_bin4-k141_1432391_5	SY457BB-8-12_bin4-k141_1432391_5	SY457BB-8-12_bin4	IdrA clade	SY457BB-8-12_bin4-k141_1432391_9	4	4558.0	5391.0	+	function unknown		
SY457BB-8-12_bin4|SY457BB-8-12_bin4-k141_1432391_5	SY457BB-8-12_bin4-k141_1432391_5	SY457BB-8-12_bin4	IdrA clade	SY457BB-8-12_bin4-k141_1432391_10	5	5393.0	7024.0	+	function unknown		
SY457BB-8-12_bin4|SY457BB-8-12_bin4-k141_1432391_5	SY457BB-8-12_bin4-k141_1432391_5	SY457BB-8-12_bin4	IdrA clade	SY457BB-8-12_bin4-k141_1432391_11	6	7026.0	8303.0	+	function unknown		
SY457BB-8-12_bin4|SY457BB-8-12_bin4-k141_1432391_5	SY457BB-8-12_bin4-k141_1432391_5	SY457BB-8-12_bin4	IdrA clade	SY457BB-8-12_bin4-k141_1432391_12	7	8293.0	8910.0	+	function unknown		
SY459WG-0-4_bin26|SY459WG-0-4_bin26-k141_460220_2	SY459WG-0-4_bin26-k141_460220_2	SY459WG-0-4_bin26	Unknown DMSOR clade	SY459WG-0-4_bin26-k141_460220_1	-1	-1792.5	-1247.5	+	B-related small subunit		
SY459WG-0-4_bin26|SY459WG-0-4_bin26-k141_460220_2	SY459WG-0-4_bin26-k141_460220_2	SY459WG-0-4_bin26	Unknown DMSOR clade	SY459WG-0-4_bin26-k141_460220_2	0	-1250.5	1250.5	+	AioA/IdrA-related A		
SY459WG-0-4_bin26|SY459WG-0-4_bin26-k141_460220_2	SY459WG-0-4_bin26-k141_460220_2	SY459WG-0-4_bin26	Unknown DMSOR clade	SY459WG-0-4_bin26-k141_460220_3	1	1271.5	1507.5	+	function unknown		
SY459WG-0-4_bin26|SY459WG-0-4_bin26-k141_460220_2	SY459WG-0-4_bin26-k141_460220_2	SY459WG-0-4_bin26	Unknown DMSOR clade	SY459WG-0-4_bin26-k141_460220_4	2	1560.5	2105.5	+	function unknown		
SY459WG-0-4_bin26|SY459WG-0-4_bin26-k141_460220_2	SY459WG-0-4_bin26-k141_460220_2	SY459WG-0-4_bin26	Unknown DMSOR clade	SY459WG-0-4_bin26-k141_460220_5	3	2139.5	2669.5	+	function unknown		
SY459WG-0-4_bin26|SY459WG-0-4_bin26-k141_460220_2	SY459WG-0-4_bin26-k141_460220_2	SY459WG-0-4_bin26	Unknown DMSOR clade	SY459WG-0-4_bin26-k141_460220_6	4	2697.5	3599.5	+	function unknown		
SY459WG-0-4_bin26|SY459WG-0-4_bin26-k141_460220_2	SY459WG-0-4_bin26-k141_460220_2	SY459WG-0-4_bin26	Unknown DMSOR clade	SY459WG-0-4_bin26-k141_460220_7	5	3616.5	4839.5	-	function unknown		
SY459WG-0-4_bin26|SY459WG-0-4_bin26-k141_460220_2	SY459WG-0-4_bin26-k141_460220_2	SY459WG-0-4_bin26	Unknown DMSOR clade	SY459WG-0-4_bin26-k141_460220_8	6	4860.5	6521.5	-	function unknown		
SY459WG-0-4_bin26|SY459WG-0-4_bin26-k141_460220_2	SY459WG-0-4_bin26-k141_460220_2	SY459WG-0-4_bin26	Unknown DMSOR clade	SY459WG-0-4_bin26-k141_460220_9	7	6525.5	7361.5	-	function unknown		
SY459WG-0-4_bin37|SY459WG-0-4_bin37-k141_569169_31	SY459WG-0-4_bin37-k141_569169_31	SY459WG-0-4_bin37	IdrA clade	SY459WG-0-4_bin37-k141_569169_21	-10	-13071.0	-12118.0	-	function unknown		
SY459WG-0-4_bin37|SY459WG-0-4_bin37-k141_569169_31	SY459WG-0-4_bin37-k141_569169_31	SY459WG-0-4_bin37	IdrA clade	SY459WG-0-4_bin37-k141_569169_22	-9	-12118.0	-11183.0	-	function unknown		
SY459WG-0-4_bin37|SY459WG-0-4_bin37-k141_569169_31	SY459WG-0-4_bin37-k141_569169_31	SY459WG-0-4_bin37	IdrA clade	SY459WG-0-4_bin37-k141_569169_23	-8	-11120.0	-9804.0	-	function unknown		
SY459WG-0-4_bin37|SY459WG-0-4_bin37-k141_569169_31	SY459WG-0-4_bin37-k141_569169_31	SY459WG-0-4_bin37	IdrA clade	SY459WG-0-4_bin37-k141_569169_24	-7	-9696.0	-8329.0	-	function unknown		
SY459WG-0-4_bin37|SY459WG-0-4_bin37-k141_569169_31	SY459WG-0-4_bin37-k141_569169_31	SY459WG-0-4_bin37	IdrA clade	SY459WG-0-4_bin37-k141_569169_25	-6	-8332.0	-7058.0	-	function unknown		
SY459WG-0-4_bin37|SY459WG-0-4_bin37-k141_569169_31	SY459WG-0-4_bin37-k141_569169_31	SY459WG-0-4_bin37	IdrA clade	SY459WG-0-4_bin37-k141_569169_26	-5	-7061.0	-5403.0	-	function unknown		
SY459WG-0-4_bin37|SY459WG-0-4_bin37-k141_569169_31	SY459WG-0-4_bin37-k141_569169_31	SY459WG-0-4_bin37	IdrA clade	SY459WG-0-4_bin37-k141_569169_27	-4	-5372.0	-4527.0	-	function unknown		
SY459WG-0-4_bin37|SY459WG-0-4_bin37-k141_569169_31	SY459WG-0-4_bin37-k141_569169_31	SY459WG-0-4_bin37	IdrA clade	SY459WG-0-4_bin37-k141_569169_28	-3	-4530.0	-4423.0	-	function unknown		
SY459WG-0-4_bin37|SY459WG-0-4_bin37-k141_569169_31	SY459WG-0-4_bin37-k141_569169_31	SY459WG-0-4_bin37	IdrA clade	SY459WG-0-4_bin37-k141_569169_29	-2	-4403.0	-3666.0	-	function unknown		
SY459WG-0-4_bin37|SY459WG-0-4_bin37-k141_569169_31	SY459WG-0-4_bin37-k141_569169_31	SY459WG-0-4_bin37	IdrA clade	SY459WG-0-4_bin37-k141_569169_30	-1	-3643.0	-1481.0	-	function unknown		
SY459WG-0-4_bin37|SY459WG-0-4_bin37-k141_569169_31	SY459WG-0-4_bin37-k141_569169_31	SY459WG-0-4_bin37	IdrA clade	SY459WG-0-4_bin37-k141_569169_31	0	-1339.0	1339.0	-	AioA/IdrA-related A		
SY459WG-0-4_bin37|SY459WG-0-4_bin37-k141_569169_31	SY459WG-0-4_bin37-k141_569169_31	SY459WG-0-4_bin37	IdrA clade	SY459WG-0-4_bin37-k141_569169_32	1	1354.0	1935.0	-	B-related small subunit		
SY459WG-0-4_bin37|SY459WG-0-4_bin37-k141_569169_31	SY459WG-0-4_bin37-k141_569169_31	SY459WG-0-4_bin37	IdrA clade	SY459WG-0-4_bin37-k141_569169_33	2	1957.0	3093.0	-	P-like		
SY459WG-0-4_bin37|SY459WG-0-4_bin37-k141_569169_31	SY459WG-0-4_bin37-k141_569169_31	SY459WG-0-4_bin37	IdrA clade	SY459WG-0-4_bin37-k141_569169_34	3	3108.0	4226.0	-	P-like		
SY459WG-0-4_bin37|SY459WG-0-4_bin37-k141_569169_31	SY459WG-0-4_bin37-k141_569169_31	SY459WG-0-4_bin37	IdrA clade	SY459WG-0-4_bin37-k141_569169_35	4	4404.0	6659.0	-	function unknown		
SY459WG-0-4_bin37|SY459WG-0-4_bin37-k141_569169_31	SY459WG-0-4_bin37-k141_569169_31	SY459WG-0-4_bin37	IdrA clade	SY459WG-0-4_bin37-k141_569169_36	5	6672.0	7505.0	-	function unknown		
SY459WG-0-4_bin37|SY459WG-0-4_bin37-k141_569169_31	SY459WG-0-4_bin37-k141_569169_31	SY459WG-0-4_bin37	IdrA clade	SY459WG-0-4_bin37-k141_569169_37	6	7502.0	9283.0	-	function unknown		
SY459WG-0-4_bin37|SY459WG-0-4_bin37-k141_569169_31	SY459WG-0-4_bin37-k141_569169_31	SY459WG-0-4_bin37	IdrA clade	SY459WG-0-4_bin37-k141_569169_38	7	9280.0	9408.0	-	function unknown		
SY459WG-0-4_bin37|SY459WG-0-4_bin37-k141_569169_31	SY459WG-0-4_bin37-k141_569169_31	SY459WG-0-4_bin37	IdrA clade	SY459WG-0-4_bin37-k141_569169_39	8	9440.0	9562.0	-	function unknown		
SY459WG-0-4_bin37|SY459WG-0-4_bin37-k141_569169_31	SY459WG-0-4_bin37-k141_569169_31	SY459WG-0-4_bin37	IdrA clade	SY459WG-0-4_bin37-k141_569169_40	9	9666.0	9968.0	-	function unknown		
SY459WG-0-4_bin37|SY459WG-0-4_bin37-k141_569169_31	SY459WG-0-4_bin37-k141_569169_31	SY459WG-0-4_bin37	IdrA clade	SY459WG-0-4_bin37-k141_569169_41	10	10099.0	10866.0	+	function unknown		
SY459WG-4-8_bin39|SY459WG-4-8_bin39-k141_681176_50	SY459WG-4-8_bin39-k141_681176_50	SY459WG-4-8_bin39	Unknown DMSOR clade	SY459WG-4-8_bin39-k141_681176_40	-10	-14092.0	-12017.0	+	function unknown		
SY459WG-4-8_bin39|SY459WG-4-8_bin39-k141_681176_50	SY459WG-4-8_bin39-k141_681176_50	SY459WG-4-8_bin39	Unknown DMSOR clade	SY459WG-4-8_bin39-k141_681176_41	-9	-12053.0	-10818.0	+	function unknown		
SY459WG-4-8_bin39|SY459WG-4-8_bin39-k141_681176_50	SY459WG-4-8_bin39-k141_681176_50	SY459WG-4-8_bin39	Unknown DMSOR clade	SY459WG-4-8_bin39-k141_681176_42	-8	-10830.0	-9787.0	-	function unknown		
SY459WG-4-8_bin39|SY459WG-4-8_bin39-k141_681176_50	SY459WG-4-8_bin39-k141_681176_50	SY459WG-4-8_bin39	Unknown DMSOR clade	SY459WG-4-8_bin39-k141_681176_43	-7	-9679.0	-6980.0	+	function unknown		
SY459WG-4-8_bin39|SY459WG-4-8_bin39-k141_681176_50	SY459WG-4-8_bin39-k141_681176_50	SY459WG-4-8_bin39	Unknown DMSOR clade	SY459WG-4-8_bin39-k141_681176_44	-6	-6976.0	-6197.0	-	function unknown		
SY459WG-4-8_bin39|SY459WG-4-8_bin39-k141_681176_50	SY459WG-4-8_bin39-k141_681176_50	SY459WG-4-8_bin39	Unknown DMSOR clade	SY459WG-4-8_bin39-k141_681176_45	-5	-6169.0	-5741.0	-	function unknown		
SY459WG-4-8_bin39|SY459WG-4-8_bin39-k141_681176_50	SY459WG-4-8_bin39-k141_681176_50	SY459WG-4-8_bin39	Unknown DMSOR clade	SY459WG-4-8_bin39-k141_681176_46	-4	-5638.0	-4613.0	+	function unknown		
SY459WG-4-8_bin39|SY459WG-4-8_bin39-k141_681176_50	SY459WG-4-8_bin39-k141_681176_50	SY459WG-4-8_bin39	Unknown DMSOR clade	SY459WG-4-8_bin39-k141_681176_47	-3	-4616.0	-3918.0	-	function unknown		
SY459WG-4-8_bin39|SY459WG-4-8_bin39-k141_681176_50	SY459WG-4-8_bin39-k141_681176_50	SY459WG-4-8_bin39	Unknown DMSOR clade	SY459WG-4-8_bin39-k141_681176_48	-2	-3830.0	-2793.0	+	function unknown		
SY459WG-4-8_bin39|SY459WG-4-8_bin39-k141_681176_50	SY459WG-4-8_bin39-k141_681176_50	SY459WG-4-8_bin39	Unknown DMSOR clade	SY459WG-4-8_bin39-k141_681176_49	-1	-2796.0	-313.0	-	function unknown		
SY459WG-4-8_bin39|SY459WG-4-8_bin39-k141_681176_50	SY459WG-4-8_bin39-k141_681176_50	SY459WG-4-8_bin39	Unknown DMSOR clade	SY459WG-4-8_bin39-k141_681176_50	0	-310.0	310.0	-	AioA/IdrA-related A		
SY459WG-4-8_bin39|SY459WG-4-8_bin39-k141_681176_50	SY459WG-4-8_bin39-k141_681176_50	SY459WG-4-8_bin39	Unknown DMSOR clade	SY459WG-4-8_bin39-k141_681176_51	1	435.0	953.0	+	function unknown		
SY459WG-4-8_bin39|SY459WG-4-8_bin39-k141_681176_50	SY459WG-4-8_bin39-k141_681176_50	SY459WG-4-8_bin39	Unknown DMSOR clade	SY459WG-4-8_bin39-k141_681176_52	2	959.0	2086.0	-	function unknown		
SY459WG-4-8_bin39|SY459WG-4-8_bin39-k141_681176_50	SY459WG-4-8_bin39-k141_681176_50	SY459WG-4-8_bin39	Unknown DMSOR clade	SY459WG-4-8_bin39-k141_681176_53	3	2157.0	3266.0	-	function unknown		
SY459WG-4-8_bin39|SY459WG-4-8_bin39-k141_681176_50	SY459WG-4-8_bin39-k141_681176_50	SY459WG-4-8_bin39	Unknown DMSOR clade	SY459WG-4-8_bin39-k141_681176_54	4	3374.0	3649.0	+	function unknown		
SY459WG-4-8_bin39|SY459WG-4-8_bin39-k141_681176_50	SY459WG-4-8_bin39-k141_681176_50	SY459WG-4-8_bin39	Unknown DMSOR clade	SY459WG-4-8_bin39-k141_681176_55	5	3675.0	4082.0	+	function unknown		
SY459WG-4-8_bin39|SY459WG-4-8_bin39-k141_681176_50	SY459WG-4-8_bin39-k141_681176_50	SY459WG-4-8_bin39	Unknown DMSOR clade	SY459WG-4-8_bin39-k141_681176_56	6	4383.0	4628.0	+	function unknown		
SY459WG-4-8_bin39|SY459WG-4-8_bin39-k141_681176_50	SY459WG-4-8_bin39-k141_681176_50	SY459WG-4-8_bin39	Unknown DMSOR clade	SY459WG-4-8_bin39-k141_681176_57	7	4625.0	4993.0	+	function unknown		
SY459WG-4-8_bin39|SY459WG-4-8_bin39-k141_681176_50	SY459WG-4-8_bin39-k141_681176_50	SY459WG-4-8_bin39	Unknown DMSOR clade	SY459WG-4-8_bin39-k141_681176_58	8	5158.0	5733.0	+	function unknown		
SY459WG-4-8_bin39|SY459WG-4-8_bin39-k141_681176_50	SY459WG-4-8_bin39-k141_681176_50	SY459WG-4-8_bin39	Unknown DMSOR clade	SY459WG-4-8_bin39-k141_681176_59	9	5743.0	6354.0	+	function unknown		
SY459WG-4-8_bin39|SY459WG-4-8_bin39-k141_681176_50	SY459WG-4-8_bin39-k141_681176_50	SY459WG-4-8_bin39	Unknown DMSOR clade	SY459WG-4-8_bin39-k141_681176_60	10	6419.0	7162.0	+	function unknown		
SY459WG-4-8_bin8|SY459WG-4-8_bin8-k141_320908_36	SY459WG-4-8_bin8-k141_320908_36	SY459WG-4-8_bin8	IdrA-associated clade	SY459WG-4-8_bin8-k141_320908_26	-10	-12715.0	-12578.0	-	function unknown		
SY459WG-4-8_bin8|SY459WG-4-8_bin8-k141_320908_36	SY459WG-4-8_bin8-k141_320908_36	SY459WG-4-8_bin8	IdrA-associated clade	SY459WG-4-8_bin8-k141_320908_27	-9	-12565.0	-12392.0	-	function unknown		
SY459WG-4-8_bin8|SY459WG-4-8_bin8-k141_320908_36	SY459WG-4-8_bin8-k141_320908_36	SY459WG-4-8_bin8	IdrA-associated clade	SY459WG-4-8_bin8-k141_320908_28	-8	-11940.0	-9472.0	+	function unknown		
SY459WG-4-8_bin8|SY459WG-4-8_bin8-k141_320908_36	SY459WG-4-8_bin8-k141_320908_36	SY459WG-4-8_bin8	IdrA-associated clade	SY459WG-4-8_bin8-k141_320908_29	-7	-9399.0	-8659.0	+	function unknown		
SY459WG-4-8_bin8|SY459WG-4-8_bin8-k141_320908_36	SY459WG-4-8_bin8-k141_320908_36	SY459WG-4-8_bin8	IdrA-associated clade	SY459WG-4-8_bin8-k141_320908_30	-6	-8652.0	-8530.0	+	function unknown		
SY459WG-4-8_bin8|SY459WG-4-8_bin8-k141_320908_36	SY459WG-4-8_bin8-k141_320908_36	SY459WG-4-8_bin8	IdrA-associated clade	SY459WG-4-8_bin8-k141_320908_31	-5	-8480.0	-6306.0	+	function unknown		
SY459WG-4-8_bin8|SY459WG-4-8_bin8-k141_320908_36	SY459WG-4-8_bin8-k141_320908_36	SY459WG-4-8_bin8	IdrA-associated clade	SY459WG-4-8_bin8-k141_320908_32	-4	-6303.0	-5044.0	+	function unknown		
SY459WG-4-8_bin8|SY459WG-4-8_bin8-k141_320908_36	SY459WG-4-8_bin8-k141_320908_36	SY459WG-4-8_bin8	IdrA-associated clade	SY459WG-4-8_bin8-k141_320908_33	-3	-5047.0	-3641.0	+	function unknown		
SY459WG-4-8_bin8|SY459WG-4-8_bin8-k141_320908_36	SY459WG-4-8_bin8-k141_320908_36	SY459WG-4-8_bin8	IdrA-associated clade	SY459WG-4-8_bin8-k141_320908_34	-2	-3584.0	-3267.0	+	function unknown		
SY459WG-4-8_bin8|SY459WG-4-8_bin8-k141_320908_36	SY459WG-4-8_bin8-k141_320908_36	SY459WG-4-8_bin8	IdrA-associated clade	SY459WG-4-8_bin8-k141_320908_35	-1	-3276.0	-682.0	+	function unknown		
SY459WG-4-8_bin8|SY459WG-4-8_bin8-k141_320908_36	SY459WG-4-8_bin8-k141_320908_36	SY459WG-4-8_bin8	IdrA-associated clade	SY459WG-4-8_bin8-k141_320908_36	0	-685.0	685.0	+	AioA/IdrA-related A		
SY459WG-4-8_bin8|SY459WG-4-8_bin8-k141_320908_36	SY459WG-4-8_bin8-k141_320908_36	SY459WG-4-8_bin8	IdrA-associated clade	SY459WG-4-8_bin8-k141_320908_37	1	731.0	1351.0	-	function unknown		
SY459WG-4-8_bin8|SY459WG-4-8_bin8-k141_320908_36	SY459WG-4-8_bin8-k141_320908_36	SY459WG-4-8_bin8	IdrA-associated clade	SY459WG-4-8_bin8-k141_320908_38	2	1447.0	4158.0	-	function unknown		
SY459WG-4-8_bin8|SY459WG-4-8_bin8-k141_320908_36	SY459WG-4-8_bin8-k141_320908_36	SY459WG-4-8_bin8	IdrA-associated clade	SY459WG-4-8_bin8-k141_320908_39	3	4170.0	4784.0	-	B-related small subunit		
SY459WG-4-8_bin8|SY459WG-4-8_bin8-k141_320908_36	SY459WG-4-8_bin8-k141_320908_36	SY459WG-4-8_bin8	IdrA-associated clade	SY459WG-4-8_bin8-k141_320908_40	4	4781.0	5971.0	-	P-like		
SY459WG-4-8_bin8|SY459WG-4-8_bin8-k141_320908_36	SY459WG-4-8_bin8-k141_320908_36	SY459WG-4-8_bin8	IdrA-associated clade	SY459WG-4-8_bin8-k141_320908_41	5	5987.0	7105.0	-	P-like		
SY459WG-4-8_bin8|SY459WG-4-8_bin8-k141_320908_36	SY459WG-4-8_bin8-k141_320908_36	SY459WG-4-8_bin8	IdrA-associated clade	SY459WG-4-8_bin8-k141_320908_42	6	7399.0	8874.0	-	function unknown		
SY459WG-4-8_bin8|SY459WG-4-8_bin8-k141_320908_36	SY459WG-4-8_bin8-k141_320908_36	SY459WG-4-8_bin8	IdrA-associated clade	SY459WG-4-8_bin8-k141_320908_43	7	8867.0	9295.0	-	function unknown		
SY459WG-4-8_bin8|SY459WG-4-8_bin8-k141_320908_36	SY459WG-4-8_bin8-k141_320908_36	SY459WG-4-8_bin8	IdrA-associated clade	SY459WG-4-8_bin8-k141_320908_44	8	9295.0	9744.0	-	function unknown		
SY459WG-4-8_bin8|SY459WG-4-8_bin8-k141_320908_36	SY459WG-4-8_bin8-k141_320908_36	SY459WG-4-8_bin8	IdrA-associated clade	SY459WG-4-8_bin8-k141_320908_45	9	9755.0	10009.0	-	function unknown		
SY459WG-4-8_bin8|SY459WG-4-8_bin8-k141_320908_36	SY459WG-4-8_bin8-k141_320908_36	SY459WG-4-8_bin8	IdrA-associated clade	SY459WG-4-8_bin8-k141_320908_46	10	10035.0	11276.0	-	function unknown		
SY459WG-8-12_bin19|SY459WG-8-12_bin19-k141_364478_5	SY459WG-8-12_bin19-k141_364478_5	SY459WG-8-12_bin19	IdrA-associated clade	SY459WG-8-12_bin19-k141_364478_1	-4	-5377.5	-4688.5	-	function unknown		
SY459WG-8-12_bin19|SY459WG-8-12_bin19-k141_364478_5	SY459WG-8-12_bin19-k141_364478_5	SY459WG-8-12_bin19	IdrA-associated clade	SY459WG-8-12_bin19-k141_364478_2	-3	-4691.5	-4581.5	-	function unknown		
SY459WG-8-12_bin19|SY459WG-8-12_bin19-k141_364478_5	SY459WG-8-12_bin19-k141_364478_5	SY459WG-8-12_bin19	IdrA-associated clade	SY459WG-8-12_bin19-k141_364478_3	-2	-4553.5	-3816.5	-	function unknown		
SY459WG-8-12_bin19|SY459WG-8-12_bin19-k141_364478_5	SY459WG-8-12_bin19-k141_364478_5	SY459WG-8-12_bin19	IdrA-associated clade	SY459WG-8-12_bin19-k141_364478_4	-1	-3764.5	-1524.5	-	function unknown		
SY459WG-8-12_bin19|SY459WG-8-12_bin19-k141_364478_5	SY459WG-8-12_bin19-k141_364478_5	SY459WG-8-12_bin19	IdrA-associated clade	SY459WG-8-12_bin19-k141_364478_5	0	-1337.5	1337.5	-	AioA/IdrA-related A		
SY459WG-8-12_bin19|SY459WG-8-12_bin19-k141_364478_5	SY459WG-8-12_bin19-k141_364478_5	SY459WG-8-12_bin19	IdrA-associated clade	SY459WG-8-12_bin19-k141_364478_6	1	1358.5	1942.5	-	B-related small subunit		
SY459WG-8-12_bin19|SY459WG-8-12_bin19-k141_364478_5	SY459WG-8-12_bin19-k141_364478_5	SY459WG-8-12_bin19	IdrA-associated clade	SY459WG-8-12_bin19-k141_364478_7	2	1955.5	2488.5	-	P-like		
SY459WG-8-12_bin2|SY459WG-8-12_bin2-k141_281775_92	SY459WG-8-12_bin2-k141_281775_92	SY459WG-8-12_bin2	IdrA clade	SY459WG-8-12_bin2-k141_281775_82	-10	-14503.5	-12257.5	-	function unknown		
SY459WG-8-12_bin2|SY459WG-8-12_bin2-k141_281775_92	SY459WG-8-12_bin2-k141_281775_92	SY459WG-8-12_bin2	IdrA clade	SY459WG-8-12_bin2-k141_281775_83	-9	-12109.5	-11390.5	+	function unknown		
SY459WG-8-12_bin2|SY459WG-8-12_bin2-k141_281775_92	SY459WG-8-12_bin2-k141_281775_92	SY459WG-8-12_bin2	IdrA clade	SY459WG-8-12_bin2-k141_281775_84	-8	-11393.5	-10017.5	-	function unknown		
SY459WG-8-12_bin2|SY459WG-8-12_bin2-k141_281775_92	SY459WG-8-12_bin2-k141_281775_92	SY459WG-8-12_bin2	IdrA clade	SY459WG-8-12_bin2-k141_281775_85	-7	-10024.5	-8753.5	-	function unknown		
SY459WG-8-12_bin2|SY459WG-8-12_bin2-k141_281775_92	SY459WG-8-12_bin2-k141_281775_92	SY459WG-8-12_bin2	IdrA clade	SY459WG-8-12_bin2-k141_281775_86	-6	-8749.5	-7106.5	-	function unknown		
SY459WG-8-12_bin2|SY459WG-8-12_bin2-k141_281775_92	SY459WG-8-12_bin2-k141_281775_92	SY459WG-8-12_bin2	IdrA clade	SY459WG-8-12_bin2-k141_281775_87	-5	-7066.5	-6215.5	-	function unknown		
SY459WG-8-12_bin2|SY459WG-8-12_bin2-k141_281775_92	SY459WG-8-12_bin2-k141_281775_92	SY459WG-8-12_bin2	IdrA clade	SY459WG-8-12_bin2-k141_281775_88	-4	-6230.5	-6123.5	-	function unknown		
SY459WG-8-12_bin2|SY459WG-8-12_bin2-k141_281775_92	SY459WG-8-12_bin2-k141_281775_92	SY459WG-8-12_bin2	IdrA clade	SY459WG-8-12_bin2-k141_281775_89	-3	-6101.5	-5361.5	-	function unknown		
SY459WG-8-12_bin2|SY459WG-8-12_bin2-k141_281775_92	SY459WG-8-12_bin2-k141_281775_92	SY459WG-8-12_bin2	IdrA clade	SY459WG-8-12_bin2-k141_281775_90	-2	-5331.5	-3154.5	-	function unknown		
SY459WG-8-12_bin2|SY459WG-8-12_bin2-k141_281775_92	SY459WG-8-12_bin2-k141_281775_92	SY459WG-8-12_bin2	IdrA clade	SY459WG-8-12_bin2-k141_281775_91	-1	-2981.5	-303.5	-	function unknown		
SY459WG-8-12_bin2|SY459WG-8-12_bin2-k141_281775_92	SY459WG-8-12_bin2-k141_281775_92	SY459WG-8-12_bin2	IdrA clade	SY459WG-8-12_bin2-k141_281775_92	0	-290.5	290.5	-	AioA/IdrA-related A		
SY459WG-8-12_bin2|SY459WG-8-12_bin2-k141_281775_92	SY459WG-8-12_bin2-k141_281775_92	SY459WG-8-12_bin2	IdrA clade	SY459WG-8-12_bin2-k141_281775_93	1	313.5	1455.5	-	P-like		
SY459WG-8-12_bin2|SY459WG-8-12_bin2-k141_281775_92	SY459WG-8-12_bin2-k141_281775_92	SY459WG-8-12_bin2	IdrA clade	SY459WG-8-12_bin2-k141_281775_94	2	1473.5	2555.5	-	P-like		
SY459WG-8-12_bin2|SY459WG-8-12_bin2-k141_281775_92	SY459WG-8-12_bin2-k141_281775_92	SY459WG-8-12_bin2	IdrA clade	SY459WG-8-12_bin2-k141_281775_95	3	2503.5	2709.5	-	function unknown		
SY459WG-8-12_bin2|SY459WG-8-12_bin2-k141_281775_92	SY459WG-8-12_bin2-k141_281775_92	SY459WG-8-12_bin2	IdrA clade	SY459WG-8-12_bin2-k141_281775_96	4	2765.5	5038.5	-	function unknown		
SY459WG-8-12_bin2|SY459WG-8-12_bin2-k141_281775_92	SY459WG-8-12_bin2-k141_281775_92	SY459WG-8-12_bin2	IdrA clade	SY459WG-8-12_bin2-k141_281775_97	5	5050.5	6180.5	-	function unknown		
SY459WG-8-12_bin2|SY459WG-8-12_bin2-k141_281775_92	SY459WG-8-12_bin2-k141_281775_92	SY459WG-8-12_bin2	IdrA clade	SY459WG-8-12_bin2-k141_281775_98	6	6177.5	7937.5	-	function unknown		
SY459WG-8-12_bin2|SY459WG-8-12_bin2-k141_281775_92	SY459WG-8-12_bin2-k141_281775_92	SY459WG-8-12_bin2	IdrA clade	SY459WG-8-12_bin2-k141_281775_99	7	7947.5	8075.5	-	function unknown		
SY459WG-8-12_bin2|SY459WG-8-12_bin2-k141_281775_92	SY459WG-8-12_bin2-k141_281775_92	SY459WG-8-12_bin2	IdrA clade	SY459WG-8-12_bin2-k141_281775_100	8	8431.5	8733.5	-	function unknown		
SY459WG-8-12_bin2|SY459WG-8-12_bin2-k141_281775_92	SY459WG-8-12_bin2-k141_281775_92	SY459WG-8-12_bin2	IdrA clade	SY459WG-8-12_bin2-k141_281775_101	9	9017.5	9745.5	+	function unknown		
SY459WG-8-12_bin2|SY459WG-8-12_bin2-k141_281775_92	SY459WG-8-12_bin2-k141_281775_92	SY459WG-8-12_bin2	IdrA clade	SY459WG-8-12_bin2-k141_281775_102	10	9738.5	10733.5	+	function unknown		
