C1_12-18_bin19-k141_2550623_8	IdrP_like_TIER2|GCA_001715975.1|ODJ89650.1	87.0	368	48	0	1	368	1	368	1.75e-246	666	368	368
C1_12-18_bin19-k141_2550623_8	IdrP_like_TIER2|GCA_011051715.1|HEB97087.1	83.7	368	60	0	1	368	1	368	1.87e-241	653	368	368
C1_12-18_bin19-k141_2550623_8	IdrP_like_TIER2|GCA_000224925.2|EGW55493.1	78.3	368	80	0	1	368	1	368	1.85e-225	613	368	368
C1_12-18_bin19-k141_2550623_8	IdrP_like_TIER2|GCA_000224455.2|EGV52496.1	78.3	368	80	0	1	368	1	368	2.62e-225	612	368	368
C1_12-18_bin19-k141_2550623_8	IdrP_like_TIER2|GCA_001443665.1|KRT55331.1	78.0	368	81	0	1	368	1	368	5.04e-223	607	368	368
C1_12-18_bin19-k141_2550623_8	IdrP_like_TIER2|GCA_003934975.1|RRS37422.1	78.0	368	81	0	1	368	1	368	1.38e-220	600	368	368
C1_12-18_bin19-k141_2550623_8	IdrP_like_TIER2|GCA_003660235.1|RLJ20930.1	76.6	368	86	0	1	368	1	368	2.65e-218	595	368	368
C1_12-18_bin19-k141_2550623_8	IdrP_like_TIER2|GCA_003660225.1|RLJ20878.1	76.4	368	87	0	1	368	1	368	1.08e-217	593	368	368
C1_12-18_bin19-k141_2550623_8	IdrP_like_TIER2|GCA_011371325.1|HHB91636.1	66.1	360	120	1	11	368	8	367	3.47e-181	501	368	367
C1_12-18_bin19-k141_2550623_8	IdrP_like_TIER2|GCA_000785145.2|KHD08439.1	68.2	355	109	2	16	368	15	367	4.93e-181	500	368	367
C1_12-18_bin19-k141_2550623_8	IdrP_like_TIER2|GCA_003864255.1|RRJ85034.1	64.9	333	115	2	38	368	23	355	1.70e-164	458	368	355
C1_12-18_bin19-k141_2550623_8	IdrP_like_TIER2|GCA_001939735.1|OLQ75249.1	62.5	363	131	4	9	368	3	363	1.22e-161	451	368	363
C1_12-18_bin19-k141_2550623_8	IdrP_like_TIER2|GCA_000967665.1|KJZ16045.1	61.0	364	136	4	9	368	4	365	1.07e-160	449	368	365
C1_12-18_bin19-k141_2550623_8	IdrP_like_TIER2|GCA_000272145.2|OEE78075.1	62.3	361	129	4	11	368	6	362	1.37e-160	448	368	362
C1_12-18_bin19-k141_2550623_8	IdrP_like_TIER2|GCA_009653635.1|MRI32051.1	63.7	355	122	3	16	368	14	363	2.85e-160	447	368	363
C1_12-18_bin19-k141_2550623_8	IdrP_like_TIER2|GCA_002897995.1|GBE44175.1	59.7	355	141	1	16	368	36	390	5.16e-160	448	368	390
C1_12-18_bin19-k141_2550623_8	IdrP_like_TIER2|GCA_002836355.1|PKH06718.1	59.8	363	142	3	9	368	2	363	1.54e-157	441	368	363
C1_12-18_bin19-k141_2550623_8	IdrP_like_TIER2|GCA_002687515.1|MAF46990.1	59.8	351	139	1	20	368	10	360	2.80e-157	440	368	360
C1_12-18_bin19-k141_2550623_8	IdrP_like_TIER2|GCA_002731375.1|MBV37770.1	61.9	341	126	2	31	368	23	362	3.00e-157	440	368	362
C1_12-18_bin19-k141_2550623_8	IdrP_like_TIER2|GCA_003544895.1|AXX96740.1	58.7	366	145	2	5	368	11	372	2.45e-156	438	368	372
C1_12-18_bin19-k141_2550623_8	IdrP_like_TIER2|GCA_002732845.1|PHS79677.1	60.4	361	139	2	12	368	15	375	3.85e-156	437	368	375
C1_12-18_bin19-k141_2550623_8	IdrP_like_TIER2|GCA_002733565.1|PHR90156.1	59.1	367	143	4	5	368	1	363	8.37e-155	434	368	363
C1_12-18_bin19-k141_2550623_8	IdrP_like_TIER2|GCA_002725625.1|MBO31669.1	56.4	374	157	3	1	368	1	374	2.32e-152	428	368	374
C1_12-18_bin19-k141_2550623_8	IdrP_like_TIER2|GCA_007786305.1|TVU69347.1	60.7	336	129	2	35	368	33	367	7.38e-152	426	368	367
C1_12-18_bin19-k141_2550623_8	IdrP_like_TIER2|GCA_002687455.1|MAF55547.1	61.2	340	126	2	35	368	30	369	9.13e-151	424	368	369
C1_12-18_bin19-k141_2550623_9	IdrP_like_TIER2|GCA_001715975.1|ODJ89649.1	86.5	414	56	0	1	414	1	414	5.44e-271	732	414	414
C1_12-18_bin19-k141_2550623_9	IdrP_like_TIER2|GCA_000224455.2|EGV52497.1	74.7	415	101	2	1	414	1	412	8.44e-233	635	414	412
C1_12-18_bin19-k141_2550623_9	IdrP_like_TIER2|GCA_001443665.1|KRT55330.1	74.5	415	102	2	1	414	1	412	6.91e-232	633	414	412
C1_12-18_bin19-k141_2550623_9	IdrP_like_TIER2|GCA_011051715.1|HEB97088.1	74.9	415	100	2	1	414	1	412	5.66e-231	630	414	412
C1_12-18_bin19-k141_2550623_9	IdrP_like_TIER2|GCA_003660225.1|RLJ20877.1	73.5	408	104	2	8	414	8	412	1.20e-225	617	414	412
C1_12-18_bin19-k141_2550623_9	IdrP_like_TIER2|GCA_003660235.1|RLJ20929.1	73.9	410	99	3	8	414	8	412	6.92e-225	615	414	412
C1_12-18_bin19-k141_2550623_9	IdrP_like_TIER2|GCA_003934975.1|RRS37421.1	71.3	408	113	2	8	414	8	412	2.95e-219	601	414	412
C1_12-18_bin19-k141_2550623_9	IdrP_like_TIER2|GCA_000785145.2|KHD08440.1	71.8	358	98	1	52	409	22	376	2.15e-199	549	414	379
C1_12-18_bin19-k141_2550623_9	IdrP_like_TIER2|GCA_011371325.1|HHB91635.1	71.3	359	100	1	51	409	36	391	2.34e-195	540	414	394
C1_12-18_bin19-k141_2550623_9	IdrP_like_TIER2|GCA_003864255.1|RRJ85033.1	65.7	364	122	1	51	414	32	392	4.22e-181	503	414	392
C1_12-18_bin19-k141_2550623_9	IdrP_like_TIER2|GCA_002732845.1|PHS79678.1	66.5	352	111	2	52	401	41	387	5.68e-172	480	414	393
C1_12-18_bin19-k141_2550623_9	IdrP_like_TIER2|GCA_003544895.1|AXX96741.1	65.8	351	117	1	51	401	33	380	9.28e-171	477	414	383
C1_12-18_bin19-k141_2550623_9	IdrP_like_TIER2|GCA_009653635.1|MRI32052.1	55.9	422	171	4	5	414	6	424	6.72e-164	461	414	425
C1_12-18_bin19-k141_2550623_9	IdrP_like_TIER2|GCA_002718255.1|MBI48303.1	62.0	355	132	1	53	407	29	380	1.57e-162	456	414	385
C1_12-18_bin19-k141_2550623_9	IdrP_like_TIER2|GCA_001939735.1|OLQ75250.1	62.8	360	131	1	51	410	51	407	2.94e-161	454	414	409
C1_12-18_bin19-k141_2550623_9	IdrP_like_TIER2|GCA_000283275.1|AFP30182.1	61.9	357	133	1	51	407	91	444	3.31e-160	452	414	449
C1_12-18_bin19-k141_2550623_9	IdrP_like_TIER2|GCA_007786305.1|TVU69348.1	61.1	355	135	1	53	407	32	383	1.08e-158	446	414	388
C1_12-18_bin19-k141_2550623_9	IdrP_like_TIER2|GCA_002687515.1|MAF46991.1	60.1	353	127	3	52	401	34	375	4.72e-157	442	414	376
C1_12-18_bin19-k141_2550623_9	IdrP_like_TIER2|GCA_002731375.1|MBV37769.1	60.2	354	132	2	51	401	28	375	7.70e-157	441	414	380
C1_12-18_bin19-k141_2550623_9	IdrP_like_TIER2|GCA_002876245.1|PML52507.1	59.1	359	144	1	53	411	32	387	1.02e-156	441	414	388
C1_12-18_bin19-k141_2550623_9	IdrP_like_TIER2|GCA_002875145.1|PMP13580.1	59.1	359	144	1	53	411	32	387	1.44e-156	441	414	388
C1_12-18_bin19-k141_2550623_9	IdrP_like_TIER2|GCA_002876485.1|PMO75999.1	59.1	359	144	1	53	411	32	387	2.90e-156	440	414	388
C1_12-18_bin19-k141_2550623_9	IdrP_like_TIER2|GCA_002897995.1|GBE44174.1	59.5	353	136	2	51	401	33	380	5.63e-156	439	414	387
C1_12-18_bin19-k141_2550623_9	IdrP_like_TIER2|GCA_000967665.1|KJZ16046.1	60.4	356	138	1	52	407	67	419	2.85e-155	439	414	424
C1_12-18_bin19-k141_2550623_9	IdrP_like_TIER2|GCA_002687455.1|MAF55548.1	59.4	350	134	2	52	401	33	374	3.23e-155	437	414	377
C1_12-18_bin19-k141_2550623_10	IdrB_TIER2|GCA_001715975.1|ODJ89648.1	86.8	190	25	0	1	190	1	190	3.42e-126	347	191	191
C1_12-18_bin19-k141_2550623_10	IdrB_TIER2|GCA_011051715.1|HEB97089.1	84.8	191	29	0	1	191	1	191	4.65e-124	342	191	191
C1_12-18_bin19-k141_2550623_10	IdrB_TIER2|GCA_003660225.1|RLJ20876.1	84.3	191	28	1	1	191	1	189	4.45e-117	324	191	189
C1_12-18_bin19-k141_2550623_10	IdrB_TIER2|GCA_003934975.1|RRS37420.1	83.2	191	30	1	1	191	1	189	5.19e-116	321	191	189
C1_12-18_bin19-k141_2550623_10	IdrB_TIER2|GCA_000224455.2|EGV52498.1	82.2	191	32	1	1	191	1	189	4.26e-115	319	191	189
C1_12-18_bin19-k141_2550623_10	IdrB_TIER2|GCA_001443665.1|KRT55329.1	81.9	188	32	1	1	188	1	186	3.93e-113	314	191	198
C1_12-18_bin19-k141_2550623_10	IdrB_TIER2|GCA_003610775.1|RKF21469.1	68.4	190	56	2	3	189	4	192	7.13e-95	268	191	197
C1_12-18_bin19-k141_2550623_10	IdrB_TIER2|GCA_000785145.2|KHD08441.1	65.6	189	60	2	6	191	4	190	5.36e-93	263	191	190
C1_12-18_bin19-k141_2550623_10	IdrB_TIER2|GCA_000272145.2|OEE78074.1	67.9	184	55	2	9	189	16	198	3.38e-92	261	191	203
C1_12-18_bin19-k141_2550623_10	IdrB_TIER2|GCA_001939735.1|OLQ75251.1	65.4	188	61	2	5	189	9	195	3.55e-91	259	191	200
C1_12-18_bin19-k141_2550623_10	IdrB_TIER2|GCA_002836355.1|PKH06717.1	65.4	188	61	2	5	189	15	201	1.24e-90	258	191	206
C1_12-18_bin19-k141_2550623_10	IdrB_TIER2|GCA_011371325.1|HHB91634.1	68.1	182	54	3	9	189	6	184	5.18e-90	255	191	186
C1_12-18_bin19-k141_2550623_10	AioB_LOCAL|GCA_000953735.1|CED59803.1	64.9	188	62	2	5	189	15	201	1.01e-89	255	191	206
C1_12-18_bin19-k141_2550623_10	IdrB_TIER2|GCA_002733565.1|PHR90154.1	65.8	184	59	2	9	189	19	201	8.30e-89	253	191	206
C1_12-18_bin19-k141_2550623_10	IdrB_TIER2|GCA_002718255.1|MBI48304.1	65.0	183	60	2	9	188	10	191	1.12e-88	252	191	194
C1_12-18_bin19-k141_2550623_10	IdrB_TIER2|GCA_009653635.1|MRI32053.1	66.7	174	54	2	18	188	1	173	4.61e-86	246	191	196
C1_12-18_bin19-k141_2550623_10	IdrB_TIER2|GCA_000283275.1|AFP30181.1	65.1	175	56	3	18	188	1	174	1.90e-83	238	191	177
C1_12-18_bin19-k141_2550623_10	IdrB_TIER2|GCA_003864255.1|RRJ85032.1	60.6	188	68	3	7	191	3	187	3.07e-82	236	191	187
C1_12-18_bin19-k141_2550623_10	IdrB_TIER2|GCA_002876485.1|PMO75998.1	60.9	184	67	3	10	190	9	190	5.50e-82	235	191	194
C1_12-18_bin19-k141_2550623_10	IdrB_TIER2|GCA_002875145.1|PMP13581.1	60.3	184	68	3	10	190	9	190	6.38e-81	233	191	194
C1_12-18_bin19-k141_2550623_10	IdrB_TIER2|GCA_002876245.1|PML52506.1	60.3	184	68	3	10	190	9	190	6.38e-81	233	191	194
C1_12-18_bin19-k141_2550623_10	IdrB_TIER2|GCA_002876335.1|PML16672.1	60.3	184	68	3	10	190	9	190	6.38e-81	233	191	194
C1_12-18_bin19-k141_2550623_10	IdrB_TIER2|GCA_007786305.1|TVU69349.1	58.8	187	72	3	7	190	6	190	9.05e-81	232	191	194
C1_12-18_bin19-k141_2550623_10	IdrB_TIER2|GCA_000967665.1|KJZ16189.1	58.6	191	75	2	2	189	16	205	1.25e-79	230	191	210
C1_12-18_bin19-k141_2550623_10	IdrB_TIER2|GCA_002720555.1|MBJ78184.1	59.5	190	71	5	1	189	1	185	2.06e-75	218	191	186
C1_12-18_bin24-k141_2459344_1	IdrB_TIER2|GCA_001715975.1|ODJ89648.1	70.6	136	39	1	1	136	54	188	9.66e-73	209	138	191
C1_12-18_bin24-k141_2459344_1	IdrB_TIER2|GCA_011371325.1|HHB91634.1	71.3	136	37	2	1	136	50	183	1.17e-72	209	138	186
C1_12-18_bin24-k141_2459344_1	IdrB_TIER2|GCA_000785145.2|KHD08441.1	69.1	136	41	1	1	136	53	187	1.88e-72	209	138	190
C1_12-18_bin24-k141_2459344_1	IdrB_TIER2|GCA_000224455.2|EGV52498.1	73.5	136	33	2	1	136	54	186	1.05e-71	207	138	189
C1_12-18_bin24-k141_2459344_1	IdrB_TIER2|GCA_011051715.1|HEB97089.1	69.1	136	41	1	1	136	54	188	1.12e-71	207	138	191
C1_12-18_bin24-k141_2459344_1	IdrB_TIER2|GCA_001443665.1|KRT55329.1	73.5	136	33	2	1	136	54	186	1.41e-71	207	138	198
C1_12-18_bin24-k141_2459344_1	IdrB_TIER2|GCA_003934975.1|RRS37420.1	72.1	136	35	2	1	136	54	186	1.42e-69	201	138	189
C1_12-18_bin24-k141_2459344_1	IdrB_TIER2|GCA_003660225.1|RLJ20876.1	72.8	136	34	2	1	136	54	186	4.05e-69	200	138	189
C1_12-18_bin24-k141_2459344_1	IdrB_TIER2|GCA_001939735.1|OLQ75251.1	69.1	136	40	2	1	136	61	194	8.17e-69	200	138	200
C1_12-18_bin24-k141_2459344_1	IdrB_TIER2|GCA_009653635.1|MRI32053.1	66.4	137	44	2	1	137	40	174	8.33e-68	197	138	196
C1_12-18_bin24-k141_2459344_1	IdrB_TIER2|GCA_003864255.1|RRJ85032.1	64.2	137	48	1	1	137	50	185	8.87e-68	197	138	187
C1_12-18_bin24-k141_2459344_1	IdrB_TIER2|GCA_002718255.1|MBI48304.1	66.2	136	44	2	1	136	58	191	4.50e-67	195	138	194
C1_12-18_bin24-k141_2459344_1	IdrB_TIER2|GCA_000272145.2|OEE78074.1	66.9	136	43	2	1	136	64	197	5.99e-67	195	138	203
C1_12-18_bin24-k141_2459344_1	IdrB_TIER2|GCA_000283275.1|AFP30181.1	64.7	139	46	3	1	138	40	176	1.06e-66	194	138	177
C1_12-18_bin24-k141_2459344_1	IdrB_TIER2|GCA_003610775.1|RKF21469.1	67.6	136	42	2	1	136	58	191	1.41e-66	194	138	197
C1_12-18_bin24-k141_2459344_1	IdrB_TIER2|GCA_002836355.1|PKH06717.1	66.9	136	43	2	1	136	67	200	3.78e-66	193	138	206
C1_12-18_bin24-k141_2459344_1	AioB_LOCAL|GCA_000953735.1|CED59803.1	66.2	136	44	2	1	136	67	200	2.17e-65	191	138	206
C1_12-18_bin24-k141_2459344_1	IdrB_TIER2|GCA_002733565.1|PHR90154.1	66.2	136	44	2	1	136	67	200	1.25e-64	189	138	206
C1_12-18_bin24-k141_2459344_1	IdrB_TIER2|GCA_007786305.1|TVU69349.1	63.2	136	48	2	1	136	55	188	1.41e-63	186	138	194
C1_12-18_bin24-k141_2459344_1	IdrB_TIER2|GCA_002876485.1|PMO75998.1	62.5	136	49	2	1	136	55	188	2.31e-62	183	138	194
C1_12-18_bin24-k141_2459344_1	IdrB_TIER2|GCA_000967665.1|KJZ16189.1	64.7	136	46	2	1	136	71	204	1.54e-61	182	138	210
C1_12-18_bin24-k141_2459344_1	IdrB_TIER2|GCA_002875145.1|PMP13581.1	61.0	136	51	2	1	136	55	188	2.67e-61	181	138	194
C1_12-18_bin24-k141_2459344_1	IdrB_TIER2|GCA_002876245.1|PML52506.1	61.0	136	51	2	1	136	55	188	2.67e-61	181	138	194
C1_12-18_bin24-k141_2459344_1	IdrB_TIER2|GCA_002876335.1|PML16672.1	61.0	136	51	2	1	136	55	188	2.67e-61	181	138	194
C1_12-18_bin24-k141_2459344_1	IdrB_TIER2|GCA_002717425.1|MBI13698.1	61.7	133	47	3	3	135	55	183	1.96e-59	176	138	186
C2_12-18_bin11-k141_1404867_1	IdrB_TIER2|GCA_002725995.1|MBQ62122.1	74.3	109	28	0	1	109	94	202	7.56e-62	181	109	202
C2_12-18_bin11-k141_1404867_1	IdrB_TIER2|GCA_001830425.1|OHC76423.1	74.1	108	28	0	1	108	76	183	3.34e-59	174	109	184
C2_12-18_bin11-k141_1404867_1	IdrB_TIER2|GCA_002725285.1|MBP17852.1	72.5	109	30	0	1	109	88	196	4.84e-59	174	109	196
C2_12-18_bin11-k141_1404867_1	IdrB_TIER2|GCA_001771985.1|OGA54489.1	71.6	109	31	0	1	109	75	183	4.88e-59	173	109	185
C2_12-18_bin11-k141_1404867_1	IdrB_TIER2|GCA_002686015.1|MAF07887.1	72.1	111	29	1	1	109	75	185	1.67e-57	169	109	186
C2_12-18_bin11-k141_1404867_1	IdrB_TIER2|GCA_001404295.1|CTQ63440.1	73.1	108	29	0	1	108	90	197	3.42e-57	169	109	198
C2_12-18_bin11-k141_1404867_1	IdrB_TIER2|GCA_002729195.1|MBR03090.1	73.0	111	28	1	1	109	75	185	6.76e-57	168	109	186
C2_12-18_bin11-k141_1404867_1	IdrB_TIER2|GCA_001404055.1|CTQ52169.1	72.2	108	30	0	1	108	90	197	9.76e-57	168	109	198
C2_12-18_bin11-k141_1404867_1	IdrB_TIER2|GCA_003208435.1|PYG33377.1	71.3	108	31	0	1	108	87	194	1.26e-56	167	109	195
C2_12-18_bin11-k141_1404867_1	IdrB_TIER2|GCA_002726415.1|MBP80847.1	71.2	111	30	1	1	109	75	185	1.36e-56	167	109	186
C2_12-18_bin11-k141_1404867_1	AioB_LOCAL|GCA_000522425.1|ETW96771.1	70.1	107	32	0	1	107	77	183	2.82e-56	166	109	187
C2_12-18_bin11-k141_1404867_1	IdrB_TIER2|GCA_004216475.1|QBF32516.1	71.3	108	31	0	1	108	87	194	1.03e-55	165	109	195
C2_12-18_bin11-k141_1404867_1	IdrB_TIER2|GCA_002711755.1|MBC58353.1	70.4	108	32	0	1	108	87	194	2.07e-55	164	109	195
C2_12-18_bin11-k141_1404867_1	IdrB_TIER2|GCA_001623255.1|KZL05130.1	68.5	108	34	0	1	108	90	197	2.27e-55	164	109	198
C2_12-18_bin11-k141_1404867_1	AioB_LOCAL|GCA_000756565.1|KGB81536.1	69.4	108	33	0	1	108	76	183	6.00e-55	163	109	184
C2_12-18_bin11-k141_1404867_1	IdrB_TIER2|GCA_004331745.1|TCD13831.1	69.4	108	33	0	1	108	87	194	2.39e-54	162	109	195
C2_12-18_bin11-k141_1404867_1	IdrB_TIER2|GCA_003486975.1|HAY10015.1	76.6	94	22	0	9	102	82	175	6.94e-54	160	109	184
C2_12-18_bin11-k141_1404867_1	IdrB_TIER2|GCA_002731375.1|MBV37768.1	66.7	108	36	0	1	108	87	194	1.12e-52	157	109	195
C2_12-18_bin11-k141_1404867_1	IdrB_TIER2|GCA_008080565.1|TXT31846.1	75.5	94	23	0	9	102	87	180	1.36e-52	157	109	190
C2_12-18_bin11-k141_1404867_1	AioB_LOCAL|GCA_001828925.1|OHC63617.1	75.5	98	24	0	9	106	79	176	1.43e-52	157	109	180
C2_12-18_bin11-k141_1404867_1	IdrB_TIER2|GCA_003538055.1|HCX33660.1	72.5	102	28	0	5	106	79	180	1.72e-52	157	109	186
C2_12-18_bin11-k141_1404867_1	IdrB_TIER2|GCA_003628555.1|AYH44093.1	74.5	94	24	0	9	102	93	186	2.32e-52	157	109	196
C2_12-18_bin11-k141_1404867_1	IdrB_TIER2|GCA_002897995.1|GBE44173.1	65.7	108	37	0	1	108	88	195	3.28e-52	156	109	196
C2_12-18_bin11-k141_1404867_1	IdrB_TIER2|GCA_002842415.1|PKO90735.1	75.5	94	23	0	9	102	89	182	5.86e-52	155	109	192
C2_12-18_bin11-k141_1404867_1	IdrB_ANCHOR|IR12|CORE_IR12_IdrB__MBT0960285.1	74.0	100	26	0	7	106	82	181	9.56e-52	155	109	185
C2_12-18_bin17-k141_1448372_2	IdrB_TIER2|GCA_001801995.1|OGT91842.1	57.5	179	65	4	4	179	12	182	7.73e-67	196	185	187
C2_12-18_bin17-k141_1448372_2	AioB_LOCAL|GCA_001771285.1|OGB98045.1	55.1	167	73	1	13	179	11	175	6.71e-64	189	185	180
C2_12-18_bin17-k141_1448372_2	IdrB_TIER2|GCA_001788395.1|OGK84092.1	54.8	168	73	2	13	179	13	178	8.52e-63	186	185	183
C2_12-18_bin17-k141_1448372_2	AioB_LOCAL|GCA_000522425.1|ETW96771.1	52.2	178	79	2	5	181	12	184	1.94e-62	185	185	187
C2_12-18_bin17-k141_1448372_2	AioB_LOCAL|GCA_001828925.1|OHC63617.1	55.1	167	66	2	13	179	19	176	3.13e-62	184	185	180
C2_12-18_bin17-k141_1448372_2	IdrB_TIER2|GCA_003538055.1|HCX33660.1	55.5	173	72	2	7	179	13	180	5.37e-62	184	185	186
C2_12-18_bin17-k141_1448372_2	IdrB_TIER2|GCA_003864275.1|GCA58264.1	49.7	183	86	3	3	184	15	192	1.30e-61	183	185	192
C2_12-18_bin17-k141_1448372_2	IdrB_TIER2|GCA_008080565.1|TXT31846.1	55.6	162	67	2	13	174	23	179	2.46e-61	182	185	190
C2_12-18_bin17-k141_1448372_2	IdrB_TIER2|GCA_002746185.1|PCJ64244.1	52.7	169	79	1	13	180	21	189	2.88e-61	182	185	195
C2_12-18_bin17-k141_1448372_2	IdrB_TIER2|GCA_003628555.1|AYH44093.1	56.2	162	66	2	13	174	29	185	1.70e-60	181	185	196
C2_12-18_bin17-k141_1448372_2	IdrB_ANCHOR|IR12|CORE_IR12_IdrB__MBT0960285.1	52.8	178	73	3	7	180	12	182	1.71e-60	180	185	185
C2_12-18_bin17-k141_1448372_2	IdrB_TIER2|GCA_002842415.1|PKO90735.1	55.6	162	67	2	13	174	25	181	8.60e-60	179	185	192
C2_12-18_bin17-k141_1448372_2	IdrB_TIER2|GCA_003486975.1|HAY10015.1	52.5	177	70	4	13	184	17	184	3.84e-59	177	185	184
C2_12-18_bin17-k141_1448372_2	IdrB_TIER2|GCA_001805655.1|OGX37961.1	52.0	173	80	2	8	179	14	184	9.74e-58	173	185	187
C2_12-18_bin17-k141_1448372_2	IdrB_TIER2|GCA_002238045.1|OXT01453.1	49.7	177	84	3	4	179	13	185	1.64e-56	170	185	188
C2_12-18_bin17-k141_1448372_2	IdrB_TIER2|GCA_002725285.1|MBP17852.1	46.9	177	92	1	3	179	19	193	2.09e-56	170	185	196
C2_12-18_bin17-k141_1448372_2	IdrB_TIER2|GCA_002725995.1|MBQ62122.1	48.8	168	83	2	13	179	34	199	2.51e-56	170	185	202
C2_12-18_bin17-k141_1448372_2	IdrB_TIER2|GCA_003688285.1|RMA42283.1	52.4	170	73	4	11	179	17	179	2.91e-56	169	185	184
C2_12-18_bin17-k141_1448372_2	IdrB_TIER2|GCA_001404055.1|CTQ52169.1	50.6	168	81	1	12	179	30	195	4.47e-56	169	185	198
C2_12-18_bin17-k141_1448372_2	IdrB_TIER2|GCA_001404295.1|CTQ63440.1	50.6	168	81	1	12	179	30	195	4.47e-56	169	185	198
C2_12-18_bin17-k141_1448372_2	IdrB_TIER2|GCA_009839615.1|MYA97754.1	47.7	176	88	2	4	179	3	174	1.47e-55	167	185	180
C2_12-18_bin17-k141_1448372_2	IdrB_TIER2|GCA_003668555.1|RLQ89034.1	49.4	178	85	3	3	179	12	185	1.88e-55	167	185	188
C2_12-18_bin17-k141_1448372_2	IdrB_TIER2|GCA_002686015.1|MAF07887.1	50.6	170	79	3	13	179	15	182	2.51e-55	167	185	186
C2_12-18_bin17-k141_1448372_2	IdrB_TIER2|GCA_001771985.1|OGA54489.1	49.4	168	82	2	13	179	15	180	9.80e-55	166	185	185
C2_12-18_bin17-k141_1448372_2	IdrB_TIER2|GCA_003610775.1|RKF21469.1	48.6	177	81	3	12	181	19	192	9.98e-55	166	185	197
C2_12-18_bin17-k141_1448372_3	IdrP_like_TIER2|GCA_002746185.1|PCJ64245.1	55.3	338	150	1	65	402	56	392	2.15e-132	380	410	398
C2_12-18_bin17-k141_1448372_3	IdrP_like_TIER2|GCA_003668555.1|RLQ89610.1	56.2	338	143	4	66	399	65	401	2.68e-130	375	410	407
C2_12-18_bin17-k141_1448372_3	IdrP_like_TIER2|GCA_001805655.1|OGX37972.1	54.0	339	155	1	63	401	26	363	5.90e-130	372	410	368
C2_12-18_bin17-k141_1448372_3	IdrP_like_TIER2|GCA_009839615.1|MYA97755.1	52.5	345	160	3	60	401	45	388	3.03e-128	369	410	392
C2_12-18_bin17-k141_1448372_3	IdrP_like_TIER2|GCA_011049715.1|HEA69245.1	53.1	350	155	2	60	401	35	383	5.06e-128	369	410	397
C2_12-18_bin17-k141_1448372_3	IdrP_like_TIER2|GCA_001784175.1|OGH62375.1	53.1	343	159	2	62	403	26	367	6.47e-128	367	410	373
C2_12-18_bin17-k141_1448372_3	IdrP_like_TIER2|GCA_007741555.1|QDT12204.1	53.8	342	156	2	62	402	70	410	1.66e-127	368	410	412
C2_12-18_bin17-k141_1448372_3	IdrP_like_TIER2|GCA_002238045.1|OXT01452.1	55.3	338	146	4	66	399	66	402	5.87e-127	366	410	408
C2_12-18_bin17-k141_1448372_3	IdrP_like_TIER2|GCA_003688285.1|RMA42284.1	51.6	347	162	4	62	405	28	371	1.12e-126	364	410	375
C2_12-18_bin17-k141_1448372_3	IdrP_like_TIER2|GCA_001788395.1|OGK84093.1	54.7	340	150	3	65	401	36	374	1.42e-125	362	410	378
C2_12-18_bin17-k141_1448372_3	IdrP_like_TIER2|GCA_011371325.1|HHB91635.1	52.0	348	158	2	64	403	36	382	9.70e-125	360	410	394
C2_12-18_bin17-k141_1448372_3	IdrP_like_TIER2|GCA_002717425.1|MBI13699.1	52.4	332	154	2	77	405	47	377	1.19e-124	359	410	379
C2_12-18_bin17-k141_1448372_3	IdrP_like_TIER2|GCA_002687455.1|MAF55548.1	52.4	332	154	2	77	405	45	375	2.55e-123	356	410	377
C2_12-18_bin17-k141_1448372_3	IdrP_like_TIER2|GCA_011051715.1|HEB97088.1	51.1	348	161	2	64	403	52	398	4.00e-123	357	410	412
C2_12-18_bin17-k141_1448372_3	IdrP_like_TIER2|GCA_002731375.1|MBV37769.1	50.9	348	162	2	64	403	28	374	1.60e-122	354	410	380
C2_12-18_bin17-k141_1448372_3	IdrP_like_TIER2|GCA_002687515.1|MAF46991.1	51.9	341	160	2	66	403	35	374	2.82e-122	353	410	376
C2_12-18_bin17-k141_1448372_3	IdrP_like_TIER2|GCA_002725285.1|MBP17851.1	50.7	347	163	3	64	403	34	379	6.25e-122	353	410	411
C2_12-18_bin17-k141_1448372_3	IdrP_like_TIER2|GCA_001801995.1|OGT91841.1	50.4	345	167	3	60	401	21	364	8.69e-122	352	410	368
C2_12-18_bin17-k141_1448372_3	IdrP_like_TIER2|GCA_001623255.1|KZL05131.1	51.5	332	157	2	75	403	45	375	5.37e-121	350	410	381
C2_12-18_bin17-k141_1448372_3	IdrP_like_TIER2|GCA_002897995.1|GBE44174.1	49.7	348	166	2	64	403	33	379	1.86e-120	349	410	387
C2_12-18_bin17-k141_1448372_3	IdrP_like_TIER2|GCA_001404055.1|CTQ52170.1	51.1	331	158	2	75	402	44	373	2.09e-120	348	410	380
C2_12-18_bin17-k141_1448372_3	IdrP_like_TIER2|GCA_001404295.1|CTQ63441.1	51.1	331	158	2	75	402	44	373	2.96e-120	348	410	380
C2_12-18_bin17-k141_1448372_3	IdrP_like_TIER2|GCA_002725995.1|MBQ62123.1	50.7	347	163	3	64	403	37	382	3.15e-120	349	410	414
C2_12-18_bin17-k141_1448372_3	IdrP_like_TIER2|GCA_001715975.1|ODJ89649.1	51.3	351	159	3	64	403	51	400	4.46e-120	349	410	414
C2_12-18_bin17-k141_1448372_3	IdrP_like_TIER2|GCA_004126395.1|RXV59293.1	51.6	345	161	4	64	405	28	369	4.71e-120	347	410	373
R2111_S300_0-10_bin19-k141_825759_9	AioB_CANONICAL|Q7SIF3|canonical_AioB_reviewed_Alcaligenes_faecalis	44.2	172	85	3	2	165	7	175	2.92e-47	145	168	175
R2111_S300_0-10_bin19-k141_825759_9	AioB_CANONICAL|Q8GGJ7|canonical_AioB_reviewed_Herminiimonas_arsenicoxydans	44.4	169	87	3	3	165	6	173	7.23e-45	139	168	173
R2111_S300_0-10_bin19-k141_825759_9	AioB_LOCAL|GCA_001898645.1|OJX06498.1	43.6	172	86	4	2	165	6	174	1.57e-41	131	168	174
R2111_S300_0-10_bin19-k141_825759_9	AioB_LOCAL|GCA_003664005.1|RLJ70545.1	43.0	165	85	5	2	165	6	162	2.46e-38	122	168	164
R2111_S300_0-10_bin19-k141_825759_9	AioB_LOCAL|GCA_002898275.1|GBD43203.1	38.5	169	93	3	2	165	10	172	6.52e-35	114	168	173
R2111_S300_0-10_bin19-k141_825759_9	IdrB_TIER2|GCA_003610775.1|RKF21469.1	37.4	174	100	4	1	165	19	192	1.75e-34	114	168	197
R2111_S300_0-10_bin19-k141_825759_9	IdrB_TIER2|GCA_003538055.1|HCX33660.1	40.9	171	83	5	2	163	19	180	8.26e-33	109	168	186
R2111_S300_0-10_bin19-k141_825759_9	IdrB_TIER2|GCA_001788395.1|OGK84092.1	40.1	172	89	5	2	164	13	179	6.06e-32	107	168	183
R2111_S300_0-10_bin19-k141_825759_9	IdrB_ANCHOR|IR12|CORE_IR12_IdrB__MBT0960285.1	40.1	167	88	5	2	163	22	181	1.79e-31	105	168	185
R2111_S300_0-10_bin19-k141_825759_9	IdrB_TIER2|GCA_001404295.1|CTQ63440.1	38.8	170	95	6	1	164	30	196	2.49e-31	105	168	198
R2111_S300_0-10_bin19-k141_825759_9	AioB_LOCAL|GCA_001771285.1|OGB98045.1	42.6	169	88	5	2	164	11	176	3.14e-31	105	168	180
R2111_S300_0-10_bin19-k141_825759_9	IdrB_TIER2|GCA_002897995.1|GBE44173.1	38.8	170	96	5	1	164	27	194	3.35e-31	105	168	196
R2111_S300_0-10_bin19-k141_825759_9	IdrB_TIER2|GCA_001797355.1|OGP07367.1	43.0	128	70	2	40	164	56	183	4.80e-31	104	168	183
R2111_S300_0-10_bin19-k141_825759_9	IdrB_TIER2|GCA_001404055.1|CTQ52169.1	38.8	170	95	6	1	164	30	196	4.96e-31	105	168	198
R2111_S300_0-10_bin19-k141_825759_9	IdrB_TIER2|GCA_001771985.1|OGA54489.1	39.2	158	87	4	16	164	24	181	7.12e-31	104	168	185
R2111_S300_0-10_bin19-k141_825759_9	IdrB_TIER2|GCA_002719955.1|MBJ20126.1	38.3	167	95	6	2	164	21	183	9.80e-31	103	168	184
R2111_S300_0-10_bin19-k141_825759_9	IdrB_TIER2|GCA_000272145.2|OEE78074.1	35.6	174	103	4	1	165	25	198	1.11e-30	104	168	203
R2111_S300_0-10_bin19-k141_825759_9	IdrB_TIER2|GCA_002725625.1|MBO31667.1	39.3	168	92	6	1	163	29	191	1.26e-30	103	168	194
R2111_S300_0-10_bin19-k141_825759_9	IdrB_TIER2|GCA_000967665.1|KJZ16189.1	36.2	174	102	4	1	165	32	205	1.32e-30	104	168	210
R2111_S300_0-10_bin19-k141_825759_9	IdrB_TIER2|GCA_001801995.1|OGT91842.1	38.3	167	93	4	2	163	21	182	1.49e-30	103	168	187
R2111_S300_0-10_bin19-k141_825759_9	AioB_LOCAL|GCA_001828925.1|OHC63617.1	39.1	169	93	4	2	167	19	180	1.76e-30	103	168	180
R2111_S300_0-10_bin19-k141_825759_9	IdrB_TIER2|GCA_001939735.1|OLQ75251.1	38.9	175	96	6	1	165	22	195	2.06e-30	103	168	200
R2111_S300_0-10_bin19-k141_825759_9	IdrB_TIER2|GCA_001805655.1|OGX37961.1	37.9	169	99	4	1	164	18	185	2.11e-30	103	168	187
R2111_S300_0-10_bin19-k141_825759_9	IdrB_TIER2|GCA_002725995.1|MBQ62122.1	39.1	169	95	5	2	164	34	200	2.16e-30	103	168	202
R2111_S300_0-10_bin19-k141_825759_9	IdrB_TIER2|GCA_002720555.1|MBJ78184.1	36.7	169	100	4	2	165	19	185	2.90e-30	102	168	186
S13_0-2_bin3-k141_1059512_1	IdrP_like_TIER2|GCA_004126395.1|RXV59293.1	73.9	245	62	1	1	245	129	371	5.87e-135	379	247	373
S13_0-2_bin3-k141_1059512_1	IdrP_like_TIER2|GCA_003688285.1|RMA42284.1	64.8	247	85	1	1	247	131	375	3.32e-120	341	247	375
S13_0-2_bin3-k141_1059512_1	IdrP_like_TIER2|GCA_003486975.1|HAY10014.1	63.3	237	87	0	1	237	122	358	1.65e-111	319	247	368
S13_0-2_bin3-k141_1059512_1	IdrP1_ANCHOR|IR12|CORE_IR12_IdrP1__MBT0960286.1	62.9	237	88	0	1	237	131	367	4.28e-111	318	247	376
S13_0-2_bin3-k141_1059512_1	IdrP_like_TIER2|GCA_003628555.1|AYH44094.1	63.3	237	87	0	1	237	132	368	4.71e-111	318	247	379
S13_0-2_bin3-k141_1059512_1	IdrP_like_TIER2|GCA_008080565.1|TXT31847.1	60.8	237	93	0	1	237	29	265	1.71e-109	310	247	276
S13_0-2_bin3-k141_1059512_1	IdrP_like_TIER2|GCA_003538055.1|HCX33659.1	62.6	238	88	1	1	237	143	380	6.03e-109	313	247	389
S13_0-2_bin3-k141_1059512_1	IdrP_like_TIER2|GCA_003864275.1|GCA58263.1	62.4	237	89	0	1	237	132	368	5.04e-108	310	247	379
S13_0-2_bin3-k141_1059512_1	IdrP_like_TIER2|GCA_001801995.1|OGT91841.1	61.6	237	91	0	1	237	126	362	1.43e-107	309	247	368
S13_0-2_bin3-k141_1059512_1	IdrP_like_TIER2|GCA_002238045.1|OXT01452.1	63.6	239	86	1	1	238	165	403	5.05e-107	309	247	408
S13_0-2_bin3-k141_1059512_1	IdrP_like_TIER2|GCA_003668555.1|RLQ89610.1	62.8	239	88	1	1	238	164	402	1.59e-105	305	247	407
S13_0-2_bin3-k141_1059512_1	IdrP_like_TIER2|GCA_002842415.1|PKO90736.1	58.6	237	98	0	1	237	132	368	4.35e-104	300	247	379
S13_0-2_bin3-k141_1059512_1	IdrP_like_TIER2|GCA_009839615.1|MYA97755.1	60.3	237	94	0	1	237	150	386	2.78e-100	291	247	392
S13_0-2_bin3-k141_1059512_1	IdrP_like_TIER2|GCA_001788395.1|OGK84093.1	55.8	240	106	0	1	240	136	375	4.02e-94	275	247	378
S13_0-2_bin3-k141_1059512_1	IdrP_like_TIER2|GCA_002717425.1|MBI13699.1	57.1	240	97	3	1	237	135	371	4.34e-91	267	247	379
S13_0-2_bin3-k141_1059512_1	IdrP_like_TIER2|GCA_001404295.1|CTQ63441.1	55.2	241	102	3	1	238	134	371	2.54e-90	265	247	380
S13_0-2_bin3-k141_1059512_1	IdrP_like_TIER2|GCA_003544895.1|AXX96741.1	54.3	245	101	3	1	237	134	375	7.22e-88	259	247	383
S13_0-2_bin3-k141_1059512_1	IdrP_like_TIER2|GCA_002711755.1|MBC58354.1	56.0	241	100	3	1	238	128	365	2.22e-87	258	247	374
S13_0-2_bin3-k141_1059512_1	IdrP_like_TIER2|GCA_003208435.1|PYG33376.1	55.6	241	101	3	1	238	127	364	3.23e-87	257	247	375
S13_0-2_bin3-k141_1059512_1	IdrP_like_TIER2|GCA_004216475.1|QBF32517.1	55.6	241	101	3	1	238	129	366	9.16e-87	256	247	375
S13_0-2_bin3-k141_1059512_1	IdrP_like_TIER2|GCA_001404055.1|CTQ52170.1	54.4	241	104	3	1	238	134	371	1.06e-86	256	247	380
S13_0-2_bin3-k141_1059512_1	IdrP_like_TIER2|GCA_011049715.1|HEA69245.1	53.1	245	104	3	1	237	140	381	2.47e-86	256	247	397
S13_0-2_bin3-k141_1059512_1	IdrP_like_TIER2|GCA_007741555.1|QDT12204.1	54.0	237	107	2	1	237	173	407	7.61e-86	255	247	412
S13_0-2_bin3-k141_1059512_1	IdrP_like_TIER2|GCA_002687455.1|MAF55548.1	55.0	240	102	3	1	237	133	369	4.43e-85	252	247	377
S13_0-2_bin3-k141_1059512_1	IdrP_like_TIER2|GCA_000785145.2|KHD08440.1	53.5	245	103	3	1	237	122	363	1.33e-84	251	247	379
S13_0-2_bin3-k141_1059512_2	IdrB_TIER2|GCA_004126395.1|RXV59292.1	68.3	183	54	2	1	181	7	187	2.96e-89	253	181	187
S13_0-2_bin3-k141_1059512_2	IdrB_TIER2|GCA_003688285.1|RMA42283.1	67.0	182	58	1	1	180	1	182	1.09e-88	251	181	184
S13_0-2_bin3-k141_1059512_2	IdrB_TIER2|GCA_003668555.1|RLQ89034.1	63.5	167	58	2	16	179	21	187	1.65e-72	211	181	188
S13_0-2_bin3-k141_1059512_2	IdrB_TIER2|GCA_002238045.1|OXT01453.1	62.3	167	60	2	16	179	21	187	9.47e-72	209	181	188
S13_0-2_bin3-k141_1059512_2	AioB_LOCAL|GCA_001828925.1|OHC63617.1	54.2	179	77	3	1	177	1	176	1.65e-63	187	181	180
S13_0-2_bin3-k141_1059512_2	IdrB_TIER2|GCA_003538055.1|HCX33660.1	56.2	169	71	2	14	180	16	183	1.14e-62	186	181	186
S13_0-2_bin3-k141_1059512_2	IdrB_ANCHOR|IR12|CORE_IR12_IdrB__MBT0960285.1	53.9	167	76	1	14	180	19	184	6.36e-62	184	181	185
S13_0-2_bin3-k141_1059512_2	IdrB_TIER2|GCA_008080565.1|TXT31846.1	55.2	163	70	2	14	174	20	181	2.12e-61	182	181	190
S13_0-2_bin3-k141_1059512_2	IdrB_TIER2|GCA_003628555.1|AYH44093.1	53.3	165	74	2	13	175	25	188	2.56e-61	182	181	196
S13_0-2_bin3-k141_1059512_2	IdrB_TIER2|GCA_002842415.1|PKO90735.1	55.5	164	70	2	14	175	22	184	3.21e-61	182	181	192
S13_0-2_bin3-k141_1059512_2	IdrB_TIER2|GCA_001801995.1|OGT91842.1	56.5	170	69	3	14	180	18	185	3.16e-60	179	181	187
S13_0-2_bin3-k141_1059512_2	IdrB_TIER2|GCA_003486975.1|HAY10015.1	53.3	165	73	3	14	175	14	177	2.34e-59	177	181	184
S13_0-2_bin3-k141_1059512_2	IdrB_TIER2|GCA_003864275.1|GCA58264.1	52.1	163	75	2	14	174	22	183	2.80e-57	172	181	192
S13_0-2_bin3-k141_1059512_2	IdrB_TIER2|GCA_002746185.1|PCJ64244.1	46.3	190	87	4	5	180	3	191	1.24e-56	171	181	195
S13_0-2_bin3-k141_1059512_2	AioB_LOCAL|GCA_001771285.1|OGB98045.1	50.3	175	75	4	14	180	8	178	2.07e-54	164	181	180
S13_0-2_bin3-k141_1059512_2	IdrB_TIER2|GCA_001788395.1|OGK84092.1	47.4	173	78	4	14	177	10	178	2.42e-51	157	181	183
S13_0-2_bin3-k141_1059512_2	IdrB_TIER2|GCA_011049715.1|HEA69246.1	48.2	170	80	4	16	178	18	186	4.36e-51	156	181	191
S13_0-2_bin3-k141_1059512_2	IdrB_TIER2|GCA_001797355.1|OGP07367.1	46.3	164	82	2	19	177	20	182	1.38e-50	155	181	183
S13_0-2_bin3-k141_1059512_2	IdrB_TIER2|GCA_001404055.1|CTQ52169.1	47.1	174	85	5	13	180	26	198	2.16e-50	155	181	198
S13_0-2_bin3-k141_1059512_2	IdrB_TIER2|GCA_001404295.1|CTQ63440.1	47.1	174	85	5	13	180	26	198	1.23e-49	153	181	198
S13_0-2_bin3-k141_1059512_2	IdrB_TIER2|GCA_003544895.1|AXX96742.1	45.4	174	88	4	13	180	21	193	3.02e-49	152	181	193
S13_0-2_bin3-k141_1059512_2	IdrB_TIER2|GCA_004331745.1|TCD13831.1	47.4	171	85	4	14	180	26	195	3.20e-49	152	181	195
S13_0-2_bin3-k141_1059512_2	IdrB_TIER2|GCA_002725285.1|MBP17852.1	47.3	167	82	3	16	177	28	193	6.62e-49	151	181	196
S13_0-2_bin3-k141_1059512_2	IdrB_TIER2|GCA_002725995.1|MBQ62122.1	46.2	171	79	5	16	177	33	199	7.89e-49	151	181	202
S13_0-2_bin3-k141_1059512_2	IdrB_TIER2|GCA_009839615.1|MYA97754.1	44.4	180	91	4	1	177	1	174	1.17e-48	150	181	180
S1_9-12_bin1-k141_637215_2	AioB_LOCAL|GCA_001898645.1|OJX06498.1	59.3	172	66	2	3	172	5	174	1.63e-69	202	172	174
S1_9-12_bin1-k141_637215_2	AioB_CANONICAL|Q7SIF3|canonical_AioB_reviewed_Alcaligenes_faecalis	56.4	172	69	3	4	172	7	175	1.06e-65	192	172	175
S1_9-12_bin1-k141_637215_2	AioB_CANONICAL|Q8GGJ7|canonical_AioB_reviewed_Herminiimonas_arsenicoxydans	54.7	172	70	2	5	172	6	173	6.25e-62	183	172	173
S1_9-12_bin1-k141_637215_2	AioB_LOCAL|GCA_002898275.1|GBD43203.1	41.9	172	94	3	1	172	7	172	5.66e-40	127	172	173
S1_9-12_bin1-k141_637215_2	AioB_LOCAL|GCA_003664005.1|RLJ70545.1	45.8	131	68	2	42	172	35	162	8.00e-38	121	172	164
S1_9-12_bin1-k141_637215_2	IdrB_TIER2|GCA_002719955.1|MBJ20126.1	36.0	175	95	5	3	171	20	183	1.59e-33	111	172	184
S1_9-12_bin1-k141_637215_2	IdrB_TIER2|GCA_002688255.1|MAG32048.1	37.1	175	91	6	3	170	20	182	7.08e-32	107	172	184
S1_9-12_bin1-k141_637215_2	IdrB_TIER2|GCA_001788395.1|OGK84092.1	38.2	173	96	4	4	171	13	179	9.74e-32	106	172	183
S1_9-12_bin1-k141_637215_2	IdrB_TIER2|GCA_002725285.1|MBP18159.1	37.9	174	90	5	3	170	21	182	2.15e-31	105	172	187
S1_9-12_bin1-k141_637215_2	IdrB_TIER2|GCA_009653635.1|MRI32053.1	40.8	179	88	8	4	171	2	173	2.70e-31	105	172	196
S1_9-12_bin1-k141_637215_2	IdrB_TIER2|GCA_002876485.1|PMO75998.1	39.2	176	96	5	4	172	18	189	7.21e-31	104	172	194
S1_9-12_bin1-k141_637215_2	IdrB_TIER2|GCA_002725995.1|MBQ62122.1	39.1	179	86	6	4	171	34	200	8.78e-31	104	172	202
S1_9-12_bin1-k141_637215_2	IdrB_TIER2|GCA_002875145.1|PMP13581.1	38.6	176	97	5	4	172	18	189	5.67e-30	102	172	194
S1_9-12_bin1-k141_637215_2	IdrB_TIER2|GCA_002876245.1|PML52506.1	38.6	176	97	5	4	172	18	189	5.67e-30	102	172	194
S1_9-12_bin1-k141_637215_2	IdrB_TIER2|GCA_002876335.1|PML16672.1	38.6	176	97	5	4	172	18	189	5.67e-30	102	172	194
S1_9-12_bin1-k141_637215_2	IdrB_TIER2|GCA_003544895.1|AXX96742.1	35.6	174	98	6	4	171	26	191	2.18e-29	100	172	193
S1_9-12_bin1-k141_637215_2	IdrB_TIER2|GCA_000967665.1|KJZ16189.1	37.9	177	98	5	4	172	33	205	2.33e-29	101	172	210
S1_9-12_bin1-k141_637215_2	IdrB_TIER2|GCA_002725285.1|MBP17852.1	36.7	177	92	6	4	171	29	194	2.35e-29	100	172	196
S1_9-12_bin1-k141_637215_2	AioB_LOCAL|GCA_001771285.1|OGB98045.1	39.3	173	93	5	4	171	11	176	3.15e-29	100	172	180
S1_9-12_bin1-k141_637215_2	IdrB_TIER2|GCA_001771985.1|OGA54489.1	37.6	178	90	7	4	171	15	181	3.56e-29	100	172	185
S1_9-12_bin1-k141_637215_2	IdrB_TIER2|GCA_001805655.1|OGX37961.1	37.4	182	85	6	4	171	19	185	3.75e-29	100	172	187
S1_9-12_bin1-k141_637215_2	IdrB_TIER2|GCA_007786305.1|TVU69349.1	37.5	176	99	5	4	172	18	189	4.45e-29	100	172	194
S1_9-12_bin1-k141_637215_2	IdrB_TIER2|GCA_004216475.1|QBF32516.1	35.8	173	98	6	4	171	29	193	6.42e-29	99.8	172	195
S1_9-12_bin1-k141_637215_2	IdrB_TIER2|GCA_002836355.1|PKH06717.1	35.7	185	91	6	4	172	29	201	8.34e-29	99.8	172	206
S1_9-12_bin1-k141_637215_2	IdrB_TIER2|GCA_011371325.1|HHB91634.1	36.4	176	98	6	4	172	16	184	1.02e-28	99.0	172	186
S1_9-12_bin1-k141_675749_1	IdrB_TIER2|GCA_000785145.2|KHD08441.1	71.7	187	51	1	12	198	3	187	1.25e-98	278	200	190
S1_9-12_bin1-k141_675749_1	IdrB_TIER2|GCA_011051715.1|HEB97089.1	69.9	186	53	1	13	198	6	188	6.12e-97	273	200	191
S1_9-12_bin1-k141_675749_1	IdrB_TIER2|GCA_001715975.1|ODJ89648.1	70.4	186	52	1	13	198	6	188	7.12e-96	271	200	191
S1_9-12_bin1-k141_675749_1	IdrB_TIER2|GCA_001939735.1|OLQ75251.1	71.1	187	53	1	14	200	11	196	5.57e-95	269	200	200
S1_9-12_bin1-k141_675749_1	IdrB_TIER2|GCA_011371325.1|HHB91634.1	70.5	183	49	3	16	198	6	183	8.11e-94	265	200	186
S1_9-12_bin1-k141_675749_1	IdrB_TIER2|GCA_000272145.2|OEE78074.1	69.7	185	55	1	16	200	16	199	1.02e-93	266	200	203
S1_9-12_bin1-k141_675749_1	IdrB_TIER2|GCA_003610775.1|RKF21469.1	69.7	188	56	1	13	200	7	193	2.37e-93	265	200	197
S1_9-12_bin1-k141_675749_1	IdrB_TIER2|GCA_002718255.1|MBI48304.1	65.9	185	62	1	16	200	10	193	3.54e-92	261	200	194
S1_9-12_bin1-k141_675749_1	IdrB_TIER2|GCA_009653635.1|MRI32053.1	72.4	174	47	1	25	198	1	173	3.78e-92	261	200	196
S1_9-12_bin1-k141_675749_1	AioB_LOCAL|GCA_000953735.1|CED59803.1	66.2	195	65	1	6	200	9	202	5.30e-92	261	200	206
S1_9-12_bin1-k141_675749_1	IdrB_TIER2|GCA_002836355.1|PKH06717.1	68.4	187	58	1	14	200	17	202	7.53e-92	261	200	206
S1_9-12_bin1-k141_675749_1	IdrB_TIER2|GCA_000224455.2|EGV52498.1	69.0	187	53	2	13	199	6	187	6.99e-91	258	200	189
S1_9-12_bin1-k141_675749_1	IdrB_TIER2|GCA_001443665.1|KRT55329.1	69.0	187	53	2	13	199	6	187	9.47e-91	258	200	198
S1_9-12_bin1-k141_675749_1	IdrB_TIER2|GCA_003934975.1|RRS37420.1	69.9	186	51	2	13	198	6	186	4.03e-90	256	200	189
S1_9-12_bin1-k141_675749_1	IdrB_TIER2|GCA_003660225.1|RLJ20876.1	70.4	186	50	2	13	198	6	186	1.15e-89	255	200	189
S1_9-12_bin1-k141_675749_1	IdrB_TIER2|GCA_002733565.1|PHR90154.1	67.6	185	59	1	16	200	19	202	8.29e-89	253	200	206
S1_9-12_bin1-k141_675749_1	IdrB_TIER2|GCA_000283275.1|AFP30181.1	68.4	177	54	2	25	200	1	176	1.21e-86	247	200	177
S1_9-12_bin1-k141_675749_1	IdrB_TIER2|GCA_007786305.1|TVU69349.1	63.2	185	66	2	14	198	6	188	6.10e-86	246	200	194
S1_9-12_bin1-k141_675749_1	IdrB_TIER2|GCA_000967665.1|KJZ16189.1	65.4	188	64	1	13	200	20	206	3.44e-84	242	200	210
S1_9-12_bin1-k141_675749_1	IdrB_TIER2|GCA_002876485.1|PMO75998.1	62.3	183	67	2	16	198	8	188	1.16e-83	240	200	194
S1_9-12_bin1-k141_675749_1	IdrB_TIER2|GCA_002875145.1|PMP13581.1	61.7	183	68	2	16	198	8	188	4.72e-83	238	200	194
S1_9-12_bin1-k141_675749_1	IdrB_TIER2|GCA_002876245.1|PML52506.1	61.7	183	68	2	16	198	8	188	4.72e-83	238	200	194
S1_9-12_bin1-k141_675749_1	IdrB_TIER2|GCA_002876335.1|PML16672.1	61.7	183	68	2	16	198	8	188	4.72e-83	238	200	194
S1_9-12_bin1-k141_675749_1	IdrB_TIER2|GCA_003864255.1|RRJ85032.1	58.4	185	74	1	14	198	3	184	5.83e-80	230	200	187
S1_9-12_bin1-k141_675749_1	IdrB_TIER2|GCA_002897995.1|GBE44173.1	58.5	188	69	4	11	198	16	194	3.28e-74	216	200	196
SQ_58_0-4_bin4-k141_1629246_2	IdrB_TIER2|GCA_008080565.1|TXT31846.1	46.0	174	84	2	7	179	17	181	8.45e-49	151	193	190
SQ_58_0-4_bin4-k141_1629246_2	IdrB_TIER2|GCA_003486975.1|HAY10015.1	48.0	171	80	3	10	179	14	176	1.00e-48	150	193	184
SQ_58_0-4_bin4-k141_1629246_2	IdrB_TIER2|GCA_003538055.1|HCX33660.1	45.8	177	86	3	10	185	16	183	1.50e-48	150	193	186
SQ_58_0-4_bin4-k141_1629246_2	AioB_LOCAL|GCA_001771285.1|OGB98045.1	45.3	179	87	3	10	185	8	178	1.78e-48	150	193	180
SQ_58_0-4_bin4-k141_1629246_2	AioB_LOCAL|GCA_001828925.1|OHC63617.1	46.8	173	78	3	8	179	14	173	5.05e-48	149	193	180
SQ_58_0-4_bin4-k141_1629246_2	IdrB_TIER2|GCA_001771985.1|OGA54489.1	47.1	172	80	5	14	181	16	180	1.66e-47	147	193	185
SQ_58_0-4_bin4-k141_1629246_2	IdrB_TIER2|GCA_001797355.1|OGP07367.1	44.6	166	85	2	14	178	19	178	3.14e-47	147	193	183
SQ_58_0-4_bin4-k141_1629246_2	IdrB_TIER2|GCA_004331745.1|TCD13831.1	46.4	179	84	4	10	185	26	195	4.47e-47	147	193	195
SQ_58_0-4_bin4-k141_1629246_2	IdrB_TIER2|GCA_002842415.1|PKO90735.1	46.0	176	81	3	7	179	19	183	8.21e-47	146	193	192
SQ_58_0-4_bin4-k141_1629246_2	IdrB_TIER2|GCA_003628555.1|AYH44093.1	45.4	174	85	2	7	179	23	187	1.31e-46	145	193	196
SQ_58_0-4_bin4-k141_1629246_2	IdrB_TIER2|GCA_002720555.1|MBJ79550.1	41.4	181	97	4	14	185	25	205	3.95e-45	142	193	206
SQ_58_0-4_bin4-k141_1629246_2	IdrB_TIER2|GCA_002731985.1|MBV52217.1	41.4	181	97	4	14	185	25	205	3.95e-45	142	193	206
SQ_58_0-4_bin4-k141_1629246_2	IdrB_TIER2|GCA_003864275.1|GCA58264.1	43.9	173	87	2	10	181	22	185	7.49e-45	141	193	192
SQ_58_0-4_bin4-k141_1629246_2	IdrB_TIER2|GCA_004216475.1|QBF32516.1	46.0	174	82	4	15	185	31	195	8.17e-45	141	193	195
SQ_58_0-4_bin4-k141_1629246_2	IdrB_TIER2|GCA_001801995.1|OGT91842.1	43.4	182	92	3	3	182	11	183	9.17e-45	140	193	187
SQ_58_0-4_bin4-k141_1629246_2	IdrB_TIER2|GCA_002725995.1|MBQ62122.1	45.3	172	83	5	14	181	35	199	2.00e-44	140	193	202
SQ_58_0-4_bin4-k141_1629246_2	IdrB_TIER2|GCA_002897995.1|GBE44173.1	43.4	175	89	3	14	185	29	196	4.76e-44	139	193	196
SQ_58_0-4_bin4-k141_1629246_2	IdrB_TIER2|GCA_003208435.1|PYG33377.1	44.8	174	84	4	15	185	31	195	6.54e-44	139	193	195
SQ_58_0-4_bin4-k141_1629246_2	IdrB_TIER2|GCA_002725285.1|MBP17852.1	47.1	172	79	7	14	181	30	193	1.35e-43	138	193	196
SQ_58_0-4_bin4-k141_1629246_2	IdrB_TIER2|GCA_003487765.1|HAX46042.1	41.6	173	92	4	22	185	3	175	1.51e-43	137	193	176
SQ_58_0-4_bin4-k141_1629246_2	IdrB_ANCHOR|IR12|CORE_IR12_IdrB__MBT0960285.1	42.4	177	90	3	10	185	19	184	2.78e-43	137	193	185
SQ_58_0-4_bin4-k141_1629246_2	IdrB_TIER2|GCA_002731375.1|MBV37768.1	44.0	175	87	3	14	185	29	195	3.70e-43	137	193	195
SQ_58_0-4_bin4-k141_1629246_2	IdrB_TIER2|GCA_001788395.1|OGK84092.1	41.6	178	92	5	10	183	10	179	7.43e-43	135	193	183
SQ_58_0-4_bin4-k141_1629246_2	IdrB_TIER2|GCA_002687515.1|MAF46992.1	42.9	175	86	4	14	185	2	165	2.50e-42	134	193	165
SQ_58_0-4_bin4-k141_1629246_2	IdrB_TIER2|GCA_002711755.1|MBC58353.1	43.7	174	86	3	15	185	31	195	2.96e-42	134	193	195
SQ_81_0-4_bin5-k141_112333_2	IdrB_TIER2|GCA_003544895.1|AXX96742.1	80.7	181	35	0	3	183	13	193	1.32e-110	307	183	193
SQ_81_0-4_bin5-k141_112333_2	IdrB_TIER2|GCA_002725625.1|MBO31667.1	71.8	174	45	3	11	183	24	194	2.34e-88	251	183	194
SQ_81_0-4_bin5-k141_112333_2	IdrB_TIER2|GCA_002897995.1|GBE44173.1	67.2	183	56	2	2	183	17	196	2.05e-87	249	183	196
SQ_81_0-4_bin5-k141_112333_2	IdrB_TIER2|GCA_002731375.1|MBV37768.1	68.3	183	53	3	2	183	17	195	4.64e-86	245	183	195
SQ_81_0-4_bin5-k141_112333_2	IdrB_TIER2|GCA_001404055.1|CTQ52169.1	67.4	181	56	3	4	183	20	198	4.19e-85	243	183	198
SQ_81_0-4_bin5-k141_112333_2	IdrB_TIER2|GCA_003208435.1|PYG33377.1	65.9	179	60	1	5	183	18	195	6.25e-84	240	183	195
SQ_81_0-4_bin5-k141_112333_2	IdrB_TIER2|GCA_001404295.1|CTQ63440.1	67.4	181	56	3	4	183	20	198	6.90e-84	240	183	198
SQ_81_0-4_bin5-k141_112333_2	IdrB_TIER2|GCA_001623255.1|KZL05130.1	64.1	181	62	3	4	183	20	198	4.61e-82	235	183	198
SQ_81_0-4_bin5-k141_112333_2	IdrB_TIER2|GCA_004331745.1|TCD13831.1	65.5	171	58	1	13	183	26	195	2.79e-80	231	183	195
SQ_81_0-4_bin5-k141_112333_2	IdrB_TIER2|GCA_004216475.1|QBF32516.1	64.3	171	60	1	13	183	26	195	2.28e-79	228	183	195
SQ_81_0-4_bin5-k141_112333_2	IdrB_TIER2|GCA_002732845.1|PHS79679.1	64.4	180	60	3	5	183	21	197	6.96e-79	227	183	197
SQ_81_0-4_bin5-k141_112333_2	IdrB_TIER2|GCA_002687515.1|MAF46992.1	65.5	168	55	1	16	183	1	165	1.97e-78	225	183	165
SQ_81_0-4_bin5-k141_112333_2	IdrB_TIER2|GCA_002711755.1|MBC58353.1	62.9	178	64	2	7	183	19	195	2.64e-78	226	183	195
SQ_81_0-4_bin5-k141_112333_2	AioB_LOCAL|GCA_000756565.1|KGB81536.1	62.4	178	65	2	7	183	8	184	7.46e-78	224	183	184
SQ_81_0-4_bin5-k141_112333_2	IdrB_TIER2|GCA_009653635.1|MRI32053.1	58.3	175	67	2	15	183	1	175	5.69e-73	212	183	196
SQ_81_0-4_bin5-k141_112333_2	IdrB_TIER2|GCA_000272145.2|OEE78074.1	56.5	186	74	4	2	181	13	197	1.66e-71	209	183	203
SQ_81_0-4_bin5-k141_112333_2	IdrB_TIER2|GCA_002836355.1|PKH06717.1	58.3	175	67	2	13	181	26	200	1.05e-70	207	183	206
SQ_81_0-4_bin5-k141_112333_2	IdrB_TIER2|GCA_002733565.1|PHR90154.1	58.9	175	66	2	13	181	26	200	8.54e-70	204	183	206
SQ_81_0-4_bin5-k141_112333_2	AioB_LOCAL|GCA_000953735.1|CED59803.1	57.7	175	68	2	13	181	26	200	8.54e-70	204	183	206
SQ_81_0-4_bin5-k141_112333_2	IdrB_TIER2|GCA_002717425.1|MBI13698.1	57.1	177	72	2	9	183	12	186	3.66e-69	202	183	186
SQ_81_0-4_bin5-k141_112333_2	IdrB_TIER2|GCA_011051715.1|HEB97089.1	54.8	188	75	4	1	181	4	188	4.30e-69	202	183	191
SQ_81_0-4_bin5-k141_112333_2	IdrB_TIER2|GCA_002718255.1|MBI48304.1	55.3	179	74	3	9	181	13	191	9.53e-69	201	183	194
SQ_81_0-4_bin5-k141_112333_2	IdrB_TIER2|GCA_011371325.1|HHB91634.1	54.3	175	74	3	13	183	13	185	1.05e-68	201	183	186
SQ_81_0-4_bin5-k141_112333_2	IdrB_TIER2|GCA_001939735.1|OLQ75251.1	53.5	185	79	3	3	181	11	194	1.16e-68	201	183	200
SQ_81_0-4_bin5-k141_112333_2	IdrB_TIER2|GCA_001715975.1|ODJ89648.1	54.3	188	76	4	1	181	4	188	1.74e-68	201	183	191
SY365BB-0-4_bin24-k141_346659_1	IdrP_like_TIER2|GCA_002733565.1|PHR90155.1	64.4	45	16	0	1	45	372	416	5.24e-16	62.4	45	416
SY365BB-0-4_bin24-k141_346659_1	IdrP_like_TIER2|GCA_001939735.1|OLQ75250.1	60.0	45	18	0	1	45	365	409	7.16e-16	62.0	45	409
SY365BB-0-4_bin24-k141_346659_1	IdrP_like_TIER2|GCA_000283275.1|AFP30182.1	60.0	45	18	0	1	45	405	449	6.45e-15	59.3	45	449
SY365BB-0-4_bin24-k141_346659_1	IdrP_like_TIER2|GCA_002836355.1|PKH07232.1	65.9	41	14	0	5	45	322	362	1.61e-14	58.2	45	362
SY365BB-0-4_bin24-k141_346659_1	IdrP_like_TIER2|GCA_000785145.2|KHD08440.1	57.8	45	19	0	1	45	335	379	7.82e-14	56.2	45	379
SY365BB-0-4_bin24-k141_346659_1	IdrP_like_TIER2|GCA_011371325.1|HHB91635.1	60.0	45	18	0	1	45	350	394	7.85e-14	56.2	45	394
SY365BB-0-4_bin24-k141_346659_1	IdrP_like_TIER2|GCA_002718255.1|MBI48303.1	57.8	45	19	0	1	45	341	385	1.07e-13	55.8	45	385
SY365BB-0-4_bin24-k141_346659_1	IdrP_like_TIER2|GCA_009653635.1|MRI32052.1	54.0	50	18	1	1	45	376	425	2.02e-13	55.1	45	425
SY365BB-0-4_bin24-k141_346659_1	IdrP_like_TIER2|GCA_000272145.2|OEE78082.1	48.9	45	23	0	1	45	330	374	4.61e-12	51.2	45	374
SY365BB-0-4_bin24-k141_346659_1	IdrP_like_TIER2|GCA_000967665.1|KJZ16046.1	51.1	45	22	0	1	45	380	424	8.65e-12	50.4	45	424
SY365BB-0-4_bin24-k141_346659_1	IdrP_like_TIER2|GCA_003610775.1|RKF21468.1	51.1	45	22	0	1	45	358	402	2.21e-11	49.3	45	402
SY365BB-0-4_bin24-k141_346659_1	IdrP_like_TIER2|GCA_011051715.1|HEB97088.1	48.9	45	23	0	1	45	366	410	5.67e-11	48.1	45	412
SY365BB-0-4_bin24-k141_346659_1	IdrP_like_TIER2|GCA_001715975.1|ODJ89649.1	53.3	45	21	0	1	45	368	412	5.67e-11	48.1	45	414
SY365BB-0-4_bin24-k141_346659_1	IdrP_like_TIER2|GCA_003864255.1|RRJ85033.1	51.1	45	22	0	1	45	346	390	7.76e-11	47.8	45	392
SY365BB-0-4_bin24-k141_346659_1	IdrP_like_TIER2|GCA_007786305.1|TVU69348.1	44.4	45	25	0	1	45	344	388	2.72e-10	46.2	45	388
SY365BB-0-4_bin24-k141_346659_1	IdrP_like_TIER2|GCA_003544895.1|AXX96741.1	56.8	37	16	0	1	37	347	383	5.10e-10	45.4	45	383
SY365BB-0-4_bin24-k141_346659_1	IdrP_like_TIER2|GCA_002732845.1|PHS79678.1	61.8	34	13	0	1	34	354	387	6.99e-10	45.1	45	393
SY365BB-0-4_bin24-k141_346659_1	IdrP_like_TIER2|GCA_000224455.2|EGV52497.1	48.9	45	23	0	1	45	366	410	1.79e-09	43.9	45	412
SY365BB-0-4_bin24-k141_346659_1	IdrP_like_TIER2|GCA_001443665.1|KRT55330.1	48.9	45	23	0	1	45	366	410	1.79e-09	43.9	45	412
SY365BB-0-4_bin24-k141_346659_1	IdrP_like_TIER2|GCA_003660225.1|RLJ20877.1	44.4	45	25	0	1	45	366	410	8.63e-09	42.0	45	412
SY365BB-0-4_bin24-k141_346659_1	IdrP_like_TIER2|GCA_002876245.1|PML52507.1	40.0	45	27	0	1	45	344	388	1.18e-08	41.6	45	388
SY365BB-0-4_bin24-k141_346659_1	IdrP_like_TIER2|GCA_002876335.1|PML16673.1	40.0	45	27	0	1	45	344	388	1.18e-08	41.6	45	388
SY365BB-0-4_bin24-k141_346659_1	IdrP_like_TIER2|GCA_002876485.1|PMO75999.1	40.0	45	27	0	1	45	344	388	1.18e-08	41.6	45	388
SY365BB-0-4_bin24-k141_346659_1	IdrP_like_TIER2|GCA_001404295.1|CTQ63441.1	55.9	34	15	0	1	34	342	375	1.62e-08	41.2	45	380
SY365BB-0-4_bin24-k141_346659_1	IdrP_like_TIER2|GCA_002897995.1|GBE44174.1	55.9	34	15	0	1	34	347	380	1.62e-08	41.2	45	387
SY365BB-0-4_bin24-k141_346659_2	IdrB_TIER2|GCA_009653635.1|MRI32053.1	78.6	173	37	0	28	200	1	173	1.24e-101	286	206	196
SY365BB-0-4_bin24-k141_346659_2	IdrB_TIER2|GCA_002718255.1|MBI48304.1	67.5	200	59	1	4	203	1	194	2.32e-101	285	206	194
SY365BB-0-4_bin24-k141_346659_2	IdrB_TIER2|GCA_001715975.1|ODJ89648.1	72.2	194	49	3	11	203	2	191	8.52e-101	283	206	191
SY365BB-0-4_bin24-k141_346659_2	IdrB_TIER2|GCA_001939735.1|OLQ75251.1	73.5	189	50	0	18	206	12	200	2.34e-100	283	206	200
SY365BB-0-4_bin24-k141_346659_2	IdrB_TIER2|GCA_000272145.2|OEE78074.1	72.1	190	53	0	17	206	14	203	4.28e-99	280	206	203
SY365BB-0-4_bin24-k141_346659_2	IdrB_TIER2|GCA_011371325.1|HHB91634.1	70.1	184	51	2	17	200	4	183	5.61e-98	276	206	186
SY365BB-0-4_bin24-k141_346659_2	IdrB_TIER2|GCA_003610775.1|RKF21469.1	70.8	192	56	0	15	206	6	197	1.64e-97	275	206	197
SY365BB-0-4_bin24-k141_346659_2	IdrB_TIER2|GCA_002836355.1|PKH06717.1	64.9	205	71	1	3	206	2	206	9.07e-97	274	206	206
SY365BB-0-4_bin24-k141_346659_2	AioB_LOCAL|GCA_000953735.1|CED59803.1	64.4	205	72	1	3	206	2	206	2.60e-96	273	206	206
SY365BB-0-4_bin24-k141_346659_2	IdrB_TIER2|GCA_000785145.2|KHD08441.1	67.7	189	58	2	13	200	1	187	3.03e-96	272	206	190
SY365BB-0-4_bin24-k141_346659_2	IdrB_TIER2|GCA_000283275.1|AFP30181.1	73.4	177	46	1	28	203	1	177	3.93e-96	271	206	177
SY365BB-0-4_bin24-k141_346659_2	IdrB_TIER2|GCA_011051715.1|HEB97089.1	68.1	188	56	2	14	200	4	188	5.18e-95	269	206	191
SY365BB-0-4_bin24-k141_346659_2	IdrB_TIER2|GCA_002733565.1|PHR90154.1	65.4	205	70	1	3	206	2	206	8.62e-95	269	206	206
SY365BB-0-4_bin24-k141_346659_2	IdrB_TIER2|GCA_000967665.1|KJZ16189.1	64.7	190	67	0	11	200	15	204	2.19e-91	260	206	210
SY365BB-0-4_bin24-k141_346659_2	IdrB_TIER2|GCA_000224455.2|EGV52498.1	66.7	189	57	3	14	201	4	187	4.15e-89	254	206	189
SY365BB-0-4_bin24-k141_346659_2	IdrB_TIER2|GCA_001443665.1|KRT55329.1	66.7	189	57	3	14	201	4	187	5.62e-89	254	206	198
SY365BB-0-4_bin24-k141_346659_2	IdrB_TIER2|GCA_003660225.1|RLJ20876.1	66.3	190	59	3	11	200	2	186	9.71e-88	250	206	189
SY365BB-0-4_bin24-k141_346659_2	IdrB_TIER2|GCA_003934975.1|RRS37420.1	66.3	190	59	3	11	200	2	186	1.96e-87	249	206	189
SY365BB-0-4_bin24-k141_346659_2	IdrB_TIER2|GCA_002876485.1|PMO75998.1	59.0	188	76	1	13	200	2	188	1.46e-83	240	206	194
SY365BB-0-4_bin24-k141_346659_2	IdrB_TIER2|GCA_002875145.1|PMP13581.1	58.0	188	78	1	13	200	2	188	2.95e-83	239	206	194
SY365BB-0-4_bin24-k141_346659_2	IdrB_TIER2|GCA_002876245.1|PML52506.1	58.0	188	78	1	13	200	2	188	2.95e-83	239	206	194
SY365BB-0-4_bin24-k141_346659_2	IdrB_TIER2|GCA_002876335.1|PML16672.1	58.0	188	78	1	13	200	2	188	2.95e-83	239	206	194
SY365BB-0-4_bin24-k141_346659_2	IdrB_TIER2|GCA_007786305.1|TVU69349.1	60.1	183	72	1	18	200	7	188	4.18e-83	239	206	194
SY365BB-0-4_bin24-k141_346659_2	IdrB_TIER2|GCA_003864255.1|RRJ85032.1	57.7	189	74	4	13	200	1	184	2.80e-77	224	206	187
SY365BB-0-4_bin24-k141_346659_2	IdrB_TIER2|GCA_002720555.1|MBJ78184.1	56.1	187	76	3	14	200	4	184	7.30e-75	218	206	186
SY365BB-8-12_bin10-k141_688982_29	IdrP_like_TIER2|GCA_003544895.1|AXX96740.1	77.2	373	83	2	1	372	1	372	1.39e-215	588	372	372
SY365BB-8-12_bin10-k141_688982_29	IdrP_like_TIER2|GCA_002897995.1|GBE44175.1	66.0	362	117	1	11	372	35	390	8.24e-177	491	372	390
SY365BB-8-12_bin10-k141_688982_29	IdrP_like_TIER2|GCA_002731375.1|MBV37770.1	66.2	361	121	1	12	372	3	362	5.01e-176	488	372	362
SY365BB-8-12_bin10-k141_688982_29	IdrP_like_TIER2|GCA_002687515.1|MAF46990.1	66.4	351	117	1	23	372	10	360	9.39e-176	487	372	360
SY365BB-8-12_bin10-k141_688982_29	IdrP_like_TIER2|GCA_002725625.1|MBO31669.1	64.9	365	128	0	8	372	10	374	4.42e-175	486	372	374
SY365BB-8-12_bin10-k141_688982_29	IdrP_like_TIER2|GCA_002732845.1|PHS79677.1	63.7	358	122	1	23	372	18	375	1.01e-171	477	372	375
SY365BB-8-12_bin10-k141_688982_29	IdrP_like_TIER2|GCA_009653635.1|MRI32051.1	65.6	331	113	1	42	372	34	363	4.30e-163	455	372	363
SY365BB-8-12_bin10-k141_688982_29	IdrP_like_TIER2|GCA_003864255.1|RRJ85034.1	62.5	341	125	1	32	372	18	355	3.06e-161	450	372	355
SY365BB-8-12_bin10-k141_688982_29	IdrP_like_TIER2|GCA_000785145.2|KHD08439.1	63.7	339	121	1	34	372	31	367	4.68e-161	450	372	367
SY365BB-8-12_bin10-k141_688982_29	IdrP_like_TIER2|GCA_001939735.1|OLQ75249.1	62.0	358	132	2	18	372	7	363	6.67e-160	447	372	363
SY365BB-8-12_bin10-k141_688982_29	IdrP_like_TIER2|GCA_011051715.1|HEB97087.1	59.6	369	142	2	9	372	2	368	1.60e-159	446	372	368
SY365BB-8-12_bin10-k141_688982_29	IdrP_like_TIER2|GCA_002733565.1|PHR90156.1	64.2	332	118	1	41	372	33	363	1.09e-158	444	372	363
SY365BB-8-12_bin10-k141_688982_29	IdrP_like_TIER2|GCA_003660235.1|RLJ20930.1	60.7	369	138	2	9	372	2	368	1.30e-158	444	372	368
SY365BB-8-12_bin10-k141_688982_29	IdrP_like_TIER2|GCA_003934975.1|RRS37422.1	60.4	369	139	2	9	372	2	368	2.62e-158	443	372	368
SY365BB-8-12_bin10-k141_688982_29	IdrP_like_TIER2|GCA_002836355.1|PKH06718.1	63.6	332	120	1	41	372	33	363	4.43e-158	442	372	363
SY365BB-8-12_bin10-k141_688982_29	IdrP_like_TIER2|GCA_001404295.1|CTQ63442.1	62.1	338	125	3	35	372	23	357	7.23e-158	441	372	357
SY365BB-8-12_bin10-k141_688982_29	IdrP_like_TIER2|GCA_011371325.1|HHB91636.1	59.4	360	142	1	13	372	12	367	1.19e-156	439	372	367
SY365BB-8-12_bin10-k141_688982_29	IdrP_like_TIER2|GCA_003660225.1|RLJ20878.1	60.2	369	140	2	9	372	2	368	2.47e-156	438	372	368
SY365BB-8-12_bin10-k141_688982_29	IdrP_like_TIER2|GCA_002687455.1|MAF55547.1	61.9	336	124	1	41	372	34	369	1.04e-155	436	372	369
SY365BB-8-12_bin10-k141_688982_29	IdrP_like_TIER2|GCA_001715975.1|ODJ89650.1	59.6	369	142	2	9	372	2	368	1.42e-155	436	372	368
SY365BB-8-12_bin10-k141_688982_29	IdrP_like_TIER2|GCA_000967665.1|KJZ16045.1	62.7	338	125	1	35	372	29	365	2.97e-154	432	372	365
SY365BB-8-12_bin10-k141_688982_29	IdrP_like_TIER2|GCA_001404055.1|CTQ52171.1	60.5	357	134	5	16	372	8	357	3.19e-154	432	372	357
SY365BB-8-12_bin10-k141_688982_29	IdrP_like_TIER2|GCA_002717425.1|MBI13700.1	61.1	334	126	1	43	372	23	356	5.05e-153	429	372	356
SY365BB-8-12_bin10-k141_688982_29	IdrP_like_TIER2|GCA_000224925.2|EGW55493.1	57.7	369	149	2	9	372	2	368	1.09e-152	429	372	368
SY365BB-8-12_bin10-k141_688982_29	IdrP_like_TIER2|GCA_000224455.2|EGV52496.1	57.7	369	149	2	9	372	2	368	1.54e-152	428	372	368
SY365BB-8-12_bin10-k141_688982_30	IdrP_like_TIER2|GCA_003544895.1|AXX96741.1	87.5	383	48	0	1	383	1	383	1.21e-256	693	383	383
SY365BB-8-12_bin10-k141_688982_30	IdrP_like_TIER2|GCA_002732845.1|PHS79678.1	69.5	347	106	0	34	380	41	387	1.06e-185	514	383	393
SY365BB-8-12_bin10-k141_688982_30	IdrP_like_TIER2|GCA_011371325.1|HHB91635.1	68.5	349	110	0	32	380	35	383	1.56e-185	513	383	394
SY365BB-8-12_bin10-k141_688982_30	IdrP_like_TIER2|GCA_002731375.1|MBV37769.1	67.5	348	113	0	33	380	28	375	4.44e-184	509	383	380
SY365BB-8-12_bin10-k141_688982_30	IdrP_like_TIER2|GCA_002897995.1|GBE44174.1	66.7	348	116	0	33	380	33	380	2.31e-183	508	383	387
SY365BB-8-12_bin10-k141_688982_30	IdrP_like_TIER2|GCA_000785145.2|KHD08440.1	68.3	347	110	0	34	380	22	368	2.02e-182	505	383	379
SY365BB-8-12_bin10-k141_688982_30	IdrP_like_TIER2|GCA_003864255.1|RRJ85033.1	66.7	345	115	0	33	377	32	376	4.71e-177	492	383	392
SY365BB-8-12_bin10-k141_688982_30	IdrP_like_TIER2|GCA_001404295.1|CTQ63441.1	65.3	346	115	1	35	380	35	375	2.05e-175	487	383	380
SY365BB-8-12_bin10-k141_688982_30	IdrP_like_TIER2|GCA_002687515.1|MAF46991.1	64.8	347	117	1	34	380	34	375	8.36e-174	483	383	376
SY365BB-8-12_bin10-k141_688982_30	IdrP_like_TIER2|GCA_001404055.1|CTQ52170.1	62.6	382	131	4	2	380	3	375	1.58e-172	480	383	380
SY365BB-8-12_bin10-k141_688982_30	IdrP_like_TIER2|GCA_002725625.1|MBO31668.1	63.5	348	122	1	33	380	27	369	3.67e-171	476	383	370
SY365BB-8-12_bin10-k141_688982_30	IdrP_like_TIER2|GCA_003660225.1|RLJ20877.1	60.9	384	140	2	7	380	16	399	1.07e-168	471	383	412
SY365BB-8-12_bin10-k141_688982_30	IdrP_like_TIER2|GCA_001715975.1|ODJ89649.1	63.7	358	127	1	26	380	44	401	3.27e-168	470	383	414
SY365BB-8-12_bin10-k141_688982_30	IdrP_like_TIER2|GCA_003660235.1|RLJ20929.1	60.7	384	141	2	7	380	16	399	4.33e-168	470	383	412
SY365BB-8-12_bin10-k141_688982_30	IdrP_like_TIER2|GCA_011051715.1|HEB97088.1	64.1	348	125	0	33	380	52	399	2.49e-167	468	383	412
SY365BB-8-12_bin10-k141_688982_30	IdrP_like_TIER2|GCA_009653635.1|MRI32052.1	63.8	351	127	0	33	383	62	412	7.86e-167	467	383	425
SY365BB-8-12_bin10-k141_688982_30	IdrP_like_TIER2|GCA_002687455.1|MAF55548.1	62.4	348	126	1	34	381	33	375	2.79e-165	461	383	377
SY365BB-8-12_bin10-k141_688982_30	IdrP_like_TIER2|GCA_002718255.1|MBI48303.1	63.3	349	128	0	35	383	29	377	3.70e-165	461	383	385
SY365BB-8-12_bin10-k141_688982_30	IdrP_like_TIER2|GCA_002717425.1|MBI13699.1	61.7	347	128	1	35	381	36	377	1.72e-164	459	383	379
SY365BB-8-12_bin10-k141_688982_30	IdrP_like_TIER2|GCA_000283275.1|AFP30182.1	63.6	352	128	0	32	383	90	441	4.80e-164	461	383	449
SY365BB-8-12_bin10-k141_688982_30	IdrP_like_TIER2|GCA_003610775.1|RKF21468.1	62.9	353	126	2	33	383	45	394	5.45e-164	459	383	402
SY365BB-8-12_bin10-k141_688982_30	IdrP_like_TIER2|GCA_001443665.1|KRT55330.1	63.4	350	125	1	34	380	50	399	3.61e-162	455	383	412
SY365BB-8-12_bin10-k141_688982_30	IdrP_like_TIER2|GCA_003934975.1|RRS37421.1	58.9	384	148	2	7	380	16	399	1.03e-161	454	383	412
SY365BB-8-12_bin10-k141_688982_30	IdrP_like_TIER2|GCA_000224455.2|EGV52497.1	63.1	350	126	1	34	380	50	399	2.07e-161	453	383	412
SY365BB-8-12_bin10-k141_688982_30	IdrP_like_TIER2|GCA_001939735.1|OLQ75250.1	62.4	351	132	0	33	383	51	401	5.32e-161	452	383	409
SY365BB-8-12_bin10-k141_688982_31	IdrB_TIER2|GCA_003544895.1|AXX96742.1	79.3	193	40	0	1	193	1	193	5.92e-112	311	193	193
SY365BB-8-12_bin10-k141_688982_31	IdrB_TIER2|GCA_002725625.1|MBO31667.1	68.4	174	51	2	21	193	24	194	5.69e-87	248	193	194
SY365BB-8-12_bin10-k141_688982_31	IdrB_TIER2|GCA_002897995.1|GBE44173.1	68.6	172	53	1	23	193	25	196	8.64e-87	248	193	196
SY365BB-8-12_bin10-k141_688982_31	IdrB_TIER2|GCA_001404055.1|CTQ52169.1	61.3	191	72	2	4	193	9	198	3.07e-85	244	193	198
SY365BB-8-12_bin10-k141_688982_31	IdrB_TIER2|GCA_003208435.1|PYG33377.1	61.5	192	71	2	4	193	5	195	1.13e-84	242	193	195
SY365BB-8-12_bin10-k141_688982_31	IdrB_TIER2|GCA_002731375.1|MBV37768.1	68.0	172	53	2	23	193	25	195	4.57e-84	241	193	195
SY365BB-8-12_bin10-k141_688982_31	IdrB_TIER2|GCA_001623255.1|KZL05130.1	62.2	180	66	2	15	193	20	198	7.16e-84	240	193	198
SY365BB-8-12_bin10-k141_688982_31	AioB_LOCAL|GCA_000756565.1|KGB81536.1	63.7	179	64	1	15	193	7	184	2.59e-83	238	193	184
SY365BB-8-12_bin10-k141_688982_31	IdrB_TIER2|GCA_002711755.1|MBC58353.1	63.1	179	65	1	15	193	18	195	1.07e-82	237	193	195
SY365BB-8-12_bin10-k141_688982_31	IdrB_TIER2|GCA_001404295.1|CTQ63440.1	59.2	191	76	2	4	193	9	198	1.67e-82	237	193	198
SY365BB-8-12_bin10-k141_688982_31	IdrB_TIER2|GCA_004216475.1|QBF32516.1	62.6	179	66	1	15	193	18	195	4.33e-82	236	193	195
SY365BB-8-12_bin10-k141_688982_31	IdrB_TIER2|GCA_004331745.1|TCD13831.1	60.9	179	69	1	15	193	18	195	2.49e-81	234	193	195
SY365BB-8-12_bin10-k141_688982_31	IdrB_TIER2|GCA_002732845.1|PHS79679.1	62.8	172	62	2	23	193	27	197	1.53e-80	232	193	197
SY365BB-8-12_bin10-k141_688982_31	IdrB_TIER2|GCA_002687515.1|MAF46992.1	63.7	168	58	1	26	193	1	165	2.49e-79	228	193	165
SY365BB-8-12_bin10-k141_688982_31	IdrB_TIER2|GCA_011371325.1|HHB91634.1	55.0	180	74	4	19	193	8	185	3.76e-69	202	193	186
SY365BB-8-12_bin10-k141_688982_31	IdrB_TIER2|GCA_000785145.2|KHD08441.1	55.3	188	78	4	11	192	1	188	2.45e-68	201	193	190
SY365BB-8-12_bin10-k141_688982_31	IdrB_TIER2|GCA_009653635.1|MRI32053.1	53.1	175	76	2	25	193	1	175	2.98e-68	201	193	196
SY365BB-8-12_bin10-k141_688982_31	IdrB_TIER2|GCA_000272145.2|OEE78074.1	51.3	193	87	3	5	191	6	197	3.72e-68	201	193	203
SY365BB-8-12_bin10-k141_688982_31	IdrB_TIER2|GCA_002718255.1|MBI48304.1	53.1	175	76	2	23	191	17	191	1.13e-67	199	193	194
SY365BB-8-12_bin10-k141_688982_31	IdrB_TIER2|GCA_011051715.1|HEB97089.1	52.4	189	80	4	11	192	4	189	1.68e-66	196	193	191
SY365BB-8-12_bin10-k141_688982_31	IdrB_TIER2|GCA_003610775.1|RKF21469.1	53.0	185	80	3	13	191	8	191	8.22e-66	194	193	197
SY365BB-8-12_bin10-k141_688982_31	IdrB_TIER2|GCA_001939735.1|OLQ75251.1	53.1	175	76	2	23	191	20	194	9.04e-66	194	193	200
SY365BB-8-12_bin10-k141_688982_31	IdrB_TIER2|GCA_001443665.1|KRT55329.1	54.2	192	76	5	9	193	2	188	1.20e-65	194	193	198
SY365BB-8-12_bin10-k141_688982_31	IdrB_TIER2|GCA_000967665.1|KJZ16189.1	53.1	175	76	2	23	191	30	204	1.24e-65	194	193	210
SY365BB-8-12_bin10-k141_688982_31	IdrB_TIER2|GCA_002720555.1|MBJ78184.1	55.5	182	75	3	14	193	9	186	3.32e-65	192	193	186
SY365BB-8-12_bin26-k141_1297159_17	IdrP_like_TIER2|GCA_003544895.1|AXX96740.1	76.1	373	88	1	1	373	1	372	3.37e-221	602	373	372
SY365BB-8-12_bin26-k141_1297159_17	IdrP_like_TIER2|GCA_002897995.1|GBE44175.1	71.3	338	97	0	36	373	53	390	5.29e-185	511	373	390
SY365BB-8-12_bin26-k141_1297159_17	IdrP_like_TIER2|GCA_002687515.1|MAF46990.1	70.1	338	101	0	36	373	23	360	6.95e-183	505	373	360
SY365BB-8-12_bin26-k141_1297159_17	IdrP_like_TIER2|GCA_002725625.1|MBO31669.1	71.3	338	97	0	36	373	37	374	9.39e-182	503	373	374
SY365BB-8-12_bin26-k141_1297159_17	IdrP_like_TIER2|GCA_002731375.1|MBV37770.1	68.9	338	105	0	36	373	25	362	4.99e-181	500	373	362
SY365BB-8-12_bin26-k141_1297159_17	IdrP_like_TIER2|GCA_002732845.1|PHS79677.1	66.0	338	115	0	36	373	38	375	1.05e-171	477	373	375
SY365BB-8-12_bin26-k141_1297159_17	IdrP_like_TIER2|GCA_002733565.1|PHR90156.1	69.2	331	101	1	43	373	34	363	1.13e-170	474	373	363
SY365BB-8-12_bin26-k141_1297159_17	IdrP_like_TIER2|GCA_002836355.1|PKH06718.1	68.0	331	105	1	43	373	34	363	6.14e-168	467	373	363
SY365BB-8-12_bin26-k141_1297159_17	IdrP_like_TIER2|GCA_002687455.1|MAF55547.1	64.8	335	114	1	43	373	35	369	2.37e-164	458	373	369
SY365BB-8-12_bin26-k141_1297159_17	IdrP_like_TIER2|GCA_000785145.2|KHD08439.1	64.0	339	120	1	35	373	31	367	1.27e-163	456	373	367
SY365BB-8-12_bin26-k141_1297159_17	IdrP_like_TIER2|GCA_002720555.1|MBJ78182.1	64.5	335	115	1	43	373	35	369	2.74e-163	456	373	369
SY365BB-8-12_bin26-k141_1297159_17	IdrP_like_TIER2|GCA_003864255.1|RRJ85034.1	64.0	339	119	1	35	373	20	355	9.63e-163	454	373	355
SY365BB-8-12_bin26-k141_1297159_17	IdrP_like_TIER2|GCA_000967665.1|KJZ16045.1	63.0	343	126	1	31	373	24	365	2.76e-162	453	373	365
SY365BB-8-12_bin26-k141_1297159_17	IdrP_like_TIER2|GCA_002717425.1|MBI13700.1	64.0	331	115	1	47	373	26	356	2.85e-162	452	373	356
SY365BB-8-12_bin26-k141_1297159_17	IdrP_like_TIER2|GCA_009653635.1|MRI32051.1	62.2	336	126	1	38	373	29	363	5.99e-161	449	373	363
SY365BB-8-12_bin26-k141_1297159_17	IdrP_like_TIER2|GCA_000272145.2|OEE78075.1	63.3	338	123	1	36	373	26	362	1.91e-159	446	373	362
SY365BB-8-12_bin26-k141_1297159_17	IdrP_like_TIER2|GCA_001939735.1|OLQ75249.1	63.0	338	124	1	36	373	27	363	1.98e-159	446	373	363
SY365BB-8-12_bin26-k141_1297159_17	IdrP_like_TIER2|GCA_003934975.1|RRS37422.1	64.0	331	117	1	43	373	40	368	2.72e-158	443	373	368
SY365BB-8-12_bin26-k141_1297159_17	IdrP_like_TIER2|GCA_011371325.1|HHB91636.1	60.0	340	136	0	34	373	28	367	1.07e-157	441	373	367
SY365BB-8-12_bin26-k141_1297159_17	IdrP_like_TIER2|GCA_001404295.1|CTQ63442.1	61.5	338	127	3	36	373	23	357	1.75e-156	438	373	357
SY365BB-8-12_bin26-k141_1297159_17	IdrP_like_TIER2|GCA_003660235.1|RLJ20930.1	63.7	331	118	1	43	373	40	368	5.17e-156	437	373	368
SY365BB-8-12_bin26-k141_1297159_17	IdrP_like_TIER2|GCA_003660225.1|RLJ20878.1	63.4	331	119	1	43	373	40	368	2.09e-155	436	373	368
SY365BB-8-12_bin26-k141_1297159_17	IdrP_like_TIER2|GCA_001404055.1|CTQ52171.1	61.8	338	126	3	36	373	23	357	2.87e-155	435	373	357
SY365BB-8-12_bin26-k141_1297159_17	IdrP_like_TIER2|GCA_002718255.1|MBI48302.1	62.3	337	126	1	37	373	16	351	1.54e-153	430	373	351
SY365BB-8-12_bin26-k141_1297159_17	IdrP_like_TIER2|GCA_011051715.1|HEB97087.1	57.7	369	150	3	9	373	2	368	1.13e-152	429	373	368
SY365BB-8-12_bin26-k141_1297159_18	IdrP_like_TIER2|GCA_003544895.1|AXX96741.1	85.9	383	51	1	2	381	1	383	2.06e-252	682	381	383
SY365BB-8-12_bin26-k141_1297159_18	IdrP_like_TIER2|GCA_002732845.1|PHS79678.1	67.5	382	113	2	8	378	6	387	6.03e-194	535	381	393
SY365BB-8-12_bin26-k141_1297159_18	IdrP_like_TIER2|GCA_002897995.1|GBE44174.1	65.8	351	120	0	25	375	27	377	1.23e-182	506	381	387
SY365BB-8-12_bin26-k141_1297159_18	IdrP_like_TIER2|GCA_011371325.1|HHB91635.1	67.5	348	113	0	28	375	33	380	9.11e-182	504	381	394
SY365BB-8-12_bin26-k141_1297159_18	IdrP_like_TIER2|GCA_002731375.1|MBV37769.1	65.8	351	120	0	25	375	22	372	2.24e-181	502	381	380
SY365BB-8-12_bin26-k141_1297159_18	IdrP_like_TIER2|GCA_000785145.2|KHD08440.1	67.7	344	111	0	32	375	22	365	1.02e-179	498	381	379
SY365BB-8-12_bin26-k141_1297159_18	IdrP_like_TIER2|GCA_002687515.1|MAF46991.1	64.8	361	120	2	15	375	19	372	8.19e-176	488	381	376
SY365BB-8-12_bin26-k141_1297159_18	IdrP_like_TIER2|GCA_001404295.1|CTQ63441.1	61.3	380	140	2	1	378	1	375	1.27e-173	483	381	380
SY365BB-8-12_bin26-k141_1297159_18	IdrP_like_TIER2|GCA_002725625.1|MBO31668.1	63.0	365	128	2	10	374	8	365	2.54e-173	481	381	370
SY365BB-8-12_bin26-k141_1297159_18	IdrP_like_TIER2|GCA_003864255.1|RRJ85033.1	63.9	349	126	0	27	375	28	376	2.75e-173	482	381	392
SY365BB-8-12_bin26-k141_1297159_18	IdrP_like_TIER2|GCA_001404055.1|CTQ52170.1	60.5	380	143	2	1	378	1	375	4.58e-169	471	381	380
SY365BB-8-12_bin26-k141_1297159_18	IdrP_like_TIER2|GCA_001715975.1|ODJ89649.1	65.2	348	118	1	31	375	51	398	5.29e-169	472	381	414
SY365BB-8-12_bin26-k141_1297159_18	IdrP_like_TIER2|GCA_003660225.1|RLJ20877.1	61.6	365	139	1	12	375	32	396	2.31e-167	468	381	412
SY365BB-8-12_bin26-k141_1297159_18	IdrP_like_TIER2|GCA_003660235.1|RLJ20929.1	61.6	365	139	1	12	375	32	396	2.31e-167	468	381	412
SY365BB-8-12_bin26-k141_1297159_18	IdrP_like_TIER2|GCA_002687455.1|MAF55548.1	62.6	348	125	1	32	379	33	375	3.17e-166	464	381	377
SY365BB-8-12_bin26-k141_1297159_18	IdrP_like_TIER2|GCA_003610775.1|RKF21468.1	61.8	356	135	1	26	381	40	394	8.81e-165	461	381	402
SY365BB-8-12_bin26-k141_1297159_18	IdrP_like_TIER2|GCA_011051715.1|HEB97088.1	62.5	357	134	0	19	375	40	396	2.51e-164	460	381	412
SY365BB-8-12_bin26-k141_1297159_18	IdrP_like_TIER2|GCA_002718255.1|MBI48303.1	62.8	349	130	0	33	381	29	377	2.79e-164	459	381	385
SY365BB-8-12_bin26-k141_1297159_18	IdrP_like_TIER2|GCA_002717425.1|MBI13699.1	62.5	344	124	1	36	379	39	377	3.21e-164	459	381	379
SY365BB-8-12_bin26-k141_1297159_18	IdrP_like_TIER2|GCA_002726415.1|MBP80848.1	59.9	384	147	3	2	378	1	384	9.47e-164	459	381	410
SY365BB-8-12_bin26-k141_1297159_18	IdrP_like_TIER2|GCA_009653635.1|MRI32052.1	61.3	354	137	0	28	381	59	412	1.59e-163	459	381	425
SY365BB-8-12_bin26-k141_1297159_18	IdrP_like_TIER2|GCA_001443665.1|KRT55330.1	63.7	347	123	1	32	375	50	396	1.66e-162	456	381	412
SY365BB-8-12_bin26-k141_1297159_18	IdrP_like_TIER2|GCA_000283275.1|AFP30182.1	63.0	351	130	0	31	381	91	441	8.40e-162	455	381	449
SY365BB-8-12_bin26-k141_1297159_18	IdrP_like_TIER2|GCA_000224455.2|EGV52497.1	63.4	347	124	1	32	375	50	396	9.54e-162	454	381	412
SY365BB-8-12_bin26-k141_1297159_18	IdrP_like_TIER2|GCA_002711755.1|MBC58354.1	57.8	374	153	1	5	378	1	369	2.39e-160	449	381	374
SY365BB-8-12_bin26-k141_1297159_19	IdrB_TIER2|GCA_003544895.1|AXX96742.1	78.8	193	41	0	1	193	1	193	3.74e-115	319	193	193
SY365BB-8-12_bin26-k141_1297159_19	IdrB_TIER2|GCA_002897995.1|GBE44173.1	70.9	172	49	1	23	193	25	196	8.67e-94	265	193	196
SY365BB-8-12_bin26-k141_1297159_19	IdrB_TIER2|GCA_002725625.1|MBO31667.1	68.8	176	51	2	19	193	22	194	2.56e-90	256	193	194
SY365BB-8-12_bin26-k141_1297159_19	IdrB_TIER2|GCA_002731375.1|MBV37768.1	69.8	172	50	2	23	193	25	195	3.76e-90	256	193	195
SY365BB-8-12_bin26-k141_1297159_19	IdrB_TIER2|GCA_002711755.1|MBC58353.1	66.5	179	59	1	15	193	18	195	2.52e-88	251	193	195
SY365BB-8-12_bin26-k141_1297159_19	IdrB_TIER2|GCA_004331745.1|TCD13831.1	67.3	171	55	1	23	193	26	195	2.52e-88	251	193	195
SY365BB-8-12_bin26-k141_1297159_19	IdrB_TIER2|GCA_002687515.1|MAF46992.1	68.5	168	50	1	26	193	1	165	3.72e-88	250	193	165
SY365BB-8-12_bin26-k141_1297159_19	AioB_LOCAL|GCA_000756565.1|KGB81536.1	65.9	179	60	1	15	193	7	184	7.06e-88	250	193	184
SY365BB-8-12_bin26-k141_1297159_19	IdrB_TIER2|GCA_001404055.1|CTQ52169.1	64.6	181	61	3	14	193	20	198	1.13e-87	250	193	198
SY365BB-8-12_bin26-k141_1297159_19	IdrB_TIER2|GCA_003208435.1|PYG33377.1	66.1	171	57	1	23	193	26	195	5.89e-87	248	193	195
SY365BB-8-12_bin26-k141_1297159_19	IdrB_TIER2|GCA_001404295.1|CTQ63440.1	63.3	188	66	3	7	193	13	198	6.51e-87	248	193	198
SY365BB-8-12_bin26-k141_1297159_19	IdrB_TIER2|GCA_004216475.1|QBF32516.1	66.7	171	56	1	23	193	26	195	8.36e-87	248	193	195
SY365BB-8-12_bin26-k141_1297159_19	IdrB_TIER2|GCA_001623255.1|KZL05130.1	61.7	188	69	3	7	193	13	198	1.52e-85	244	193	198
SY365BB-8-12_bin26-k141_1297159_19	IdrB_TIER2|GCA_002732845.1|PHS79679.1	58.8	187	73	3	8	193	14	197	6.21e-80	230	193	197
SY365BB-8-12_bin26-k141_1297159_19	IdrB_TIER2|GCA_002718255.1|MBI48304.1	55.3	190	76	3	11	191	2	191	2.50e-76	221	193	194
SY365BB-8-12_bin26-k141_1297159_19	IdrB_TIER2|GCA_011051715.1|HEB97089.1	59.9	177	61	4	23	192	16	189	1.51e-74	216	193	191
SY365BB-8-12_bin26-k141_1297159_19	IdrB_TIER2|GCA_009653635.1|MRI32053.1	56.6	175	70	2	25	193	1	175	1.77e-74	216	193	196
SY365BB-8-12_bin26-k141_1297159_19	IdrB_TIER2|GCA_011371325.1|HHB91634.1	56.5	186	74	4	12	193	3	185	1.04e-73	214	193	186
SY365BB-8-12_bin26-k141_1297159_19	IdrB_TIER2|GCA_000785145.2|KHD08441.1	57.2	187	74	4	12	192	2	188	1.69e-73	214	193	190
SY365BB-8-12_bin26-k141_1297159_19	IdrB_TIER2|GCA_001715975.1|ODJ89648.1	58.7	189	67	5	11	192	5	189	7.06e-73	212	193	191
SY365BB-8-12_bin26-k141_1297159_19	IdrB_TIER2|GCA_000283275.1|AFP30181.1	56.0	175	70	2	25	192	1	175	5.18e-72	209	193	177
SY365BB-8-12_bin26-k141_1297159_19	IdrB_TIER2|GCA_002720555.1|MBJ78184.1	59.3	172	66	2	24	193	17	186	5.66e-71	207	193	186
SY365BB-8-12_bin26-k141_1297159_19	IdrB_TIER2|GCA_001939735.1|OLQ75251.1	54.0	187	79	3	11	191	9	194	1.79e-70	206	193	200
SY365BB-8-12_bin26-k141_1297159_19	IdrB_TIER2|GCA_000272145.2|OEE78074.1	53.1	192	83	3	6	191	7	197	3.96e-70	206	193	203
SY365BB-8-12_bin26-k141_1297159_19	IdrB_TIER2|GCA_002687455.1|MAF55549.1	58.7	172	67	2	24	193	17	186	4.61e-70	205	193	186
SY365BB-8-12_bin7-k141_1337394_4	IdrP_like_TIER2|GCA_002836355.1|PKH06718.1	94.0	364	21	1	1	364	1	363	6.10e-263	707	364	363
SY365BB-8-12_bin7-k141_1337394_4	IdrP_like_TIER2|GCA_002733565.1|PHR90156.1	92.9	364	25	1	1	364	1	363	8.30e-261	702	364	363
SY365BB-8-12_bin7-k141_1337394_4	IdrP_like_TIER2|GCA_001939735.1|OLQ75249.1	78.3	364	78	1	1	364	1	363	5.32e-225	611	364	363
SY365BB-8-12_bin7-k141_1337394_4	IdrP_like_TIER2|GCA_000272145.2|OEE78075.1	78.3	364	77	2	1	364	1	362	6.64e-221	601	364	362
SY365BB-8-12_bin7-k141_1337394_4	IdrP_like_TIER2|GCA_000967665.1|KJZ16045.1	75.8	339	82	0	26	364	27	365	1.53e-206	565	364	365
SY365BB-8-12_bin7-k141_1337394_4	IdrP_like_TIER2|GCA_003610775.1|RKF21467.1	70.2	366	104	2	1	364	1	363	2.87e-192	528	364	363
SY365BB-8-12_bin7-k141_1337394_4	IdrP_like_TIER2|GCA_005146635.1|TKG63042.1	69.8	351	106	0	14	364	7	357	5.41e-191	525	364	357
SY365BB-8-12_bin7-k141_1337394_4	IdrP_like_TIER2|GCA_002875145.1|PMP13657.1	69.8	351	106	0	14	364	9	359	5.82e-191	525	364	359
SY365BB-8-12_bin7-k141_1337394_4	IdrP_like_TIER2|GCA_002876245.1|PML52513.1	69.5	351	107	0	14	364	9	359	3.35e-190	523	364	359
SY365BB-8-12_bin7-k141_1337394_4	IdrP_like_TIER2|GCA_002876335.1|PML16679.1	69.2	351	108	0	14	364	9	359	1.36e-189	521	364	359
SY365BB-8-12_bin7-k141_1337394_4	IdrP_like_TIER2|GCA_002876485.1|PMO76000.1	69.5	348	106	0	17	364	10	357	2.55e-189	521	364	357
SY365BB-8-12_bin7-k141_1337394_4	IdrP_like_TIER2|GCA_011371325.1|HHB91636.1	66.7	360	119	1	6	364	8	367	8.14e-186	512	364	367
SY365BB-8-12_bin7-k141_1337394_4	IdrP_like_TIER2|GCA_009653635.1|MRI32051.1	69.9	335	101	0	30	364	29	363	2.86e-185	511	364	363
SY365BB-8-12_bin7-k141_1337394_4	IdrP_like_TIER2|GCA_007786305.1|TVU69347.1	66.7	351	117	0	14	364	17	367	1.34e-184	509	364	367
SY365BB-8-12_bin7-k141_1337394_4	IdrP_like_TIER2|GCA_000785145.2|KHD08439.1	65.4	358	121	2	8	364	12	367	4.90e-180	498	364	367
SY365BB-8-12_bin7-k141_1337394_4	IdrP_like_TIER2|GCA_002897995.1|GBE44175.1	67.8	342	109	1	24	364	49	390	1.58e-179	497	364	390
SY365BB-8-12_bin7-k141_1337394_4	IdrP_like_TIER2|GCA_002687455.1|MAF55547.1	68.5	340	102	2	30	364	30	369	6.71e-176	487	364	369
SY365BB-8-12_bin7-k141_1337394_4	IdrP_like_TIER2|GCA_002725625.1|MBO31669.1	65.0	346	120	1	20	364	29	374	2.66e-174	483	364	374
SY365BB-8-12_bin7-k141_1337394_4	IdrP_like_TIER2|GCA_002717425.1|MBI13700.1	67.9	340	104	2	30	364	17	356	4.00e-174	482	364	356
SY365BB-8-12_bin7-k141_1337394_4	IdrP_like_TIER2|GCA_002687515.1|MAF46990.1	64.3	347	123	1	19	364	14	360	2.66e-173	480	364	360
SY365BB-8-12_bin7-k141_1337394_4	IdrP_like_TIER2|GCA_002720555.1|MBJ78182.1	67.1	340	107	2	30	364	30	369	2.11e-172	478	364	369
SY365BB-8-12_bin7-k141_1337394_4	IdrP_like_TIER2|GCA_002732845.1|PHS79677.1	63.8	354	127	1	12	364	22	375	2.13e-171	476	364	375
SY365BB-8-12_bin7-k141_1337394_4	IdrP_like_TIER2|GCA_003934975.1|RRS37422.1	63.1	360	130	2	6	364	11	368	5.50e-170	472	364	368
SY365BB-8-12_bin7-k141_1337394_4	IdrP_like_TIER2|GCA_002731375.1|MBV37770.1	61.6	362	137	2	5	364	1	362	2.56e-169	470	364	362
SY365BB-8-12_bin7-k141_1337394_4	IdrP_like_TIER2|GCA_003660235.1|RLJ20930.1	63.2	361	128	3	6	364	11	368	9.04e-169	469	364	368
SY365BB-8-12_bin7-k141_1337394_5	IdrP_like_TIER2|GCA_002733565.1|PHR90155.1	89.4	416	44	0	1	416	1	416	3.23e-280	755	416	416
SY365BB-8-12_bin7-k141_1337394_5	IdrP_like_TIER2|GCA_002836355.1|PKH07232.1	89.0	362	40	0	55	416	1	362	2.70e-245	665	416	362
SY365BB-8-12_bin7-k141_1337394_5	IdrP_like_TIER2|GCA_001939735.1|OLQ75250.1	76.7	416	90	1	1	416	1	409	3.46e-241	656	416	409
SY365BB-8-12_bin7-k141_1337394_5	IdrP_like_TIER2|GCA_000272145.2|OEE78082.1	79.1	374	78	0	43	416	1	374	8.29e-229	624	416	374
SY365BB-8-12_bin7-k141_1337394_5	IdrP_like_TIER2|GCA_003610775.1|RKF21468.1	73.5	415	95	4	2	416	3	402	2.85e-222	608	416	402
SY365BB-8-12_bin7-k141_1337394_5	IdrP_like_TIER2|GCA_000967665.1|KJZ16046.1	75.9	382	92	0	35	416	43	424	2.58e-221	607	416	424
SY365BB-8-12_bin7-k141_1337394_5	IdrP_like_TIER2|GCA_009653635.1|MRI32052.1	72.2	406	110	2	10	413	13	417	8.89e-220	603	416	425
SY365BB-8-12_bin7-k141_1337394_5	IdrP_like_TIER2|GCA_002718255.1|MBI48303.1	72.8	386	103	1	31	416	2	385	9.24e-210	576	416	385
SY365BB-8-12_bin7-k141_1337394_5	IdrP_like_TIER2|GCA_000283275.1|AFP30182.1	64.2	430	138	2	3	416	20	449	2.02e-198	550	416	449
SY365BB-8-12_bin7-k141_1337394_5	IdrP_like_TIER2|GCA_002876485.1|PMO75999.1	69.7	357	108	0	60	416	32	388	1.49e-190	527	416	388
SY365BB-8-12_bin7-k141_1337394_5	IdrP_like_TIER2|GCA_002876335.1|PML16673.1	69.7	357	108	0	60	416	32	388	3.01e-190	526	416	388
SY365BB-8-12_bin7-k141_1337394_5	IdrP_like_TIER2|GCA_007786305.1|TVU69348.1	69.5	357	109	0	60	416	32	388	4.27e-190	526	416	388
SY365BB-8-12_bin7-k141_1337394_5	IdrP_like_TIER2|GCA_002876245.1|PML52507.1	69.2	357	110	0	60	416	32	388	1.73e-189	525	416	388
SY365BB-8-12_bin7-k141_1337394_5	IdrP_like_TIER2|GCA_002875145.1|PMP13580.1	69.5	357	109	0	60	416	32	388	2.46e-189	524	416	388
SY365BB-8-12_bin7-k141_1337394_5	IdrP_like_TIER2|GCA_011371325.1|HHB91635.1	66.4	360	121	0	57	416	35	394	8.03e-180	500	416	394
SY365BB-8-12_bin7-k141_1337394_5	IdrP_like_TIER2|GCA_000785145.2|KHD08440.1	64.4	357	127	0	60	416	23	379	6.49e-173	482	416	379
SY365BB-8-12_bin7-k141_1337394_5	IdrP_like_TIER2|GCA_003864255.1|RRJ85033.1	66.4	357	120	0	58	414	32	388	2.94e-172	481	416	392
SY365BB-8-12_bin7-k141_1337394_5	IdrP_like_TIER2|GCA_001404055.1|CTQ52170.1	64.4	376	123	4	32	402	3	372	2.97e-169	473	416	380
SY365BB-8-12_bin7-k141_1337394_5	IdrP_like_TIER2|GCA_011051715.1|HEB97088.1	58.9	409	156	2	9	414	9	408	9.12e-169	473	416	412
SY365BB-8-12_bin7-k141_1337394_5	IdrP_like_TIER2|GCA_001404295.1|CTQ63441.1	66.8	343	109	1	60	402	35	372	7.98e-167	467	416	380
SY365BB-8-12_bin7-k141_1337394_5	IdrP_like_TIER2|GCA_003660225.1|RLJ20877.1	56.9	418	166	2	1	414	1	408	4.61e-164	461	416	412
SY365BB-8-12_bin7-k141_1337394_5	IdrP_like_TIER2|GCA_003660235.1|RLJ20929.1	56.9	418	166	2	1	414	1	408	4.61e-164	461	416	412
SY365BB-8-12_bin7-k141_1337394_5	IdrP_like_TIER2|GCA_001715975.1|ODJ89649.1	56.1	415	171	2	3	414	4	410	1.32e-161	455	416	414
SY365BB-8-12_bin7-k141_1337394_5	IdrP_like_TIER2|GCA_001623255.1|KZL05131.1	60.7	369	132	2	37	405	21	376	9.14e-159	446	416	381
SY365BB-8-12_bin7-k141_1337394_5	IdrP_like_TIER2|GCA_002717425.1|MBI13699.1	63.6	343	120	1	63	405	39	376	9.84e-158	444	416	379
SY365BB-8-12_bin7-k141_1337394_6	IdrB_TIER2|GCA_002836355.1|PKH06717.1	92.7	206	15	0	1	206	1	206	3.52e-140	384	206	206
SY365BB-8-12_bin7-k141_1337394_6	AioB_LOCAL|GCA_000953735.1|CED59803.1	92.2	206	16	0	1	206	1	206	2.03e-139	382	206	206
SY365BB-8-12_bin7-k141_1337394_6	IdrB_TIER2|GCA_002733565.1|PHR90154.1	90.8	206	19	0	1	206	1	206	5.36e-135	370	206	206
SY365BB-8-12_bin7-k141_1337394_6	IdrB_TIER2|GCA_001939735.1|OLQ75251.1	79.1	206	37	1	1	206	1	200	4.55e-121	335	206	200
SY365BB-8-12_bin7-k141_1337394_6	IdrB_TIER2|GCA_000272145.2|OEE78074.1	77.7	206	43	1	1	206	1	203	9.74e-119	329	206	203
SY365BB-8-12_bin7-k141_1337394_6	IdrB_TIER2|GCA_003610775.1|RKF21469.1	76.2	206	40	1	1	206	1	197	2.07e-114	318	206	197
SY365BB-8-12_bin7-k141_1337394_6	IdrB_TIER2|GCA_000967665.1|KJZ16189.1	71.8	188	53	0	19	206	23	210	1.41e-101	286	206	210
SY365BB-8-12_bin7-k141_1337394_6	IdrB_TIER2|GCA_009653635.1|MRI32053.1	75.7	173	42	0	28	200	1	173	1.12e-97	276	206	196
SY365BB-8-12_bin7-k141_1337394_6	IdrB_TIER2|GCA_002718255.1|MBI48304.1	66.8	184	61	0	19	202	10	193	2.71e-93	265	206	194
SY365BB-8-12_bin7-k141_1337394_6	IdrB_TIER2|GCA_001715975.1|ODJ89648.1	67.0	188	58	2	15	201	5	189	4.93e-93	264	206	191
SY365BB-8-12_bin7-k141_1337394_6	IdrB_TIER2|GCA_000283275.1|AFP30181.1	68.2	176	55	1	28	202	1	176	1.12e-88	252	206	177
SY365BB-8-12_bin7-k141_1337394_6	IdrB_TIER2|GCA_011051715.1|HEB97089.1	62.2	188	67	2	15	201	5	189	1.27e-88	253	206	191
SY365BB-8-12_bin7-k141_1337394_6	IdrB_TIER2|GCA_007786305.1|TVU69349.1	62.7	185	68	1	20	204	9	192	1.41e-88	253	206	194
SY365BB-8-12_bin7-k141_1337394_6	IdrB_TIER2|GCA_011371325.1|HHB91634.1	63.6	187	64	2	17	203	4	186	2.16e-88	252	206	186
SY365BB-8-12_bin7-k141_1337394_6	IdrB_TIER2|GCA_002876485.1|PMO75998.1	62.7	185	68	1	20	204	9	192	1.15e-87	250	206	194
SY365BB-8-12_bin7-k141_1337394_6	IdrB_TIER2|GCA_002875145.1|PMP13581.1	61.6	185	70	1	20	204	9	192	1.33e-86	248	206	194
SY365BB-8-12_bin7-k141_1337394_6	IdrB_TIER2|GCA_002876245.1|PML52506.1	61.6	185	70	1	20	204	9	192	1.33e-86	248	206	194
SY365BB-8-12_bin7-k141_1337394_6	IdrB_TIER2|GCA_002876335.1|PML16672.1	61.6	185	70	1	20	204	9	192	1.33e-86	248	206	194
SY365BB-8-12_bin7-k141_1337394_6	IdrB_TIER2|GCA_000785145.2|KHD08441.1	63.6	184	64	2	19	201	7	188	4.73e-86	246	206	190
SY365BB-8-12_bin7-k141_1337394_6	IdrB_TIER2|GCA_003660225.1|RLJ20876.1	61.7	188	66	3	15	201	5	187	1.24e-83	240	206	189
SY365BB-8-12_bin7-k141_1337394_6	IdrB_TIER2|GCA_000224455.2|EGV52498.1	63.4	183	61	3	19	200	9	186	1.76e-83	239	206	189
SY365BB-8-12_bin7-k141_1337394_6	IdrB_TIER2|GCA_001443665.1|KRT55329.1	63.4	183	61	3	19	200	9	186	2.37e-83	239	206	198
SY365BB-8-12_bin7-k141_1337394_6	IdrB_TIER2|GCA_003934975.1|RRS37420.1	61.7	188	66	3	15	201	5	187	2.49e-83	239	206	189
SY365BB-8-12_bin7-k141_1337394_6	IdrB_TIER2|GCA_003864255.1|RRJ85032.1	60.6	175	65	2	27	200	13	184	5.64e-77	223	206	187
SY365BB-8-12_bin7-k141_1337394_6	IdrB_TIER2|GCA_002720555.1|MBJ78184.1	59.4	175	65	3	27	201	17	185	4.19e-74	216	206	186
SY365BB-8-12_bin8-k141_832694_2	IdrP_like_TIER2|GCA_003544895.1|AXX96740.1	72.4	373	101	2	1	372	1	372	2.32e-200	550	372	372
SY365BB-8-12_bin8-k141_832694_2	IdrP_like_TIER2|GCA_002731375.1|MBV37770.1	65.5	359	121	1	17	372	4	362	2.88e-175	486	372	362
SY365BB-8-12_bin8-k141_832694_2	IdrP_like_TIER2|GCA_002897995.1|GBE44175.1	63.6	368	132	1	5	372	25	390	2.23e-174	484	372	390
SY365BB-8-12_bin8-k141_832694_2	IdrP_like_TIER2|GCA_002725625.1|MBO31669.1	64.2	355	127	0	18	372	20	374	4.85e-172	478	372	374
SY365BB-8-12_bin8-k141_832694_2	IdrP_like_TIER2|GCA_002687515.1|MAF46990.1	63.5	364	124	2	9	372	6	360	1.86e-168	468	372	360
SY365BB-8-12_bin8-k141_832694_2	IdrP_like_TIER2|GCA_002732845.1|PHS79677.1	61.4	363	138	1	10	372	15	375	4.63e-163	455	372	375
SY365BB-8-12_bin8-k141_832694_2	IdrP_like_TIER2|GCA_003864255.1|RRJ85034.1	60.7	354	134	2	19	372	7	355	2.04e-159	445	372	355
SY365BB-8-12_bin8-k141_832694_2	IdrP_like_TIER2|GCA_011371325.1|HHB91636.1	61.1	342	133	0	31	372	26	367	1.83e-153	431	372	367
SY365BB-8-12_bin8-k141_832694_2	IdrP_like_TIER2|GCA_002687455.1|MAF55547.1	59.3	356	139	2	18	367	9	364	1.60e-152	428	372	369
SY365BB-8-12_bin8-k141_832694_2	IdrP_like_TIER2|GCA_001939735.1|OLQ75249.1	62.5	339	126	1	34	372	26	363	1.84e-152	428	372	363
SY365BB-8-12_bin8-k141_832694_2	IdrP_like_TIER2|GCA_002717425.1|MBI13700.1	60.9	343	130	1	29	367	9	351	2.90e-152	427	372	356
SY365BB-8-12_bin8-k141_832694_2	IdrP_like_TIER2|GCA_000785145.2|KHD08439.1	60.9	345	133	1	28	372	25	367	3.00e-152	427	372	367
SY365BB-8-12_bin8-k141_832694_2	IdrP_like_TIER2|GCA_002733565.1|PHR90156.1	60.8	339	132	1	34	372	26	363	5.26e-152	427	372	363
SY365BB-8-12_bin8-k141_832694_2	IdrP_like_TIER2|GCA_002836355.1|PKH06718.1	61.1	339	131	1	34	372	26	363	1.06e-151	426	372	363
SY365BB-8-12_bin8-k141_832694_2	IdrP_like_TIER2|GCA_002720555.1|MBJ78182.1	62.5	331	120	1	41	367	34	364	4.29e-150	422	372	369
SY365BB-8-12_bin8-k141_832694_2	IdrP_like_TIER2|GCA_009653635.1|MRI32051.1	60.4	331	130	1	42	372	34	363	7.01e-150	421	372	363
SY365BB-8-12_bin8-k141_832694_2	IdrP_like_TIER2|GCA_000967665.1|KJZ16045.1	60.8	339	132	1	34	372	28	365	1.51e-149	421	372	365
SY365BB-8-12_bin8-k141_832694_2	IdrP_like_TIER2|GCA_000272145.2|OEE78075.1	60.2	339	134	1	34	372	25	362	2.58e-147	415	372	362
SY365BB-8-12_bin8-k141_832694_2	IdrP_like_TIER2|GCA_001404295.1|CTQ63442.1	56.5	338	144	2	35	372	23	357	8.23e-145	408	372	357
SY365BB-8-12_bin8-k141_832694_2	IdrP_like_TIER2|GCA_011051715.1|HEB97087.1	55.8	369	156	3	9	372	2	368	2.42e-144	407	372	368
SY365BB-8-12_bin8-k141_832694_2	IdrP_like_TIER2|GCA_001404055.1|CTQ52171.1	57.4	338	141	2	35	372	23	357	9.50e-144	405	372	357
SY365BB-8-12_bin8-k141_832694_2	IdrP_like_TIER2|GCA_001715975.1|ODJ89650.1	58.0	338	140	1	35	372	33	368	1.13e-142	403	372	368
SY365BB-8-12_bin8-k141_832694_2	IdrP_like_TIER2|GCA_003934975.1|RRS37422.1	58.4	332	136	1	41	372	39	368	1.13e-142	403	372	368
SY365BB-8-12_bin8-k141_832694_2	IdrP_like_TIER2|GCA_001623255.1|KZL05132.1	57.0	351	148	2	22	372	23	370	3.45e-142	402	372	370
SY365BB-8-12_bin8-k141_832694_2	IdrP_like_TIER2|GCA_005146635.1|TKG63042.1	60.1	331	131	1	42	372	28	357	8.91e-142	400	372	357
SY365BB-8-12_bin8-k141_832694_3	IdrP_like_TIER2|GCA_003544895.1|AXX96741.1	81.6	380	68	1	1	378	1	380	3.62e-234	636	379	383
SY365BB-8-12_bin8-k141_832694_3	IdrP_like_TIER2|GCA_002732845.1|PHS79678.1	71.2	347	100	0	32	378	41	387	2.04e-189	523	379	393
SY365BB-8-12_bin8-k141_832694_3	IdrP_like_TIER2|GCA_002897995.1|GBE44174.1	67.2	348	114	0	31	378	33	380	4.22e-185	512	379	387
SY365BB-8-12_bin8-k141_832694_3	IdrP_like_TIER2|GCA_000785145.2|KHD08440.1	68.6	347	109	0	32	378	22	368	1.05e-183	508	379	379
SY365BB-8-12_bin8-k141_832694_3	IdrP_like_TIER2|GCA_011371325.1|HHB91635.1	67.5	348	113	0	31	378	36	383	1.27e-183	508	379	394
SY365BB-8-12_bin8-k141_832694_3	IdrP_like_TIER2|GCA_002731375.1|MBV37769.1	67.0	348	115	0	31	378	28	375	1.55e-183	508	379	380
SY365BB-8-12_bin8-k141_832694_3	IdrP_like_TIER2|GCA_002687515.1|MAF46991.1	67.2	348	109	1	32	379	34	376	7.31e-181	501	379	376
SY365BB-8-12_bin8-k141_832694_3	IdrP_like_TIER2|GCA_002725625.1|MBO31668.1	65.3	349	116	1	31	379	27	370	1.60e-178	494	379	370
SY365BB-8-12_bin8-k141_832694_3	IdrP_like_TIER2|GCA_003864255.1|RRJ85033.1	65.1	347	121	0	31	377	32	378	3.61e-173	482	379	392
SY365BB-8-12_bin8-k141_832694_3	IdrP_like_TIER2|GCA_003660225.1|RLJ20877.1	63.2	359	130	1	20	378	43	399	2.79e-170	475	379	412
SY365BB-8-12_bin8-k141_832694_3	IdrP_like_TIER2|GCA_003660235.1|RLJ20929.1	63.2	359	130	1	20	378	43	399	2.79e-170	475	379	412
SY365BB-8-12_bin8-k141_832694_3	IdrP_like_TIER2|GCA_001715975.1|ODJ89649.1	62.7	362	132	1	20	378	40	401	8.53e-170	474	379	414
SY365BB-8-12_bin8-k141_832694_3	IdrP_like_TIER2|GCA_001404295.1|CTQ63441.1	62.2	365	132	2	11	375	14	372	2.11e-169	472	379	380
SY365BB-8-12_bin8-k141_832694_3	IdrP_like_TIER2|GCA_002687455.1|MAF55548.1	63.1	347	123	1	32	378	33	374	4.42e-168	468	379	377
SY365BB-8-12_bin8-k141_832694_3	IdrP_like_TIER2|GCA_002718255.1|MBI48303.1	62.4	354	133	0	25	378	21	374	3.37e-167	466	379	385
SY365BB-8-12_bin8-k141_832694_3	IdrP_like_TIER2|GCA_001443665.1|KRT55330.1	64.1	357	124	2	25	378	44	399	8.66e-167	466	379	412
SY365BB-8-12_bin8-k141_832694_3	IdrP_like_TIER2|GCA_011051715.1|HEB97088.1	63.5	348	127	0	31	378	52	399	3.51e-166	465	379	412
SY365BB-8-12_bin8-k141_832694_3	IdrP_like_TIER2|GCA_000224455.2|EGV52497.1	63.9	357	125	2	25	378	44	399	4.97e-166	464	379	412
SY365BB-8-12_bin8-k141_832694_3	IdrP_like_TIER2|GCA_002717425.1|MBI13699.1	62.7	343	123	1	36	378	39	376	1.81e-165	462	379	379
SY365BB-8-12_bin8-k141_832694_3	IdrP_like_TIER2|GCA_001404055.1|CTQ52170.1	60.3	368	140	2	8	375	11	372	2.67e-165	461	379	380
SY365BB-8-12_bin8-k141_832694_3	IdrP_like_TIER2|GCA_009653635.1|MRI32052.1	61.6	352	135	0	27	378	58	409	1.28e-164	461	379	425
SY365BB-8-12_bin8-k141_832694_3	IdrP_like_TIER2|GCA_000283275.1|AFP30182.1	63.0	351	130	0	28	378	88	438	1.45e-164	462	379	449
SY365BB-8-12_bin8-k141_832694_3	IdrP_like_TIER2|GCA_001623255.1|KZL05131.1	59.5	368	144	1	11	378	14	376	2.12e-162	454	379	381
SY365BB-8-12_bin8-k141_832694_3	IdrP_like_TIER2|GCA_007786305.1|TVU69348.1	61.8	346	132	0	33	378	32	377	3.85e-162	454	379	388
SY365BB-8-12_bin8-k141_832694_3	IdrP_like_TIER2|GCA_003934975.1|RRS37421.1	62.0	337	128	0	42	378	63	399	7.21e-161	451	379	412
SY365BB-8-12_bin8-k141_832694_4	IdrB_TIER2|GCA_003544895.1|AXX96742.1	74.6	193	49	0	1	193	1	193	4.64e-109	304	193	193
SY365BB-8-12_bin8-k141_832694_4	IdrB_TIER2|GCA_002725625.1|MBO31667.1	70.1	174	48	3	21	193	24	194	1.63e-86	247	193	194
SY365BB-8-12_bin8-k141_832694_4	IdrB_TIER2|GCA_002897995.1|GBE44173.1	67.2	183	56	2	12	193	17	196	2.47e-86	246	193	196
SY365BB-8-12_bin8-k141_832694_4	IdrB_TIER2|GCA_001404055.1|CTQ52169.1	67.4	181	56	3	14	193	20	198	4.35e-85	243	193	198
SY365BB-8-12_bin8-k141_832694_4	IdrB_TIER2|GCA_001404295.1|CTQ63440.1	68.5	181	54	3	14	193	20	198	6.18e-85	243	193	198
SY365BB-8-12_bin8-k141_832694_4	IdrB_TIER2|GCA_002731375.1|MBV37768.1	66.7	183	56	3	12	193	17	195	4.57e-84	241	193	195
SY365BB-8-12_bin8-k141_832694_4	IdrB_TIER2|GCA_003208435.1|PYG33377.1	64.2	179	63	1	15	193	18	195	1.51e-82	237	193	195
SY365BB-8-12_bin8-k141_832694_4	IdrB_TIER2|GCA_001623255.1|KZL05130.1	63.5	181	63	3	14	193	20	198	1.94e-81	234	193	198
SY365BB-8-12_bin8-k141_832694_4	IdrB_TIER2|GCA_004216475.1|QBF32516.1	64.3	171	60	1	23	193	26	195	4.10e-80	231	193	195
SY365BB-8-12_bin8-k141_832694_4	IdrB_TIER2|GCA_004331745.1|TCD13831.1	63.7	171	61	1	23	193	26	195	6.74e-79	228	193	195
SY365BB-8-12_bin8-k141_832694_4	IdrB_TIER2|GCA_002711755.1|MBC58353.1	61.8	178	66	2	17	193	19	195	3.88e-78	226	193	195
SY365BB-8-12_bin8-k141_832694_4	IdrB_TIER2|GCA_002732845.1|PHS79679.1	63.3	180	62	3	15	193	21	197	4.14e-78	226	193	197
SY365BB-8-12_bin8-k141_832694_4	AioB_LOCAL|GCA_000756565.1|KGB81536.1	61.2	178	67	2	17	193	8	184	1.09e-77	224	193	184
SY365BB-8-12_bin8-k141_832694_4	IdrB_TIER2|GCA_002687515.1|MAF46992.1	64.3	168	57	1	26	193	1	165	3.36e-77	222	193	165
SY365BB-8-12_bin8-k141_832694_4	IdrB_TIER2|GCA_009653635.1|MRI32053.1	58.9	175	66	2	25	193	1	175	4.13e-73	213	193	196
SY365BB-8-12_bin8-k141_832694_4	IdrB_TIER2|GCA_000272145.2|OEE78074.1	56.5	186	74	4	12	191	13	197	9.80e-71	207	193	203
SY365BB-8-12_bin8-k141_832694_4	IdrB_TIER2|GCA_002717425.1|MBI13698.1	55.7	185	76	3	11	193	6	186	1.32e-69	204	193	186
SY365BB-8-12_bin8-k141_832694_4	IdrB_TIER2|GCA_002836355.1|PKH06717.1	57.7	175	68	2	23	191	26	200	2.50e-69	204	193	206
SY365BB-8-12_bin8-k141_832694_4	AioB_LOCAL|GCA_000953735.1|CED59803.1	57.7	175	68	2	23	191	26	200	3.55e-69	203	193	206
SY365BB-8-12_bin8-k141_832694_4	IdrB_TIER2|GCA_011371325.1|HHB91634.1	55.4	175	72	3	23	193	13	185	3.76e-69	202	193	186
SY365BB-8-12_bin8-k141_832694_4	IdrB_TIER2|GCA_011051715.1|HEB97089.1	54.3	188	76	4	11	191	4	188	8.88e-69	202	193	191
SY365BB-8-12_bin8-k141_832694_4	IdrB_TIER2|GCA_001715975.1|ODJ89648.1	54.8	188	75	4	11	191	4	188	1.79e-68	201	193	191
SY365BB-8-12_bin8-k141_832694_4	IdrB_TIER2|GCA_002733565.1|PHR90154.1	58.3	175	67	2	23	191	26	200	2.04e-68	201	193	206
SY365BB-8-12_bin8-k141_832694_4	IdrB_TIER2|GCA_002720555.1|MBJ78184.1	55.5	182	75	3	14	193	9	186	6.16e-68	199	193	186
SY365BB-8-12_bin8-k141_832694_4	IdrB_TIER2|GCA_000283275.1|AFP30181.1	55.7	174	70	3	25	191	1	174	6.53e-68	199	193	177
SY366YB-0-4_bin5-k141_98994_3	IdrB_TIER2|GCA_003544895.1|AXX96742.1	75.6	193	47	0	1	193	1	193	1.98e-110	307	193	193
SY366YB-0-4_bin5-k141_98994_3	IdrB_TIER2|GCA_002725625.1|MBO31667.1	71.3	174	46	3	21	193	24	194	1.99e-87	249	193	194
SY366YB-0-4_bin5-k141_98994_3	IdrB_TIER2|GCA_002897995.1|GBE44173.1	66.7	183	57	2	12	193	17	196	1.23e-86	247	193	196
SY366YB-0-4_bin5-k141_98994_3	IdrB_TIER2|GCA_002731375.1|MBV37768.1	67.8	183	54	3	12	193	17	195	3.94e-85	243	193	195
SY366YB-0-4_bin5-k141_98994_3	IdrB_TIER2|GCA_001404055.1|CTQ52169.1	66.3	181	58	3	14	193	20	198	2.51e-84	241	193	198
SY366YB-0-4_bin5-k141_98994_3	IdrB_TIER2|GCA_001404295.1|CTQ63440.1	67.4	181	56	3	14	193	20	198	3.56e-84	241	193	198
SY366YB-0-4_bin5-k141_98994_3	IdrB_TIER2|GCA_003208435.1|PYG33377.1	64.2	179	63	1	15	193	18	195	3.05e-82	236	193	195
SY366YB-0-4_bin5-k141_98994_3	IdrB_TIER2|GCA_001623255.1|KZL05130.1	63.0	181	64	3	14	193	20	198	2.75e-81	234	193	198
SY366YB-0-4_bin5-k141_98994_3	IdrB_TIER2|GCA_002732845.1|PHS79679.1	65.0	180	59	3	15	193	21	197	2.17e-80	231	193	197
SY366YB-0-4_bin5-k141_98994_3	IdrB_TIER2|GCA_004331745.1|TCD13831.1	63.7	171	61	1	23	193	26	195	6.74e-79	228	193	195
SY366YB-0-4_bin5-k141_98994_3	IdrB_TIER2|GCA_004216475.1|QBF32516.1	63.7	171	61	1	23	193	26	195	9.56e-79	227	193	195
SY366YB-0-4_bin5-k141_98994_3	IdrB_TIER2|GCA_002711755.1|MBC58353.1	62.4	178	65	2	17	193	19	195	1.36e-78	227	193	195
SY366YB-0-4_bin5-k141_98994_3	AioB_LOCAL|GCA_000756565.1|KGB81536.1	61.8	178	66	2	17	193	8	184	3.83e-78	225	193	184
SY366YB-0-4_bin5-k141_98994_3	IdrB_TIER2|GCA_002687515.1|MAF46992.1	64.3	168	57	1	26	193	1	165	1.67e-77	223	193	165
SY366YB-0-4_bin5-k141_98994_3	IdrB_TIER2|GCA_009653635.1|MRI32053.1	58.9	175	66	2	25	193	1	175	1.45e-73	214	193	196
SY366YB-0-4_bin5-k141_98994_3	IdrB_TIER2|GCA_011051715.1|HEB97089.1	55.3	188	74	4	11	191	4	188	3.82e-70	205	193	191
SY366YB-0-4_bin5-k141_98994_3	IdrB_TIER2|GCA_011371325.1|HHB91634.1	55.4	175	72	3	23	193	13	185	4.61e-70	205	193	186
SY366YB-0-4_bin5-k141_98994_3	IdrB_TIER2|GCA_000272145.2|OEE78074.1	55.4	186	76	4	12	191	13	197	5.62e-70	205	193	203
SY366YB-0-4_bin5-k141_98994_3	IdrB_TIER2|GCA_002717425.1|MBI13698.1	56.2	185	75	3	11	193	6	186	9.28e-70	204	193	186
SY366YB-0-4_bin5-k141_98994_3	IdrB_TIER2|GCA_000283275.1|AFP30181.1	56.9	174	68	3	25	191	1	174	3.98e-69	202	193	177
SY366YB-0-4_bin5-k141_98994_3	IdrB_TIER2|GCA_001715975.1|ODJ89648.1	54.3	188	76	4	11	191	4	188	6.26e-69	202	193	191
SY366YB-0-4_bin5-k141_98994_3	IdrB_TIER2|GCA_002718255.1|MBI48304.1	54.7	179	75	3	19	191	13	191	1.39e-68	201	193	194
SY366YB-0-4_bin5-k141_98994_3	AioB_LOCAL|GCA_000953735.1|CED59803.1	57.1	175	69	2	23	191	26	200	1.44e-68	202	193	206
SY366YB-0-4_bin5-k141_98994_3	IdrB_TIER2|GCA_000785145.2|KHD08441.1	55.1	187	78	4	11	191	1	187	1.73e-68	201	193	190
SY366YB-0-4_bin5-k141_98994_3	IdrB_TIER2|GCA_002720555.1|MBJ78184.1	56.0	182	74	3	14	193	9	186	2.16e-68	201	193	186
SY366YB-4-8_bin5-k141_186748_1	IdrB_TIER2|GCA_003486975.1|HAY10015.1	47.4	171	81	3	2	171	14	176	1.52e-48	150	185	184
SY366YB-4-8_bin5-k141_186748_1	IdrB_TIER2|GCA_004331745.1|TCD13831.1	46.4	179	84	4	2	177	26	195	3.39e-47	147	185	195
SY366YB-4-8_bin5-k141_186748_1	IdrB_TIER2|GCA_003538055.1|HCX33660.1	44.6	177	88	3	2	177	16	183	7.38e-47	145	185	186
SY366YB-4-8_bin5-k141_186748_1	IdrB_TIER2|GCA_008080565.1|TXT31846.1	45.0	171	84	2	2	171	20	181	8.30e-47	145	185	190
SY366YB-4-8_bin5-k141_186748_1	AioB_LOCAL|GCA_001771285.1|OGB98045.1	44.1	179	89	3	2	177	8	178	8.75e-47	145	185	180
SY366YB-4-8_bin5-k141_186748_1	AioB_LOCAL|GCA_001828925.1|OHC63617.1	46.2	171	78	3	2	171	16	173	1.76e-46	144	185	180
SY366YB-4-8_bin5-k141_186748_1	IdrB_TIER2|GCA_003864275.1|GCA58264.1	44.5	173	86	2	2	173	22	185	1.00e-45	143	185	192
SY366YB-4-8_bin5-k141_186748_1	IdrB_TIER2|GCA_001771985.1|OGA54489.1	45.9	172	82	5	6	173	16	180	1.16e-45	142	185	185
SY366YB-4-8_bin5-k141_186748_1	IdrB_TIER2|GCA_002842415.1|PKO90735.1	45.7	173	80	3	2	171	22	183	1.42e-45	142	185	192
SY366YB-4-8_bin5-k141_186748_1	IdrB_TIER2|GCA_001797355.1|OGP07367.1	43.4	166	87	2	6	170	19	178	2.19e-45	142	185	183
SY366YB-4-8_bin5-k141_186748_1	IdrB_TIER2|GCA_003628555.1|AYH44093.1	45.0	171	84	2	2	171	26	187	4.51e-45	141	185	196
SY366YB-4-8_bin5-k141_186748_1	IdrB_TIER2|GCA_004216475.1|QBF32516.1	46.0	174	82	4	7	177	31	195	8.78e-45	140	185	195
SY366YB-4-8_bin5-k141_186748_1	IdrB_TIER2|GCA_003208435.1|PYG33377.1	44.8	174	84	4	7	177	31	195	7.04e-44	138	185	195
SY366YB-4-8_bin5-k141_186748_1	IdrB_TIER2|GCA_002725285.1|MBP17852.1	47.1	172	79	7	6	173	30	193	2.05e-43	137	185	196
SY366YB-4-8_bin5-k141_186748_1	IdrB_TIER2|GCA_002897995.1|GBE44173.1	42.9	175	90	3	6	177	29	196	2.05e-43	137	185	196
SY366YB-4-8_bin5-k141_186748_1	IdrB_ANCHOR|IR12|CORE_IR12_IdrB__MBT0960285.1	42.4	177	90	3	2	177	19	184	2.12e-43	137	185	185
SY366YB-4-8_bin5-k141_186748_1	IdrB_TIER2|GCA_002720555.1|MBJ79550.1	40.3	181	99	4	6	177	25	205	2.72e-43	137	185	206
SY366YB-4-8_bin5-k141_186748_1	IdrB_TIER2|GCA_002731985.1|MBV52217.1	40.3	181	99	4	6	177	25	205	2.72e-43	137	185	206
SY366YB-4-8_bin5-k141_186748_1	IdrB_TIER2|GCA_001801995.1|OGT91842.1	44.0	175	87	3	2	174	18	183	3.18e-43	136	185	187
SY366YB-4-8_bin5-k141_186748_1	IdrB_TIER2|GCA_002711755.1|MBC58353.1	44.3	174	85	3	7	177	31	195	5.65e-43	136	185	195
SY366YB-4-8_bin5-k141_186748_1	IdrB_TIER2|GCA_002731375.1|MBV37768.1	44.0	175	87	3	6	177	29	195	1.13e-42	135	185	195
SY366YB-4-8_bin5-k141_186748_1	IdrB_TIER2|GCA_002725995.1|MBQ62122.1	44.2	172	85	5	6	173	35	199	1.38e-42	135	185	202
SY366YB-4-8_bin5-k141_186748_1	AioB_LOCAL|GCA_000756565.1|KGB81536.1	43.7	174	86	3	7	177	20	184	1.65e-42	134	185	184
SY366YB-4-8_bin5-k141_186748_1	IdrB_TIER2|GCA_001788395.1|OGK84092.1	41.0	178	93	5	2	175	10	179	2.27e-42	134	185	183
SY366YB-4-8_bin5-k141_186748_1	IdrB_TIER2|GCA_001404055.1|CTQ52169.1	41.9	179	93	3	2	177	28	198	4.92e-42	134	185	198
SY366YW-0-4_bin2-k141_1353278_1	IdrB_TIER2|GCA_001771985.1|OGA54489.1	47.7	149	74	3	1	145	32	180	7.90e-44	137	157	185
SY366YW-0-4_bin2-k141_1353278_1	IdrB_TIER2|GCA_003538055.1|HCX33660.1	46.5	142	75	1	9	149	42	183	2.31e-43	135	157	186
SY366YW-0-4_bin2-k141_1353278_1	IdrB_TIER2|GCA_004331745.1|TCD13831.1	52.1	140	64	2	13	149	56	195	2.99e-43	135	157	195
SY366YW-0-4_bin2-k141_1353278_1	IdrB_TIER2|GCA_003486975.1|HAY10015.1	50.4	129	63	1	16	143	48	176	4.37e-43	135	157	184
SY366YW-0-4_bin2-k141_1353278_1	IdrB_TIER2|GCA_002897995.1|GBE44173.1	50.4	137	65	2	16	149	60	196	2.47e-42	133	157	196
SY366YW-0-4_bin2-k141_1353278_1	AioB_LOCAL|GCA_001771285.1|OGB98045.1	49.2	132	64	2	21	149	47	178	3.14e-42	132	157	180
SY366YW-0-4_bin2-k141_1353278_1	IdrB_TIER2|GCA_001801995.1|OGT91842.1	49.6	133	65	2	16	146	51	183	3.84e-42	132	157	187
SY366YW-0-4_bin2-k141_1353278_1	AioB_LOCAL|GCA_001828925.1|OHC63617.1	47.7	132	68	1	13	143	42	173	1.26e-41	131	157	180
SY366YW-0-4_bin2-k141_1353278_1	IdrB_TIER2|GCA_002731375.1|MBV37768.1	50.4	137	65	2	16	149	59	195	1.93e-41	131	157	195
SY366YW-0-4_bin2-k141_1353278_1	IdrB_TIER2|GCA_004216475.1|QBF32516.1	48.6	140	69	2	13	149	56	195	2.73e-41	130	157	195
SY366YW-0-4_bin2-k141_1353278_1	IdrB_TIER2|GCA_008080565.1|TXT31846.1	49.6	129	64	1	16	143	53	181	3.36e-41	130	157	190
SY366YW-0-4_bin2-k141_1353278_1	IdrB_TIER2|GCA_001797355.1|OGP07367.1	47.7	128	66	1	16	142	51	178	3.90e-41	130	157	183
SY366YW-0-4_bin2-k141_1353278_1	IdrB_TIER2|GCA_003208435.1|PYG33377.1	48.6	140	69	2	13	149	56	195	1.55e-40	129	157	195
SY366YW-0-4_bin2-k141_1353278_1	IdrB_TIER2|GCA_003628555.1|AYH44093.1	50.0	124	61	1	21	143	64	187	1.59e-40	129	157	196
SY366YW-0-4_bin2-k141_1353278_1	IdrB_ANCHOR|IR12|CORE_IR12_IdrB__MBT0960285.1	44.6	148	81	1	3	149	37	184	1.66e-40	128	157	185
SY366YW-0-4_bin2-k141_1353278_1	IdrB_TIER2|GCA_003487765.1|HAX46042.1	44.7	132	70	2	21	149	44	175	1.82e-40	128	157	176
SY366YW-0-4_bin2-k141_1353278_1	IdrB_TIER2|GCA_002725285.1|MBP17852.1	47.5	139	69	3	11	145	55	193	2.25e-40	128	157	196
SY366YW-0-4_bin2-k141_1353278_1	IdrB_TIER2|GCA_001788395.1|OGK84092.1	46.2	130	67	2	21	147	50	179	3.14e-40	127	157	183
SY366YW-0-4_bin2-k141_1353278_1	AioB_LOCAL|GCA_000522425.1|ETW96771.1	47.7	132	66	2	21	149	54	185	3.51e-40	127	157	187
SY366YW-0-4_bin2-k141_1353278_1	IdrB_TIER2|GCA_002720555.1|MBJ79550.1	44.7	132	70	2	21	149	74	205	4.19e-40	128	157	206
SY366YW-0-4_bin2-k141_1353278_1	IdrB_TIER2|GCA_002731985.1|MBV52217.1	44.7	132	70	2	21	149	74	205	4.19e-40	128	157	206
SY366YW-0-4_bin2-k141_1353278_1	IdrB_TIER2|GCA_002711755.1|MBC58353.1	49.3	140	68	2	13	149	56	195	6.21e-40	127	157	195
SY366YW-0-4_bin2-k141_1353278_1	IdrB_TIER2|GCA_003864275.1|GCA58264.1	48.1	131	67	1	16	145	55	185	8.08e-40	127	157	192
SY366YW-0-4_bin2-k141_1353278_1	IdrB_TIER2|GCA_002842415.1|PKO90735.1	45.9	146	76	2	1	143	38	183	1.62e-39	126	157	192
SY366YW-0-4_bin2-k141_1353278_1	AioB_LOCAL|GCA_000756565.1|KGB81536.1	48.6	140	69	2	13	149	45	184	1.83e-39	125	157	184
SY366YW-0-4_bin34-k141_1276861_16	IdrB_TIER2|GCA_002897995.1|GBE44173.1	74.3	183	46	1	10	192	15	196	2.37e-100	282	192	196
SY366YW-0-4_bin34-k141_1276861_16	IdrB_TIER2|GCA_002731375.1|MBV37768.1	75.6	172	41	1	21	192	25	195	1.20e-95	270	192	195
SY366YW-0-4_bin34-k141_1276861_16	IdrB_TIER2|GCA_003544895.1|AXX96742.1	73.4	173	45	1	20	192	22	193	2.50e-92	261	192	193
SY366YW-0-4_bin34-k141_1276861_16	IdrB_TIER2|GCA_002725625.1|MBO31667.1	73.3	172	42	2	21	192	27	194	2.59e-92	261	192	194
SY366YW-0-4_bin34-k141_1276861_16	IdrB_TIER2|GCA_001404295.1|CTQ63440.1	68.6	185	57	1	8	192	15	198	4.21e-92	261	192	198
SY366YW-0-4_bin34-k141_1276861_16	IdrB_TIER2|GCA_001404055.1|CTQ52169.1	71.5	172	48	1	21	192	28	198	5.98e-92	261	192	198
SY366YW-0-4_bin34-k141_1276861_16	IdrB_TIER2|GCA_004331745.1|TCD13831.1	66.8	187	58	3	8	192	11	195	3.44e-88	251	192	195
SY366YW-0-4_bin34-k141_1276861_16	IdrB_TIER2|GCA_001623255.1|KZL05130.1	66.7	180	58	2	14	192	20	198	5.40e-88	251	192	198
SY366YW-0-4_bin34-k141_1276861_16	IdrB_TIER2|GCA_004216475.1|QBF32516.1	62.9	197	66	2	1	192	1	195	1.40e-87	249	192	195
SY366YW-0-4_bin34-k141_1276861_16	IdrB_TIER2|GCA_002711755.1|MBC58353.1	69.2	172	51	1	21	192	26	195	2.81e-87	249	192	195
SY366YW-0-4_bin34-k141_1276861_16	AioB_LOCAL|GCA_000756565.1|KGB81536.1	68.6	172	52	1	21	192	15	184	7.89e-87	247	192	184
SY366YW-0-4_bin34-k141_1276861_16	IdrB_TIER2|GCA_002732845.1|PHS79679.1	65.0	180	62	1	13	192	19	197	5.75e-85	243	192	197
SY366YW-0-4_bin34-k141_1276861_16	IdrB_TIER2|GCA_003208435.1|PYG33377.1	64.0	189	62	3	8	192	9	195	6.24e-84	240	192	195
SY366YW-0-4_bin34-k141_1276861_16	IdrB_TIER2|GCA_002687515.1|MAF46992.1	69.8	169	47	2	24	192	1	165	1.32e-83	238	192	165
SY366YW-0-4_bin34-k141_1276861_16	IdrB_TIER2|GCA_009653635.1|MRI32053.1	60.6	175	64	2	23	192	1	175	5.98e-75	218	192	196
SY366YW-0-4_bin34-k141_1276861_16	IdrB_TIER2|GCA_011051715.1|HEB97089.1	61.6	185	61	5	14	191	8	189	3.38e-73	213	192	191
SY366YW-0-4_bin34-k141_1276861_16	IdrB_TIER2|GCA_001715975.1|ODJ89648.1	61.0	177	60	4	21	191	16	189	5.54e-72	210	192	191
SY366YW-0-4_bin34-k141_1276861_16	IdrB_TIER2|GCA_011371325.1|HHB91634.1	57.4	183	72	4	14	192	5	185	3.84e-71	207	192	186
SY366YW-0-4_bin34-k141_1276861_16	IdrB_TIER2|GCA_002718255.1|MBI48304.1	55.4	184	77	2	12	190	8	191	2.02e-70	206	192	194
SY366YW-0-4_bin34-k141_1276861_16	IdrB_TIER2|GCA_000785145.2|KHD08441.1	58.2	184	70	5	14	191	6	188	3.56e-70	205	192	190
SY366YW-0-4_bin34-k141_1276861_16	IdrB_TIER2|GCA_002717425.1|MBI13698.1	58.0	181	71	3	14	192	9	186	4.44e-70	205	192	186
SY366YW-0-4_bin34-k141_1276861_16	IdrB_TIER2|GCA_001939735.1|OLQ75251.1	55.7	183	75	3	14	190	12	194	1.14e-68	202	192	200
SY366YW-0-4_bin34-k141_1276861_16	IdrB_TIER2|GCA_000967665.1|KJZ16189.1	53.4	193	84	3	4	190	12	204	1.57e-68	202	192	210
SY366YW-0-4_bin34-k141_1276861_16	IdrB_TIER2|GCA_002720555.1|MBJ78184.1	54.8	186	79	3	9	192	4	186	2.95e-68	200	192	186
SY366YW-0-4_bin34-k141_1276861_16	IdrB_TIER2|GCA_002876485.1|PMO75998.1	55.6	187	78	3	9	190	2	188	3.81e-68	200	192	194
SY366YW-0-4_bin34-k141_1276861_17	IdrP_like_TIER2|GCA_003544895.1|AXX96741.1	71.6	380	100	2	1	372	1	380	1.45e-205	563	378	383
SY366YW-0-4_bin34-k141_1276861_17	IdrP_like_TIER2|GCA_002897995.1|GBE44174.1	66.9	375	115	2	7	376	14	384	2.24e-189	523	378	387
SY366YW-0-4_bin34-k141_1276861_17	IdrP_like_TIER2|GCA_002732845.1|PHS79678.1	65.0	391	123	2	1	377	2	392	2.27e-188	520	378	393
SY366YW-0-4_bin34-k141_1276861_17	IdrP_like_TIER2|GCA_011371325.1|HHB91635.1	69.1	346	102	1	32	372	38	383	3.88e-187	517	378	394
SY366YW-0-4_bin34-k141_1276861_17	IdrP_like_TIER2|GCA_002711755.1|MBC58354.1	67.4	362	114	1	16	373	9	370	1.09e-186	515	378	374
SY366YW-0-4_bin34-k141_1276861_17	IdrP_like_TIER2|GCA_002687515.1|MAF46991.1	67.7	341	110	0	32	372	35	375	6.40e-184	508	378	376
SY366YW-0-4_bin34-k141_1276861_17	IdrP_like_TIER2|GCA_002725625.1|MBO31668.1	66.4	354	118	1	20	372	16	369	2.10e-183	507	378	370
SY366YW-0-4_bin34-k141_1276861_17	IdrP_like_TIER2|GCA_002731375.1|MBV37769.1	63.2	378	132	2	1	373	1	376	3.00e-183	507	378	380
SY366YW-0-4_bin34-k141_1276861_17	IdrP_like_TIER2|GCA_000785145.2|KHD08440.1	67.6	346	107	1	32	372	23	368	4.76e-182	504	378	379
SY366YW-0-4_bin34-k141_1276861_17	IdrP_like_TIER2|GCA_002717425.1|MBI13699.1	68.0	338	108	0	35	372	39	376	1.93e-181	502	378	379
SY366YW-0-4_bin34-k141_1276861_17	IdrP_like_TIER2|GCA_003864255.1|RRJ85033.1	65.5	368	121	2	10	371	11	378	1.02e-179	498	378	392
SY366YW-0-4_bin34-k141_1276861_17	IdrP_like_TIER2|GCA_004331745.1|TCD13830.1	67.5	342	111	0	32	373	31	372	1.16e-179	498	378	376
SY366YW-0-4_bin34-k141_1276861_17	IdrP_like_TIER2|GCA_001404295.1|CTQ63441.1	64.2	374	128	2	2	373	7	376	1.33e-179	498	378	380
SY366YW-0-4_bin34-k141_1276861_17	IdrP_like_TIER2|GCA_002687455.1|MAF55548.1	67.2	338	111	0	35	372	37	374	3.43e-179	496	378	377
SY366YW-0-4_bin34-k141_1276861_17	IdrP_like_TIER2|GCA_003208435.1|PYG33376.1	66.2	346	117	0	32	377	28	373	3.02e-177	491	378	375
SY366YW-0-4_bin34-k141_1276861_17	IdrP_like_TIER2|GCA_001404055.1|CTQ52170.1	66.1	354	118	1	22	373	23	376	7.27e-177	491	378	380
SY366YW-0-4_bin34-k141_1276861_17	IdrP_like_TIER2|GCA_003660225.1|RLJ20877.1	64.0	356	123	1	22	372	44	399	1.30e-175	489	378	412
SY366YW-0-4_bin34-k141_1276861_17	IdrP_like_TIER2|GCA_003660235.1|RLJ20929.1	64.0	356	123	1	22	372	44	399	1.30e-175	489	378	412
SY366YW-0-4_bin34-k141_1276861_17	IdrP_like_TIER2|GCA_004216475.1|QBF32517.1	65.2	342	119	0	32	373	30	371	1.56e-172	479	378	375
SY366YW-0-4_bin34-k141_1276861_17	IdrP_like_TIER2|GCA_001715975.1|ODJ89649.1	63.0	354	123	2	27	372	48	401	2.49e-171	478	378	414
SY366YW-0-4_bin34-k141_1276861_17	IdrP_like_TIER2|GCA_001623255.1|KZL05131.1	60.3	378	147	1	1	375	2	379	4.24e-169	471	378	381
SY366YW-0-4_bin34-k141_1276861_17	IdrP_like_TIER2|GCA_001443665.1|KRT55330.1	64.2	349	117	2	32	372	51	399	4.14e-167	467	378	412
SY366YW-0-4_bin34-k141_1276861_17	IdrP_like_TIER2|GCA_011051715.1|HEB97088.1	62.4	356	129	1	22	372	44	399	8.34e-167	466	378	412
SY366YW-0-4_bin34-k141_1276861_17	IdrP_like_TIER2|GCA_003934975.1|RRS37421.1	63.8	337	117	1	41	372	63	399	1.18e-166	466	378	412
SY366YW-0-4_bin34-k141_1276861_17	IdrP_like_TIER2|GCA_000224455.2|EGV52497.1	63.9	349	118	2	32	372	51	399	2.38e-166	465	378	412
SY366YW-0-4_bin34-k141_1276861_18	IdrP_like_TIER2|GCA_003544895.1|AXX96740.1	70.9	351	100	1	28	376	22	372	4.67e-187	516	376	372
SY366YW-0-4_bin34-k141_1276861_18	IdrP_like_TIER2|GCA_002731375.1|MBV37770.1	70.2	342	102	0	35	376	21	362	3.59e-184	508	376	362
SY366YW-0-4_bin34-k141_1276861_18	IdrP_like_TIER2|GCA_002687515.1|MAF46990.1	67.2	354	116	0	23	376	7	360	7.80e-183	505	376	360
SY366YW-0-4_bin34-k141_1276861_18	IdrP_like_TIER2|GCA_002725625.1|MBO31669.1	68.8	346	108	0	31	376	29	374	2.60e-182	504	376	374
SY366YW-0-4_bin34-k141_1276861_18	IdrP_like_TIER2|GCA_002897995.1|GBE44175.1	68.9	344	107	0	33	376	47	390	3.24e-182	504	376	390
SY366YW-0-4_bin34-k141_1276861_18	IdrP_like_TIER2|GCA_002732845.1|PHS79677.1	62.5	376	140	1	1	376	1	375	1.70e-178	494	376	375
SY366YW-0-4_bin34-k141_1276861_18	IdrP_like_TIER2|GCA_009653635.1|MRI32051.1	67.8	345	109	2	32	376	21	363	3.12e-171	476	376	363
SY366YW-0-4_bin34-k141_1276861_18	IdrP_like_TIER2|GCA_002836355.1|PKH06718.1	64.1	343	122	1	34	376	22	363	1.96e-167	466	376	363
SY366YW-0-4_bin34-k141_1276861_18	IdrP_like_TIER2|GCA_002733565.1|PHR90156.1	62.6	364	125	2	23	376	1	363	7.96e-167	464	376	363
SY366YW-0-4_bin34-k141_1276861_18	IdrP_like_TIER2|GCA_000272145.2|OEE78075.1	60.2	359	142	1	18	376	5	362	2.94e-164	458	376	362
SY366YW-0-4_bin34-k141_1276861_18	IdrP_like_TIER2|GCA_001939735.1|OLQ75249.1	63.4	339	123	1	38	376	26	363	2.49e-163	456	376	363
SY366YW-0-4_bin34-k141_1276861_18	IdrP_like_TIER2|GCA_003610775.1|RKF21467.1	62.1	340	128	1	37	376	25	363	9.51e-161	449	376	363
SY366YW-0-4_bin34-k141_1276861_18	IdrP_like_TIER2|GCA_000967665.1|KJZ16045.1	62.6	340	126	1	37	376	27	365	1.45e-160	449	376	365
SY366YW-0-4_bin34-k141_1276861_18	IdrP_like_TIER2|GCA_000785145.2|KHD08439.1	60.6	345	134	1	32	376	25	367	6.29e-160	447	376	367
SY366YW-0-4_bin34-k141_1276861_18	IdrP_like_TIER2|GCA_011371325.1|HHB91636.1	57.5	360	152	1	18	376	8	367	2.08e-158	443	376	367
SY366YW-0-4_bin34-k141_1276861_18	IdrP_like_TIER2|GCA_001404295.1|CTQ63442.1	59.6	359	141	4	18	376	3	357	1.19e-157	441	376	357
SY366YW-0-4_bin34-k141_1276861_18	IdrP_like_TIER2|GCA_001404055.1|CTQ52171.1	59.4	357	140	4	22	376	4	357	1.96e-156	438	376	357
SY366YW-0-4_bin34-k141_1276861_18	IdrP_like_TIER2|GCA_005146635.1|TKG63042.1	60.1	346	137	1	31	376	13	357	2.77e-156	437	376	357
SY366YW-0-4_bin34-k141_1276861_18	IdrP_like_TIER2|GCA_002875145.1|PMP13657.1	60.1	346	137	1	31	376	15	359	2.97e-156	437	376	359
SY366YW-0-4_bin34-k141_1276861_18	IdrP_like_TIER2|GCA_002876245.1|PML52513.1	59.8	346	138	1	31	376	15	359	1.20e-155	436	376	359
SY366YW-0-4_bin34-k141_1276861_18	IdrP_like_TIER2|GCA_002876485.1|PMO76000.1	59.8	346	138	1	31	376	13	357	2.26e-155	435	376	357
SY366YW-0-4_bin34-k141_1276861_18	IdrP_like_TIER2|GCA_002876335.1|PML16679.1	59.8	346	138	1	31	376	15	359	4.88e-155	434	376	359
SY366YW-0-4_bin34-k141_1276861_18	IdrP_like_TIER2|GCA_003660225.1|RLJ20878.1	61.1	337	129	1	40	376	34	368	6.68e-155	434	376	368
SY366YW-0-4_bin34-k141_1276861_18	IdrP_like_TIER2|GCA_011051715.1|HEB97087.1	60.3	340	133	1	37	376	31	368	6.68e-155	434	376	368
SY366YW-0-4_bin34-k141_1276861_18	IdrP_like_TIER2|GCA_003864255.1|RRJ85034.1	62.0	332	126	0	45	376	24	355	1.21e-154	433	376	355
SY366YW-0-4_bin9-k141_1360848_4	IdrB_TIER2|GCA_002731375.1|MBV37768.1	71.8	177	48	1	10	184	19	195	2.28e-91	259	184	195
SY366YW-0-4_bin9-k141_1360848_4	IdrB_TIER2|GCA_002897995.1|GBE44173.1	71.3	178	48	1	10	184	19	196	4.75e-91	258	184	196
SY366YW-0-4_bin9-k141_1360848_4	IdrB_TIER2|GCA_002725625.1|MBO31667.1	71.6	169	47	1	16	184	27	194	2.56e-90	256	184	194
SY366YW-0-4_bin9-k141_1360848_4	IdrB_TIER2|GCA_001404055.1|CTQ52169.1	68.8	173	52	1	14	184	26	198	2.78e-88	251	184	198
SY366YW-0-4_bin9-k141_1360848_4	IdrB_TIER2|GCA_001404295.1|CTQ63440.1	69.9	173	50	1	14	184	26	198	3.95e-88	251	184	198
SY366YW-0-4_bin9-k141_1360848_4	IdrB_TIER2|GCA_003208435.1|PYG33377.1	68.4	171	53	1	15	184	25	195	2.39e-86	246	184	195
SY366YW-0-4_bin9-k141_1360848_4	IdrB_TIER2|GCA_003544895.1|AXX96742.1	68.6	175	51	2	13	184	20	193	3.18e-86	246	184	193
SY366YW-0-4_bin9-k141_1360848_4	IdrB_TIER2|GCA_002711755.1|MBC58353.1	69.0	171	52	1	15	184	25	195	3.94e-85	243	184	195
SY366YW-0-4_bin9-k141_1360848_4	IdrB_TIER2|GCA_004216475.1|QBF32516.1	69.2	172	50	2	15	184	25	195	5.60e-85	243	184	195
SY366YW-0-4_bin9-k141_1360848_4	IdrB_TIER2|GCA_001623255.1|KZL05130.1	66.5	173	56	1	14	184	26	198	6.18e-85	243	184	198
SY366YW-0-4_bin9-k141_1360848_4	AioB_LOCAL|GCA_000756565.1|KGB81536.1	68.4	171	53	1	15	184	14	184	1.11e-84	241	184	184
SY366YW-0-4_bin9-k141_1360848_4	IdrB_TIER2|GCA_004331745.1|TCD13831.1	67.8	171	54	1	15	184	25	195	3.22e-84	241	184	195
SY366YW-0-4_bin9-k141_1360848_4	IdrB_TIER2|GCA_002732845.1|PHS79679.1	65.1	172	58	1	15	184	26	197	3.79e-81	233	184	197
SY366YW-0-4_bin9-k141_1360848_4	IdrB_TIER2|GCA_002687515.1|MAF46992.1	66.3	166	55	1	19	184	1	165	6.17e-80	229	184	165
SY366YW-0-4_bin9-k141_1360848_4	IdrB_TIER2|GCA_011051715.1|HEB97089.1	62.1	174	60	3	16	183	16	189	4.10e-72	210	184	191
SY366YW-0-4_bin9-k141_1360848_4	IdrB_TIER2|GCA_002720555.1|MBJ78184.1	60.6	170	65	1	17	184	17	186	9.39e-70	204	184	186
SY366YW-0-4_bin9-k141_1360848_4	IdrB_TIER2|GCA_001715975.1|ODJ89648.1	59.8	174	64	3	16	183	16	189	1.56e-69	203	184	191
SY366YW-0-4_bin9-k141_1360848_4	IdrB_TIER2|GCA_003660225.1|RLJ20876.1	60.7	173	60	4	16	182	16	186	2.95e-69	202	184	189
SY366YW-0-4_bin9-k141_1360848_4	IdrB_TIER2|GCA_002717425.1|MBI13698.1	61.2	170	64	1	17	184	17	186	5.39e-69	202	184	186
SY366YW-0-4_bin9-k141_1360848_4	IdrB_TIER2|GCA_003934975.1|RRS37420.1	60.7	173	60	4	16	182	16	186	5.94e-69	202	184	189
SY366YW-0-4_bin9-k141_1360848_4	IdrB_TIER2|GCA_002687455.1|MAF55549.1	60.0	170	66	1	17	184	17	186	3.10e-68	200	184	186
SY366YW-0-4_bin9-k141_1360848_4	IdrB_TIER2|GCA_001443665.1|KRT55329.1	58.3	175	65	4	16	184	16	188	9.16e-68	199	184	198
SY366YW-0-4_bin9-k141_1360848_4	IdrB_TIER2|GCA_000224455.2|EGV52498.1	58.6	174	64	4	16	183	16	187	1.38e-67	198	184	189
SY366YW-0-4_bin9-k141_1360848_4	IdrB_TIER2|GCA_011371325.1|HHB91634.1	53.8	173	76	2	16	184	13	185	1.02e-66	196	184	186
SY366YW-0-4_bin9-k141_1360848_4	IdrB_TIER2|GCA_000785145.2|KHD08441.1	57.7	175	67	4	16	183	14	188	1.16e-66	196	184	190
SY366YW-0-4_bin9-k141_1360848_5	IdrP_like_TIER2|GCA_003544895.1|AXX96741.1	73.0	348	94	0	32	379	33	380	2.30e-197	543	386	383
SY366YW-0-4_bin9-k141_1360848_5	IdrP_like_TIER2|GCA_002731375.1|MBV37769.1	70.3	354	105	0	27	380	23	376	2.78e-195	538	386	380
SY366YW-0-4_bin9-k141_1360848_5	IdrP_like_TIER2|GCA_002897995.1|GBE44174.1	69.4	360	110	0	27	386	28	387	3.58e-195	538	386	387
SY366YW-0-4_bin9-k141_1360848_5	IdrP_like_TIER2|GCA_002732845.1|PHS79678.1	70.4	355	105	0	29	383	37	391	5.67e-191	527	386	393
SY366YW-0-4_bin9-k141_1360848_5	IdrP_like_TIER2|GCA_000785145.2|KHD08440.1	67.4	347	113	0	33	379	22	368	2.62e-181	502	386	379
SY366YW-0-4_bin9-k141_1360848_5	IdrP_like_TIER2|GCA_002687515.1|MAF46991.1	66.8	352	112	1	28	379	29	375	3.88e-180	499	386	376
SY366YW-0-4_bin9-k141_1360848_5	IdrP_like_TIER2|GCA_011371325.1|HHB91635.1	63.8	370	134	0	10	379	14	383	6.00e-179	497	386	394
SY366YW-0-4_bin9-k141_1360848_5	IdrP_like_TIER2|GCA_002725625.1|MBO31668.1	63.6	363	123	2	21	379	12	369	1.70e-177	492	386	370
SY366YW-0-4_bin9-k141_1360848_5	IdrP_like_TIER2|GCA_003864255.1|RRJ85033.1	65.8	345	118	0	32	376	32	376	1.16e-173	483	386	392
SY366YW-0-4_bin9-k141_1360848_5	IdrP_like_TIER2|GCA_002687455.1|MAF55548.1	61.2	379	142	1	1	379	1	374	6.47e-172	478	386	377
SY366YW-0-4_bin9-k141_1360848_5	IdrP_like_TIER2|GCA_002717425.1|MBI13699.1	65.9	343	112	1	37	379	39	376	2.81e-171	477	386	379
SY366YW-0-4_bin9-k141_1360848_5	IdrP_like_TIER2|GCA_001404295.1|CTQ63441.1	63.4	355	125	1	26	380	27	376	9.09e-168	468	386	380
SY366YW-0-4_bin9-k141_1360848_5	IdrP_like_TIER2|GCA_003660225.1|RLJ20877.1	63.1	347	128	0	33	379	53	399	2.27e-166	466	386	412
SY366YW-0-4_bin9-k141_1360848_5	IdrP_like_TIER2|GCA_003660235.1|RLJ20929.1	63.1	347	128	0	33	379	53	399	2.27e-166	466	386	412
SY366YW-0-4_bin9-k141_1360848_5	IdrP_like_TIER2|GCA_001404055.1|CTQ52170.1	63.4	355	125	1	26	380	27	376	3.00e-166	464	386	380
SY366YW-0-4_bin9-k141_1360848_5	IdrP_like_TIER2|GCA_002876245.1|PML52507.1	64.2	346	124	0	34	379	32	377	3.98e-166	464	386	388
SY366YW-0-4_bin9-k141_1360848_5	IdrP_like_TIER2|GCA_002876485.1|PMO75999.1	64.2	346	124	0	34	379	32	377	1.14e-165	463	386	388
SY366YW-0-4_bin9-k141_1360848_5	IdrP_like_TIER2|GCA_002876335.1|PML16673.1	64.2	346	124	0	34	379	32	377	2.28e-165	462	386	388
SY366YW-0-4_bin9-k141_1360848_5	IdrP_like_TIER2|GCA_011051715.1|HEB97088.1	62.0	363	138	0	17	379	37	399	2.62e-165	463	386	412
SY366YW-0-4_bin9-k141_1360848_5	IdrP_like_TIER2|GCA_001715975.1|ODJ89649.1	63.3	357	128	1	26	379	45	401	3.99e-165	462	386	414
SY366YW-0-4_bin9-k141_1360848_5	IdrP_like_TIER2|GCA_007786305.1|TVU69348.1	63.6	346	126	0	34	379	32	377	6.52e-165	461	386	388
SY366YW-0-4_bin9-k141_1360848_5	IdrP_like_TIER2|GCA_002875145.1|PMP13580.1	63.9	346	125	0	34	379	32	377	9.25e-165	461	386	388
SY366YW-0-4_bin9-k141_1360848_5	IdrP_like_TIER2|GCA_002718255.1|MBI48303.1	62.1	346	131	0	34	379	29	374	2.24e-162	454	386	385
SY366YW-0-4_bin9-k141_1360848_5	IdrP_like_TIER2|GCA_003610775.1|RKF21468.1	62.4	356	129	2	26	379	39	391	1.33e-160	451	386	402
SY366YW-0-4_bin9-k141_1360848_5	IdrP_like_TIER2|GCA_002711755.1|MBC58354.1	59.4	367	142	2	16	380	9	370	8.24e-160	447	386	374
SY366YW-0-4_bin9-k141_1360848_6	IdrP_like_TIER2|GCA_002732845.1|PHS79677.1	71.6	342	97	0	32	373	34	375	6.93e-189	521	373	375
SY366YW-0-4_bin9-k141_1360848_6	IdrP_like_TIER2|GCA_002725625.1|MBO31669.1	70.9	340	99	0	29	368	30	369	1.04e-185	513	373	374
SY366YW-0-4_bin9-k141_1360848_6	IdrP_like_TIER2|GCA_002897995.1|GBE44175.1	69.9	342	103	0	32	373	49	390	1.43e-182	505	373	390
SY366YW-0-4_bin9-k141_1360848_6	IdrP_like_TIER2|GCA_002731375.1|MBV37770.1	68.9	344	107	0	30	373	19	362	8.22e-180	497	373	362
SY366YW-0-4_bin9-k141_1360848_6	IdrP_like_TIER2|GCA_003544895.1|AXX96740.1	68.0	347	111	0	27	373	26	372	2.60e-176	489	373	372
SY366YW-0-4_bin9-k141_1360848_6	IdrP_like_TIER2|GCA_009653635.1|MRI32051.1	68.9	338	104	1	36	373	27	363	5.39e-176	488	373	363
SY366YW-0-4_bin9-k141_1360848_6	IdrP_like_TIER2|GCA_002687515.1|MAF46990.1	67.0	339	112	0	30	368	17	355	1.61e-174	484	373	360
SY366YW-0-4_bin9-k141_1360848_6	IdrP_like_TIER2|GCA_001939735.1|OLQ75249.1	66.0	341	115	1	33	373	24	363	6.49e-170	472	373	363
SY366YW-0-4_bin9-k141_1360848_6	IdrP_like_TIER2|GCA_002836355.1|PKH06718.1	64.8	344	120	1	30	373	21	363	1.07e-168	469	373	363
SY366YW-0-4_bin9-k141_1360848_6	IdrP_like_TIER2|GCA_002733565.1|PHR90156.1	64.9	339	118	1	35	373	26	363	1.35e-164	459	373	363
SY366YW-0-4_bin9-k141_1360848_6	IdrP_like_TIER2|GCA_002717425.1|MBI13700.1	63.9	346	121	1	32	373	11	356	4.28e-164	457	373	356
SY366YW-0-4_bin9-k141_1360848_6	IdrP_like_TIER2|GCA_000272145.2|OEE78075.1	64.0	339	121	1	35	373	25	362	1.51e-163	456	373	362
SY366YW-0-4_bin9-k141_1360848_6	IdrP_like_TIER2|GCA_003864255.1|RRJ85034.1	60.6	360	137	1	14	373	1	355	3.90e-162	452	373	355
SY366YW-0-4_bin9-k141_1360848_6	IdrP_like_TIER2|GCA_003610775.1|RKF21467.1	62.9	337	124	1	37	373	28	363	1.04e-161	451	373	363
SY366YW-0-4_bin9-k141_1360848_6	IdrP_like_TIER2|GCA_011371325.1|HHB91636.1	59.9	367	139	2	7	373	9	367	4.86e-161	450	373	367
SY366YW-0-4_bin9-k141_1360848_6	IdrP_like_TIER2|GCA_001404295.1|CTQ63442.1	63.4	336	120	2	38	373	25	357	6.88e-161	449	373	357
SY366YW-0-4_bin9-k141_1360848_6	IdrP_like_TIER2|GCA_002876245.1|PML52513.1	62.4	343	128	1	31	373	18	359	1.05e-160	449	373	359
SY366YW-0-4_bin9-k141_1360848_6	IdrP_like_TIER2|GCA_005146635.1|TKG63042.1	62.1	343	129	1	31	373	16	357	1.38e-160	448	373	357
SY366YW-0-4_bin9-k141_1360848_6	IdrP_like_TIER2|GCA_002875145.1|PMP13657.1	62.1	343	129	1	31	373	18	359	1.48e-160	448	373	359
SY366YW-0-4_bin9-k141_1360848_6	IdrP_like_TIER2|GCA_002720555.1|MBJ78182.1	63.2	348	124	1	30	373	22	369	1.49e-160	449	373	369
SY366YW-0-4_bin9-k141_1360848_6	IdrP_like_TIER2|GCA_007786305.1|TVU69347.1	61.5	343	131	1	31	373	26	367	1.97e-160	448	373	367
SY366YW-0-4_bin9-k141_1360848_6	IdrP_like_TIER2|GCA_002687455.1|MAF55547.1	62.6	348	126	1	30	373	22	369	1.21e-159	446	373	369
SY366YW-0-4_bin9-k141_1360848_6	IdrP_like_TIER2|GCA_000967665.1|KJZ16045.1	62.8	339	125	1	35	373	28	365	4.27e-159	445	373	365
SY366YW-0-4_bin9-k141_1360848_6	IdrP_like_TIER2|GCA_002876485.1|PMO76000.1	61.8	343	130	1	31	373	16	357	4.57e-159	444	373	357
SY366YW-0-4_bin9-k141_1360848_6	IdrP_like_TIER2|GCA_000785145.2|KHD08439.1	61.2	353	135	1	21	373	17	367	4.58e-159	445	373	367
SY366YW-4-8_bin7-k141_14765_13	AioB_CANONICAL|Q7SIF3|canonical_AioB_reviewed_Alcaligenes_faecalis	56.5	170	72	2	4	172	7	175	1.38e-68	200	172	175
SY366YW-4-8_bin7-k141_14765_13	AioB_LOCAL|GCA_001898645.1|OJX06498.1	52.4	170	81	0	3	172	5	174	5.92e-65	191	172	174
SY366YW-4-8_bin7-k141_14765_13	AioB_CANONICAL|Q8GGJ7|canonical_AioB_reviewed_Herminiimonas_arsenicoxydans	54.0	174	68	2	5	172	6	173	9.40e-64	187	172	173
SY366YW-4-8_bin7-k141_14765_13	AioB_LOCAL|GCA_003664005.1|RLJ70545.1	41.7	168	86	4	5	172	7	162	2.82e-38	122	172	164
SY366YW-4-8_bin7-k141_14765_13	AioB_LOCAL|GCA_002898275.1|GBD43203.1	40.7	172	96	3	1	172	7	172	4.13e-37	120	172	173
SY366YW-4-8_bin7-k141_14765_13	IdrB_TIER2|GCA_000967665.1|KJZ16189.1	43.3	180	84	6	4	172	33	205	4.45e-36	118	172	210
SY366YW-4-8_bin7-k141_14765_13	IdrB_TIER2|GCA_002720555.1|MBJ78184.1	39.2	176	91	6	4	172	19	185	1.88e-35	116	172	186
SY366YW-4-8_bin7-k141_14765_13	IdrB_TIER2|GCA_002687455.1|MAF55549.1	39.2	176	91	6	4	172	19	185	1.50e-34	114	172	186
SY366YW-4-8_bin7-k141_14765_13	IdrB_TIER2|GCA_009653635.1|MRI32053.1	43.0	179	84	7	4	171	2	173	1.09e-33	112	172	196
SY366YW-4-8_bin7-k141_14765_13	IdrB_TIER2|GCA_001788395.1|OGK84092.1	41.4	174	89	6	4	171	13	179	6.17e-33	109	172	183
SY366YW-4-8_bin7-k141_14765_13	IdrB_TIER2|GCA_002717425.1|MBI13698.1	38.6	176	92	6	4	172	19	185	6.67e-33	109	172	186
SY366YW-4-8_bin7-k141_14765_13	IdrB_TIER2|GCA_001939735.1|OLQ75251.1	40.0	180	90	6	4	172	23	195	9.56e-33	109	172	200
SY366YW-4-8_bin7-k141_14765_13	IdrB_TIER2|GCA_002836355.1|PKH06717.1	41.3	179	87	6	5	172	30	201	4.40e-32	108	172	206
SY366YW-4-8_bin7-k141_14765_13	AioB_LOCAL|GCA_000953735.1|CED59803.1	40.8	179	88	6	5	172	30	201	6.20e-32	107	172	206
SY366YW-4-8_bin7-k141_14765_13	IdrB_TIER2|GCA_002719955.1|MBJ20126.1	37.8	172	96	5	3	171	20	183	1.00e-31	106	172	184
SY366YW-4-8_bin7-k141_14765_13	IdrB_TIER2|GCA_011371325.1|HHB91634.1	39.3	178	90	6	4	172	16	184	1.49e-31	106	172	186
SY366YW-4-8_bin7-k141_14765_13	IdrB_TIER2|GCA_003610775.1|RKF21469.1	41.2	182	85	7	4	172	20	192	2.77e-31	105	172	197
SY366YW-4-8_bin7-k141_14765_13	IdrB_TIER2|GCA_000272145.2|OEE78074.1	38.5	182	90	6	4	172	26	198	9.00e-31	104	172	203
SY366YW-4-8_bin7-k141_14765_13	IdrB_TIER2|GCA_002733565.1|PHR90154.1	41.9	179	86	6	5	172	30	201	9.68e-31	104	172	206
SY366YW-4-8_bin7-k141_14765_13	IdrB_TIER2|GCA_002876485.1|PMO75998.1	38.4	177	96	6	4	172	18	189	1.02e-30	104	172	194
SY366YW-4-8_bin7-k141_14765_13	IdrB_TIER2|GCA_002897995.1|GBE44173.1	37.6	173	97	4	4	171	28	194	1.07e-30	104	172	196
SY366YW-4-8_bin7-k141_14765_13	AioB_LOCAL|GCA_000522425.1|ETW96771.1	41.4	133	71	4	45	172	54	184	1.20e-30	103	172	187
SY366YW-4-8_bin7-k141_14765_13	IdrB_TIER2|GCA_004331745.1|TCD13831.1	37.0	173	96	5	4	171	29	193	5.81e-30	102	172	195
SY366YW-4-8_bin7-k141_14765_13	IdrB_TIER2|GCA_001715975.1|ODJ89648.1	38.2	178	94	7	4	172	19	189	7.42e-30	102	172	191
SY366YW-4-8_bin7-k141_14765_13	IdrB_TIER2|GCA_002725625.1|MBO31667.1	39.7	131	72	3	45	170	63	191	7.99e-30	102	172	194
SY366YW-8-12_bin2-k141_497241_23	IdrB_TIER2|GCA_003544895.1|AXX96742.1	82.9	193	33	0	1	193	1	193	1.73e-120	333	193	193
SY366YW-8-12_bin2-k141_497241_23	IdrB_TIER2|GCA_002897995.1|GBE44173.1	70.9	172	49	1	23	193	25	196	1.36e-90	257	193	196
SY366YW-8-12_bin2-k141_497241_23	IdrB_TIER2|GCA_002725625.1|MBO31667.1	69.5	174	49	2	21	193	24	194	1.48e-89	254	193	194
SY366YW-8-12_bin2-k141_497241_23	IdrB_TIER2|GCA_002731375.1|MBV37768.1	70.3	172	49	2	23	193	25	195	8.80e-89	253	193	195
SY366YW-8-12_bin2-k141_497241_23	IdrB_TIER2|GCA_001404055.1|CTQ52169.1	64.6	181	61	3	14	193	20	198	2.64e-86	246	193	198
SY366YW-8-12_bin2-k141_497241_23	IdrB_TIER2|GCA_001404295.1|CTQ63440.1	64.6	181	61	3	14	193	20	198	4.35e-85	243	193	198
SY366YW-8-12_bin2-k141_497241_23	IdrB_TIER2|GCA_002687515.1|MAF46992.1	67.3	168	52	1	26	193	1	165	1.67e-84	241	193	165
SY366YW-8-12_bin2-k141_497241_23	IdrB_TIER2|GCA_003208435.1|PYG33377.1	63.1	179	65	1	15	193	18	195	9.20e-84	240	193	195
SY366YW-8-12_bin2-k141_497241_23	AioB_LOCAL|GCA_000756565.1|KGB81536.1	64.2	179	63	1	15	193	7	184	1.28e-83	239	193	184
SY366YW-8-12_bin2-k141_497241_23	IdrB_TIER2|GCA_004216475.1|QBF32516.1	64.6	178	61	2	17	193	19	195	1.31e-83	239	193	195
SY366YW-8-12_bin2-k141_497241_23	IdrB_TIER2|GCA_004331745.1|TCD13831.1	63.5	178	63	2	17	193	19	195	1.31e-83	239	193	195
SY366YW-8-12_bin2-k141_497241_23	IdrB_TIER2|GCA_002711755.1|MBC58353.1	63.7	179	64	1	15	193	18	195	5.30e-83	238	193	195
SY366YW-8-12_bin2-k141_497241_23	IdrB_TIER2|GCA_001623255.1|KZL05130.1	61.1	180	67	3	15	193	21	198	1.18e-82	237	193	198
SY366YW-8-12_bin2-k141_497241_23	IdrB_TIER2|GCA_002732845.1|PHS79679.1	61.6	172	64	2	23	193	27	197	3.38e-77	223	193	197
SY366YW-8-12_bin2-k141_497241_23	IdrB_TIER2|GCA_002718255.1|MBI48304.1	57.1	175	69	2	23	191	17	191	1.10e-72	212	193	194
SY366YW-8-12_bin2-k141_497241_23	IdrB_TIER2|GCA_009653635.1|MRI32053.1	57.1	175	69	2	25	193	1	175	2.37e-72	211	193	196
SY366YW-8-12_bin2-k141_497241_23	IdrB_TIER2|GCA_011371325.1|HHB91634.1	56.6	175	70	3	23	193	13	185	3.99e-71	207	193	186
SY366YW-8-12_bin2-k141_497241_23	IdrB_TIER2|GCA_000785145.2|KHD08441.1	56.9	188	75	4	11	192	1	188	1.30e-70	206	193	190
SY366YW-8-12_bin2-k141_497241_23	IdrB_TIER2|GCA_011051715.1|HEB97089.1	58.8	177	63	4	23	192	16	189	1.34e-70	206	193	191
SY366YW-8-12_bin2-k141_497241_23	IdrB_TIER2|GCA_001715975.1|ODJ89648.1	59.3	177	62	4	23	192	16	189	2.19e-69	203	193	191
SY366YW-8-12_bin2-k141_497241_23	IdrB_TIER2|GCA_002720555.1|MBJ78184.1	58.1	172	68	2	24	193	17	186	1.07e-68	201	193	186
SY366YW-8-12_bin2-k141_497241_23	IdrB_TIER2|GCA_000283275.1|AFP30181.1	54.3	175	73	2	25	192	1	175	6.53e-68	199	193	177
SY366YW-8-12_bin2-k141_497241_23	IdrB_TIER2|GCA_002687455.1|MAF55549.1	57.6	172	69	2	24	193	17	186	8.73e-68	199	193	186
SY366YW-8-12_bin2-k141_497241_23	IdrB_TIER2|GCA_000272145.2|OEE78074.1	52.6	192	84	3	6	191	7	197	1.06e-67	199	193	203
SY366YW-8-12_bin2-k141_497241_23	IdrB_TIER2|GCA_000967665.1|KJZ16189.1	56.6	175	70	2	23	191	30	204	3.78e-67	198	193	210
SY366YW-8-12_bin2-k141_497241_24	IdrP_like_TIER2|GCA_003544895.1|AXX96741.1	86.4	383	52	0	1	383	1	383	2.96e-257	694	383	383
SY366YW-8-12_bin2-k141_497241_24	IdrP_like_TIER2|GCA_002732845.1|PHS79678.1	65.8	383	122	2	6	380	6	387	1.59e-187	518	383	393
SY366YW-8-12_bin2-k141_497241_24	IdrP_like_TIER2|GCA_002897995.1|GBE44174.1	67.2	354	115	1	30	382	29	382	9.91e-185	511	383	387
SY366YW-8-12_bin2-k141_497241_24	IdrP_like_TIER2|GCA_011371325.1|HHB91635.1	63.2	380	133	1	8	380	4	383	8.49e-183	506	383	394
SY366YW-8-12_bin2-k141_497241_24	IdrP_like_TIER2|GCA_002731375.1|MBV37769.1	65.5	354	121	1	30	382	24	377	3.99e-180	499	383	380
SY366YW-8-12_bin2-k141_497241_24	IdrP_like_TIER2|GCA_000785145.2|KHD08440.1	66.0	347	118	0	34	380	22	368	8.98e-179	496	383	379
SY366YW-8-12_bin2-k141_497241_24	IdrP_like_TIER2|GCA_003864255.1|RRJ85033.1	64.9	348	122	0	30	377	29	376	1.27e-174	486	383	392
SY366YW-8-12_bin2-k141_497241_24	IdrP_like_TIER2|GCA_002687515.1|MAF46991.1	64.6	347	118	1	34	380	34	375	2.39e-173	482	383	376
SY366YW-8-12_bin2-k141_497241_24	IdrP_like_TIER2|GCA_001404295.1|CTQ63441.1	61.5	384	136	4	2	382	3	377	5.54e-173	481	383	380
SY366YW-8-12_bin2-k141_497241_24	IdrP_like_TIER2|GCA_001404055.1|CTQ52170.1	61.2	384	137	4	2	382	3	377	2.12e-170	474	383	380
SY366YW-8-12_bin2-k141_497241_24	IdrP_like_TIER2|GCA_002725625.1|MBO31668.1	62.9	348	124	1	33	380	27	369	3.00e-170	474	383	370
SY366YW-8-12_bin2-k141_497241_24	IdrP_like_TIER2|GCA_001715975.1|ODJ89649.1	64.7	351	121	1	33	380	51	401	1.41e-169	474	383	414
SY366YW-8-12_bin2-k141_497241_24	IdrP_like_TIER2|GCA_003660225.1|RLJ20877.1	60.9	384	140	2	7	380	16	399	1.07e-168	471	383	412
SY366YW-8-12_bin2-k141_497241_24	IdrP_like_TIER2|GCA_003660235.1|RLJ20929.1	60.7	384	141	2	7	380	16	399	4.33e-168	470	383	412
SY366YW-8-12_bin2-k141_497241_24	IdrP_like_TIER2|GCA_002687455.1|MAF55548.1	62.4	348	126	1	34	381	33	375	3.42e-166	464	383	377
SY366YW-8-12_bin2-k141_497241_24	IdrP_like_TIER2|GCA_011051715.1|HEB97088.1	62.6	348	130	0	33	380	52	399	1.65e-165	463	383	412
SY366YW-8-12_bin2-k141_497241_24	IdrP_like_TIER2|GCA_002717425.1|MBI13699.1	61.4	347	129	1	35	381	36	377	6.97e-164	458	383	379
SY366YW-8-12_bin2-k141_497241_24	IdrP_like_TIER2|GCA_009653635.1|MRI32052.1	61.8	351	134	0	33	383	62	412	2.43e-163	458	383	425
SY366YW-8-12_bin2-k141_497241_24	IdrP_like_TIER2|GCA_001443665.1|KRT55330.1	63.1	350	126	1	34	380	50	399	3.61e-162	455	383	412
SY366YW-8-12_bin2-k141_497241_24	IdrP_like_TIER2|GCA_003610775.1|RKF21468.1	62.3	353	128	2	33	383	45	394	5.13e-162	454	383	402
SY366YW-8-12_bin2-k141_497241_24	IdrP_like_TIER2|GCA_000224455.2|EGV52497.1	62.9	350	127	1	34	380	50	399	2.07e-161	453	383	412
SY366YW-8-12_bin2-k141_497241_24	IdrP_like_TIER2|GCA_003934975.1|RRS37421.1	58.7	385	147	3	7	380	16	399	4.16e-161	452	383	412
SY366YW-8-12_bin2-k141_497241_24	IdrP_like_TIER2|GCA_002718255.1|MBI48303.1	61.3	349	135	0	35	383	29	377	6.60e-161	451	383	385
SY366YW-8-12_bin2-k141_497241_24	IdrP_like_TIER2|GCA_000283275.1|AFP30182.1	61.6	352	135	0	32	383	90	441	7.36e-161	453	383	449
SY366YW-8-12_bin2-k141_497241_24	IdrP_like_TIER2|GCA_001939735.1|OLQ75250.1	61.2	356	138	0	28	383	46	401	1.75e-159	448	383	409
SY366YW-8-12_bin2-k141_497241_25	IdrP_like_TIER2|GCA_003544895.1|AXX96740.1	79.6	373	74	2	1	372	1	372	6.46e-228	619	372	372
SY366YW-8-12_bin2-k141_497241_25	IdrP_like_TIER2|GCA_002897995.1|GBE44175.1	67.1	362	113	1	11	372	35	390	1.19e-183	508	372	390
SY366YW-8-12_bin2-k141_497241_25	IdrP_like_TIER2|GCA_002731375.1|MBV37770.1	66.5	361	120	1	12	372	3	362	1.68e-181	501	372	362
SY366YW-8-12_bin2-k141_497241_25	IdrP_like_TIER2|GCA_002725625.1|MBO31669.1	65.8	365	125	0	8	372	10	374	2.58e-181	501	372	374
SY366YW-8-12_bin2-k141_497241_25	IdrP_like_TIER2|GCA_002687515.1|MAF46990.1	66.7	351	116	1	23	372	10	360	3.47e-178	493	372	360
SY366YW-8-12_bin2-k141_497241_25	IdrP_like_TIER2|GCA_002732845.1|PHS79677.1	64.2	358	120	1	23	372	18	375	6.50e-175	485	372	375
SY366YW-8-12_bin2-k141_497241_25	IdrP_like_TIER2|GCA_002733565.1|PHR90156.1	66.3	332	111	1	41	372	33	363	1.12e-165	461	372	363
SY366YW-8-12_bin2-k141_497241_25	IdrP_like_TIER2|GCA_002717425.1|MBI13700.1	65.6	334	111	1	43	372	23	356	1.77e-165	461	372	356
SY366YW-8-12_bin2-k141_497241_25	IdrP_like_TIER2|GCA_002836355.1|PKH06718.1	65.7	332	113	1	41	372	33	363	6.47e-165	459	372	363
SY366YW-8-12_bin2-k141_497241_25	IdrP_like_TIER2|GCA_000785145.2|KHD08439.1	63.7	339	121	1	34	372	31	367	3.02e-164	458	372	367
SY366YW-8-12_bin2-k141_497241_25	IdrP_like_TIER2|GCA_002687455.1|MAF55547.1	64.6	336	115	1	41	372	34	369	1.31e-163	456	372	369
SY366YW-8-12_bin2-k141_497241_25	IdrP_like_TIER2|GCA_009653635.1|MRI32051.1	64.7	331	116	1	42	372	34	363	1.23e-162	454	372	363
SY366YW-8-12_bin2-k141_497241_25	IdrP_like_TIER2|GCA_002720555.1|MBJ78182.1	64.3	336	116	1	41	372	34	369	1.52e-162	454	372	369
SY366YW-8-12_bin2-k141_497241_25	IdrP_like_TIER2|GCA_003864255.1|RRJ85034.1	63.0	341	123	1	32	372	18	355	2.65e-162	452	372	355
SY366YW-8-12_bin2-k141_497241_25	IdrP_like_TIER2|GCA_001939735.1|OLQ75249.1	61.7	358	133	2	18	372	7	363	2.86e-161	450	372	363
SY366YW-8-12_bin2-k141_497241_25	IdrP_like_TIER2|GCA_003934975.1|RRS37422.1	59.1	369	144	2	9	372	2	368	9.75e-161	449	372	368
SY366YW-8-12_bin2-k141_497241_25	IdrP_like_TIER2|GCA_000272145.2|OEE78075.1	62.7	338	125	1	35	372	26	362	2.61e-159	445	372	362
SY366YW-8-12_bin2-k141_497241_25	IdrP_like_TIER2|GCA_000967665.1|KJZ16045.1	62.1	338	127	1	35	372	29	365	4.11e-159	445	372	365
SY366YW-8-12_bin2-k141_497241_25	IdrP_like_TIER2|GCA_003660235.1|RLJ20930.1	58.5	369	146	2	9	372	2	368	2.62e-158	443	372	368
SY366YW-8-12_bin2-k141_497241_25	IdrP_like_TIER2|GCA_003660225.1|RLJ20878.1	58.5	369	146	2	9	372	2	368	3.72e-158	442	372	368
SY366YW-8-12_bin2-k141_497241_25	IdrP_like_TIER2|GCA_011051715.1|HEB97087.1	58.3	369	147	2	9	372	2	368	5.28e-158	442	372	368
SY366YW-8-12_bin2-k141_497241_25	IdrP_like_TIER2|GCA_001715975.1|ODJ89650.1	59.1	369	144	2	9	372	2	368	1.51e-157	441	372	368
SY366YW-8-12_bin2-k141_497241_25	IdrP_like_TIER2|GCA_011371325.1|HHB91636.1	57.5	360	149	1	13	372	12	367	2.93e-157	440	372	367
SY366YW-8-12_bin2-k141_497241_25	IdrP_like_TIER2|GCA_001404295.1|CTQ63442.1	59.8	338	133	2	35	372	23	357	5.56e-155	434	372	357
SY366YW-8-12_bin2-k141_497241_25	IdrP_like_TIER2|GCA_002711755.1|MBC58355.1	58.4	356	145	2	17	372	5	357	5.56e-155	434	372	357
SY368YW-4-8_bin24-k141_617455_6	IdrP_like_TIER2|GCA_004126395.1|RXV59294.1	68.5	356	104	1	16	363	19	374	3.49e-179	496	363	374
SY368YW-4-8_bin24-k141_617455_6	IdrP_like_TIER2|GCA_003688285.1|RMA42285.1	66.8	361	108	3	15	363	20	380	2.35e-176	489	363	380
SY368YW-4-8_bin24-k141_617455_6	IdrP_like_TIER2|GCA_002238045.1|OXT01451.1	59.2	336	130	1	28	356	31	366	2.79e-147	415	363	374
SY368YW-4-8_bin24-k141_617455_6	IdrP_like_TIER2|GCA_003668555.1|RLQ89035.1	58.9	350	136	2	15	356	17	366	2.79e-147	415	363	374
SY368YW-4-8_bin24-k141_617455_6	IdrP2_ANCHOR|IR12|CORE_IR12_IdrP2__MBT0960287.1	51.6	364	173	1	3	363	4	367	3.00e-130	371	363	367
SY368YW-4-8_bin24-k141_617455_6	IdrP_like_TIER2|GCA_002842415.1|PKO90737.1	53.9	356	156	4	15	363	18	372	5.39e-127	363	363	372
SY368YW-4-8_bin24-k141_617455_6	IdrP_like_TIER2|GCA_009839615.1|MYA97756.1	54.0	335	147	1	36	363	34	368	2.19e-125	359	363	368
SY368YW-4-8_bin24-k141_617455_6	IdrP_like_TIER2|GCA_008080565.1|TXT31849.1	51.6	353	165	3	16	363	21	372	2.50e-125	359	363	372
SY368YW-4-8_bin24-k141_617455_6	IdrP_like_TIER2|GCA_003628555.1|AYH44095.1	52.8	352	162	2	15	363	43	393	3.53e-125	359	363	393
SY368YW-4-8_bin24-k141_617455_6	IdrP_like_TIER2|GCA_003864275.1|GCA58262.1	51.4	352	168	1	15	363	17	368	4.39e-125	358	363	368
SY368YW-4-8_bin24-k141_617455_6	IdrP_like_TIER2|GCA_003486975.1|HAY10013.1	54.3	322	143	2	37	354	41	362	2.47e-120	346	363	372
SY368YW-4-8_bin24-k141_617455_6	IdrP_like_TIER2|GCA_003538055.1|HCX33658.1	50.5	331	160	2	36	363	29	358	1.53e-115	333	363	358
SY368YW-4-8_bin24-k141_617455_6	IdrP_like_TIER2|GCA_001801995.1|OGT91986.1	48.4	337	166	3	34	363	1	336	2.98e-115	332	363	336
SY368YW-4-8_bin24-k141_617455_6	IdrP_like_TIER2|GCA_001788395.1|OGK84094.1	47.9	355	175	2	16	363	13	364	1.59e-111	323	363	364
SY368YW-4-8_bin24-k141_617455_6	IdrP_like_TIER2|GCA_001784175.1|OGH62374.1	48.4	341	169	3	29	363	31	370	2.52e-109	318	363	370
SY368YW-4-8_bin24-k141_617455_6	IdrP_like_TIER2|GCA_002725285.1|MBP18157.1	46.0	359	179	5	18	362	41	398	4.39e-104	306	363	400
SY368YW-4-8_bin24-k141_617455_6	IdrP_like_TIER2|GCA_011049715.1|HEA69244.1	48.0	323	159	2	36	355	53	369	1.07e-102	301	363	380
SY368YW-4-8_bin24-k141_617455_6	IdrP_like_TIER2|GCA_002701545.1|MAR12494.1	45.7	328	170	2	43	363	56	382	6.46e-102	300	363	382
SY368YW-4-8_bin24-k141_617455_6	IdrP_like_TIER2|GCA_002688255.1|MAG32050.1	47.5	337	161	4	15	343	9	337	6.71e-100	294	363	364
SY368YW-4-8_bin24-k141_617455_6	IdrP_like_TIER2|GCA_002687015.1|MAE95789.1	46.6	341	171	4	13	343	28	367	1.94e-98	291	363	394
SY368YW-4-8_bin24-k141_617455_6	IdrP_like_TIER2|GCA_007741555.1|QDT12205.1	43.9	353	189	3	19	362	12	364	4.46e-98	289	363	365
SY368YW-4-8_bin24-k141_617455_6	IdrP_like_TIER2|GCA_002719955.1|MBJ20124.1	44.3	359	183	5	15	357	26	383	1.41e-97	289	363	391
SY368YW-4-8_bin24-k141_617455_6	IdrP_like_TIER2|GCA_002746185.1|PCJ64246.1	44.7	322	178	0	42	363	20	341	4.76e-97	286	363	341
SY368YW-4-8_bin24-k141_617455_6	IdrP_like_TIER2|GCA_002897995.1|GBE44175.1	49.0	337	152	6	19	343	34	362	1.10e-96	286	363	390
SY368YW-4-8_bin24-k141_617455_6	IdrP_like_TIER2|GCA_002687515.1|MAF46990.1	49.6	337	149	7	15	342	7	331	4.91e-96	284	363	360
SY368YW-4-8_bin24-k141_617455_7	IdrP_like_TIER2|GCA_004126395.1|RXV59293.1	75.6	369	89	1	4	372	6	373	1.13e-212	581	372	373
SY368YW-4-8_bin24-k141_617455_7	IdrP_like_TIER2|GCA_003688285.1|RMA42284.1	68.9	373	113	2	1	370	1	373	3.31e-189	521	372	375
SY368YW-4-8_bin24-k141_617455_7	IdrP1_ANCHOR|IR12|CORE_IR12_IdrP1__MBT0960286.1	66.1	363	120	2	3	362	5	367	3.53e-177	491	372	376
SY368YW-4-8_bin24-k141_617455_7	IdrP_like_TIER2|GCA_003486975.1|HAY10014.1	66.4	360	116	2	5	362	2	358	7.19e-175	485	372	368
SY368YW-4-8_bin24-k141_617455_7	IdrP_like_TIER2|GCA_002842415.1|PKO90736.1	60.1	356	140	1	9	362	13	368	3.98e-165	461	372	379
SY368YW-4-8_bin24-k141_617455_7	IdrP_like_TIER2|GCA_003864275.1|GCA58263.1	62.5	355	131	1	10	362	14	368	8.00e-165	460	372	379
SY368YW-4-8_bin24-k141_617455_7	IdrP_like_TIER2|GCA_001801995.1|OGT91841.1	61.8	361	136	1	7	365	5	365	4.43e-164	457	372	368
SY368YW-4-8_bin24-k141_617455_7	IdrP_like_TIER2|GCA_002238045.1|OXT01452.1	65.8	339	113	2	27	362	64	402	1.46e-162	455	372	408
SY368YW-4-8_bin24-k141_617455_7	IdrP_like_TIER2|GCA_003668555.1|RLQ89610.1	65.8	339	113	2	27	362	63	401	4.03e-162	454	372	407
SY368YW-4-8_bin24-k141_617455_7	IdrP_like_TIER2|GCA_003628555.1|AYH44094.1	63.6	327	117	1	38	362	42	368	1.43e-160	449	372	379
SY368YW-4-8_bin24-k141_617455_7	IdrP_like_TIER2|GCA_003538055.1|HCX33659.1	61.9	341	127	1	25	362	40	380	4.09e-160	448	372	389
SY368YW-4-8_bin24-k141_617455_7	IdrP_like_TIER2|GCA_009839615.1|MYA97755.1	58.7	358	145	2	11	365	32	389	6.69e-150	422	372	392
SY368YW-4-8_bin24-k141_617455_7	IdrP_like_TIER2|GCA_004331745.1|TCD13830.1	59.5	370	137	6	1	362	2	366	2.08e-147	416	372	376
SY368YW-4-8_bin24-k141_617455_7	IdrP_like_TIER2|GCA_002711755.1|MBC58354.1	57.6	368	146	4	1	362	1	364	3.66e-145	410	372	374
SY368YW-4-8_bin24-k141_617455_7	IdrP_like_TIER2|GCA_003208435.1|PYG33376.1	60.0	340	126	4	29	362	28	363	1.76e-143	405	372	375
SY368YW-4-8_bin24-k141_617455_7	IdrP_like_TIER2|GCA_004216475.1|QBF32517.1	60.9	340	123	4	29	362	30	365	1.43e-142	403	372	375
SY368YW-4-8_bin24-k141_617455_7	IdrP_like_TIER2|GCA_001404295.1|CTQ63441.1	55.8	353	146	4	16	362	22	370	5.22e-139	394	372	380
SY368YW-4-8_bin24-k141_617455_7	IdrP_like_TIER2|GCA_001788395.1|OGK84093.1	55.5	339	149	1	29	365	37	375	3.96e-138	392	372	378
SY368YW-4-8_bin24-k141_617455_7	IdrP_like_TIER2|GCA_001404055.1|CTQ52170.1	55.5	353	147	4	16	362	22	370	4.88e-137	389	372	380
SY368YW-4-8_bin24-k141_617455_7	IdrP_like_TIER2|GCA_000967665.1|KJZ16046.1	52.6	361	156	5	13	362	52	408	7.97e-134	383	372	424
SY368YW-4-8_bin24-k141_617455_7	IdrP_like_TIER2|GCA_007786305.1|TVU69348.1	55.5	344	140	4	29	362	32	372	1.95e-133	380	372	388
SY368YW-4-8_bin24-k141_617455_7	IdrP_like_TIER2|GCA_001939735.1|OLQ75250.1	55.7	345	138	5	29	362	53	393	3.93e-133	380	372	409
SY368YW-4-8_bin24-k141_617455_7	IdrP_like_TIER2|GCA_001623255.1|KZL05131.1	56.1	342	142	3	29	365	36	374	4.39e-133	379	372	381
SY368YW-4-8_bin24-k141_617455_7	IdrP_like_TIER2|GCA_002836355.1|PKH07232.1	55.1	345	140	5	29	362	6	346	6.59e-133	378	372	362
SY368YW-4-8_bin24-k141_617455_7	IdrP_like_TIER2|GCA_009653635.1|MRI32052.1	53.7	350	149	4	23	362	58	404	6.66e-133	380	372	425
SY368YW-4-8_bin24-k141_617455_8	IdrB_TIER2|GCA_003688285.1|RMA42283.1	78.6	182	39	0	1	182	1	182	2.09e-105	294	183	184
SY368YW-4-8_bin24-k141_617455_8	IdrB_TIER2|GCA_004126395.1|RXV59292.1	79.8	183	35	1	1	183	7	187	3.83e-104	291	183	187
SY368YW-4-8_bin24-k141_617455_8	IdrB_TIER2|GCA_003668555.1|RLQ89034.1	59.1	186	68	3	2	181	4	187	1.78e-72	211	183	188
SY368YW-4-8_bin24-k141_617455_8	IdrB_TIER2|GCA_002238045.1|OXT01453.1	61.4	171	61	2	14	181	19	187	3.58e-72	210	183	188
SY368YW-4-8_bin24-k141_617455_8	IdrB_ANCHOR|IR12|CORE_IR12_IdrB__MBT0960285.1	51.2	172	81	2	11	182	16	184	9.10e-60	178	183	185
SY368YW-4-8_bin24-k141_617455_8	AioB_LOCAL|GCA_001828925.1|OHC63617.1	54.0	161	71	2	19	179	19	176	3.14e-59	177	183	180
SY368YW-4-8_bin24-k141_617455_8	IdrB_TIER2|GCA_003628555.1|AYH44093.1	53.4	161	72	2	19	177	29	188	2.09e-58	175	183	196
SY368YW-4-8_bin24-k141_617455_8	IdrB_TIER2|GCA_002842415.1|PKO90735.1	52.7	165	75	2	19	181	25	188	5.26e-58	174	183	192
SY368YW-4-8_bin24-k141_617455_8	IdrB_TIER2|GCA_003864275.1|GCA58264.1	51.2	166	76	3	13	176	21	183	7.46e-58	174	183	192
SY368YW-4-8_bin24-k141_617455_8	IdrB_TIER2|GCA_008080565.1|TXT31846.1	51.5	165	77	2	19	181	23	186	2.00e-57	172	183	190
SY368YW-4-8_bin24-k141_617455_8	AioB_LOCAL|GCA_001771285.1|OGB98045.1	53.5	172	68	5	19	182	11	178	1.68e-56	170	183	180
SY368YW-4-8_bin24-k141_617455_8	IdrB_TIER2|GCA_003538055.1|HCX33660.1	51.2	172	79	3	13	182	15	183	3.30e-55	167	183	186
SY368YW-4-8_bin24-k141_617455_8	IdrB_TIER2|GCA_003486975.1|HAY10015.1	50.3	171	81	2	14	181	12	181	1.25e-54	165	183	184
SY368YW-4-8_bin24-k141_617455_8	IdrB_TIER2|GCA_001788395.1|OGK84092.1	50.0	170	72	4	19	179	13	178	6.95e-54	163	183	183
SY368YW-4-8_bin24-k141_617455_8	IdrB_TIER2|GCA_001801995.1|OGT91842.1	51.5	167	76	3	19	182	21	185	7.85e-54	163	183	187
SY368YW-4-8_bin24-k141_617455_8	IdrB_TIER2|GCA_001797355.1|OGP07367.1	47.6	164	80	2	21	179	20	182	7.39e-51	155	183	183
SY368YW-4-8_bin24-k141_617455_8	IdrB_TIER2|GCA_001404055.1|CTQ52169.1	47.3	169	83	4	19	182	31	198	9.35e-50	153	183	198
SY368YW-4-8_bin24-k141_617455_8	IdrB_TIER2|GCA_002746185.1|PCJ64244.1	44.7	179	88	4	12	182	16	191	9.76e-49	150	183	195
SY368YW-4-8_bin24-k141_617455_8	IdrB_TIER2|GCA_002725285.1|MBP17852.1	46.9	175	87	4	10	179	20	193	4.04e-48	149	183	196
SY368YW-4-8_bin24-k141_617455_8	IdrB_TIER2|GCA_001830425.1|OHC76423.1	47.1	170	83	4	19	182	16	184	5.68e-48	148	183	184
SY368YW-4-8_bin24-k141_617455_8	IdrB_TIER2|GCA_001404295.1|CTQ63440.1	46.7	169	84	4	19	182	31	198	6.07e-48	149	183	198
SY368YW-4-8_bin24-k141_617455_8	IdrB_TIER2|GCA_001443665.1|KRT55329.1	43.7	190	97	4	1	182	1	188	1.72e-47	147	183	198
SY368YW-4-8_bin24-k141_617455_8	IdrB_TIER2|GCA_002717425.1|MBI13698.1	43.8	176	92	4	12	182	13	186	3.43e-47	146	183	186
SY368YW-4-8_bin24-k141_617455_8	IdrB_TIER2|GCA_000224455.2|EGV52498.1	43.9	187	95	4	1	179	1	185	3.75e-47	146	183	189
SY368YW-4-8_bin24-k141_617455_8	IdrB_TIER2|GCA_002725995.1|MBQ62122.1	45.3	159	82	3	23	179	44	199	7.76e-47	146	183	202
SY368YW-8-12_bin14-k141_222555_5	IdrB_TIER2|GCA_003538055.1|HCX33660.1	52.0	127	61	0	113	239	54	180	1.76e-45	144	250	186
SY368YW-8-12_bin14-k141_222555_5	IdrB_TIER2|GCA_008080565.1|TXT31846.1	52.4	124	59	0	113	236	58	181	1.98e-45	144	250	190
SY368YW-8-12_bin14-k141_222555_5	IdrB_TIER2|GCA_002725285.1|MBP17852.1	51.1	139	66	1	105	241	57	195	6.63e-45	143	250	196
SY368YW-8-12_bin14-k141_222555_5	IdrB_TIER2|GCA_002842415.1|PKO90735.1	53.2	124	58	0	113	236	60	183	3.32e-44	141	250	192
SY368YW-8-12_bin14-k141_222555_5	IdrB_TIER2|GCA_003486975.1|HAY10015.1	51.6	124	60	0	113	236	53	176	1.48e-43	139	250	184
SY368YW-8-12_bin14-k141_222555_5	AioB_LOCAL|GCA_001828925.1|OHC63617.1	51.2	127	62	0	113	239	50	176	1.85e-43	139	250	180
SY368YW-8-12_bin14-k141_222555_5	IdrB_TIER2|GCA_003864275.1|GCA58264.1	51.5	130	62	1	113	242	60	188	7.39e-43	138	250	192
SY368YW-8-12_bin14-k141_222555_5	IdrB_TIER2|GCA_003628555.1|AYH44093.1	50.8	124	61	0	113	236	64	187	8.29e-43	138	250	196
SY368YW-8-12_bin14-k141_222555_5	IdrB_ANCHOR|IR12|CORE_IR12_IdrB__MBT0960285.1	51.2	127	62	0	113	239	55	181	8.53e-43	137	250	185
SY368YW-8-12_bin14-k141_222555_5	IdrB_TIER2|GCA_001801995.1|OGT91842.1	49.6	127	64	0	113	239	56	182	9.04e-43	137	250	187
SY368YW-8-12_bin14-k141_222555_5	IdrB_TIER2|GCA_002725995.1|MBQ62122.1	48.9	139	69	1	105	241	63	201	1.39e-42	137	250	202
SY368YW-8-12_bin14-k141_222555_5	AioB_LOCAL|GCA_001771285.1|OGB98045.1	50.4	133	64	1	110	240	44	176	2.93e-42	136	250	180
SY368YW-8-12_bin14-k141_222555_5	IdrB_TIER2|GCA_001788395.1|OGK84092.1	50.0	130	63	1	113	240	50	179	3.20e-42	136	250	183
SY368YW-8-12_bin14-k141_222555_5	IdrB_TIER2|GCA_003487765.1|HAX46042.1	47.8	138	70	1	105	240	36	173	7.34e-42	135	250	176
SY368YW-8-12_bin14-k141_222555_5	IdrB_TIER2|GCA_002720555.1|MBJ79550.1	47.8	138	70	1	105	240	66	203	1.72e-41	135	250	206
SY368YW-8-12_bin14-k141_222555_5	IdrB_TIER2|GCA_002731985.1|MBV52217.1	47.8	138	70	1	105	240	66	203	1.72e-41	135	250	206
SY368YW-8-12_bin14-k141_222555_5	IdrB_TIER2|GCA_004331745.1|TCD13831.1	50.4	131	63	1	113	241	64	194	5.02e-41	133	250	195
SY368YW-8-12_bin14-k141_222555_5	IdrB_TIER2|GCA_001404055.1|CTQ52169.1	50.4	131	63	1	113	241	67	197	5.46e-41	133	250	198
SY368YW-8-12_bin14-k141_222555_5	IdrB_TIER2|GCA_001404295.1|CTQ63440.1	51.1	131	62	1	113	241	67	197	5.46e-41	133	250	198
SY368YW-8-12_bin14-k141_222555_5	IdrB_TIER2|GCA_002897995.1|GBE44173.1	49.3	136	67	1	108	241	60	195	7.28e-41	133	250	196
SY368YW-8-12_bin14-k141_222555_5	IdrB_TIER2|GCA_001771985.1|OGA54489.1	46.8	139	72	1	105	241	44	182	1.06e-40	132	250	185
SY368YW-8-12_bin14-k141_222555_5	IdrB_TIER2|GCA_003208435.1|PYG33377.1	50.4	131	63	1	113	241	64	194	1.41e-40	132	250	195
SY368YW-8-12_bin14-k141_222555_5	IdrB_TIER2|GCA_004216475.1|QBF32516.1	48.9	131	65	1	113	241	64	194	2.80e-40	131	250	195
SY368YW-8-12_bin14-k141_222555_5	IdrB_TIER2|GCA_001797355.1|OGP07367.1	48.4	128	66	0	113	240	56	183	7.91e-40	130	250	183
SY368YW-8-12_bin14-k141_222555_5	IdrB_TIER2|GCA_001623255.1|KZL05130.1	51.1	131	62	1	113	241	67	197	8.54e-40	130	250	198
SY368YW-8-12_bin16-k141_314641_3	AioB_LOCAL|GCA_001828925.1|OHC63617.1	44.0	182	75	3	4	184	19	174	1.59e-47	147	196	180
SY368YW-8-12_bin16-k141_314641_3	IdrB_TIER2|GCA_008080565.1|TXT31846.1	42.0	181	82	2	4	183	23	181	4.28e-47	147	196	190
SY368YW-8-12_bin16-k141_314641_3	IdrB_TIER2|GCA_001801995.1|OGT91842.1	41.2	187	87	2	4	189	21	185	5.55e-47	146	196	187
SY368YW-8-12_bin16-k141_314641_3	IdrB_TIER2|GCA_003486975.1|HAY10015.1	47.1	189	77	4	4	190	17	184	2.89e-46	144	196	184
SY368YW-8-12_bin16-k141_314641_3	IdrB_TIER2|GCA_002842415.1|PKO90735.1	41.8	182	83	3	4	184	25	184	1.03e-45	143	196	192
SY368YW-8-12_bin16-k141_314641_3	IdrB_TIER2|GCA_003628555.1|AYH44093.1	40.2	184	87	2	2	184	27	188	1.86e-44	140	196	196
SY368YW-8-12_bin16-k141_314641_3	AioB_LOCAL|GCA_001771285.1|OGB98045.1	51.5	132	61	2	61	189	47	178	3.32e-44	139	196	180
SY368YW-8-12_bin16-k141_314641_3	IdrB_TIER2|GCA_003538055.1|HCX33660.1	43.2	185	81	5	4	186	19	181	1.58e-43	137	196	186
SY368YW-8-12_bin16-k141_314641_3	IdrB_ANCHOR|IR12|CORE_IR12_IdrB__MBT0960285.1	49.2	130	65	1	61	189	55	184	2.17e-43	137	196	185
SY368YW-8-12_bin16-k141_314641_3	IdrB_TIER2|GCA_002725995.1|MBQ62122.1	40.4	188	89	5	4	188	34	201	3.53e-43	137	196	202
SY368YW-8-12_bin16-k141_314641_3	IdrB_TIER2|GCA_003864275.1|GCA58264.1	39.8	181	86	2	4	183	25	183	1.06e-42	135	196	192
SY368YW-8-12_bin16-k141_314641_3	IdrB_TIER2|GCA_001788395.1|OGK84092.1	49.2	130	63	2	61	187	50	179	1.16e-42	135	196	183
SY368YW-8-12_bin16-k141_314641_3	IdrB_TIER2|GCA_001797355.1|OGP07367.1	48.4	128	65	1	56	182	51	178	3.29e-42	134	196	183
SY368YW-8-12_bin16-k141_314641_3	IdrB_TIER2|GCA_004216475.1|QBF32516.1	41.1	190	85	4	4	189	29	195	4.63e-42	134	196	195
SY368YW-8-12_bin16-k141_314641_3	IdrB_TIER2|GCA_002720555.1|MBJ79550.1	38.6	189	106	3	4	189	24	205	6.30e-42	134	196	206
SY368YW-8-12_bin16-k141_314641_3	IdrB_TIER2|GCA_002731985.1|MBV52217.1	38.6	189	106	3	4	189	24	205	6.30e-42	134	196	206
SY368YW-8-12_bin16-k141_314641_3	IdrB_TIER2|GCA_003208435.1|PYG33377.1	48.2	137	68	2	56	189	59	195	6.54e-42	134	196	195
SY368YW-8-12_bin16-k141_314641_3	IdrB_TIER2|GCA_004331745.1|TCD13831.1	41.8	189	85	4	4	189	29	195	6.54e-42	134	196	195
SY368YW-8-12_bin16-k141_314641_3	IdrB_TIER2|GCA_002897995.1|GBE44173.1	48.2	137	68	2	56	189	60	196	1.90e-41	132	196	196
SY368YW-8-12_bin16-k141_314641_3	IdrB_TIER2|GCA_003668555.1|RLQ89034.1	40.4	183	86	4	4	184	22	183	3.03e-41	132	196	188
SY368YW-8-12_bin16-k141_314641_3	IdrB_TIER2|GCA_003487765.1|HAX46042.1	47.0	132	67	2	61	189	44	175	4.31e-41	131	196	176
SY368YW-8-12_bin16-k141_314641_3	IdrB_TIER2|GCA_002746185.1|PCJ64244.1	38.9	190	93	4	4	189	21	191	7.38e-41	131	196	195
SY368YW-8-12_bin16-k141_314641_3	IdrB_TIER2|GCA_001771985.1|OGA54489.1	47.1	136	69	2	56	188	47	182	1.57e-40	130	196	185
SY368YW-8-12_bin16-k141_314641_3	IdrB_TIER2|GCA_002731375.1|MBV37768.1	46.7	137	70	2	56	189	59	195	5.88e-40	129	196	195
SY368YW-8-12_bin16-k141_314641_3	IdrB_TIER2|GCA_002725285.1|MBP17852.1	39.4	188	90	4	4	188	29	195	6.05e-40	129	196	196
SY368YW-8-12_bin33-k141_1103131_197	IdrB_TIER2|GCA_003544895.1|AXX96742.1	90.2	193	19	0	1	193	1	193	2.14e-130	358	193	193
SY368YW-8-12_bin33-k141_1103131_197	IdrB_TIER2|GCA_002897995.1|GBE44173.1	69.8	172	51	1	23	193	25	196	1.58e-89	254	193	196
SY368YW-8-12_bin33-k141_1103131_197	IdrB_TIER2|GCA_002725625.1|MBO31667.1	69.5	174	49	2	21	193	24	194	1.21e-88	252	193	194
SY368YW-8-12_bin33-k141_1103131_197	IdrB_TIER2|GCA_002731375.1|MBV37768.1	69.8	172	50	2	23	193	25	195	3.39e-86	246	193	195
SY368YW-8-12_bin33-k141_1103131_197	IdrB_TIER2|GCA_004331745.1|TCD13831.1	64.6	178	61	2	17	193	19	195	5.59e-85	243	193	195
SY368YW-8-12_bin33-k141_1103131_197	IdrB_TIER2|GCA_003208435.1|PYG33377.1	63.7	179	64	1	15	193	18	195	9.20e-84	240	193	195
SY368YW-8-12_bin33-k141_1103131_197	IdrB_TIER2|GCA_001404055.1|CTQ52169.1	64.1	181	62	3	14	193	20	198	1.02e-83	240	193	198
SY368YW-8-12_bin33-k141_1103131_197	IdrB_TIER2|GCA_001404295.1|CTQ63440.1	64.6	181	61	3	14	193	20	198	2.05e-83	239	193	198
SY368YW-8-12_bin33-k141_1103131_197	IdrB_TIER2|GCA_004216475.1|QBF32516.1	62.9	178	64	2	17	193	19	195	2.63e-83	239	193	195
SY368YW-8-12_bin33-k141_1103131_197	IdrB_TIER2|GCA_002687515.1|MAF46992.1	65.5	168	55	1	26	193	1	165	1.59e-82	236	193	165
SY368YW-8-12_bin33-k141_1103131_197	IdrB_TIER2|GCA_001623255.1|KZL05130.1	63.3	180	63	3	15	193	21	198	9.63e-82	235	193	198
SY368YW-8-12_bin33-k141_1103131_197	IdrB_TIER2|GCA_002711755.1|MBC58353.1	62.0	179	67	1	15	193	18	195	2.49e-81	234	193	195
SY368YW-8-12_bin33-k141_1103131_197	AioB_LOCAL|GCA_000756565.1|KGB81536.1	61.5	179	68	1	15	193	7	184	7.02e-81	232	193	184
SY368YW-8-12_bin33-k141_1103131_197	IdrB_TIER2|GCA_002732845.1|PHS79679.1	61.2	188	70	3	8	193	11	197	2.06e-78	226	193	197
SY368YW-8-12_bin33-k141_1103131_197	IdrB_TIER2|GCA_009653635.1|MRI32053.1	57.1	175	69	2	25	193	1	175	3.36e-72	211	193	196
SY368YW-8-12_bin33-k141_1103131_197	IdrB_TIER2|GCA_002718255.1|MBI48304.1	57.7	175	68	3	23	191	17	191	1.28e-71	209	193	194
SY368YW-8-12_bin33-k141_1103131_197	IdrB_TIER2|GCA_011051715.1|HEB97089.1	59.1	176	62	4	23	191	16	188	6.65e-71	207	193	191
SY368YW-8-12_bin33-k141_1103131_197	IdrB_TIER2|GCA_011371325.1|HHB91634.1	57.1	175	69	3	23	193	13	185	8.03e-71	207	193	186
SY368YW-8-12_bin33-k141_1103131_197	IdrB_TIER2|GCA_000272145.2|OEE78074.1	55.4	186	76	3	12	191	13	197	2.80e-70	206	193	203
SY368YW-8-12_bin33-k141_1103131_197	IdrB_TIER2|GCA_002836355.1|PKH06717.1	57.7	175	68	2	23	191	26	200	4.36e-70	206	193	206
SY368YW-8-12_bin33-k141_1103131_197	IdrB_TIER2|GCA_000785145.2|KHD08441.1	58.0	174	68	3	23	191	14	187	5.25e-70	205	193	190
SY368YW-8-12_bin33-k141_1103131_197	IdrB_TIER2|GCA_000283275.1|AFP30181.1	56.3	174	69	3	25	191	1	174	9.83e-70	204	193	177
SY368YW-8-12_bin33-k141_1103131_197	AioB_LOCAL|GCA_000953735.1|CED59803.1	57.1	175	69	2	23	191	26	200	1.77e-69	204	193	206
SY368YW-8-12_bin33-k141_1103131_197	IdrB_TIER2|GCA_002717425.1|MBI13698.1	58.0	174	69	2	22	193	15	186	1.87e-69	203	193	186
SY368YW-8-12_bin33-k141_1103131_197	IdrB_TIER2|GCA_000967665.1|KJZ16189.1	54.9	175	73	2	23	191	30	204	2.84e-69	204	193	210
SY368YW-8-12_bin33-k141_1103131_198	IdrP_like_TIER2|GCA_003544895.1|AXX96741.1	85.6	383	53	1	1	381	1	383	9.75e-251	678	381	383
SY368YW-8-12_bin33-k141_1103131_198	IdrP_like_TIER2|GCA_002732845.1|PHS79678.1	70.1	351	105	0	28	378	37	387	9.42e-191	526	381	393
SY368YW-8-12_bin33-k141_1103131_198	IdrP_like_TIER2|GCA_002897995.1|GBE44174.1	65.8	357	122	0	22	378	24	380	3.39e-187	517	381	387
SY368YW-8-12_bin33-k141_1103131_198	IdrP_like_TIER2|GCA_000785145.2|KHD08440.1	68.6	347	109	0	32	378	22	368	2.80e-184	509	381	379
SY368YW-8-12_bin33-k141_1103131_198	IdrP_like_TIER2|GCA_011371325.1|HHB91635.1	67.5	348	113	0	31	378	36	383	3.90e-183	507	381	394
SY368YW-8-12_bin33-k141_1103131_198	IdrP_like_TIER2|GCA_002731375.1|MBV37769.1	62.7	375	140	0	4	378	1	375	1.11e-181	503	381	380
SY368YW-8-12_bin33-k141_1103131_198	IdrP_like_TIER2|GCA_003660225.1|RLJ20877.1	65.1	347	121	0	32	378	53	399	1.45e-175	489	381	412
SY368YW-8-12_bin33-k141_1103131_198	IdrP_like_TIER2|GCA_003660235.1|RLJ20929.1	65.1	347	121	0	32	378	53	399	1.45e-175	489	381	412
SY368YW-8-12_bin33-k141_1103131_198	IdrP_like_TIER2|GCA_002687515.1|MAF46991.1	64.7	351	119	1	28	378	30	375	1.65e-175	487	381	376
SY368YW-8-12_bin33-k141_1103131_198	IdrP_like_TIER2|GCA_001404295.1|CTQ63441.1	62.3	379	135	3	2	378	3	375	2.20e-174	484	381	380
SY368YW-8-12_bin33-k141_1103131_198	IdrP_like_TIER2|GCA_001715975.1|ODJ89649.1	63.5	362	129	1	20	378	40	401	2.08e-173	483	381	414
SY368YW-8-12_bin33-k141_1103131_198	IdrP_like_TIER2|GCA_002725625.1|MBO31668.1	61.9	362	133	1	17	378	13	369	1.46e-172	479	381	370
SY368YW-8-12_bin33-k141_1103131_198	IdrP_like_TIER2|GCA_003864255.1|RRJ85033.1	65.5	345	119	0	31	375	32	376	1.58e-172	480	381	392
SY368YW-8-12_bin33-k141_1103131_198	IdrP_like_TIER2|GCA_001404055.1|CTQ52170.1	61.5	379	138	3	2	378	3	375	9.77e-171	475	381	380
SY368YW-8-12_bin33-k141_1103131_198	IdrP_like_TIER2|GCA_001443665.1|KRT55330.1	60.4	399	137	2	1	378	1	399	1.49e-170	476	381	412
SY368YW-8-12_bin33-k141_1103131_198	IdrP_like_TIER2|GCA_000224455.2|EGV52497.1	60.2	399	138	2	1	378	1	399	8.58e-170	474	381	412
SY368YW-8-12_bin33-k141_1103131_198	IdrP_like_TIER2|GCA_003934975.1|RRS37421.1	60.2	384	141	2	7	378	16	399	6.99e-169	472	381	412
SY368YW-8-12_bin33-k141_1103131_198	IdrP_like_TIER2|GCA_011051715.1|HEB97088.1	63.8	348	126	0	31	378	52	399	2.00e-168	471	381	412
SY368YW-8-12_bin33-k141_1103131_198	IdrP_like_TIER2|GCA_002687455.1|MAF55548.1	62.6	348	125	1	32	379	33	375	2.74e-167	466	381	377
SY368YW-8-12_bin33-k141_1103131_198	IdrP_like_TIER2|GCA_009653635.1|MRI32052.1	62.7	359	134	0	23	381	54	412	2.08e-166	466	381	425
SY368YW-8-12_bin33-k141_1103131_198	IdrP_like_TIER2|GCA_003610775.1|RKF21468.1	63.3	354	125	2	30	381	44	394	8.81e-165	461	381	402
SY368YW-8-12_bin33-k141_1103131_198	IdrP_like_TIER2|GCA_002717425.1|MBI13699.1	62.2	344	125	1	36	379	39	377	1.12e-164	460	381	379
SY368YW-8-12_bin33-k141_1103131_198	IdrP_like_TIER2|GCA_002718255.1|MBI48303.1	63.0	349	129	0	33	381	29	377	1.13e-163	457	381	385
SY368YW-8-12_bin33-k141_1103131_198	IdrP_like_TIER2|GCA_000283275.1|AFP30182.1	63.8	351	127	0	31	381	91	441	2.55e-163	459	381	449
SY368YW-8-12_bin33-k141_1103131_198	IdrP_like_TIER2|GCA_002711755.1|MBC58354.1	59.5	375	146	2	4	378	1	369	2.54e-162	454	381	374
SY368YW-8-12_bin33-k141_1103131_199	IdrP_like_TIER2|GCA_003544895.1|AXX96740.1	88.2	372	44	0	1	372	1	372	9.10e-251	677	372	372
SY368YW-8-12_bin33-k141_1103131_199	IdrP_like_TIER2|GCA_002897995.1|GBE44175.1	69.1	363	105	1	10	372	35	390	6.57e-188	519	372	390
SY368YW-8-12_bin33-k141_1103131_199	IdrP_like_TIER2|GCA_002731375.1|MBV37770.1	72.5	338	93	0	35	372	25	362	1.97e-187	516	372	362
SY368YW-8-12_bin33-k141_1103131_199	IdrP_like_TIER2|GCA_002725625.1|MBO31669.1	70.4	355	101	1	22	372	20	374	4.08e-185	511	372	374
SY368YW-8-12_bin33-k141_1103131_199	IdrP_like_TIER2|GCA_002687515.1|MAF46990.1	68.4	351	111	0	22	372	10	360	4.47e-181	500	372	360
SY368YW-8-12_bin33-k141_1103131_199	IdrP_like_TIER2|GCA_002732845.1|PHS79677.1	68.3	338	107	0	35	372	38	375	4.84e-177	491	372	375
SY368YW-8-12_bin33-k141_1103131_199	IdrP_like_TIER2|GCA_009653635.1|MRI32051.1	68.6	331	103	1	42	372	34	363	3.10e-170	473	372	363
SY368YW-8-12_bin33-k141_1103131_199	IdrP_like_TIER2|GCA_001939735.1|OLQ75249.1	67.2	338	110	1	35	372	27	363	2.39e-167	466	372	363
SY368YW-8-12_bin33-k141_1103131_199	IdrP_like_TIER2|GCA_011371325.1|HHB91636.1	60.7	361	137	1	12	372	12	367	1.73e-163	456	372	367
SY368YW-8-12_bin33-k141_1103131_199	IdrP_like_TIER2|GCA_000785145.2|KHD08439.1	64.6	339	118	1	34	372	31	367	7.03e-163	454	372	367
SY368YW-8-12_bin33-k141_1103131_199	IdrP_like_TIER2|GCA_002733565.1|PHR90156.1	66.6	332	110	1	41	372	33	363	8.66e-163	454	372	363
SY368YW-8-12_bin33-k141_1103131_199	IdrP_like_TIER2|GCA_002687455.1|MAF55547.1	65.5	336	112	1	41	372	34	369	8.73e-162	452	372	369
SY368YW-8-12_bin33-k141_1103131_199	IdrP_like_TIER2|GCA_002717425.1|MBI13700.1	63.8	348	120	2	29	372	11	356	1.11e-161	451	372	356
SY368YW-8-12_bin33-k141_1103131_199	IdrP_like_TIER2|GCA_002836355.1|PKH06718.1	65.1	332	115	1	41	372	33	363	4.06e-161	450	372	363
SY368YW-8-12_bin33-k141_1103131_199	IdrP_like_TIER2|GCA_003864255.1|RRJ85034.1	63.0	341	123	1	32	372	18	355	6.17e-161	449	372	355
SY368YW-8-12_bin33-k141_1103131_199	IdrP_like_TIER2|GCA_000967665.1|KJZ16045.1	64.5	338	119	1	35	372	29	365	6.18e-161	449	372	365
SY368YW-8-12_bin33-k141_1103131_199	IdrP_like_TIER2|GCA_000272145.2|OEE78075.1	63.3	338	123	1	35	372	26	362	1.59e-160	448	372	362
SY368YW-8-12_bin33-k141_1103131_199	IdrP_like_TIER2|GCA_002720555.1|MBJ78182.1	64.3	336	116	1	41	372	34	369	4.73e-159	445	372	369
SY368YW-8-12_bin33-k141_1103131_199	IdrP_like_TIER2|GCA_003610775.1|RKF21467.1	62.7	332	123	1	41	372	33	363	4.43e-158	442	372	363
SY368YW-8-12_bin33-k141_1103131_199	IdrP_like_TIER2|GCA_001404295.1|CTQ63442.1	62.4	338	124	3	35	372	23	357	1.19e-156	438	372	357
SY368YW-8-12_bin33-k141_1103131_199	IdrP_like_TIER2|GCA_003934975.1|RRS37422.1	63.0	332	121	1	41	372	39	368	1.00e-155	436	372	368
SY368YW-8-12_bin33-k141_1103131_199	IdrP_like_TIER2|GCA_003660235.1|RLJ20930.1	63.0	332	121	1	41	372	39	368	8.16e-155	434	372	368
SY368YW-8-12_bin33-k141_1103131_199	IdrP_like_TIER2|GCA_002718255.1|MBI48302.1	60.6	355	136	2	18	372	1	351	5.21e-154	431	372	351
SY368YW-8-12_bin33-k141_1103131_199	IdrP_like_TIER2|GCA_002876485.1|PMO76000.1	62.8	331	122	1	42	372	28	357	3.69e-153	429	372	357
SY368YW-8-12_bin33-k141_1103131_199	IdrP_like_TIER2|GCA_003660225.1|RLJ20878.1	62.3	332	123	1	41	372	39	368	1.54e-152	428	372	368
SY456YB-0-4_bin8-k141_492248_43	IdrB_TIER2|GCA_003544895.1|AXX96742.1	80.3	193	38	0	1	193	1	193	2.75e-117	325	193	193
SY456YB-0-4_bin8-k141_492248_43	IdrB_TIER2|GCA_002725625.1|MBO31667.1	68.4	174	51	2	21	193	24	194	2.10e-89	254	193	194
SY456YB-0-4_bin8-k141_492248_43	IdrB_TIER2|GCA_002897995.1|GBE44173.1	69.8	172	51	1	23	193	25	196	2.24e-89	254	193	196
SY456YB-0-4_bin8-k141_492248_43	IdrB_TIER2|GCA_004331745.1|TCD13831.1	66.5	179	59	1	15	193	18	195	3.57e-88	251	193	195
SY456YB-0-4_bin8-k141_492248_43	IdrB_TIER2|GCA_002731375.1|MBV37768.1	68.6	172	52	2	23	193	25	195	1.68e-86	247	193	195
SY456YB-0-4_bin8-k141_492248_43	IdrB_TIER2|GCA_004216475.1|QBF32516.1	64.8	179	62	1	15	193	18	195	9.70e-86	245	193	195
SY456YB-0-4_bin8-k141_492248_43	IdrB_TIER2|GCA_001404055.1|CTQ52169.1	64.6	181	61	3	14	193	20	198	4.35e-85	243	193	198
SY456YB-0-4_bin8-k141_492248_43	IdrB_TIER2|GCA_002711755.1|MBC58353.1	65.4	179	61	1	15	193	18	195	7.93e-85	243	193	195
SY456YB-0-4_bin8-k141_492248_43	IdrB_TIER2|GCA_001404295.1|CTQ63440.1	65.2	181	60	3	14	193	20	198	1.77e-84	242	193	198
SY456YB-0-4_bin8-k141_492248_43	AioB_LOCAL|GCA_000756565.1|KGB81536.1	64.8	179	62	1	15	193	7	184	2.23e-84	241	193	184
SY456YB-0-4_bin8-k141_492248_43	IdrB_TIER2|GCA_002687515.1|MAF46992.1	66.7	168	53	1	26	193	1	165	9.65e-84	239	193	165
SY456YB-0-4_bin8-k141_492248_43	IdrB_TIER2|GCA_003208435.1|PYG33377.1	60.8	189	69	2	5	193	12	195	1.31e-83	239	193	195
SY456YB-0-4_bin8-k141_492248_43	IdrB_TIER2|GCA_001623255.1|KZL05130.1	59.7	181	70	3	14	193	20	198	1.12e-80	232	193	198
SY456YB-0-4_bin8-k141_492248_43	IdrB_TIER2|GCA_002732845.1|PHS79679.1	59.9	172	67	2	23	193	27	197	9.65e-77	222	193	197
SY456YB-0-4_bin8-k141_492248_43	IdrB_TIER2|GCA_009653635.1|MRI32053.1	58.3	175	67	2	25	193	1	175	5.86e-73	213	193	196
SY456YB-0-4_bin8-k141_492248_43	IdrB_TIER2|GCA_000785145.2|KHD08441.1	57.4	188	74	4	11	192	1	188	9.70e-73	212	193	190
SY456YB-0-4_bin8-k141_492248_43	IdrB_TIER2|GCA_002718255.1|MBI48304.1	56.8	183	72	3	15	191	10	191	1.10e-72	212	193	194
SY456YB-0-4_bin8-k141_492248_43	IdrB_TIER2|GCA_011371325.1|HHB91634.1	55.1	187	77	4	11	193	2	185	2.81e-71	208	193	186
SY456YB-0-4_bin8-k141_492248_43	IdrB_TIER2|GCA_011051715.1|HEB97089.1	56.1	189	73	4	11	192	4	189	6.65e-71	207	193	191
SY456YB-0-4_bin8-k141_492248_43	IdrB_TIER2|GCA_000272145.2|OEE78074.1	53.1	192	83	3	6	191	7	197	2.80e-70	206	193	203
SY456YB-0-4_bin8-k141_492248_43	IdrB_TIER2|GCA_000967665.1|KJZ16189.1	51.8	193	87	2	5	191	12	204	2.84e-69	204	193	210
SY456YB-0-4_bin8-k141_492248_43	IdrB_TIER2|GCA_003610775.1|RKF21469.1	56.2	185	74	3	13	191	8	191	3.77e-69	203	193	197
SY456YB-0-4_bin8-k141_492248_43	IdrB_TIER2|GCA_001715975.1|ODJ89648.1	55.0	189	75	4	11	192	4	189	8.88e-69	202	193	191
SY456YB-0-4_bin8-k141_492248_43	IdrB_TIER2|GCA_002836355.1|PKH06717.1	56.6	175	70	2	23	191	26	200	4.09e-68	201	193	206
SY456YB-0-4_bin8-k141_492248_43	AioB_LOCAL|GCA_000953735.1|CED59803.1	54.0	189	77	3	13	191	12	200	1.17e-67	199	193	206
SY456YB-0-4_bin8-k141_492248_44	IdrP_like_TIER2|GCA_003544895.1|AXX96741.1	80.7	383	71	1	1	380	1	383	3.54e-239	649	380	383
SY456YB-0-4_bin8-k141_492248_44	IdrP_like_TIER2|GCA_002732845.1|PHS79678.1	70.3	347	103	0	31	377	41	387	1.83e-190	526	380	393
SY456YB-0-4_bin8-k141_492248_44	IdrP_like_TIER2|GCA_011371325.1|HHB91635.1	67.2	348	114	0	27	374	33	380	2.65e-183	508	380	394
SY456YB-0-4_bin8-k141_492248_44	IdrP_like_TIER2|GCA_000785145.2|KHD08440.1	66.5	352	118	0	23	374	14	365	2.55e-182	504	380	379
SY456YB-0-4_bin8-k141_492248_44	IdrP_like_TIER2|GCA_002731375.1|MBV37769.1	65.0	351	123	0	24	374	22	372	2.37e-178	494	380	380
SY456YB-0-4_bin8-k141_492248_44	IdrP_like_TIER2|GCA_002897995.1|GBE44174.1	61.1	370	136	1	13	374	8	377	7.09e-177	491	380	387
SY456YB-0-4_bin8-k141_492248_44	IdrP_like_TIER2|GCA_002687515.1|MAF46991.1	63.2	351	124	1	24	374	27	372	2.86e-171	476	380	376
SY456YB-0-4_bin8-k141_492248_44	IdrP_like_TIER2|GCA_003660225.1|RLJ20877.1	64.2	344	123	0	31	374	53	396	1.44e-170	476	380	412
SY456YB-0-4_bin8-k141_492248_44	IdrP_like_TIER2|GCA_003660235.1|RLJ20929.1	64.2	344	123	0	31	374	53	396	1.44e-170	476	380	412
SY456YB-0-4_bin8-k141_492248_44	IdrP_like_TIER2|GCA_003864255.1|RRJ85033.1	63.5	345	126	0	30	374	32	376	5.82e-170	474	380	392
SY456YB-0-4_bin8-k141_492248_44	IdrP_like_TIER2|GCA_002725625.1|MBO31668.1	62.3	350	127	1	24	373	21	365	3.10e-169	471	380	370
SY456YB-0-4_bin8-k141_492248_44	IdrP_like_TIER2|GCA_001404295.1|CTQ63441.1	59.0	378	148	2	2	377	3	375	8.88e-169	470	380	380
SY456YB-0-4_bin8-k141_492248_44	IdrP_like_TIER2|GCA_001715975.1|ODJ89649.1	63.4	358	127	2	21	374	41	398	1.02e-168	471	380	414
SY456YB-0-4_bin8-k141_492248_44	IdrP_like_TIER2|GCA_001404055.1|CTQ52170.1	58.7	378	149	2	2	377	3	375	1.69e-166	464	380	380
SY456YB-0-4_bin8-k141_492248_44	IdrP_like_TIER2|GCA_001443665.1|KRT55330.1	64.3	347	121	1	31	374	50	396	2.09e-165	463	380	412
SY456YB-0-4_bin8-k141_492248_44	IdrP_like_TIER2|GCA_000224455.2|EGV52497.1	64.0	347	122	1	31	374	50	396	1.20e-164	461	380	412
SY456YB-0-4_bin8-k141_492248_44	IdrP_like_TIER2|GCA_011051715.1|HEB97088.1	61.3	357	138	0	18	374	40	396	6.89e-164	459	380	412
SY456YB-0-4_bin8-k141_492248_44	IdrP_like_TIER2|GCA_002687455.1|MAF55548.1	61.4	347	129	1	31	377	33	374	9.52e-163	455	380	377
SY456YB-0-4_bin8-k141_492248_44	IdrP_like_TIER2|GCA_003934975.1|RRS37421.1	62.9	334	124	0	41	374	63	396	2.27e-162	455	380	412
SY456YB-0-4_bin8-k141_492248_44	IdrP_like_TIER2|GCA_002717425.1|MBI13699.1	61.8	343	126	1	35	377	39	376	4.14e-162	453	380	379
SY456YB-0-4_bin8-k141_492248_44	IdrP_like_TIER2|GCA_002718255.1|MBI48303.1	62.2	349	132	0	32	380	29	377	5.10e-162	453	380	385
SY456YB-0-4_bin8-k141_492248_44	IdrP_like_TIER2|GCA_009653635.1|MRI32052.1	60.7	354	139	0	27	380	59	412	2.89e-161	453	380	425
SY456YB-0-4_bin8-k141_492248_44	IdrP_like_TIER2|GCA_002726415.1|MBP80848.1	59.6	369	146	2	12	377	16	384	8.06e-160	449	380	410
SY456YB-0-4_bin8-k141_492248_44	IdrP_like_TIER2|GCA_000283275.1|AFP30182.1	61.5	353	136	0	28	380	89	441	1.75e-158	447	380	449
SY456YB-0-4_bin8-k141_492248_44	IdrP_like_TIER2|GCA_011049715.1|HEA69245.1	59.9	354	142	0	21	374	30	383	4.83e-158	444	380	397
SY456YB-0-4_bin8-k141_492248_45	IdrP_like_TIER2|GCA_003544895.1|AXX96740.1	80.2	373	73	1	1	373	1	372	4.25e-231	627	373	372
SY456YB-0-4_bin8-k141_492248_45	IdrP_like_TIER2|GCA_002897995.1|GBE44175.1	68.9	351	107	1	23	373	42	390	4.32e-184	509	373	390
SY456YB-0-4_bin8-k141_492248_45	IdrP_like_TIER2|GCA_002687515.1|MAF46990.1	67.5	351	114	0	23	373	10	360	1.89e-180	499	373	360
SY456YB-0-4_bin8-k141_492248_45	IdrP_like_TIER2|GCA_002725625.1|MBO31669.1	66.1	366	123	1	8	373	10	374	3.11e-180	499	373	374
SY456YB-0-4_bin8-k141_492248_45	IdrP_like_TIER2|GCA_002731375.1|MBV37770.1	66.1	363	121	1	11	373	2	362	1.66e-179	496	373	362
SY456YB-0-4_bin8-k141_492248_45	IdrP_like_TIER2|GCA_002732845.1|PHS79677.1	65.9	343	117	0	31	373	33	375	6.39e-173	480	373	375
SY456YB-0-4_bin8-k141_492248_45	IdrP_like_TIER2|GCA_002733565.1|PHR90156.1	66.8	331	109	1	43	373	34	363	6.34e-163	454	373	363
SY456YB-0-4_bin8-k141_492248_45	IdrP_like_TIER2|GCA_009653635.1|MRI32051.1	60.1	368	137	3	6	373	6	363	2.57e-162	453	373	363
SY456YB-0-4_bin8-k141_492248_45	IdrP_like_TIER2|GCA_002836355.1|PKH06718.1	65.6	331	113	1	43	373	34	363	3.44e-160	447	373	363
SY456YB-0-4_bin8-k141_492248_45	IdrP_like_TIER2|GCA_002687455.1|MAF55547.1	62.2	349	128	1	29	373	21	369	1.21e-159	446	373	369
SY456YB-0-4_bin8-k141_492248_45	IdrP_like_TIER2|GCA_002717425.1|MBI13700.1	63.2	334	119	1	44	373	23	356	2.54e-158	442	373	356
SY456YB-0-4_bin8-k141_492248_45	IdrP_like_TIER2|GCA_001939735.1|OLQ75249.1	60.9	358	137	2	18	373	7	363	6.53e-158	442	373	363
SY456YB-0-4_bin8-k141_492248_45	IdrP_like_TIER2|GCA_001404295.1|CTQ63442.1	62.9	340	119	3	36	373	23	357	7.51e-158	441	373	357
SY456YB-0-4_bin8-k141_492248_45	IdrP_like_TIER2|GCA_002720555.1|MBJ78182.1	63.6	335	118	1	43	373	35	369	1.14e-157	441	373	369
SY456YB-0-4_bin8-k141_492248_45	IdrP_like_TIER2|GCA_003864255.1|RRJ85034.1	62.3	332	125	0	42	373	24	355	2.83e-157	440	373	355
SY456YB-0-4_bin8-k141_492248_45	IdrP_like_TIER2|GCA_000785145.2|KHD08439.1	59.6	369	144	3	5	373	4	367	8.68e-157	439	373	367
SY456YB-0-4_bin8-k141_492248_45	IdrP_like_TIER2|GCA_000967665.1|KJZ16045.1	60.6	348	135	2	27	373	19	365	1.08e-154	434	373	365
SY456YB-0-4_bin8-k141_492248_45	IdrP_like_TIER2|GCA_000272145.2|OEE78075.1	60.1	343	136	1	31	373	21	362	5.60e-154	432	373	362
SY456YB-0-4_bin8-k141_492248_45	IdrP_like_TIER2|GCA_003610775.1|RKF21467.1	62.2	331	124	1	43	373	34	363	1.17e-153	431	373	363
SY456YB-0-4_bin8-k141_492248_45	IdrP_like_TIER2|GCA_003934975.1|RRS37422.1	58.7	363	144	3	15	373	8	368	1.39e-153	431	373	368
SY456YB-0-4_bin8-k141_492248_45	IdrP_like_TIER2|GCA_002718255.1|MBI48302.1	61.7	337	128	1	37	373	16	351	1.54e-153	430	373	351
SY456YB-0-4_bin8-k141_492248_45	IdrP_like_TIER2|GCA_011371325.1|HHB91636.1	58.3	343	143	0	31	373	25	367	3.12e-152	427	373	367
SY456YB-0-4_bin8-k141_492248_45	IdrP_like_TIER2|GCA_011051715.1|HEB97087.1	56.7	365	152	2	13	373	6	368	1.85e-151	426	373	368
SY456YB-0-4_bin8-k141_492248_45	IdrP_like_TIER2|GCA_003660235.1|RLJ20930.1	58.1	363	146	3	15	373	8	368	3.73e-151	425	373	368
SY456YB-0-4_bin8-k141_492248_45	IdrP_like_TIER2|GCA_001623255.1|KZL05132.1	59.7	357	135	4	17	373	23	370	1.14e-150	424	373	370
SY456YB-4-8_bin24-k141_314185_9	IdrP_like_TIER2|GCA_001715975.1|ODJ89650.1	67.8	367	112	4	7	370	5	368	3.18e-180	498	370	368
SY456YB-4-8_bin24-k141_314185_9	IdrP_like_TIER2|GCA_003934975.1|RRS37422.1	66.0	371	112	4	7	370	5	368	1.16e-175	487	370	368
SY456YB-4-8_bin24-k141_314185_9	IdrP_like_TIER2|GCA_011051715.1|HEB97087.1	65.8	366	121	3	7	370	5	368	2.33e-175	486	370	368
SY456YB-4-8_bin24-k141_314185_9	IdrP_like_TIER2|GCA_003660225.1|RLJ20878.1	69.9	336	98	2	36	370	35	368	6.66e-175	485	370	368
SY456YB-4-8_bin24-k141_314185_9	IdrP_like_TIER2|GCA_000785145.2|KHD08439.1	64.8	372	124	4	1	370	1	367	2.61e-174	483	370	367
SY456YB-4-8_bin24-k141_314185_9	IdrP_like_TIER2|GCA_003660235.1|RLJ20930.1	69.9	336	98	2	36	370	35	368	3.83e-174	483	370	368
SY456YB-4-8_bin24-k141_314185_9	IdrP_like_TIER2|GCA_000224925.2|EGW55493.1	69.3	336	100	2	36	370	35	368	7.72e-174	482	370	368
SY456YB-4-8_bin24-k141_314185_9	IdrP_like_TIER2|GCA_000224455.2|EGV52496.1	69.3	336	100	2	36	370	35	368	1.10e-173	482	370	368
SY456YB-4-8_bin24-k141_314185_9	IdrP_like_TIER2|GCA_011371325.1|HHB91636.1	65.3	357	122	2	15	370	12	367	4.97e-172	478	370	367
SY456YB-4-8_bin24-k141_314185_9	IdrP_like_TIER2|GCA_001443665.1|KRT55331.1	69.0	336	101	2	36	370	35	368	2.09e-171	476	370	368
SY456YB-4-8_bin24-k141_314185_9	IdrP_like_TIER2|GCA_000272145.2|OEE78075.1	63.4	361	130	2	11	370	3	362	4.08e-165	460	370	362
SY456YB-4-8_bin24-k141_314185_9	IdrP_like_TIER2|GCA_001939735.1|OLQ75249.1	64.5	358	123	3	16	370	7	363	6.94e-164	457	370	363
SY456YB-4-8_bin24-k141_314185_9	IdrP_like_TIER2|GCA_009653635.1|MRI32051.1	64.0	356	123	3	16	370	12	363	6.94e-164	457	370	363
SY456YB-4-8_bin24-k141_314185_9	IdrP_like_TIER2|GCA_002836355.1|PKH06718.1	63.7	358	126	3	16	370	7	363	1.40e-163	456	370	363
SY456YB-4-8_bin24-k141_314185_9	IdrP_like_TIER2|GCA_003864255.1|RRJ85034.1	64.0	339	121	1	33	370	17	355	1.22e-162	453	370	355
SY456YB-4-8_bin24-k141_314185_9	IdrP_like_TIER2|GCA_002876485.1|PMO76000.1	61.3	357	136	2	15	370	2	357	6.14e-161	449	370	357
SY456YB-4-8_bin24-k141_314185_9	IdrP_like_TIER2|GCA_002733565.1|PHR90156.1	65.7	338	114	2	34	370	27	363	4.36e-160	447	370	363
SY456YB-4-8_bin24-k141_314185_9	IdrP_like_TIER2|GCA_002897995.1|GBE44175.1	60.8	357	138	2	16	370	34	390	2.25e-159	446	370	390
SY456YB-4-8_bin24-k141_314185_9	IdrP_like_TIER2|GCA_005146635.1|TKG63042.1	61.1	357	137	2	15	370	2	357	8.22e-159	444	370	357
SY456YB-4-8_bin24-k141_314185_9	IdrP_like_TIER2|GCA_002875145.1|PMP13657.1	61.1	357	137	2	15	370	4	359	8.82e-159	444	370	359
SY456YB-4-8_bin24-k141_314185_9	IdrP_like_TIER2|GCA_002876335.1|PML16679.1	61.1	357	137	2	15	370	4	359	1.78e-158	443	370	359
SY456YB-4-8_bin24-k141_314185_9	IdrP_like_TIER2|GCA_002876245.1|PML52513.1	60.5	357	139	2	15	370	4	359	1.02e-157	441	370	359
SY456YB-4-8_bin24-k141_314185_9	IdrP_like_TIER2|GCA_003610775.1|RKF21467.1	63.8	337	120	2	35	370	28	363	9.57e-157	439	370	363
SY456YB-4-8_bin24-k141_314185_9	IdrP_like_TIER2|GCA_002725625.1|MBO31669.1	61.8	343	130	1	29	370	32	374	4.01e-156	437	370	374
SY456YB-4-8_bin24-k141_314185_9	IdrP_like_TIER2|GCA_007786305.1|TVU69347.1	61.7	337	127	2	35	370	32	367	5.15e-155	434	370	367
SY456YB-4-8_bin24-k141_314185_10	IdrP_like_TIER2|GCA_001715975.1|ODJ89649.1	74.2	360	88	2	37	393	50	407	8.75e-201	553	398	414
SY456YB-4-8_bin24-k141_314185_10	IdrP_like_TIER2|GCA_001443665.1|KRT55330.1	66.6	407	116	4	5	394	3	406	2.33e-200	552	398	412
SY456YB-4-8_bin24-k141_314185_10	IdrP_like_TIER2|GCA_000224455.2|EGV52497.1	66.6	407	116	4	5	394	3	406	4.69e-200	551	398	412
SY456YB-4-8_bin24-k141_314185_10	IdrP_like_TIER2|GCA_003660235.1|RLJ20929.1	65.3	401	121	3	10	394	8	406	2.56e-197	545	398	412
SY456YB-4-8_bin24-k141_314185_10	IdrP_like_TIER2|GCA_003660225.1|RLJ20877.1	65.3	401	121	3	10	394	8	406	5.15e-197	544	398	412
SY456YB-4-8_bin24-k141_314185_10	IdrP_like_TIER2|GCA_011051715.1|HEB97088.1	65.7	405	121	2	5	393	3	405	7.31e-197	543	398	412
SY456YB-4-8_bin24-k141_314185_10	IdrP_like_TIER2|GCA_000785145.2|KHD08440.1	70.8	360	103	1	39	398	22	379	1.28e-196	541	398	379
SY456YB-4-8_bin24-k141_314185_10	IdrP_like_TIER2|GCA_011371325.1|HHB91635.1	71.5	361	101	1	38	398	36	394	8.48e-194	535	398	394
SY456YB-4-8_bin24-k141_314185_10	IdrP_like_TIER2|GCA_003934975.1|RRS37421.1	64.5	400	126	3	10	394	8	406	2.29e-193	535	398	412
SY456YB-4-8_bin24-k141_314185_10	IdrP_like_TIER2|GCA_003864255.1|RRJ85033.1	67.4	356	114	1	38	393	32	385	8.53e-184	509	398	392
SY456YB-4-8_bin24-k141_314185_10	IdrP_like_TIER2|GCA_009653635.1|MRI32052.1	64.2	358	126	1	38	395	62	417	2.56e-169	474	398	425
SY456YB-4-8_bin24-k141_314185_10	IdrP_like_TIER2|GCA_002718255.1|MBI48303.1	61.5	377	139	1	28	398	9	385	1.47e-168	471	398	385
SY456YB-4-8_bin24-k141_314185_10	IdrP_like_TIER2|GCA_001939735.1|OLQ75250.1	62.7	373	137	1	26	398	39	409	1.96e-167	469	398	409
SY456YB-4-8_bin24-k141_314185_10	IdrP_like_TIER2|GCA_003544895.1|AXX96741.1	60.5	377	144	2	11	387	9	380	1.83e-166	465	398	383
SY456YB-4-8_bin24-k141_314185_10	IdrP_like_TIER2|GCA_002687455.1|MAF55548.1	61.6	372	136	3	17	387	9	374	3.46e-165	462	398	377
SY456YB-4-8_bin24-k141_314185_10	IdrP_like_TIER2|GCA_000272145.2|OEE78082.1	61.2	369	141	1	30	398	8	374	6.26e-165	461	398	374
SY456YB-4-8_bin24-k141_314185_10	IdrP_like_TIER2|GCA_007786305.1|TVU69348.1	61.6	359	136	1	40	398	32	388	1.18e-163	458	398	388
SY456YB-4-8_bin24-k141_314185_10	IdrP_like_TIER2|GCA_000283275.1|AFP30182.1	62.4	367	136	1	32	398	85	449	3.41e-163	459	398	449
SY456YB-4-8_bin24-k141_314185_10	IdrP_like_TIER2|GCA_003610775.1|RKF21468.1	60.7	369	142	2	30	398	37	402	4.47e-162	455	398	402
SY456YB-4-8_bin24-k141_314185_10	IdrP_like_TIER2|GCA_002876245.1|PML52507.1	56.6	389	159	2	5	393	5	383	1.11e-161	453	398	388
SY456YB-4-8_bin24-k141_314185_10	IdrP_like_TIER2|GCA_002876485.1|PMO75999.1	56.6	389	159	2	5	393	5	383	4.50e-161	452	398	388
SY456YB-4-8_bin24-k141_314185_10	IdrP_like_TIER2|GCA_002687515.1|MAF46991.1	61.3	349	128	2	39	387	34	375	5.95e-161	451	398	376
SY456YB-4-8_bin24-k141_314185_10	IdrP_like_TIER2|GCA_002836355.1|PKH07232.1	62.0	363	136	1	36	398	2	362	1.47e-160	449	398	362
SY456YB-4-8_bin24-k141_314185_10	IdrP_like_TIER2|GCA_002731375.1|MBV37769.1	58.3	372	149	3	17	387	9	375	1.95e-160	450	398	380
SY456YB-4-8_bin24-k141_314185_10	IdrP_like_TIER2|GCA_002875145.1|PMP13580.1	56.3	389	160	2	5	393	5	383	5.19e-160	449	398	388
SY456YB-4-8_bin24-k141_314185_11	IdrB_TIER2|GCA_001715975.1|ODJ89648.1	63.2	193	67	2	11	202	1	190	3.07e-86	246	203	191
SY456YB-4-8_bin24-k141_314185_11	IdrB_TIER2|GCA_003610775.1|RKF21469.1	58.7	189	78	0	13	201	4	192	1.07e-85	245	203	197
SY456YB-4-8_bin24-k141_314185_11	IdrB_TIER2|GCA_011371325.1|HHB91634.1	62.3	183	65	2	19	201	6	184	4.28e-85	243	203	186
SY456YB-4-8_bin24-k141_314185_11	IdrB_TIER2|GCA_003660225.1|RLJ20876.1	61.3	194	69	3	11	203	1	189	2.72e-84	241	203	189
SY456YB-4-8_bin24-k141_314185_11	IdrB_TIER2|GCA_003934975.1|RRS37420.1	60.8	194	70	3	11	203	1	189	2.72e-84	241	203	189
SY456YB-4-8_bin24-k141_314185_11	IdrB_TIER2|GCA_002718255.1|MBI48304.1	59.9	182	73	0	19	200	10	191	3.22e-84	241	203	194
SY456YB-4-8_bin24-k141_314185_11	IdrB_TIER2|GCA_001939735.1|OLQ75251.1	58.8	187	77	0	15	201	9	195	7.91e-84	241	203	200
SY456YB-4-8_bin24-k141_314185_11	IdrB_TIER2|GCA_000785145.2|KHD08441.1	61.6	185	68	2	19	202	7	189	8.05e-84	240	203	190
SY456YB-4-8_bin24-k141_314185_11	IdrB_TIER2|GCA_011051715.1|HEB97089.1	59.3	194	75	2	11	203	1	191	9.65e-83	238	203	191
SY456YB-4-8_bin24-k141_314185_11	IdrB_TIER2|GCA_002836355.1|PKH06717.1	57.4	190	81	0	12	201	12	201	1.12e-82	238	203	206
SY456YB-4-8_bin24-k141_314185_11	IdrB_TIER2|GCA_000224455.2|EGV52498.1	58.8	194	74	3	11	203	1	189	4.24e-81	233	203	189
SY456YB-4-8_bin24-k141_314185_11	AioB_LOCAL|GCA_000953735.1|CED59803.1	57.9	183	77	0	19	201	19	201	1.06e-80	233	203	206
SY456YB-4-8_bin24-k141_314185_11	IdrB_TIER2|GCA_000283275.1|AFP30181.1	62.1	174	65	1	28	200	1	174	1.15e-80	232	203	177
SY456YB-4-8_bin24-k141_314185_11	IdrB_TIER2|GCA_000272145.2|OEE78074.1	57.4	183	78	0	19	201	16	198	1.36e-80	233	203	203
SY456YB-4-8_bin24-k141_314185_11	IdrB_TIER2|GCA_002733565.1|PHR90154.1	57.9	183	77	0	19	201	19	201	3.02e-80	232	203	206
SY456YB-4-8_bin24-k141_314185_11	IdrB_TIER2|GCA_001443665.1|KRT55329.1	59.2	191	72	3	11	200	1	186	3.29e-80	231	203	198
SY456YB-4-8_bin24-k141_314185_11	IdrB_TIER2|GCA_009653635.1|MRI32053.1	58.4	173	72	0	28	200	1	173	5.06e-79	228	203	196
SY456YB-4-8_bin24-k141_314185_11	IdrB_TIER2|GCA_000967665.1|KJZ16189.1	57.3	185	79	0	17	201	21	205	6.53e-78	226	203	210
SY456YB-4-8_bin24-k141_314185_11	IdrB_TIER2|GCA_002876485.1|PMO75998.1	58.7	179	73	1	24	202	13	190	8.99e-77	223	203	194
SY456YB-4-8_bin24-k141_314185_11	IdrB_TIER2|GCA_007786305.1|TVU69349.1	55.8	181	79	1	22	202	11	190	5.17e-76	221	203	194
SY456YB-4-8_bin24-k141_314185_11	IdrB_TIER2|GCA_002875145.1|PMP13581.1	57.5	179	75	1	24	202	13	190	1.04e-75	220	203	194
SY456YB-4-8_bin24-k141_314185_11	IdrB_TIER2|GCA_002876245.1|PML52506.1	57.5	179	75	1	24	202	13	190	1.04e-75	220	203	194
SY456YB-4-8_bin24-k141_314185_11	IdrB_TIER2|GCA_002876335.1|PML16672.1	57.5	179	75	1	24	202	13	190	1.04e-75	220	203	194
SY456YB-4-8_bin24-k141_314185_11	IdrB_TIER2|GCA_003864255.1|RRJ85032.1	60.3	179	67	2	26	203	12	187	1.17e-75	219	203	187
SY456YB-4-8_bin24-k141_314185_11	IdrB_TIER2|GCA_002897995.1|GBE44173.1	55.9	188	74	3	17	200	12	194	3.45e-72	211	203	196
SY456YB-8-12_bin27-k141_1029503_29	IdrB_TIER2|GCA_003544895.1|AXX96742.1	83.4	193	32	0	1	193	1	193	8.59e-121	333	193	193
SY456YB-8-12_bin27-k141_1029503_29	IdrB_TIER2|GCA_002897995.1|GBE44173.1	70.9	172	49	1	23	193	25	196	3.89e-90	256	193	196
SY456YB-8-12_bin27-k141_1029503_29	IdrB_TIER2|GCA_002725625.1|MBO31667.1	69.5	174	49	2	21	193	24	194	4.22e-89	253	193	194
SY456YB-8-12_bin27-k141_1029503_29	IdrB_TIER2|GCA_002731375.1|MBV37768.1	70.3	172	49	2	23	193	25	195	2.52e-88	251	193	195
SY456YB-8-12_bin27-k141_1029503_29	IdrB_TIER2|GCA_001404055.1|CTQ52169.1	64.6	181	61	3	14	193	20	198	7.56e-86	245	193	198
SY456YB-8-12_bin27-k141_1029503_29	IdrB_TIER2|GCA_004331745.1|TCD13831.1	64.6	178	61	2	17	193	19	195	1.13e-84	242	193	195
SY456YB-8-12_bin27-k141_1029503_29	IdrB_TIER2|GCA_001404295.1|CTQ63440.1	64.6	181	61	3	14	193	20	198	1.24e-84	242	193	198
SY456YB-8-12_bin27-k141_1029503_29	IdrB_TIER2|GCA_004216475.1|QBF32516.1	65.2	178	60	2	17	193	19	195	3.22e-84	241	193	195
SY456YB-8-12_bin27-k141_1029503_29	IdrB_TIER2|GCA_003208435.1|PYG33377.1	63.1	179	65	1	15	193	18	195	1.31e-83	239	193	195
SY456YB-8-12_bin27-k141_1029503_29	IdrB_TIER2|GCA_002687515.1|MAF46992.1	66.7	168	53	1	26	193	1	165	1.37e-83	238	193	165
SY456YB-8-12_bin27-k141_1029503_29	IdrB_TIER2|GCA_002711755.1|MBC58353.1	64.2	179	63	1	15	193	18	195	2.63e-83	239	193	195
SY456YB-8-12_bin27-k141_1029503_29	AioB_LOCAL|GCA_000756565.1|KGB81536.1	63.7	179	64	1	15	193	7	184	7.40e-83	237	193	184
SY456YB-8-12_bin27-k141_1029503_29	IdrB_TIER2|GCA_001623255.1|KZL05130.1	61.1	180	67	3	15	193	21	198	3.37e-82	236	193	198
SY456YB-8-12_bin27-k141_1029503_29	IdrB_TIER2|GCA_002732845.1|PHS79679.1	62.2	172	63	2	23	193	27	197	1.68e-77	224	193	197
SY456YB-8-12_bin27-k141_1029503_29	IdrB_TIER2|GCA_009653635.1|MRI32053.1	57.7	175	68	2	25	193	1	175	1.18e-72	212	193	196
SY456YB-8-12_bin27-k141_1029503_29	IdrB_TIER2|GCA_002718255.1|MBI48304.1	56.6	175	70	2	23	191	17	191	6.34e-72	210	193	194
SY456YB-8-12_bin27-k141_1029503_29	IdrB_TIER2|GCA_011051715.1|HEB97089.1	59.9	177	61	4	23	192	16	189	1.16e-71	209	193	191
SY456YB-8-12_bin27-k141_1029503_29	IdrB_TIER2|GCA_011371325.1|HHB91634.1	55.1	187	77	4	11	193	2	185	1.98e-71	208	193	186
SY456YB-8-12_bin27-k141_1029503_29	IdrB_TIER2|GCA_000785145.2|KHD08441.1	56.9	188	75	4	11	192	1	188	6.44e-71	207	193	190
SY456YB-8-12_bin27-k141_1029503_29	IdrB_TIER2|GCA_001715975.1|ODJ89648.1	59.9	177	61	4	23	192	16	189	1.09e-69	204	193	191
SY456YB-8-12_bin27-k141_1029503_29	IdrB_TIER2|GCA_002720555.1|MBJ78184.1	58.1	172	68	2	24	193	17	186	4.34e-68	200	193	186
SY456YB-8-12_bin27-k141_1029503_29	IdrB_TIER2|GCA_000283275.1|AFP30181.1	54.3	175	73	2	25	192	1	175	9.27e-68	199	193	177
SY456YB-8-12_bin27-k141_1029503_29	IdrB_TIER2|GCA_002717425.1|MBI13698.1	57.5	174	70	2	22	193	15	186	1.24e-67	199	193	186
SY456YB-8-12_bin27-k141_1029503_29	IdrB_TIER2|GCA_002687455.1|MAF55549.1	57.6	172	69	2	24	193	17	186	3.53e-67	197	193	186
SY456YB-8-12_bin27-k141_1029503_29	IdrB_TIER2|GCA_000272145.2|OEE78074.1	51.6	192	86	3	6	191	7	197	6.08e-67	197	193	203
SY456YB-8-12_bin27-k141_1029503_30	IdrP_like_TIER2|GCA_003544895.1|AXX96741.1	86.4	383	52	0	1	383	1	383	9.90e-256	691	383	383
SY456YB-8-12_bin27-k141_1029503_30	IdrP_like_TIER2|GCA_002732845.1|PHS79678.1	70.6	347	102	0	34	380	41	387	1.68e-189	523	383	393
SY456YB-8-12_bin27-k141_1029503_30	IdrP_like_TIER2|GCA_002897995.1|GBE44174.1	67.5	354	114	1	30	382	29	382	6.99e-185	511	383	387
SY456YB-8-12_bin27-k141_1029503_30	IdrP_like_TIER2|GCA_011371325.1|HHB91635.1	64.2	380	129	1	8	380	4	383	8.97e-185	511	383	394
SY456YB-8-12_bin27-k141_1029503_30	IdrP_like_TIER2|GCA_002731375.1|MBV37769.1	66.4	354	118	1	30	382	24	377	2.97e-182	504	383	380
SY456YB-8-12_bin27-k141_1029503_30	IdrP_like_TIER2|GCA_000785145.2|KHD08440.1	66.9	347	115	0	34	380	22	368	9.48e-181	501	383	379
SY456YB-8-12_bin27-k141_1029503_30	IdrP_like_TIER2|GCA_003864255.1|RRJ85033.1	66.7	348	116	0	30	377	29	376	1.42e-178	496	383	392
SY456YB-8-12_bin27-k141_1029503_30	IdrP_like_TIER2|GCA_002687515.1|MAF46991.1	65.4	347	115	1	34	380	34	375	2.53e-175	487	383	376
SY456YB-8-12_bin27-k141_1029503_30	IdrP_like_TIER2|GCA_001404295.1|CTQ63441.1	61.4	383	138	3	2	382	3	377	9.64e-174	483	383	380
SY456YB-8-12_bin27-k141_1029503_30	IdrP_like_TIER2|GCA_002725625.1|MBO31668.1	63.8	348	121	1	33	380	27	369	6.39e-172	478	383	370
SY456YB-8-12_bin27-k141_1029503_30	IdrP_like_TIER2|GCA_001404055.1|CTQ52170.1	60.8	383	140	3	2	382	3	377	1.05e-170	475	383	380
SY456YB-8-12_bin27-k141_1029503_30	IdrP_like_TIER2|GCA_001715975.1|ODJ89649.1	65.0	351	120	1	33	380	51	401	9.93e-170	474	383	414
SY456YB-8-12_bin27-k141_1029503_30	IdrP_like_TIER2|GCA_003660225.1|RLJ20877.1	61.2	384	139	2	7	380	16	399	7.54e-169	472	383	412
SY456YB-8-12_bin27-k141_1029503_30	IdrP_like_TIER2|GCA_002687455.1|MAF55548.1	63.7	347	121	1	34	380	33	374	8.95e-169	470	383	377
SY456YB-8-12_bin27-k141_1029503_30	IdrP_like_TIER2|GCA_003660235.1|RLJ20929.1	60.9	384	140	2	7	380	16	399	3.05e-168	470	383	412
SY456YB-8-12_bin27-k141_1029503_30	IdrP_like_TIER2|GCA_002717425.1|MBI13699.1	63.0	346	123	1	35	380	36	376	1.58e-167	467	383	379
SY456YB-8-12_bin27-k141_1029503_30	IdrP_like_TIER2|GCA_011051715.1|HEB97088.1	62.9	348	129	0	33	380	52	399	1.34e-164	461	383	412
SY456YB-8-12_bin27-k141_1029503_30	IdrP_like_TIER2|GCA_000283275.1|AFP30182.1	62.8	352	131	0	32	383	90	441	6.81e-164	461	383	449
SY456YB-8-12_bin27-k141_1029503_30	IdrP_like_TIER2|GCA_009653635.1|MRI32052.1	63.0	351	130	0	33	383	62	412	1.72e-163	459	383	425
SY456YB-8-12_bin27-k141_1029503_30	IdrP_like_TIER2|GCA_001443665.1|KRT55330.1	63.7	350	124	1	34	380	50	399	3.12e-163	457	383	412
SY456YB-8-12_bin27-k141_1029503_30	IdrP_like_TIER2|GCA_000224455.2|EGV52497.1	63.4	350	125	1	34	380	50	399	1.79e-162	456	383	412
SY456YB-8-12_bin27-k141_1029503_30	IdrP_like_TIER2|GCA_002718255.1|MBI48303.1	61.9	349	133	0	35	383	29	377	2.00e-162	454	383	385
SY456YB-8-12_bin27-k141_1029503_30	IdrP_like_TIER2|GCA_003934975.1|RRS37421.1	59.5	385	144	3	7	380	16	399	7.25e-162	454	383	412
SY456YB-8-12_bin27-k141_1029503_30	IdrP_like_TIER2|GCA_003610775.1|RKF21468.1	61.3	351	135	1	33	383	45	394	1.38e-159	448	383	402
SY456YB-8-12_bin27-k141_1029503_30	IdrP_like_TIER2|GCA_001623255.1|KZL05131.1	59.1	374	146	2	9	382	12	378	3.81e-159	446	383	381
SY456YB-8-12_bin27-k141_1029503_31	IdrP_like_TIER2|GCA_003544895.1|AXX96740.1	79.4	373	76	1	1	373	1	372	6.72e-228	619	373	372
SY456YB-8-12_bin27-k141_1029503_31	IdrP_like_TIER2|GCA_002897995.1|GBE44175.1	67.2	360	117	1	9	368	27	385	7.51e-185	511	373	390
SY456YB-8-12_bin27-k141_1029503_31	IdrP_like_TIER2|GCA_002731375.1|MBV37770.1	66.3	362	120	1	12	373	3	362	7.09e-181	500	373	362
SY456YB-8-12_bin27-k141_1029503_31	IdrP_like_TIER2|GCA_002725625.1|MBO31669.1	65.6	366	125	1	8	373	10	374	1.09e-180	500	373	374
SY456YB-8-12_bin27-k141_1029503_31	IdrP_like_TIER2|GCA_002687515.1|MAF46990.1	65.0	363	123	1	11	373	2	360	5.39e-180	498	373	360
SY456YB-8-12_bin27-k141_1029503_31	IdrP_like_TIER2|GCA_002732845.1|PHS79677.1	66.0	338	115	0	36	373	38	375	1.11e-173	482	373	375
SY456YB-8-12_bin27-k141_1029503_31	IdrP_like_TIER2|GCA_000785145.2|KHD08439.1	63.1	366	128	2	8	373	9	367	1.37e-172	479	373	367
SY456YB-8-12_bin27-k141_1029503_31	IdrP_like_TIER2|GCA_002733565.1|PHR90156.1	63.7	361	130	1	13	373	4	363	1.38e-171	476	373	363
SY456YB-8-12_bin27-k141_1029503_31	IdrP_like_TIER2|GCA_002836355.1|PKH06718.1	63.4	358	130	1	16	373	7	363	1.96e-171	476	373	363
SY456YB-8-12_bin27-k141_1029503_31	IdrP_like_TIER2|GCA_009653635.1|MRI32051.1	65.6	331	113	1	43	373	34	363	8.23e-166	462	373	363
SY456YB-8-12_bin27-k141_1029503_31	IdrP_like_TIER2|GCA_002687455.1|MAF55547.1	62.6	350	127	1	28	373	20	369	1.02e-165	462	373	369
SY456YB-8-12_bin27-k141_1029503_31	IdrP_like_TIER2|GCA_000272145.2|OEE78075.1	64.5	338	119	1	36	373	26	362	3.22e-165	460	373	362
SY456YB-8-12_bin27-k141_1029503_31	IdrP_like_TIER2|GCA_001939735.1|OLQ75249.1	64.0	342	122	1	32	373	23	363	9.53e-165	459	373	363
SY456YB-8-12_bin27-k141_1029503_31	IdrP_like_TIER2|GCA_002717425.1|MBI13700.1	64.7	331	113	1	47	373	26	356	3.02e-164	457	373	356
SY456YB-8-12_bin27-k141_1029503_31	IdrP_like_TIER2|GCA_003864255.1|RRJ85034.1	63.2	353	125	2	23	373	6	355	8.31e-164	456	373	355
SY456YB-8-12_bin27-k141_1029503_31	IdrP_like_TIER2|GCA_002720555.1|MBJ78182.1	63.7	336	118	1	42	373	34	369	1.36e-163	456	373	369
SY456YB-8-12_bin27-k141_1029503_31	IdrP_like_TIER2|GCA_000967665.1|KJZ16045.1	64.2	338	120	1	36	373	29	365	6.80e-163	454	373	365
SY456YB-8-12_bin27-k141_1029503_31	IdrP_like_TIER2|GCA_003934975.1|RRS37422.1	63.6	332	119	1	42	373	39	368	7.13e-161	449	373	368
SY456YB-8-12_bin27-k141_1029503_31	IdrP_like_TIER2|GCA_011371325.1|HHB91636.1	57.8	367	154	1	7	373	2	367	5.62e-160	447	373	367
SY456YB-8-12_bin27-k141_1029503_31	IdrP_like_TIER2|GCA_003660235.1|RLJ20930.1	59.5	363	141	2	15	373	8	368	2.72e-158	443	373	368
SY456YB-8-12_bin27-k141_1029503_31	IdrP_like_TIER2|GCA_003660225.1|RLJ20878.1	59.5	363	141	2	15	373	8	368	3.87e-158	442	373	368
SY456YB-8-12_bin27-k141_1029503_31	IdrP_like_TIER2|GCA_001715975.1|ODJ89650.1	61.1	339	130	1	35	373	32	368	1.20e-154	434	373	368
SY456YB-8-12_bin27-k141_1029503_31	IdrP_like_TIER2|GCA_011051715.1|HEB97087.1	57.7	366	149	2	12	373	5	368	2.42e-154	433	373	368
SY456YB-8-12_bin27-k141_1029503_31	IdrP_like_TIER2|GCA_002876485.1|PMO76000.1	62.5	331	123	1	43	373	28	357	2.70e-153	430	373	357
SY456YB-8-12_bin27-k141_1029503_31	IdrP_like_TIER2|GCA_005146635.1|TKG63042.1	62.5	331	123	1	43	373	28	357	5.43e-153	429	373	357
SY456YB-8-12_bin34-k141_963697_74	IdrP_like_TIER2|GCA_003544895.1|AXX96740.1	82.5	372	65	0	1	372	1	372	1.15e-237	644	372	372
SY456YB-8-12_bin34-k141_963697_74	IdrP_like_TIER2|GCA_002897995.1|GBE44175.1	67.5	351	112	1	22	372	42	390	3.05e-179	497	372	390
SY456YB-8-12_bin34-k141_963697_74	IdrP_like_TIER2|GCA_002731375.1|MBV37770.1	66.3	362	120	1	11	372	3	362	3.72e-178	493	372	362
SY456YB-8-12_bin34-k141_963697_74	IdrP_like_TIER2|GCA_002732845.1|PHS79677.1	63.0	373	137	1	1	372	3	375	8.73e-173	480	372	375
SY456YB-8-12_bin34-k141_963697_74	IdrP_like_TIER2|GCA_002725625.1|MBO31669.1	63.0	370	136	1	3	372	6	374	5.61e-171	475	372	374
SY456YB-8-12_bin34-k141_963697_74	IdrP_like_TIER2|GCA_002687515.1|MAF46990.1	64.1	351	126	0	22	372	10	360	5.62e-170	472	372	360
SY456YB-8-12_bin34-k141_963697_74	IdrP_like_TIER2|GCA_000785145.2|KHD08439.1	60.9	368	137	2	5	372	7	367	5.41e-160	447	372	367
SY456YB-8-12_bin34-k141_963697_74	IdrP_like_TIER2|GCA_011371325.1|HHB91636.1	61.9	339	129	0	34	372	29	367	8.87e-159	444	372	367
SY456YB-8-12_bin34-k141_963697_74	IdrP_like_TIER2|GCA_003864255.1|RRJ85034.1	62.7	332	124	0	41	372	24	355	3.87e-157	439	372	355
SY456YB-8-12_bin34-k141_963697_74	IdrP_like_TIER2|GCA_001939735.1|OLQ75249.1	63.0	343	126	1	30	372	22	363	5.93e-156	437	372	363
SY456YB-8-12_bin34-k141_963697_74	IdrP_like_TIER2|GCA_009653635.1|MRI32051.1	63.1	331	121	1	42	372	34	363	8.41e-156	436	372	363
SY456YB-8-12_bin34-k141_963697_74	IdrP_like_TIER2|GCA_002687455.1|MAF55547.1	62.8	336	121	1	41	372	34	369	1.20e-154	434	372	369
SY456YB-8-12_bin34-k141_963697_74	IdrP_like_TIER2|GCA_002836355.1|PKH06718.1	62.7	332	123	1	41	372	33	363	2.77e-154	432	372	363
SY456YB-8-12_bin34-k141_963697_74	IdrP_like_TIER2|GCA_002733565.1|PHR90156.1	63.3	332	121	1	41	372	33	363	3.94e-154	432	372	363
SY456YB-8-12_bin34-k141_963697_74	IdrP_like_TIER2|GCA_002720555.1|MBJ78182.1	62.8	336	121	1	41	372	34	369	6.88e-154	432	372	369
SY456YB-8-12_bin34-k141_963697_74	IdrP_like_TIER2|GCA_002717425.1|MBI13700.1	63.4	331	117	1	46	372	26	356	8.80e-154	431	372	356
SY456YB-8-12_bin34-k141_963697_74	IdrP_like_TIER2|GCA_001404295.1|CTQ63442.1	60.1	338	132	3	35	372	23	357	1.62e-149	420	372	357
SY456YB-8-12_bin34-k141_963697_74	IdrP_like_TIER2|GCA_011051715.1|HEB97087.1	56.3	366	154	2	11	372	5	368	9.63e-149	419	372	368
SY456YB-8-12_bin34-k141_963697_74	IdrP_like_TIER2|GCA_000272145.2|OEE78075.1	58.9	343	140	1	30	372	21	362	6.37e-148	416	372	362
SY456YB-8-12_bin34-k141_963697_74	IdrP_like_TIER2|GCA_000224925.2|EGW55493.1	56.8	368	156	2	5	372	4	368	1.58e-147	416	372	368
SY456YB-8-12_bin34-k141_963697_74	IdrP_like_TIER2|GCA_000224455.2|EGV52496.1	56.8	368	156	2	5	372	4	368	2.23e-147	415	372	368
SY456YB-8-12_bin34-k141_963697_74	IdrP_like_TIER2|GCA_001715975.1|ODJ89650.1	56.8	366	152	2	11	372	5	368	6.38e-147	414	372	368
SY456YB-8-12_bin34-k141_963697_74	IdrP_like_TIER2|GCA_003934975.1|RRS37422.1	60.5	332	129	1	41	372	39	368	6.38e-147	414	372	368
SY456YB-8-12_bin34-k141_963697_74	IdrP_like_TIER2|GCA_000967665.1|KJZ16045.1	59.8	338	135	1	35	372	29	365	1.16e-146	413	372	365
SY456YB-8-12_bin34-k141_963697_74	IdrP_like_TIER2|GCA_003610775.1|RKF21467.1	58.7	332	136	1	41	372	33	363	6.19e-146	411	372	363
SY456YB-8-12_bin34-k141_963697_75	IdrP_like_TIER2|GCA_003544895.1|AXX96741.1	85.6	383	53	1	1	381	1	383	4.83e-251	679	381	383
SY456YB-8-12_bin34-k141_963697_75	IdrP_like_TIER2|GCA_002732845.1|PHS79678.1	70.5	346	102	0	33	378	42	387	3.62e-188	520	381	393
SY456YB-8-12_bin34-k141_963697_75	IdrP_like_TIER2|GCA_002897995.1|GBE44174.1	65.8	357	122	0	22	378	24	380	6.47e-185	511	381	387
SY456YB-8-12_bin34-k141_963697_75	IdrP_like_TIER2|GCA_011371325.1|HHB91635.1	67.5	348	113	0	31	378	36	383	1.37e-183	508	381	394
SY456YB-8-12_bin34-k141_963697_75	IdrP_like_TIER2|GCA_000785145.2|KHD08440.1	67.6	346	112	0	33	378	23	368	5.34e-182	504	381	379
SY456YB-8-12_bin34-k141_963697_75	IdrP_like_TIER2|GCA_002731375.1|MBV37769.1	61.6	375	144	0	4	378	1	375	7.04e-178	493	381	380
SY456YB-8-12_bin34-k141_963697_75	IdrP_like_TIER2|GCA_001404295.1|CTQ63441.1	62.5	379	134	3	2	378	3	375	2.70e-175	487	381	380
SY456YB-8-12_bin34-k141_963697_75	IdrP_like_TIER2|GCA_003864255.1|RRJ85033.1	66.1	345	117	0	31	375	32	376	1.18e-174	486	381	392
SY456YB-8-12_bin34-k141_963697_75	IdrP_like_TIER2|GCA_001715975.1|ODJ89649.1	64.3	361	126	1	21	378	41	401	2.08e-173	483	381	414
SY456YB-8-12_bin34-k141_963697_75	IdrP_like_TIER2|GCA_002687515.1|MAF46991.1	64.2	346	119	1	33	378	35	375	1.47e-171	477	381	376
SY456YB-8-12_bin34-k141_963697_75	IdrP_like_TIER2|GCA_003660225.1|RLJ20877.1	65.0	346	121	0	33	378	54	399	1.83e-171	478	381	412
SY456YB-8-12_bin34-k141_963697_75	IdrP_like_TIER2|GCA_003660235.1|RLJ20929.1	65.0	346	121	0	33	378	54	399	1.83e-171	478	381	412
SY456YB-8-12_bin34-k141_963697_75	IdrP_like_TIER2|GCA_001404055.1|CTQ52170.1	61.5	379	138	3	2	378	3	375	2.41e-171	477	381	380
SY456YB-8-12_bin34-k141_963697_75	IdrP_like_TIER2|GCA_011051715.1|HEB97088.1	64.9	348	122	0	31	378	52	399	2.12e-170	476	381	412
SY456YB-8-12_bin34-k141_963697_75	IdrP_like_TIER2|GCA_002725625.1|MBO31668.1	60.2	362	139	1	17	378	13	369	4.31e-167	466	381	370
SY456YB-8-12_bin34-k141_963697_75	IdrP_like_TIER2|GCA_002687455.1|MAF55548.1	63.1	344	122	1	36	379	37	375	1.58e-166	464	381	377
SY456YB-8-12_bin34-k141_963697_75	IdrP_like_TIER2|GCA_003934975.1|RRS37421.1	64.1	337	121	0	42	378	63	399	8.79e-165	461	381	412
SY456YB-8-12_bin34-k141_963697_75	IdrP_like_TIER2|GCA_003610775.1|RKF21468.1	63.0	354	126	2	30	381	44	394	1.25e-164	461	381	402
SY456YB-8-12_bin34-k141_963697_75	IdrP_like_TIER2|GCA_009653635.1|MRI32052.1	61.8	359	137	0	23	381	54	412	1.38e-164	461	381	425
SY456YB-8-12_bin34-k141_963697_75	IdrP_like_TIER2|GCA_002717425.1|MBI13699.1	62.2	344	125	1	36	379	39	377	6.46e-164	458	381	379
SY456YB-8-12_bin34-k141_963697_75	IdrP_like_TIER2|GCA_001443665.1|KRT55330.1	64.2	349	122	1	33	378	51	399	1.44e-163	458	381	412
SY456YB-8-12_bin34-k141_963697_75	IdrP_like_TIER2|GCA_002711755.1|MBC58354.1	60.3	375	143	2	4	378	1	369	2.20e-163	456	381	374
SY456YB-8-12_bin34-k141_963697_75	IdrP_like_TIER2|GCA_002718255.1|MBI48303.1	62.9	350	130	0	32	381	28	377	2.28e-163	457	381	385
SY456YB-8-12_bin34-k141_963697_75	IdrP_like_TIER2|GCA_000224455.2|EGV52497.1	63.9	349	123	1	33	378	51	399	8.27e-163	456	381	412
SY456YB-8-12_bin34-k141_963697_75	IdrP_like_TIER2|GCA_007786305.1|TVU69348.1	60.4	346	137	0	33	378	32	377	1.68e-161	452	381	388
SY456YB-8-12_bin34-k141_963697_76	IdrB_TIER2|GCA_003544895.1|AXX96742.1	93.3	193	13	0	1	193	1	193	1.99e-135	370	193	193
SY456YB-8-12_bin34-k141_963697_76	IdrB_TIER2|GCA_002897995.1|GBE44173.1	70.9	172	49	1	23	193	25	196	2.60e-88	251	193	196
SY456YB-8-12_bin34-k141_963697_76	IdrB_TIER2|GCA_002725625.1|MBO31667.1	68.2	176	52	2	19	193	22	194	2.83e-87	249	193	194
SY456YB-8-12_bin34-k141_963697_76	IdrB_TIER2|GCA_002731375.1|MBV37768.1	69.8	172	50	2	23	193	25	195	7.93e-85	243	193	195
SY456YB-8-12_bin34-k141_963697_76	IdrB_TIER2|GCA_004331745.1|TCD13831.1	64.8	179	62	1	15	193	18	195	1.31e-83	239	193	195
SY456YB-8-12_bin34-k141_963697_76	IdrB_TIER2|GCA_003208435.1|PYG33377.1	64.2	179	63	1	15	193	18	195	1.85e-83	239	193	195
SY456YB-8-12_bin34-k141_963697_76	IdrB_TIER2|GCA_001404055.1|CTQ52169.1	64.1	181	62	3	14	193	20	198	3.37e-82	236	193	198
SY456YB-8-12_bin34-k141_963697_76	IdrB_TIER2|GCA_004216475.1|QBF32516.1	62.0	179	67	1	15	193	18	195	4.33e-82	236	193	195
SY456YB-8-12_bin34-k141_963697_76	IdrB_TIER2|GCA_002711755.1|MBC58353.1	63.7	179	64	1	15	193	18	195	1.76e-81	234	193	195
SY456YB-8-12_bin34-k141_963697_76	AioB_LOCAL|GCA_000756565.1|KGB81536.1	63.1	179	65	1	15	193	7	184	4.94e-81	233	193	184
SY456YB-8-12_bin34-k141_963697_76	IdrB_TIER2|GCA_001404295.1|CTQ63440.1	63.0	181	64	3	14	193	20	198	4.52e-80	231	193	198
SY456YB-8-12_bin34-k141_963697_76	IdrB_TIER2|GCA_001623255.1|KZL05130.1	61.7	180	66	3	15	193	21	198	9.11e-80	230	193	198
SY456YB-8-12_bin34-k141_963697_76	IdrB_TIER2|GCA_002687515.1|MAF46992.1	64.3	168	57	1	26	193	1	165	3.54e-79	227	193	165
SY456YB-8-12_bin34-k141_963697_76	IdrB_TIER2|GCA_002732845.1|PHS79679.1	62.2	172	63	2	23	193	27	197	5.55e-76	220	193	197
SY456YB-8-12_bin34-k141_963697_76	IdrB_TIER2|GCA_011371325.1|HHB91634.1	55.4	175	72	3	23	193	13	185	3.25e-70	205	193	186
SY456YB-8-12_bin34-k141_963697_76	IdrB_TIER2|GCA_009653635.1|MRI32053.1	56.0	175	71	2	25	193	1	175	9.03e-70	204	193	196
SY456YB-8-12_bin34-k141_963697_76	IdrB_TIER2|GCA_002717425.1|MBI13698.1	59.2	174	67	2	22	193	15	186	9.28e-70	204	193	186
SY456YB-8-12_bin34-k141_963697_76	IdrB_TIER2|GCA_000272145.2|OEE78074.1	54.9	184	76	3	14	191	15	197	1.85e-68	201	193	203
SY456YB-8-12_bin34-k141_963697_76	IdrB_TIER2|GCA_002836355.1|PKH06717.1	54.7	179	75	2	19	191	22	200	2.04e-68	201	193	206
SY456YB-8-12_bin34-k141_963697_76	IdrB_TIER2|GCA_011051715.1|HEB97089.1	56.4	188	71	5	11	191	5	188	3.59e-68	200	193	191
SY456YB-8-12_bin34-k141_963697_76	AioB_LOCAL|GCA_000953735.1|CED59803.1	54.7	179	75	2	19	191	22	200	5.81e-68	200	193	206
SY456YB-8-12_bin34-k141_963697_76	IdrB_TIER2|GCA_001715975.1|ODJ89648.1	56.4	188	71	5	11	191	5	188	1.03e-67	199	193	191
SY456YB-8-12_bin34-k141_963697_76	IdrB_TIER2|GCA_002720555.1|MBJ78184.1	57.0	172	70	2	24	193	17	186	1.24e-67	199	193	186
SY456YB-8-12_bin34-k141_963697_76	IdrB_TIER2|GCA_001939735.1|OLQ75251.1	52.4	187	82	3	11	191	9	194	1.37e-67	199	193	200
SY456YB-8-12_bin34-k141_963697_76	IdrB_TIER2|GCA_000785145.2|KHD08441.1	56.9	174	70	3	23	191	14	187	2.00e-67	198	193	190
SY456YB-8-12_bin4-k141_708485_185	IdrP_like_TIER2|GCA_003544895.1|AXX96740.1	70.5	370	109	0	4	373	3	372	9.33e-198	543	373	372
SY456YB-8-12_bin4-k141_708485_185	IdrP_like_TIER2|GCA_002725625.1|MBO31669.1	73.2	354	91	1	24	373	21	374	1.92e-195	537	373	374
SY456YB-8-12_bin4-k141_708485_185	IdrP_like_TIER2|GCA_002897995.1|GBE44175.1	68.0	375	115	2	2	373	18	390	1.14e-193	533	373	390
SY456YB-8-12_bin4-k141_708485_185	IdrP_like_TIER2|GCA_002687515.1|MAF46990.1	71.7	350	99	0	24	373	11	360	2.57e-192	529	373	360
SY456YB-8-12_bin4-k141_708485_185	IdrP_like_TIER2|GCA_002731375.1|MBV37770.1	72.8	338	92	0	36	373	25	362	1.85e-190	524	373	362
SY456YB-8-12_bin4-k141_708485_185	IdrP_like_TIER2|GCA_002732845.1|PHS79677.1	69.8	338	102	0	36	373	38	375	1.69e-182	504	373	375
SY456YB-8-12_bin4-k141_708485_185	IdrP_like_TIER2|GCA_009653635.1|MRI32051.1	67.2	348	113	1	26	373	17	363	3.28e-177	491	373	363
SY456YB-8-12_bin4-k141_708485_185	IdrP_like_TIER2|GCA_001939735.1|OLQ75249.1	67.4	341	110	1	33	373	24	363	1.26e-174	484	373	363
SY456YB-8-12_bin4-k141_708485_185	IdrP_like_TIER2|GCA_002733565.1|PHR90156.1	65.7	338	115	1	36	373	27	363	2.15e-168	468	373	363
SY456YB-8-12_bin4-k141_708485_185	IdrP_like_TIER2|GCA_002836355.1|PKH06718.1	63.3	349	127	1	25	373	16	363	8.71e-168	467	373	363
SY456YB-8-12_bin4-k141_708485_185	IdrP_like_TIER2|GCA_002717425.1|MBI13700.1	64.7	337	115	1	41	373	20	356	1.94e-167	466	373	356
SY456YB-8-12_bin4-k141_708485_185	IdrP_like_TIER2|GCA_000785145.2|KHD08439.1	64.5	338	118	1	36	373	32	367	2.02e-167	466	373	367
SY456YB-8-12_bin4-k141_708485_185	IdrP_like_TIER2|GCA_000272145.2|OEE78075.1	64.8	338	118	1	36	373	26	362	3.41e-167	465	373	362
SY456YB-8-12_bin4-k141_708485_185	IdrP_like_TIER2|GCA_011371325.1|HHB91636.1	59.6	366	148	0	8	373	2	367	1.65e-166	464	373	367
SY456YB-8-12_bin4-k141_708485_185	IdrP_like_TIER2|GCA_002687455.1|MAF55547.1	65.0	337	114	1	41	373	33	369	1.44e-165	461	373	369
SY456YB-8-12_bin4-k141_708485_185	IdrP_like_TIER2|GCA_002720555.1|MBJ78182.1	61.9	354	131	1	24	373	16	369	2.05e-165	461	373	369
SY456YB-8-12_bin4-k141_708485_185	IdrP_like_TIER2|GCA_000967665.1|KJZ16045.1	64.5	338	119	1	36	373	29	365	4.14e-164	457	373	365
SY456YB-8-12_bin4-k141_708485_185	IdrP_like_TIER2|GCA_003660225.1|RLJ20878.1	65.2	333	114	1	41	373	38	368	1.32e-163	456	373	368
SY456YB-8-12_bin4-k141_708485_185	IdrP_like_TIER2|GCA_003934975.1|RRS37422.1	65.2	333	114	1	41	373	38	368	2.65e-163	456	373	368
SY456YB-8-12_bin4-k141_708485_185	IdrP_like_TIER2|GCA_003864255.1|RRJ85034.1	61.5	351	134	1	23	373	6	355	3.37e-163	455	373	355
SY456YB-8-12_bin4-k141_708485_185	IdrP_like_TIER2|GCA_003660235.1|RLJ20930.1	64.9	333	115	1	41	373	38	368	1.52e-162	454	373	368
SY456YB-8-12_bin4-k141_708485_185	IdrP_like_TIER2|GCA_003610775.1|RKF21467.1	63.7	333	120	1	41	373	32	363	1.71e-160	448	373	363
SY456YB-8-12_bin4-k141_708485_185	IdrP_like_TIER2|GCA_001404295.1|CTQ63442.1	62.2	339	125	3	35	373	22	357	3.95e-160	447	373	357
SY456YB-8-12_bin4-k141_708485_185	IdrP_like_TIER2|GCA_011051715.1|HEB97087.1	62.7	338	124	1	36	373	33	368	3.87e-158	442	373	368
SY456YB-8-12_bin4-k141_708485_185	IdrP_like_TIER2|GCA_001715975.1|ODJ89650.1	62.7	338	124	1	36	373	33	368	1.28e-156	439	373	368
SY456YB-8-12_bin4-k141_708485_186	IdrP_like_TIER2|GCA_003544895.1|AXX96741.1	75.9	378	90	1	1	378	4	380	1.29e-219	599	384	383
SY456YB-8-12_bin4-k141_708485_186	IdrP_like_TIER2|GCA_002732845.1|PHS79678.1	69.4	392	112	1	1	384	2	393	4.36e-204	560	384	393
SY456YB-8-12_bin4-k141_708485_186	IdrP_like_TIER2|GCA_002897995.1|GBE44174.1	66.7	381	125	1	1	379	1	381	3.31e-195	538	384	387
SY456YB-8-12_bin4-k141_708485_186	IdrP_like_TIER2|GCA_002731375.1|MBV37769.1	68.9	354	109	1	31	384	28	380	1.27e-188	521	384	380
SY456YB-8-12_bin4-k141_708485_186	IdrP_like_TIER2|GCA_000785145.2|KHD08440.1	68.3	347	110	0	32	378	22	368	2.21e-184	510	384	379
SY456YB-8-12_bin4-k141_708485_186	IdrP_like_TIER2|GCA_011371325.1|HHB91635.1	68.5	349	110	0	30	378	35	383	5.36e-184	509	384	394
SY456YB-8-12_bin4-k141_708485_186	IdrP_like_TIER2|GCA_002687515.1|MAF46991.1	64.7	380	127	2	1	378	1	375	3.27e-183	507	384	376
SY456YB-8-12_bin4-k141_708485_186	IdrP_like_TIER2|GCA_002725625.1|MBO31668.1	65.1	361	121	1	18	378	14	369	5.84e-180	498	384	370
SY456YB-8-12_bin4-k141_708485_186	IdrP_like_TIER2|GCA_001715975.1|ODJ89649.1	65.5	362	122	1	20	378	40	401	1.60e-178	496	384	414
SY456YB-8-12_bin4-k141_708485_186	IdrP_like_TIER2|GCA_003660225.1|RLJ20877.1	64.4	360	126	1	19	378	42	399	2.00e-176	491	384	412
SY456YB-8-12_bin4-k141_708485_186	IdrP_like_TIER2|GCA_003660235.1|RLJ20929.1	64.4	360	126	1	19	378	42	399	2.00e-176	491	384	412
SY456YB-8-12_bin4-k141_708485_186	IdrP_like_TIER2|GCA_002687455.1|MAF55548.1	62.4	380	135	3	1	378	1	374	1.92e-175	487	384	377
SY456YB-8-12_bin4-k141_708485_186	IdrP_like_TIER2|GCA_003864255.1|RRJ85033.1	62.5	376	137	1	2	377	7	378	5.36e-174	484	384	392
SY456YB-8-12_bin4-k141_708485_186	IdrP_like_TIER2|GCA_011051715.1|HEB97088.1	63.6	368	133	1	12	378	32	399	3.09e-173	483	384	412
SY456YB-8-12_bin4-k141_708485_186	IdrP_like_TIER2|GCA_002717425.1|MBI13699.1	64.4	343	117	1	36	378	39	376	1.30e-171	478	384	379
SY456YB-8-12_bin4-k141_708485_186	IdrP_like_TIER2|GCA_003934975.1|RRS37421.1	64.7	337	119	0	42	378	63	399	5.52e-169	472	384	412
SY456YB-8-12_bin4-k141_708485_186	IdrP_like_TIER2|GCA_001443665.1|KRT55330.1	64.0	350	123	1	32	378	50	399	7.83e-169	472	384	412
SY456YB-8-12_bin4-k141_708485_186	IdrP_like_TIER2|GCA_000224455.2|EGV52497.1	63.7	350	124	1	32	378	50	399	4.50e-168	470	384	412
SY456YB-8-12_bin4-k141_708485_186	IdrP_like_TIER2|GCA_001623255.1|KZL05131.1	62.0	376	137	2	5	379	7	377	1.76e-167	467	384	381
SY456YB-8-12_bin4-k141_708485_186	IdrP_like_TIER2|GCA_002718255.1|MBI48303.1	63.2	353	130	0	26	378	22	374	4.71e-166	464	384	385
SY456YB-8-12_bin4-k141_708485_186	IdrP_like_TIER2|GCA_009653635.1|MRI32052.1	63.4	358	131	0	21	378	52	409	1.90e-165	464	384	425
SY456YB-8-12_bin4-k141_708485_186	IdrP_like_TIER2|GCA_002726415.1|MBP80848.1	61.1	375	145	1	7	380	12	386	1.85e-164	461	384	410
SY456YB-8-12_bin4-k141_708485_186	IdrP_like_TIER2|GCA_000283275.1|AFP30182.1	63.9	349	126	0	30	378	90	438	2.48e-164	462	384	449
SY456YB-8-12_bin4-k141_708485_186	IdrP_like_TIER2|GCA_001404295.1|CTQ63441.1	60.7	366	136	2	17	379	16	376	5.28e-164	458	384	380
SY456YB-8-12_bin4-k141_708485_186	IdrP_like_TIER2|GCA_002686015.1|MAF07886.1	63.0	351	129	1	31	380	43	393	1.35e-163	459	384	417
SY456YB-8-12_bin4-k141_708485_187	IdrB_TIER2|GCA_003544895.1|AXX96742.1	76.1	180	42	1	13	192	13	191	3.45e-102	286	194	193
SY456YB-8-12_bin4-k141_708485_187	IdrB_TIER2|GCA_002897995.1|GBE44173.1	67.3	171	56	0	23	193	25	195	7.35e-86	245	194	196
SY456YB-8-12_bin4-k141_708485_187	IdrB_TIER2|GCA_002725625.1|MBO31667.1	67.6	176	52	3	19	193	22	193	2.28e-84	241	194	194
SY456YB-8-12_bin4-k141_708485_187	IdrB_TIER2|GCA_001404055.1|CTQ52169.1	64.4	180	62	2	14	193	20	197	4.29e-83	238	194	198
SY456YB-8-12_bin4-k141_708485_187	IdrB_TIER2|GCA_002731375.1|MBV37768.1	62.9	186	65	2	11	193	10	194	7.81e-83	238	194	195
SY456YB-8-12_bin4-k141_708485_187	IdrB_TIER2|GCA_002732845.1|PHS79679.1	66.1	171	57	1	23	193	27	196	8.35e-83	238	194	197
SY456YB-8-12_bin4-k141_708485_187	IdrB_TIER2|GCA_001404295.1|CTQ63440.1	65.0	180	61	2	14	193	20	197	8.63e-83	238	194	198
SY456YB-8-12_bin4-k141_708485_187	IdrB_TIER2|GCA_001623255.1|KZL05130.1	62.0	179	66	2	15	193	21	197	4.70e-80	231	194	198
SY456YB-8-12_bin4-k141_708485_187	IdrB_TIER2|GCA_003208435.1|PYG33377.1	61.5	179	67	2	15	193	18	194	4.93e-79	228	194	195
SY456YB-8-12_bin4-k141_708485_187	IdrB_TIER2|GCA_004216475.1|QBF32516.1	59.8	179	70	2	15	193	18	194	2.68e-76	221	194	195
SY456YB-8-12_bin4-k141_708485_187	IdrB_TIER2|GCA_002687515.1|MAF46992.1	63.7	168	57	2	26	193	1	164	2.85e-76	220	194	165
SY456YB-8-12_bin4-k141_708485_187	IdrB_TIER2|GCA_004331745.1|TCD13831.1	59.2	179	71	2	15	193	18	194	4.40e-75	218	194	195
SY456YB-8-12_bin4-k141_708485_187	AioB_LOCAL|GCA_000756565.1|KGB81536.1	59.2	179	71	2	15	193	7	183	3.55e-74	215	194	184
SY456YB-8-12_bin4-k141_708485_187	IdrB_TIER2|GCA_002711755.1|MBC58353.1	58.7	179	72	2	15	193	18	194	1.45e-73	214	194	195
SY456YB-8-12_bin4-k141_708485_187	IdrB_TIER2|GCA_002720555.1|MBJ78184.1	60.2	171	63	3	24	192	17	184	1.02e-71	209	194	186
SY456YB-8-12_bin4-k141_708485_187	IdrB_TIER2|GCA_009653635.1|MRI32053.1	55.7	174	72	2	25	193	1	174	5.72e-71	207	194	196
SY456YB-8-12_bin4-k141_708485_187	IdrB_TIER2|GCA_002717425.1|MBI13698.1	59.3	172	65	3	22	191	15	183	8.33e-71	207	194	186
SY456YB-8-12_bin4-k141_708485_187	IdrB_TIER2|GCA_002718255.1|MBI48304.1	55.4	175	73	3	23	192	17	191	1.08e-70	207	194	194
SY456YB-8-12_bin4-k141_708485_187	IdrB_TIER2|GCA_011371325.1|HHB91634.1	55.5	173	72	3	23	192	13	183	1.68e-70	206	194	186
SY456YB-8-12_bin4-k141_708485_187	IdrB_TIER2|GCA_001715975.1|ODJ89648.1	56.5	184	70	5	15	192	9	188	2.80e-70	206	194	191
SY456YB-8-12_bin4-k141_708485_187	IdrB_TIER2|GCA_000272145.2|OEE78074.1	54.8	188	79	4	10	192	11	197	2.90e-70	206	194	203
SY456YB-8-12_bin4-k141_708485_187	IdrB_TIER2|GCA_002687455.1|MAF55549.1	59.6	171	64	3	24	192	17	184	4.79e-70	205	194	186
SY456YB-8-12_bin4-k141_708485_187	IdrB_TIER2|GCA_002836355.1|PKH06717.1	53.2	190	84	2	8	192	11	200	1.29e-69	204	194	206
SY456YB-8-12_bin4-k141_708485_187	IdrB_TIER2|GCA_011051715.1|HEB97089.1	55.7	176	69	4	23	192	16	188	1.61e-69	204	194	191
SY456YB-8-12_bin4-k141_708485_187	IdrB_TIER2|GCA_000283275.1|AFP30181.1	53.4	176	76	3	25	194	1	176	2.91e-69	202	194	177
SY456YB-8-12_bin5-k141_222164_3	IdrB_TIER2|GCA_002731375.1|MBV37768.1	80.7	171	33	0	25	195	25	195	1.10e-101	285	195	195
SY456YB-8-12_bin5-k141_222164_3	IdrB_TIER2|GCA_002897995.1|GBE44173.1	77.0	183	41	1	14	195	14	196	2.67e-100	282	195	196
SY456YB-8-12_bin5-k141_222164_3	IdrB_TIER2|GCA_002725625.1|MBO31667.1	70.7	174	48	1	22	195	24	194	1.37e-90	257	195	194
SY456YB-8-12_bin5-k141_222164_3	IdrB_TIER2|GCA_001404055.1|CTQ52169.1	72.3	173	48	0	23	195	26	198	1.83e-89	254	195	198
SY456YB-8-12_bin5-k141_222164_3	IdrB_TIER2|GCA_004331745.1|TCD13831.1	71.1	180	49	2	17	195	18	195	3.33e-89	254	195	195
SY456YB-8-12_bin5-k141_222164_3	IdrB_TIER2|GCA_001404295.1|CTQ63440.1	71.7	173	49	0	23	195	26	198	7.41e-89	253	195	198
SY456YB-8-12_bin5-k141_222164_3	IdrB_TIER2|GCA_004216475.1|QBF32516.1	68.9	180	53	2	17	195	18	195	1.57e-87	249	195	195
SY456YB-8-12_bin5-k141_222164_3	IdrB_TIER2|GCA_002687515.1|MAF46992.1	70.2	168	47	1	28	195	1	165	4.68e-87	247	195	165
SY456YB-8-12_bin5-k141_222164_3	IdrB_TIER2|GCA_002711755.1|MBC58353.1	71.0	176	48	2	21	195	22	195	3.67e-86	246	195	195
SY456YB-8-12_bin5-k141_222164_3	IdrB_TIER2|GCA_001623255.1|KZL05130.1	68.2	173	55	0	23	195	26	198	5.75e-86	246	195	198
SY456YB-8-12_bin5-k141_222164_3	AioB_LOCAL|GCA_000756565.1|KGB81536.1	70.5	176	49	2	21	195	11	184	1.03e-85	244	195	184
SY456YB-8-12_bin5-k141_222164_3	IdrB_TIER2|GCA_002732845.1|PHS79679.1	66.5	176	59	0	20	195	22	197	1.59e-85	244	195	197
SY456YB-8-12_bin5-k141_222164_3	IdrB_TIER2|GCA_003544895.1|AXX96742.1	63.8	196	67	3	1	195	1	193	1.97e-85	244	195	193
SY456YB-8-12_bin5-k141_222164_3	IdrB_TIER2|GCA_003208435.1|PYG33377.1	68.2	176	53	2	21	195	22	195	2.45e-84	241	195	195
SY456YB-8-12_bin5-k141_222164_3	IdrB_TIER2|GCA_011051715.1|HEB97089.1	60.0	185	69	4	14	194	6	189	7.61e-73	212	195	191
SY456YB-8-12_bin5-k141_222164_3	IdrB_TIER2|GCA_009653635.1|MRI32053.1	60.6	175	63	3	27	195	1	175	1.47e-71	209	195	196
SY456YB-8-12_bin5-k141_222164_3	IdrB_TIER2|GCA_001715975.1|ODJ89648.1	58.4	185	72	4	14	194	6	189	2.51e-71	208	195	191
SY456YB-8-12_bin5-k141_222164_3	IdrB_TIER2|GCA_011371325.1|HHB91634.1	57.1	184	75	3	15	195	3	185	8.65e-71	207	195	186
SY456YB-8-12_bin5-k141_222164_3	IdrB_TIER2|GCA_002876485.1|PMO75998.1	60.9	174	63	2	25	193	15	188	1.12e-70	207	195	194
SY456YB-8-12_bin5-k141_222164_3	IdrB_TIER2|GCA_007786305.1|TVU69349.1	59.3	177	67	2	22	193	12	188	1.12e-70	207	195	194
SY456YB-8-12_bin5-k141_222164_3	IdrB_TIER2|GCA_002875145.1|PMP13581.1	59.8	174	65	2	25	193	15	188	2.26e-70	206	195	194
SY456YB-8-12_bin5-k141_222164_3	IdrB_TIER2|GCA_002876245.1|PML52506.1	59.8	174	65	2	25	193	15	188	2.26e-70	206	195	194
SY456YB-8-12_bin5-k141_222164_3	IdrB_TIER2|GCA_002876335.1|PML16672.1	59.8	174	65	2	25	193	15	188	2.26e-70	206	195	194
SY456YB-8-12_bin5-k141_222164_3	IdrB_TIER2|GCA_002717425.1|MBI13698.1	61.8	170	65	0	26	195	17	186	1.42e-69	204	195	186
SY456YB-8-12_bin5-k141_222164_3	IdrB_TIER2|GCA_001443665.1|KRT55329.1	58.3	187	71	5	13	195	5	188	1.47e-69	204	195	198
SY456YB-8-12_bin5-k141_222164_4	IdrP_like_TIER2|GCA_002731375.1|MBV37769.1	80.5	343	67	0	1	343	38	380	7.14e-224	608	343	380
SY456YB-8-12_bin5-k141_222164_4	IdrP_like_TIER2|GCA_002897995.1|GBE44174.1	79.3	343	71	0	1	343	43	385	6.21e-222	603	343	387
SY456YB-8-12_bin5-k141_222164_4	IdrP_like_TIER2|GCA_002725625.1|MBO31668.1	78.1	338	69	1	1	338	37	369	1.77e-210	574	343	370
SY456YB-8-12_bin5-k141_222164_4	IdrP_like_TIER2|GCA_002687515.1|MAF46991.1	76.0	338	76	1	1	338	43	375	2.45e-207	566	343	376
SY456YB-8-12_bin5-k141_222164_4	IdrP_like_TIER2|GCA_002732845.1|PHS79678.1	67.3	343	112	0	1	343	50	392	1.23e-183	507	343	393
SY456YB-8-12_bin5-k141_222164_4	IdrP_like_TIER2|GCA_002687455.1|MAF55548.1	66.9	338	107	1	1	338	42	374	1.14e-182	504	343	377
SY456YB-8-12_bin5-k141_222164_4	IdrP_like_TIER2|GCA_003544895.1|AXX96741.1	65.7	338	116	0	1	338	43	380	1.04e-177	491	343	383
SY456YB-8-12_bin5-k141_222164_4	IdrP_like_TIER2|GCA_002717425.1|MBI13699.1	65.1	338	113	1	1	338	44	376	6.04e-176	487	343	379
SY456YB-8-12_bin5-k141_222164_4	IdrP_like_TIER2|GCA_000785145.2|KHD08440.1	60.1	338	135	0	1	338	31	368	3.75e-165	459	343	379
SY456YB-8-12_bin5-k141_222164_4	IdrP_like_TIER2|GCA_011371325.1|HHB91635.1	60.7	338	133	0	1	338	46	383	5.18e-164	457	343	394
SY456YB-8-12_bin5-k141_222164_4	IdrP_like_TIER2|GCA_001404295.1|CTQ63441.1	61.2	343	128	1	1	343	43	380	3.67e-163	454	343	380
SY456YB-8-12_bin5-k141_222164_4	IdrP_like_TIER2|GCA_002725995.1|MBQ62123.1	60.6	343	132	2	2	343	48	388	5.96e-163	455	343	414
SY456YB-8-12_bin5-k141_222164_4	IdrP_like_TIER2|GCA_003208435.1|PYG33376.1	61.1	342	128	1	1	342	36	372	8.81e-163	453	343	375
SY456YB-8-12_bin5-k141_222164_4	IdrP_like_TIER2|GCA_001404055.1|CTQ52170.1	60.9	343	129	1	1	343	43	380	6.04e-162	451	343	380
SY456YB-8-12_bin5-k141_222164_4	IdrP_like_TIER2|GCA_002686015.1|MAF07886.1	59.8	343	137	1	2	343	54	396	3.09e-161	451	343	417
SY456YB-8-12_bin5-k141_222164_4	IdrP_like_TIER2|GCA_002726415.1|MBP80848.1	60.4	341	134	1	2	341	47	387	3.45e-161	451	343	410
SY456YB-8-12_bin5-k141_222164_4	IdrP_like_TIER2|GCA_002725285.1|MBP17851.1	59.8	343	135	2	2	343	45	385	1.02e-160	449	343	411
SY456YB-8-12_bin5-k141_222164_4	IdrP_like_TIER2|GCA_011051715.1|HEB97088.1	60.5	337	133	0	2	338	63	399	4.27e-160	448	343	412
SY456YB-8-12_bin5-k141_222164_4	IdrP_like_TIER2|GCA_011049715.1|HEA69245.1	60.3	335	133	0	1	335	49	383	1.19e-158	444	343	397
SY456YB-8-12_bin5-k141_222164_4	IdrP_like_TIER2|GCA_003864255.1|RRJ85033.1	58.2	337	141	0	1	337	42	378	1.42e-158	443	343	392
SY456YB-8-12_bin5-k141_222164_4	IdrP_like_TIER2|GCA_002711755.1|MBC58354.1	60.1	343	132	1	1	343	37	374	3.08e-158	442	343	374
SY456YB-8-12_bin5-k141_222164_4	IdrP_like_TIER2|GCA_002729195.1|MBR03091.1	59.6	339	136	1	4	341	49	387	5.32e-158	442	343	410
SY456YB-8-12_bin5-k141_222164_4	IdrP_like_TIER2|GCA_002718255.1|MBI48303.1	59.5	338	137	0	1	338	37	374	2.59e-157	440	343	385
SY456YB-8-12_bin5-k141_222164_4	IdrP_like_TIER2|GCA_004331745.1|TCD13830.1	59.8	343	133	1	1	343	39	376	7.68e-157	438	343	376
SY456YB-8-12_bin5-k141_222164_4	IdrP_like_TIER2|GCA_001771985.1|OGA54488.1	59.2	341	136	2	2	341	44	382	1.71e-155	436	343	405
SY457BB-0-4_bin2-k141_509701_6	IdrP_like_TIER2|GCA_000785145.2|KHD08439.1	67.1	368	117	3	7	372	2	367	8.16e-181	500	372	367
SY457BB-0-4_bin2-k141_509701_6	IdrP_like_TIER2|GCA_000224925.2|EGW55493.1	67.0	367	117	3	8	372	4	368	2.42e-180	499	372	368
SY457BB-0-4_bin2-k141_509701_6	IdrP_like_TIER2|GCA_000224455.2|EGV52496.1	67.0	367	117	3	8	372	4	368	6.91e-180	498	372	368
SY457BB-0-4_bin2-k141_509701_6	IdrP_like_TIER2|GCA_003934975.1|RRS37422.1	66.8	367	118	3	8	372	4	368	2.29e-178	494	372	368
SY457BB-0-4_bin2-k141_509701_6	IdrP_like_TIER2|GCA_001443665.1|KRT55331.1	66.8	367	118	3	8	372	4	368	3.25e-178	493	372	368
SY457BB-0-4_bin2-k141_509701_6	IdrP_like_TIER2|GCA_003660225.1|RLJ20878.1	66.2	367	120	3	8	372	4	368	9.29e-178	492	372	368
SY457BB-0-4_bin2-k141_509701_6	IdrP_like_TIER2|GCA_003660235.1|RLJ20930.1	66.2	367	120	3	8	372	4	368	7.59e-177	490	372	368
SY457BB-0-4_bin2-k141_509701_6	IdrP_like_TIER2|GCA_011371325.1|HHB91636.1	65.3	363	124	2	12	372	5	367	5.99e-176	488	372	367
SY457BB-0-4_bin2-k141_509701_6	IdrP_like_TIER2|GCA_011051715.1|HEB97087.1	65.8	368	120	4	8	372	4	368	2.05e-174	484	372	368
SY457BB-0-4_bin2-k141_509701_6	IdrP_like_TIER2|GCA_001715975.1|ODJ89650.1	64.7	368	124	4	8	372	4	368	1.37e-172	479	372	368
SY457BB-0-4_bin2-k141_509701_6	IdrP_like_TIER2|GCA_003864255.1|RRJ85034.1	64.1	351	124	2	23	372	6	355	2.96e-166	462	372	355
SY457BB-0-4_bin2-k141_509701_6	IdrP_like_TIER2|GCA_000272145.2|OEE78075.1	63.5	362	130	2	12	372	2	362	7.65e-166	462	372	362
SY457BB-0-4_bin2-k141_509701_6	IdrP_like_TIER2|GCA_002836355.1|PKH06718.1	63.0	359	131	2	15	372	6	363	2.26e-165	461	372	363
SY457BB-0-4_bin2-k141_509701_6	IdrP_like_TIER2|GCA_005146635.1|TKG63042.1	66.2	337	112	2	37	372	22	357	5.23e-165	459	372	357
SY457BB-0-4_bin2-k141_509701_6	IdrP_like_TIER2|GCA_002875145.1|PMP13657.1	66.2	337	112	2	37	372	24	359	5.61e-165	459	372	359
SY457BB-0-4_bin2-k141_509701_6	IdrP_like_TIER2|GCA_002876335.1|PML16679.1	66.2	337	112	2	37	372	24	359	1.13e-164	459	372	359
SY457BB-0-4_bin2-k141_509701_6	IdrP_like_TIER2|GCA_002876485.1|PMO76000.1	65.9	337	113	2	37	372	22	357	3.01e-164	457	372	357
SY457BB-0-4_bin2-k141_509701_6	IdrP_like_TIER2|GCA_002876245.1|PML52513.1	65.6	337	114	2	37	372	24	359	6.50e-164	457	372	359
SY457BB-0-4_bin2-k141_509701_6	IdrP_like_TIER2|GCA_002733565.1|PHR90156.1	62.8	363	131	3	13	372	2	363	7.48e-164	457	372	363
SY457BB-0-4_bin2-k141_509701_6	IdrP_like_TIER2|GCA_001939735.1|OLQ75249.1	63.9	360	126	3	15	372	6	363	1.23e-162	454	372	363
SY457BB-0-4_bin2-k141_509701_6	IdrP_like_TIER2|GCA_009653635.1|MRI32051.1	61.5	366	134	3	8	372	4	363	1.65e-160	448	372	363
SY457BB-0-4_bin2-k141_509701_6	IdrP_like_TIER2|GCA_002897995.1|GBE44175.1	60.4	356	139	2	19	372	35	390	2.98e-160	449	372	390
SY457BB-0-4_bin2-k141_509701_6	IdrP_like_TIER2|GCA_002687455.1|MAF55547.1	62.3	363	125	3	22	372	7	369	4.73e-159	445	372	369
SY457BB-0-4_bin2-k141_509701_6	IdrP_like_TIER2|GCA_002731375.1|MBV37770.1	60.6	360	135	2	20	372	3	362	1.50e-158	443	372	362
SY457BB-0-4_bin2-k141_509701_6	IdrP_like_TIER2|GCA_007786305.1|TVU69347.1	63.0	349	124	4	26	372	22	367	1.03e-157	441	372	367
SY457BB-0-4_bin2-k141_509701_7	IdrP_like_TIER2|GCA_003660225.1|RLJ20877.1	67.5	400	110	3	10	391	8	405	8.29e-198	546	396	412
SY457BB-0-4_bin2-k141_509701_7	IdrP_like_TIER2|GCA_003934975.1|RRS37421.1	67.3	398	114	3	10	391	8	405	3.36e-197	544	396	412
SY457BB-0-4_bin2-k141_509701_7	IdrP_like_TIER2|GCA_003660235.1|RLJ20929.1	67.3	398	114	2	10	391	8	405	4.77e-197	544	396	412
SY457BB-0-4_bin2-k141_509701_7	IdrP_like_TIER2|GCA_011051715.1|HEB97088.1	71.0	376	104	2	20	392	33	406	4.77e-197	544	396	412
SY457BB-0-4_bin2-k141_509701_7	IdrP_like_TIER2|GCA_001715975.1|ODJ89649.1	72.7	363	94	2	33	392	48	408	1.03e-196	543	396	414
SY457BB-0-4_bin2-k141_509701_7	IdrP_like_TIER2|GCA_000785145.2|KHD08440.1	70.9	350	102	0	47	396	30	379	2.27e-194	536	396	379
SY457BB-0-4_bin2-k141_509701_7	IdrP_like_TIER2|GCA_001443665.1|KRT55330.1	65.2	405	121	4	5	391	3	405	5.24e-194	536	396	412
SY457BB-0-4_bin2-k141_509701_7	IdrP_like_TIER2|GCA_000224455.2|EGV52497.1	65.2	405	121	4	5	391	3	405	1.06e-193	535	396	412
SY457BB-0-4_bin2-k141_509701_7	IdrP_like_TIER2|GCA_011371325.1|HHB91635.1	69.5	361	108	1	36	396	36	394	2.86e-189	523	396	394
SY457BB-0-4_bin2-k141_509701_7	IdrP_like_TIER2|GCA_003864255.1|RRJ85033.1	65.5	357	121	1	36	392	32	386	3.32e-178	495	396	392
SY457BB-0-4_bin2-k141_509701_7	IdrP_like_TIER2|GCA_009653635.1|MRI32052.1	64.3	367	129	1	27	393	53	417	6.25e-172	481	396	425
SY457BB-0-4_bin2-k141_509701_7	IdrP_like_TIER2|GCA_001939735.1|OLQ75250.1	64.0	361	128	1	36	396	51	409	6.77e-170	475	396	409
SY457BB-0-4_bin2-k141_509701_7	IdrP_like_TIER2|GCA_000272145.2|OEE78082.1	62.5	363	134	1	34	396	14	374	2.65e-168	469	396	374
SY457BB-0-4_bin2-k141_509701_7	IdrP_like_TIER2|GCA_003610775.1|RKF21468.1	62.9	361	131	2	36	396	45	402	3.31e-166	465	396	402
SY457BB-0-4_bin2-k141_509701_7	IdrP_like_TIER2|GCA_002836355.1|PKH07232.1	62.9	361	132	1	36	396	4	362	1.89e-165	462	396	362
SY457BB-0-4_bin2-k141_509701_7	IdrP_like_TIER2|GCA_002718255.1|MBI48303.1	62.8	360	132	1	37	396	28	385	6.02e-165	461	396	385
SY457BB-0-4_bin2-k141_509701_7	IdrP_like_TIER2|GCA_007786305.1|TVU69348.1	60.5	385	146	2	12	396	10	388	9.49e-165	461	396	388
SY457BB-0-4_bin2-k141_509701_7	IdrP_like_TIER2|GCA_003544895.1|AXX96741.1	63.2	353	128	1	36	388	33	383	2.27e-164	460	396	383
SY457BB-0-4_bin2-k141_509701_7	IdrP_like_TIER2|GCA_002733565.1|PHR90155.1	61.8	361	136	1	36	396	58	416	8.28e-163	457	396	416
SY457BB-0-4_bin2-k141_509701_7	IdrP_like_TIER2|GCA_002876245.1|PML52507.1	62.4	346	130	0	46	391	38	383	1.27e-162	456	396	388
SY457BB-0-4_bin2-k141_509701_7	IdrP_like_TIER2|GCA_002876485.1|PMO75999.1	62.4	346	130	0	46	391	38	383	3.62e-162	454	396	388
SY457BB-0-4_bin2-k141_509701_7	IdrP_like_TIER2|GCA_002876335.1|PML16673.1	62.4	346	130	0	46	391	38	383	1.03e-161	453	396	388
SY457BB-0-4_bin2-k141_509701_7	IdrP_like_TIER2|GCA_002875145.1|PMP13580.1	62.1	346	131	0	46	391	38	383	4.18e-161	452	396	388
SY457BB-0-4_bin2-k141_509701_7	IdrP_like_TIER2|GCA_002687455.1|MAF55548.1	61.2	348	129	2	39	385	32	374	9.37e-160	448	396	377
SY457BB-0-4_bin2-k141_509701_7	IdrP_like_TIER2|GCA_000283275.1|AFP30182.1	61.8	351	134	0	46	396	99	449	1.59e-158	447	396	449
SY457BB-0-4_bin2-k141_509701_8	IdrB_TIER2|GCA_000785145.2|KHD08441.1	64.8	182	62	1	27	208	11	190	4.64e-89	254	208	190
SY457BB-0-4_bin2-k141_509701_8	IdrB_TIER2|GCA_003934975.1|RRS37420.1	61.3	186	67	2	23	208	9	189	1.34e-83	240	208	189
SY457BB-0-4_bin2-k141_509701_8	IdrB_TIER2|GCA_001715975.1|ODJ89648.1	60.5	185	70	1	23	207	9	190	4.08e-83	239	208	191
SY457BB-0-4_bin2-k141_509701_8	IdrB_TIER2|GCA_003660225.1|RLJ20876.1	60.2	186	69	2	23	208	9	189	3.12e-82	236	208	189
SY457BB-0-4_bin2-k141_509701_8	IdrB_TIER2|GCA_000224455.2|EGV52498.1	59.7	186	70	2	23	208	9	189	6.28e-82	236	208	189
SY457BB-0-4_bin2-k141_509701_8	IdrB_TIER2|GCA_011371325.1|HHB91634.1	63.1	179	61	3	28	206	11	184	8.06e-82	235	208	186
SY457BB-0-4_bin2-k141_509701_8	IdrB_TIER2|GCA_001443665.1|KRT55329.1	60.1	183	68	2	23	205	9	186	6.91e-81	233	208	198
SY457BB-0-4_bin2-k141_509701_8	IdrB_TIER2|GCA_003610775.1|RKF21469.1	57.1	184	78	1	23	206	10	192	1.35e-80	233	208	197
SY457BB-0-4_bin2-k141_509701_8	IdrB_TIER2|GCA_011051715.1|HEB97089.1	57.5	186	76	1	23	208	9	191	2.22e-80	232	208	191
SY457BB-0-4_bin2-k141_509701_8	IdrB_TIER2|GCA_002718255.1|MBI48304.1	55.6	196	82	2	10	205	1	191	3.48e-80	231	208	194
SY457BB-0-4_bin2-k141_509701_8	IdrB_TIER2|GCA_000272145.2|OEE78074.1	57.6	184	77	1	23	206	16	198	1.34e-79	230	208	203
SY457BB-0-4_bin2-k141_509701_8	AioB_LOCAL|GCA_000953735.1|CED59803.1	57.1	184	78	1	23	206	19	201	2.97e-79	229	208	206
SY457BB-0-4_bin2-k141_509701_8	IdrB_TIER2|GCA_001939735.1|OLQ75251.1	57.1	184	78	1	23	206	13	195	4.91e-79	229	208	200
SY457BB-0-4_bin2-k141_509701_8	IdrB_TIER2|GCA_002836355.1|PKH06717.1	56.5	184	79	1	23	206	19	201	1.20e-78	228	208	206
SY457BB-0-4_bin2-k141_509701_8	IdrB_TIER2|GCA_002875145.1|PMP13581.1	56.9	188	79	2	21	208	6	191	4.66e-78	226	208	194
SY457BB-0-4_bin2-k141_509701_8	IdrB_TIER2|GCA_002876245.1|PML52506.1	56.9	188	79	2	21	208	6	191	4.66e-78	226	208	194
SY457BB-0-4_bin2-k141_509701_8	IdrB_TIER2|GCA_002876335.1|PML16672.1	56.9	188	79	2	21	208	6	191	4.66e-78	226	208	194
SY457BB-0-4_bin2-k141_509701_8	IdrB_TIER2|GCA_002876485.1|PMO75998.1	56.9	188	79	2	21	208	6	191	4.66e-78	226	208	194
SY457BB-0-4_bin2-k141_509701_8	IdrB_TIER2|GCA_003864255.1|RRJ85032.1	59.8	179	69	1	30	208	12	187	5.25e-78	226	208	187
SY457BB-0-4_bin2-k141_509701_8	IdrB_TIER2|GCA_000967665.1|KJZ16189.1	59.0	183	74	1	24	206	24	205	5.55e-78	226	208	210
SY457BB-0-4_bin2-k141_509701_8	IdrB_TIER2|GCA_002733565.1|PHR90154.1	57.1	184	78	1	23	206	19	201	2.80e-77	224	208	206
SY457BB-0-4_bin2-k141_509701_8	IdrB_TIER2|GCA_000283275.1|AFP30181.1	60.0	175	68	2	32	205	1	174	8.79e-77	222	208	177
SY457BB-0-4_bin2-k141_509701_8	IdrB_TIER2|GCA_007786305.1|TVU69349.1	54.8	186	82	2	23	208	8	191	2.52e-75	219	208	194
SY457BB-0-4_bin2-k141_509701_8	IdrB_TIER2|GCA_009653635.1|MRI32053.1	56.9	174	74	1	32	205	1	173	5.42e-75	218	208	196
SY457BB-0-4_bin2-k141_509701_8	IdrB_TIER2|GCA_002897995.1|GBE44173.1	54.5	200	85	3	6	205	1	194	4.15e-72	211	208	196
SY457BB-0-4_bin20-k141_675426_2	IdrB_TIER2|GCA_008080565.1|TXT31846.1	50.3	167	76	2	1	166	21	181	8.85e-53	160	180	190
SY457BB-0-4_bin20-k141_675426_2	IdrB_TIER2|GCA_003538055.1|HCX33660.1	46.6	174	80	3	3	172	19	183	4.48e-52	159	180	186
SY457BB-0-4_bin20-k141_675426_2	IdrB_TIER2|GCA_002842415.1|PKO90735.1	49.4	166	77	2	3	167	25	184	1.08e-51	158	180	192
SY457BB-0-4_bin20-k141_675426_2	IdrB_TIER2|GCA_001801995.1|OGT91842.1	48.0	171	82	3	3	172	21	185	5.29e-51	156	180	187
SY457BB-0-4_bin20-k141_675426_2	IdrB_TIER2|GCA_003628555.1|AYH44093.1	48.2	166	79	2	3	167	29	188	1.97e-50	155	180	196
SY457BB-0-4_bin20-k141_675426_2	IdrB_TIER2|GCA_001771985.1|OGA54489.1	47.6	170	81	5	3	168	15	180	5.70e-50	153	180	185
SY457BB-0-4_bin20-k141_675426_2	AioB_LOCAL|GCA_001828925.1|OHC63617.1	49.1	165	73	2	3	166	19	173	1.39e-49	152	180	180
SY457BB-0-4_bin20-k141_675426_2	IdrB_TIER2|GCA_003486975.1|HAY10015.1	46.7	165	82	2	3	166	17	176	4.47e-49	151	180	184
SY457BB-0-4_bin20-k141_675426_2	IdrB_ANCHOR|IR12|CORE_IR12_IdrB__MBT0960285.1	47.4	173	78	3	3	172	22	184	4.61e-49	151	180	185
SY457BB-0-4_bin20-k141_675426_2	IdrB_TIER2|GCA_001797355.1|OGP07367.1	44.6	168	89	2	4	170	19	183	1.75e-48	149	180	183
SY457BB-0-4_bin20-k141_675426_2	AioB_LOCAL|GCA_001771285.1|OGB98045.1	45.1	175	84	4	3	172	11	178	4.54e-48	148	180	180
SY457BB-0-4_bin20-k141_675426_2	IdrB_TIER2|GCA_001788395.1|OGK84092.1	45.6	171	86	4	3	170	13	179	1.41e-47	147	180	183
SY457BB-0-4_bin20-k141_675426_2	IdrB_TIER2|GCA_003864275.1|GCA58264.1	46.1	167	83	2	3	168	25	185	2.60e-47	147	180	192
SY457BB-0-4_bin20-k141_675426_2	IdrB_TIER2|GCA_002720555.1|MBJ78184.1	45.1	173	87	3	3	172	19	186	3.09e-47	146	180	186
SY457BB-0-4_bin20-k141_675426_2	IdrB_TIER2|GCA_002687455.1|MAF55549.1	45.1	173	87	3	3	172	19	186	8.77e-47	145	180	186
SY457BB-0-4_bin20-k141_675426_2	IdrB_TIER2|GCA_001404055.1|CTQ52169.1	45.1	173	87	4	3	172	31	198	3.53e-46	144	180	198
SY457BB-0-4_bin20-k141_675426_2	IdrB_TIER2|GCA_002717425.1|MBI13698.1	42.9	170	89	3	2	168	18	182	2.84e-45	141	180	186
SY457BB-0-4_bin20-k141_675426_2	IdrB_TIER2|GCA_004331745.1|TCD13831.1	45.1	173	86	5	3	172	29	195	3.69e-45	141	180	195
SY457BB-0-4_bin20-k141_675426_2	IdrB_TIER2|GCA_001404295.1|CTQ63440.1	43.9	173	89	4	3	172	31	198	8.04e-45	140	180	198
SY457BB-0-4_bin20-k141_675426_2	IdrB_TIER2|GCA_003208435.1|PYG33377.1	46.2	173	84	6	3	172	29	195	1.48e-44	140	180	195
SY457BB-0-4_bin20-k141_675426_2	IdrB_TIER2|GCA_003610775.1|RKF21469.1	42.8	173	93	4	3	170	20	191	1.57e-44	140	180	197
SY457BB-0-4_bin20-k141_675426_2	IdrB_TIER2|GCA_002725995.1|MBQ62122.1	44.1	170	87	4	3	168	34	199	1.81e-44	140	180	202
SY457BB-0-4_bin20-k141_675426_2	IdrB_TIER2|GCA_004216475.1|QBF32516.1	45.1	173	86	6	3	172	29	195	4.19e-44	139	180	195
SY457BB-0-4_bin20-k141_675426_2	IdrB_TIER2|GCA_002720555.1|MBJ79550.1	41.8	182	94	4	3	172	24	205	8.09e-44	138	180	206
SY457BB-0-4_bin20-k141_675426_2	IdrB_TIER2|GCA_002731985.1|MBV52217.1	41.8	182	94	4	3	172	24	205	8.09e-44	138	180	206
SY457BB-0-4_bin35-k141_455312_4	IdrP_like_TIER2|GCA_002731375.1|MBV37770.1	66.4	357	119	1	16	371	6	362	4.16e-177	490	371	362
SY457BB-0-4_bin35-k141_455312_4	IdrP_like_TIER2|GCA_002897995.1|GBE44175.1	66.8	355	117	1	18	371	36	390	2.27e-176	489	371	390
SY457BB-0-4_bin35-k141_455312_4	IdrP_like_TIER2|GCA_002687515.1|MAF46990.1	67.5	354	113	2	20	371	7	360	2.84e-172	478	371	360
SY457BB-0-4_bin35-k141_455312_4	IdrP_like_TIER2|GCA_002725625.1|MBO31669.1	66.8	358	117	2	16	371	17	374	1.33e-171	477	371	374
SY457BB-0-4_bin35-k141_455312_4	IdrP_like_TIER2|GCA_003544895.1|AXX96740.1	67.3	349	111	2	26	371	24	372	2.74e-168	468	371	372
SY457BB-0-4_bin35-k141_455312_4	IdrP_like_TIER2|GCA_002732845.1|PHS79677.1	63.1	366	126	2	15	371	10	375	2.03e-166	464	371	375
SY457BB-0-4_bin35-k141_455312_4	IdrP_like_TIER2|GCA_001939735.1|OLQ75249.1	65.6	337	116	0	35	371	27	363	3.38e-162	452	371	363
SY457BB-0-4_bin35-k141_455312_4	IdrP_like_TIER2|GCA_002836355.1|PKH06718.1	65.0	337	118	0	35	371	27	363	2.76e-161	450	371	363
SY457BB-0-4_bin35-k141_455312_4	IdrP_like_TIER2|GCA_000272145.2|OEE78075.1	65.0	337	118	0	35	371	26	362	4.37e-160	447	371	362
SY457BB-0-4_bin35-k141_455312_4	IdrP_like_TIER2|GCA_002733565.1|PHR90156.1	64.7	337	119	0	35	371	27	363	1.05e-158	444	371	363
SY457BB-0-4_bin35-k141_455312_4	IdrP_like_TIER2|GCA_002717425.1|MBI13700.1	63.7	347	121	2	30	371	10	356	5.48e-157	439	371	356
SY457BB-0-4_bin35-k141_455312_4	IdrP_like_TIER2|GCA_009653635.1|MRI32051.1	63.6	335	122	0	37	371	29	363	2.00e-156	438	371	363
SY457BB-0-4_bin35-k141_455312_4	IdrP_like_TIER2|GCA_000967665.1|KJZ16045.1	60.3	355	138	1	20	371	11	365	2.02e-154	433	371	365
SY457BB-0-4_bin35-k141_455312_4	IdrP_like_TIER2|GCA_011371325.1|HHB91636.1	58.8	364	149	1	9	371	4	367	1.76e-153	431	371	367
SY457BB-0-4_bin35-k141_455312_4	IdrP_like_TIER2|GCA_001404055.1|CTQ52171.1	59.9	357	139	2	15	371	5	357	1.77e-153	430	371	357
SY457BB-0-4_bin35-k141_455312_4	IdrP_like_TIER2|GCA_001404295.1|CTQ63442.1	59.4	357	141	2	15	371	5	357	1.77e-153	430	371	357
SY457BB-0-4_bin35-k141_455312_4	IdrP_like_TIER2|GCA_003864255.1|RRJ85034.1	61.4	355	130	3	18	371	7	355	4.70e-153	429	371	355
SY457BB-0-4_bin35-k141_455312_4	IdrP_like_TIER2|GCA_002711755.1|MBC58355.1	59.7	352	140	1	20	371	8	357	2.04e-152	427	371	357
SY457BB-0-4_bin35-k141_455312_4	IdrP_like_TIER2|GCA_007786305.1|TVU69347.1	63.3	332	122	0	40	371	36	367	2.89e-152	427	371	367
SY457BB-0-4_bin35-k141_455312_4	IdrP_like_TIER2|GCA_004216475.1|QBF32518.1	59.2	363	142	2	9	371	2	358	1.21e-151	426	371	358
SY457BB-0-4_bin35-k141_455312_4	IdrP_like_TIER2|GCA_000785145.2|KHD08439.1	58.8	352	144	1	20	371	17	367	1.66e-151	426	371	367
SY457BB-0-4_bin35-k141_455312_4	IdrP_like_TIER2|GCA_002687455.1|MAF55547.1	62.6	337	121	2	40	371	33	369	2.52e-151	425	371	369
SY457BB-0-4_bin35-k141_455312_4	IdrP_like_TIER2|GCA_005146635.1|TKG63042.1	63.6	332	121	0	40	371	26	357	1.92e-150	422	371	357
SY457BB-0-4_bin35-k141_455312_4	IdrP_like_TIER2|GCA_002875145.1|PMP13657.1	63.6	332	121	0	40	371	28	359	2.06e-150	422	371	359
SY457BB-0-4_bin35-k141_455312_4	IdrP_like_TIER2|GCA_001623255.1|KZL05132.1	59.9	349	138	1	23	371	24	370	4.28e-150	422	371	370
SY457BB-0-4_bin35-k141_455312_6	IdrP_like_TIER2|GCA_003208435.1|PYG33376.1	73.6	318	84	0	1	318	52	369	4.62e-181	499	323	375
SY457BB-0-4_bin35-k141_455312_6	IdrP_like_TIER2|GCA_001404295.1|CTQ63441.1	72.3	318	88	0	1	318	59	376	6.41e-180	496	323	380
SY457BB-0-4_bin35-k141_455312_6	IdrP_like_TIER2|GCA_002711755.1|MBC58354.1	70.7	317	93	0	2	318	54	370	1.63e-176	487	323	374
SY457BB-0-4_bin35-k141_455312_6	IdrP_like_TIER2|GCA_001404055.1|CTQ52170.1	71.1	318	92	0	1	318	59	376	2.87e-176	487	323	380
SY457BB-0-4_bin35-k141_455312_6	IdrP_like_TIER2|GCA_004216475.1|QBF32517.1	71.0	317	92	0	2	318	55	371	9.75e-176	485	323	375
SY457BB-0-4_bin35-k141_455312_6	IdrP_like_TIER2|GCA_001623255.1|KZL05131.1	68.8	320	100	0	1	320	60	379	5.39e-172	476	323	381
SY457BB-0-4_bin35-k141_455312_6	IdrP_like_TIER2|GCA_004331745.1|TCD13830.1	68.8	317	99	0	2	318	56	372	1.83e-171	474	323	376
SY457BB-0-4_bin35-k141_455312_6	IdrP_like_TIER2|GCA_002687455.1|MAF55548.1	68.5	317	100	0	1	317	58	374	1.04e-168	468	323	377
SY457BB-0-4_bin35-k141_455312_6	IdrP_like_TIER2|GCA_002717425.1|MBI13699.1	66.6	317	106	0	1	317	60	376	4.51e-168	466	323	379
SY457BB-0-4_bin35-k141_455312_6	IdrP_like_TIER2|GCA_002718255.1|MBI48303.1	66.1	322	104	1	1	317	53	374	4.99e-164	456	323	385
SY457BB-0-4_bin35-k141_455312_6	IdrP_like_TIER2|GCA_009653635.1|MRI32052.1	66.4	321	103	1	2	317	89	409	2.84e-163	456	323	425
SY457BB-0-4_bin35-k141_455312_6	IdrP_like_TIER2|GCA_000283275.1|AFP30182.1	66.8	322	102	1	1	317	117	438	2.61e-162	454	323	449
SY457BB-0-4_bin35-k141_455312_6	IdrP_like_TIER2|GCA_011371325.1|HHB91635.1	63.7	322	112	1	1	317	62	383	4.97e-159	444	323	394
SY457BB-0-4_bin35-k141_455312_6	IdrP_like_TIER2|GCA_001939735.1|OLQ75250.1	66.1	319	103	1	1	314	77	395	1.18e-158	443	323	409
SY457BB-0-4_bin35-k141_455312_6	IdrP_like_TIER2|GCA_003864255.1|RRJ85033.1	63.9	321	111	1	1	316	58	378	1.25e-156	437	323	392
SY457BB-0-4_bin35-k141_455312_6	IdrP_like_TIER2|GCA_000272145.2|OEE78082.1	65.1	318	106	1	2	314	43	360	1.35e-156	437	323	374
SY457BB-0-4_bin35-k141_455312_6	IdrP_like_TIER2|GCA_002897995.1|GBE44174.1	63.4	325	114	1	1	320	59	383	4.26e-156	436	323	387
SY457BB-0-4_bin35-k141_455312_6	IdrP_like_TIER2|GCA_000967665.1|KJZ16046.1	64.3	322	110	1	1	317	92	413	5.32e-156	437	323	424
SY457BB-0-4_bin35-k141_455312_6	IdrP_like_TIER2|GCA_002733565.1|PHR90155.1	65.4	318	105	1	2	314	85	402	5.75e-156	437	323	416
SY457BB-0-4_bin35-k141_455312_6	IdrP_like_TIER2|GCA_002687515.1|MAF46991.1	62.8	317	118	0	1	317	59	375	8.31e-156	435	323	376
SY457BB-0-4_bin35-k141_455312_6	IdrP_like_TIER2|GCA_002731375.1|MBV37769.1	62.8	323	115	1	1	318	54	376	9.55e-156	435	323	380
SY457BB-0-4_bin35-k141_455312_6	IdrP_like_TIER2|GCA_002725625.1|MBO31668.1	63.4	317	116	0	1	317	53	369	2.23e-154	431	323	370
SY457BB-0-4_bin35-k141_455312_6	IdrP_like_TIER2|GCA_002836355.1|PKH07232.1	64.2	318	109	1	2	314	31	348	2.40e-154	431	323	362
SY457BB-0-4_bin35-k141_455312_6	IdrP_like_TIER2|GCA_007786305.1|TVU69348.1	63.0	322	114	1	1	317	56	377	5.91e-154	431	323	388
SY457BB-0-4_bin35-k141_455312_6	IdrP_like_TIER2|GCA_000785145.2|KHD08440.1	62.1	322	117	1	1	317	47	368	1.75e-153	429	323	379
SY457BB-0-4_bin35-k141_455312_7	IdrB_TIER2|GCA_001404055.1|CTQ52169.1	72.4	174	47	1	15	188	24	196	5.26e-90	256	190	198
SY457BB-0-4_bin35-k141_455312_7	IdrB_TIER2|GCA_001404295.1|CTQ63440.1	72.4	174	47	1	15	188	24	196	6.10e-89	253	190	198
SY457BB-0-4_bin35-k141_455312_7	IdrB_TIER2|GCA_001623255.1|KZL05130.1	69.0	174	53	1	15	188	24	196	6.73e-86	245	190	198
SY457BB-0-4_bin35-k141_455312_7	IdrB_TIER2|GCA_003208435.1|PYG33377.1	68.3	180	49	3	14	188	17	193	2.87e-84	241	190	195
SY457BB-0-4_bin35-k141_455312_7	IdrB_TIER2|GCA_004331745.1|TCD13831.1	68.3	180	49	3	14	188	17	193	5.77e-84	240	190	195
SY457BB-0-4_bin35-k141_455312_7	IdrB_TIER2|GCA_004216475.1|QBF32516.1	67.2	180	51	3	14	188	17	193	9.51e-83	237	190	195
SY457BB-0-4_bin35-k141_455312_7	IdrB_TIER2|GCA_003544895.1|AXX96742.1	65.1	169	58	1	20	188	24	191	1.26e-82	237	190	193
SY457BB-0-4_bin35-k141_455312_7	IdrB_TIER2|GCA_002897995.1|GBE44173.1	68.0	169	54	0	20	188	26	194	1.62e-81	234	190	196
SY457BB-0-4_bin35-k141_455312_7	IdrB_TIER2|GCA_002711755.1|MBC58353.1	67.5	169	53	1	20	188	27	193	2.57e-80	231	190	195
SY457BB-0-4_bin35-k141_455312_7	AioB_LOCAL|GCA_000756565.1|KGB81536.1	66.9	169	54	1	20	188	16	182	7.25e-80	229	190	184
SY457BB-0-4_bin35-k141_455312_7	IdrB_TIER2|GCA_002725625.1|MBO31667.1	64.9	168	55	2	20	187	28	191	1.17e-78	227	190	194
SY457BB-0-4_bin35-k141_455312_7	IdrB_TIER2|GCA_002731375.1|MBV37768.1	65.7	169	57	1	20	188	26	193	1.21e-78	227	190	195
SY457BB-0-4_bin35-k141_455312_7	IdrB_TIER2|GCA_002732845.1|PHS79679.1	63.9	169	60	1	20	188	28	195	1.41e-75	219	190	197
SY457BB-0-4_bin35-k141_455312_7	IdrB_TIER2|GCA_002687515.1|MAF46992.1	62.3	167	59	2	22	188	1	163	2.32e-74	215	190	165
SY457BB-0-4_bin35-k141_455312_7	IdrB_TIER2|GCA_002720555.1|MBJ78184.1	58.5	171	70	1	20	190	17	186	3.88e-68	200	190	186
SY457BB-0-4_bin35-k141_455312_7	IdrB_TIER2|GCA_002687455.1|MAF55549.1	57.9	171	71	1	20	190	17	186	6.36e-67	197	190	186
SY457BB-0-4_bin35-k141_455312_7	IdrB_TIER2|GCA_002717425.1|MBI13698.1	57.6	172	72	1	19	190	16	186	2.57e-66	195	190	186
SY457BB-0-4_bin35-k141_455312_7	IdrB_TIER2|GCA_000967665.1|KJZ16189.1	55.7	176	73	3	20	190	31	206	7.82e-66	195	190	210
SY457BB-0-4_bin35-k141_455312_7	IdrB_TIER2|GCA_001715975.1|ODJ89648.1	57.1	175	70	4	20	190	17	190	8.61e-66	194	190	191
SY457BB-0-4_bin35-k141_455312_7	IdrB_TIER2|GCA_009653635.1|MRI32053.1	56.4	172	70	2	22	188	2	173	1.01e-65	194	190	196
SY457BB-0-4_bin35-k141_455312_7	IdrB_TIER2|GCA_000272145.2|OEE78074.1	55.7	176	73	3	20	190	24	199	1.79e-65	194	190	203
SY457BB-0-4_bin35-k141_455312_7	IdrB_TIER2|GCA_000283275.1|AFP30181.1	53.2	173	75	2	22	188	2	174	6.35e-65	191	190	177
SY457BB-0-4_bin35-k141_455312_7	IdrB_TIER2|GCA_002876485.1|PMO75998.1	56.6	175	72	2	20	190	16	190	1.09e-64	191	190	194
SY457BB-0-4_bin35-k141_455312_7	IdrB_TIER2|GCA_002875145.1|PMP13581.1	55.4	175	74	2	20	190	16	190	2.20e-64	191	190	194
SY457BB-0-4_bin35-k141_455312_7	IdrB_TIER2|GCA_002876245.1|PML52506.1	55.4	175	74	2	20	190	16	190	2.20e-64	191	190	194
SY457BB-0-4_bin6-k141_196093_80	IdrP_like_TIER2|GCA_002897995.1|GBE44175.1	75.7	382	90	2	13	391	9	390	3.61e-218	596	391	390
SY457BB-0-4_bin6-k141_196093_80	IdrP_like_TIER2|GCA_002731375.1|MBV37770.1	75.3	360	85	1	36	391	3	362	3.21e-205	562	391	362
SY457BB-0-4_bin6-k141_196093_80	IdrP_like_TIER2|GCA_002725625.1|MBO31669.1	70.1	371	110	1	22	391	4	374	1.65e-196	541	391	374
SY457BB-0-4_bin6-k141_196093_80	IdrP_like_TIER2|GCA_002732845.1|PHS79677.1	71.1	346	100	0	46	391	30	375	1.33e-193	533	391	375
SY457BB-0-4_bin6-k141_196093_80	IdrP_like_TIER2|GCA_002687515.1|MAF46990.1	73.5	339	90	0	53	391	22	360	8.95e-193	531	391	360
SY457BB-0-4_bin6-k141_196093_80	IdrP_like_TIER2|GCA_003544895.1|AXX96740.1	69.6	365	109	1	29	391	8	372	7.55e-190	524	391	372
SY457BB-0-4_bin6-k141_196093_80	IdrP_like_TIER2|GCA_001939735.1|OLQ75249.1	69.0	339	104	1	53	391	26	363	1.19e-179	498	391	363
SY457BB-0-4_bin6-k141_196093_80	IdrP_like_TIER2|GCA_002836355.1|PKH06718.1	66.8	340	112	1	52	391	25	363	3.54e-174	484	391	363
SY457BB-0-4_bin6-k141_196093_80	IdrP_like_TIER2|GCA_002733565.1|PHR90156.1	65.6	340	116	1	52	391	25	363	1.44e-173	482	391	363
SY457BB-0-4_bin6-k141_196093_80	IdrP_like_TIER2|GCA_009653635.1|MRI32051.1	64.8	358	122	2	34	391	10	363	2.89e-173	481	391	363
SY457BB-0-4_bin6-k141_196093_80	IdrP_like_TIER2|GCA_000272145.2|OEE78075.1	65.1	341	118	1	51	391	23	362	2.49e-169	471	391	362
SY457BB-0-4_bin6-k141_196093_80	IdrP_like_TIER2|GCA_011371325.1|HHB91636.1	61.1	368	142	1	24	391	1	367	2.98e-169	471	391	367
SY457BB-0-4_bin6-k141_196093_80	IdrP_like_TIER2|GCA_000967665.1|KJZ16045.1	64.7	348	119	2	47	391	19	365	1.85e-167	467	391	365
SY457BB-0-4_bin6-k141_196093_80	IdrP_like_TIER2|GCA_002717425.1|MBI13700.1	65.4	335	112	1	56	386	17	351	5.44e-167	465	391	356
SY457BB-0-4_bin6-k141_196093_80	IdrP_like_TIER2|GCA_003864255.1|RRJ85034.1	62.9	361	127	3	31	391	2	355	7.44e-167	465	391	355
SY457BB-0-4_bin6-k141_196093_80	IdrP_like_TIER2|GCA_000785145.2|KHD08439.1	61.3	372	135	3	24	391	1	367	1.62e-166	464	391	367
SY457BB-0-4_bin6-k141_196093_80	IdrP_like_TIER2|GCA_002687455.1|MAF55547.1	64.5	335	115	1	56	386	30	364	1.89e-163	457	391	369
SY457BB-0-4_bin6-k141_196093_80	IdrP_like_TIER2|GCA_002875145.1|PMP13657.1	60.8	360	140	1	32	391	1	359	2.06e-160	449	391	359
SY457BB-0-4_bin6-k141_196093_80	IdrP_like_TIER2|GCA_002876335.1|PML16679.1	60.8	360	140	1	32	391	1	359	2.06e-160	449	391	359
SY457BB-0-4_bin6-k141_196093_80	IdrP_like_TIER2|GCA_002720555.1|MBJ78182.1	63.6	335	118	1	56	386	30	364	5.88e-160	448	391	369
SY457BB-0-4_bin6-k141_196093_80	IdrP_like_TIER2|GCA_005146635.1|TKG63042.1	62.2	339	127	1	53	391	20	357	7.76e-160	447	391	357
SY457BB-0-4_bin6-k141_196093_80	IdrP_like_TIER2|GCA_002876245.1|PML52513.1	60.6	360	141	1	32	391	1	359	8.33e-160	447	391	359
SY457BB-0-4_bin6-k141_196093_80	IdrP_like_TIER2|GCA_002876485.1|PMO76000.1	60.5	357	140	1	35	391	2	357	3.14e-159	446	391	357
SY457BB-0-4_bin6-k141_196093_80	IdrP_like_TIER2|GCA_003610775.1|RKF21467.1	62.2	336	126	1	56	391	29	363	7.81e-159	445	391	363
SY457BB-0-4_bin6-k141_196093_80	IdrP_like_TIER2|GCA_001404055.1|CTQ52171.1	61.2	340	129	2	52	391	21	357	8.97e-159	444	391	357
SY457BB-0-4_bin6-k141_196093_81	IdrP_like_TIER2|GCA_002731375.1|MBV37769.1	78.9	383	78	1	1	383	1	380	1.97e-236	642	383	380
SY457BB-0-4_bin6-k141_196093_81	IdrP_like_TIER2|GCA_002897995.1|GBE44174.1	78.2	385	82	1	1	383	1	385	1.04e-235	640	383	387
SY457BB-0-4_bin6-k141_196093_81	IdrP_like_TIER2|GCA_002725625.1|MBO31668.1	76.8	366	78	2	15	378	9	369	7.32e-218	594	383	370
SY457BB-0-4_bin6-k141_196093_81	IdrP_like_TIER2|GCA_002687515.1|MAF46991.1	72.4	380	98	2	1	378	1	375	2.76e-212	580	383	376
SY457BB-0-4_bin6-k141_196093_81	IdrP_like_TIER2|GCA_002732845.1|PHS79678.1	66.9	356	118	0	28	383	37	392	4.54e-187	517	383	393
SY457BB-0-4_bin6-k141_196093_81	IdrP_like_TIER2|GCA_002687455.1|MAF55548.1	65.3	360	120	1	19	378	20	374	2.43e-185	512	383	377
SY457BB-0-4_bin6-k141_196093_81	IdrP_like_TIER2|GCA_003544895.1|AXX96741.1	63.5	381	135	2	1	378	1	380	1.22e-184	511	383	383
SY457BB-0-4_bin6-k141_196093_81	IdrP_like_TIER2|GCA_002717425.1|MBI13699.1	63.0	354	126	1	25	378	28	376	2.43e-176	489	383	379
SY457BB-0-4_bin6-k141_196093_81	IdrP_like_TIER2|GCA_000785145.2|KHD08440.1	61.1	347	135	0	32	378	22	368	5.05e-171	476	383	379
SY457BB-0-4_bin6-k141_196093_81	IdrP_like_TIER2|GCA_003208435.1|PYG33376.1	61.0	372	138	2	13	382	6	372	1.45e-169	472	383	375
SY457BB-0-4_bin6-k141_196093_81	IdrP_like_TIER2|GCA_011371325.1|HHB91635.1	60.6	348	137	0	31	378	36	383	8.09e-169	471	383	394
SY457BB-0-4_bin6-k141_196093_81	IdrP_like_TIER2|GCA_001404295.1|CTQ63441.1	60.2	372	143	1	12	383	14	380	1.41e-168	470	383	380
SY457BB-0-4_bin6-k141_196093_81	IdrP_like_TIER2|GCA_002725995.1|MBQ62123.1	59.3	371	148	2	14	383	20	388	2.67e-167	468	383	414
SY457BB-0-4_bin6-k141_196093_81	IdrP_like_TIER2|GCA_001404055.1|CTQ52170.1	60.1	366	141	1	18	383	20	380	4.67e-167	466	383	380
SY457BB-0-4_bin6-k141_196093_81	IdrP_like_TIER2|GCA_002686015.1|MAF07886.1	60.5	357	140	1	28	383	40	396	8.45e-167	467	383	417
SY457BB-0-4_bin6-k141_196093_81	IdrP_like_TIER2|GCA_002726415.1|MBP80848.1	60.8	360	140	1	23	381	28	387	3.80e-166	465	383	410
SY457BB-0-4_bin6-k141_196093_81	IdrP_like_TIER2|GCA_002725285.1|MBP17851.1	57.4	373	156	2	12	383	15	385	5.26e-164	459	383	411
SY457BB-0-4_bin6-k141_196093_81	IdrP_like_TIER2|GCA_002711755.1|MBC58354.1	59.5	373	143	2	14	383	7	374	8.30e-164	457	383	374
SY457BB-0-4_bin6-k141_196093_81	IdrP_like_TIER2|GCA_003864255.1|RRJ85033.1	58.8	347	143	0	31	377	32	378	1.80e-162	455	383	392
SY457BB-0-4_bin6-k141_196093_81	IdrP_like_TIER2|GCA_011051715.1|HEB97088.1	58.9	360	148	0	19	378	40	399	2.54e-162	455	383	412
SY457BB-0-4_bin6-k141_196093_81	IdrP_like_TIER2|GCA_011049715.1|HEA69245.1	59.0	363	149	0	13	375	21	383	1.75e-161	452	383	397
SY457BB-0-4_bin6-k141_196093_81	IdrP_like_TIER2|GCA_002729195.1|MBR03091.1	58.7	363	149	1	20	381	25	387	2.74e-161	452	383	410
SY457BB-0-4_bin6-k141_196093_81	IdrP_like_TIER2|GCA_004331745.1|TCD13830.1	59.3	369	142	2	18	383	13	376	3.40e-161	451	383	376
SY457BB-0-4_bin6-k141_196093_81	IdrP_like_TIER2|GCA_001623255.1|KZL05131.1	58.2	376	148	3	9	383	14	381	6.63e-160	448	383	381
SY457BB-0-4_bin6-k141_196093_81	IdrP_like_TIER2|GCA_002718255.1|MBI48303.1	60.1	348	135	2	33	378	29	374	7.63e-160	448	383	385
SY457BB-0-4_bin6-k141_196093_82	IdrB_TIER2|GCA_002731375.1|MBV37768.1	79.1	182	38	0	14	195	14	195	3.46e-105	294	195	195
SY457BB-0-4_bin6-k141_196093_82	IdrB_TIER2|GCA_002897995.1|GBE44173.1	74.0	196	50	1	1	195	1	196	6.89e-103	288	195	196
SY457BB-0-4_bin6-k141_196093_82	IdrB_TIER2|GCA_002725625.1|MBO31667.1	70.3	175	49	1	21	195	23	194	1.18e-91	260	195	194
SY457BB-0-4_bin6-k141_196093_82	IdrB_TIER2|GCA_001404295.1|CTQ63440.1	72.3	173	48	0	23	195	26	198	1.92e-91	259	195	198
SY457BB-0-4_bin6-k141_196093_82	IdrB_TIER2|GCA_001404055.1|CTQ52169.1	72.3	173	48	0	23	195	26	198	5.50e-91	258	195	198
SY457BB-0-4_bin6-k141_196093_82	IdrB_TIER2|GCA_004331745.1|TCD13831.1	72.4	174	47	1	22	195	23	195	4.07e-90	256	195	195
SY457BB-0-4_bin6-k141_196093_82	IdrB_TIER2|GCA_004216475.1|QBF32516.1	70.0	180	52	2	16	195	18	195	2.34e-89	254	195	195
SY457BB-0-4_bin6-k141_196093_82	IdrB_TIER2|GCA_001623255.1|KZL05130.1	69.4	173	53	0	23	195	26	198	1.49e-88	252	195	198
SY457BB-0-4_bin6-k141_196093_82	IdrB_TIER2|GCA_003544895.1|AXX96742.1	64.8	196	65	3	1	195	1	193	2.08e-87	249	195	193
SY457BB-0-4_bin6-k141_196093_82	IdrB_TIER2|GCA_002732845.1|PHS79679.1	63.1	198	69	2	1	195	1	197	2.38e-87	249	195	197
SY457BB-0-4_bin6-k141_196093_82	IdrB_TIER2|GCA_002687515.1|MAF46992.1	71.4	168	45	2	28	195	1	165	4.68e-87	247	195	165
SY457BB-0-4_bin6-k141_196093_82	IdrB_TIER2|GCA_002711755.1|MBC58353.1	71.3	174	49	1	22	195	23	195	1.28e-86	247	195	195
SY457BB-0-4_bin6-k141_196093_82	IdrB_TIER2|GCA_003208435.1|PYG33377.1	69.5	174	52	1	22	195	23	195	1.28e-86	247	195	195
SY457BB-0-4_bin6-k141_196093_82	AioB_LOCAL|GCA_000756565.1|KGB81536.1	70.7	174	50	1	22	195	12	184	3.60e-86	246	195	184
SY457BB-0-4_bin6-k141_196093_82	IdrB_TIER2|GCA_011051715.1|HEB97089.1	62.1	174	62	3	25	194	16	189	1.88e-73	214	195	191
SY457BB-0-4_bin6-k141_196093_82	IdrB_TIER2|GCA_001715975.1|ODJ89648.1	58.4	185	72	4	14	194	6	189	1.25e-71	209	195	191
SY457BB-0-4_bin6-k141_196093_82	IdrB_TIER2|GCA_009653635.1|MRI32053.1	59.4	175	65	3	27	195	1	175	2.08e-71	209	195	196
SY457BB-0-4_bin6-k141_196093_82	IdrB_TIER2|GCA_002876485.1|PMO75998.1	59.8	174	65	2	25	193	15	188	3.93e-71	208	195	194
SY457BB-0-4_bin6-k141_196093_82	IdrB_TIER2|GCA_007786305.1|TVU69349.1	58.4	178	69	2	21	193	11	188	5.57e-71	207	195	194
SY457BB-0-4_bin6-k141_196093_82	IdrB_TIER2|GCA_002875145.1|PMP13581.1	59.2	174	66	2	25	193	15	188	7.90e-71	207	195	194
SY457BB-0-4_bin6-k141_196093_82	IdrB_TIER2|GCA_002876245.1|PML52506.1	59.2	174	66	2	25	193	15	188	7.90e-71	207	195	194
SY457BB-0-4_bin6-k141_196093_82	IdrB_TIER2|GCA_002876335.1|PML16672.1	59.2	174	66	2	25	193	15	188	7.90e-71	207	195	194
SY457BB-0-4_bin6-k141_196093_82	IdrB_TIER2|GCA_001443665.1|KRT55329.1	58.3	187	71	5	13	195	5	188	1.28e-70	207	195	198
SY457BB-0-4_bin6-k141_196093_82	IdrB_TIER2|GCA_002720555.1|MBJ78184.1	58.8	170	70	0	26	195	17	186	1.74e-70	206	195	186
SY457BB-0-4_bin6-k141_196093_82	IdrB_TIER2|GCA_011371325.1|HHB91634.1	59.2	179	68	4	20	195	9	185	1.74e-70	206	195	186
SY457BB-4-8_bin29-k141_12975_4	IdrP_like_TIER2|GCA_003544895.1|AXX96740.1	80.2	373	72	2	1	372	1	372	4.55e-228	620	372	372
SY457BB-4-8_bin29-k141_12975_4	IdrP_like_TIER2|GCA_002897995.1|GBE44175.1	65.7	350	119	1	23	372	42	390	4.33e-179	496	372	390
SY457BB-4-8_bin29-k141_12975_4	IdrP_like_TIER2|GCA_002725625.1|MBO31669.1	65.5	359	124	0	14	372	16	374	4.93e-179	496	372	374
SY457BB-4-8_bin29-k141_12975_4	IdrP_like_TIER2|GCA_002731375.1|MBV37770.1	65.0	360	125	1	13	372	4	362	5.28e-178	493	372	362
SY457BB-4-8_bin29-k141_12975_4	IdrP_like_TIER2|GCA_002687515.1|MAF46990.1	64.7	357	126	0	16	372	4	360	3.11e-174	483	372	360
SY457BB-4-8_bin29-k141_12975_4	IdrP_like_TIER2|GCA_002732845.1|PHS79677.1	64.8	338	119	0	35	372	38	375	4.48e-168	468	372	375
SY457BB-4-8_bin29-k141_12975_4	IdrP_like_TIER2|GCA_002733565.1|PHR90156.1	60.6	363	142	1	10	372	2	363	4.30e-163	455	372	363
SY457BB-4-8_bin29-k141_12975_4	IdrP_like_TIER2|GCA_002836355.1|PKH06718.1	64.5	332	117	1	41	372	33	363	2.47e-162	453	372	363
SY457BB-4-8_bin29-k141_12975_4	IdrP_like_TIER2|GCA_001939735.1|OLQ75249.1	62.4	359	131	2	17	372	6	363	9.46e-160	446	372	363
SY457BB-4-8_bin29-k141_12975_4	IdrP_like_TIER2|GCA_009653635.1|MRI32051.1	59.9	354	141	1	19	372	11	363	2.70e-159	445	372	363
SY457BB-4-8_bin29-k141_12975_4	IdrP_like_TIER2|GCA_003864255.1|RRJ85034.1	61.0	349	132	2	24	372	11	355	2.89e-159	445	372	355
SY457BB-4-8_bin29-k141_12975_4	IdrP_like_TIER2|GCA_001404295.1|CTQ63442.1	60.2	357	139	3	16	372	4	357	4.40e-159	444	372	357
SY457BB-4-8_bin29-k141_12975_4	IdrP_like_TIER2|GCA_000785145.2|KHD08439.1	60.6	363	139	2	10	372	9	367	1.79e-158	443	372	367
SY457BB-4-8_bin29-k141_12975_4	IdrP_like_TIER2|GCA_000272145.2|OEE78075.1	60.4	359	138	2	17	372	5	362	4.28e-158	442	372	362
SY457BB-4-8_bin29-k141_12975_4	IdrP_like_TIER2|GCA_002717425.1|MBI13700.1	63.8	326	114	1	46	367	26	351	2.83e-157	440	372	356
SY457BB-4-8_bin29-k141_12975_4	IdrP_like_TIER2|GCA_000967665.1|KJZ16045.1	59.7	357	141	2	18	372	10	365	3.88e-157	440	372	365
SY457BB-4-8_bin29-k141_12975_4	IdrP_like_TIER2|GCA_002687455.1|MAF55547.1	58.8	362	142	3	13	367	3	364	1.04e-155	436	372	369
SY457BB-4-8_bin29-k141_12975_4	IdrP_like_TIER2|GCA_002711755.1|MBC58355.1	57.7	359	148	3	14	372	3	357	6.42e-154	431	372	357
SY457BB-4-8_bin29-k141_12975_4	IdrP_like_TIER2|GCA_002720555.1|MBJ78182.1	61.6	331	123	1	41	367	34	364	5.60e-153	429	372	369
SY457BB-4-8_bin29-k141_12975_4	IdrP_like_TIER2|GCA_011371325.1|HHB91636.1	56.5	359	156	0	14	372	9	367	3.47e-151	425	372	367
SY457BB-4-8_bin29-k141_12975_4	IdrP_like_TIER2|GCA_002718255.1|MBI48302.1	58.8	354	143	2	19	372	1	351	1.87e-149	420	372	351
SY457BB-4-8_bin29-k141_12975_4	IdrP_like_TIER2|GCA_001404055.1|CTQ52171.1	56.9	357	151	3	16	372	4	357	4.64e-149	419	372	357
SY457BB-4-8_bin29-k141_12975_4	IdrP_like_TIER2|GCA_011051715.1|HEB97087.1	56.4	369	154	3	9	372	2	368	4.79e-149	419	372	368
SY457BB-4-8_bin29-k141_12975_4	IdrP_like_TIER2|GCA_005146635.1|TKG63042.1	60.7	331	129	1	42	372	28	357	3.77e-148	417	372	357
SY457BB-4-8_bin29-k141_12975_4	IdrP_like_TIER2|GCA_002875145.1|PMP13657.1	60.7	331	129	1	42	372	30	359	4.05e-148	417	372	359
SY457BB-4-8_bin29-k141_12975_5	IdrP_like_TIER2|GCA_003544895.1|AXX96741.1	80.7	383	71	1	1	380	1	383	3.54e-239	649	380	383
SY457BB-4-8_bin29-k141_12975_5	IdrP_like_TIER2|GCA_002732845.1|PHS79678.1	65.6	387	122	3	1	377	2	387	1.55e-184	511	380	393
SY457BB-4-8_bin29-k141_12975_5	IdrP_like_TIER2|GCA_011371325.1|HHB91635.1	68.1	351	112	0	27	377	33	383	4.60e-184	509	380	394
SY457BB-4-8_bin29-k141_12975_5	IdrP_like_TIER2|GCA_000785145.2|KHD08440.1	67.5	348	113	0	30	377	21	368	8.93e-183	506	380	379
SY457BB-4-8_bin29-k141_12975_5	IdrP_like_TIER2|GCA_002897995.1|GBE44174.1	65.5	359	124	0	21	379	24	382	2.26e-180	500	380	387
SY457BB-4-8_bin29-k141_12975_5	IdrP_like_TIER2|GCA_002731375.1|MBV37769.1	63.2	375	138	0	5	379	3	377	1.67e-178	495	380	380
SY457BB-4-8_bin29-k141_12975_5	IdrP_like_TIER2|GCA_001404295.1|CTQ63441.1	64.8	369	125	1	11	379	14	377	9.09e-176	488	380	380
SY457BB-4-8_bin29-k141_12975_5	IdrP_like_TIER2|GCA_002687515.1|MAF46991.1	63.2	353	125	1	26	378	29	376	1.84e-174	484	380	376
SY457BB-4-8_bin29-k141_12975_5	IdrP_like_TIER2|GCA_002725625.1|MBO31668.1	61.4	378	138	2	1	378	1	370	6.60e-171	475	380	370
SY457BB-4-8_bin29-k141_12975_5	IdrP_like_TIER2|GCA_001404055.1|CTQ52170.1	61.8	380	138	2	2	379	3	377	3.81e-170	474	380	380
SY457BB-4-8_bin29-k141_12975_5	IdrP_like_TIER2|GCA_003864255.1|RRJ85033.1	64.3	345	123	0	32	376	34	378	5.82e-170	474	380	392
SY457BB-4-8_bin29-k141_12975_5	IdrP_like_TIER2|GCA_003660225.1|RLJ20877.1	62.9	348	129	0	30	377	52	399	3.87e-168	470	380	412
SY457BB-4-8_bin29-k141_12975_5	IdrP_like_TIER2|GCA_003660235.1|RLJ20929.1	62.9	348	129	0	30	377	52	399	3.87e-168	470	380	412
SY457BB-4-8_bin29-k141_12975_5	IdrP_like_TIER2|GCA_002717425.1|MBI13699.1	63.6	343	120	1	35	377	39	376	5.70e-167	466	380	379
SY457BB-4-8_bin29-k141_12975_5	IdrP_like_TIER2|GCA_002687455.1|MAF55548.1	63.5	348	122	1	30	377	32	374	1.52e-166	464	380	377
SY457BB-4-8_bin29-k141_12975_5	IdrP_like_TIER2|GCA_001715975.1|ODJ89649.1	63.3	349	125	1	32	377	53	401	7.85e-166	464	380	414
SY457BB-4-8_bin29-k141_12975_5	IdrP_like_TIER2|GCA_011051715.1|HEB97088.1	63.7	347	126	0	31	377	53	399	5.97e-165	462	380	412
SY457BB-4-8_bin29-k141_12975_5	IdrP_like_TIER2|GCA_001443665.1|KRT55330.1	63.2	351	126	1	30	377	49	399	1.60e-162	456	380	412
SY457BB-4-8_bin29-k141_12975_5	IdrP_like_TIER2|GCA_000224455.2|EGV52497.1	63.0	351	127	1	30	377	49	399	9.19e-162	454	380	412
SY457BB-4-8_bin29-k141_12975_5	IdrP_like_TIER2|GCA_002718255.1|MBI48303.1	62.4	348	131	0	30	377	27	374	1.19e-160	450	380	385
SY457BB-4-8_bin29-k141_12975_5	IdrP_like_TIER2|GCA_003934975.1|RRS37421.1	58.1	384	148	3	7	377	16	399	3.03e-160	450	380	412
SY457BB-4-8_bin29-k141_12975_5	IdrP_like_TIER2|GCA_009653635.1|MRI32052.1	61.0	351	137	0	27	377	59	409	1.56e-158	446	380	425
SY457BB-4-8_bin29-k141_12975_5	IdrP_like_TIER2|GCA_000283275.1|AFP30182.1	62.2	347	131	0	31	377	92	438	2.49e-158	446	380	449
SY457BB-4-8_bin29-k141_12975_5	IdrP_like_TIER2|GCA_002726415.1|MBP80848.1	61.0	367	138	2	9	374	19	381	5.34e-158	444	380	410
SY457BB-4-8_bin29-k141_12975_5	IdrP_like_TIER2|GCA_002876245.1|PML52507.1	60.1	346	138	0	32	377	32	377	2.03e-157	442	380	388
SY457BB-4-8_bin29-k141_12975_6	IdrB_TIER2|GCA_003544895.1|AXX96742.1	81.9	188	34	0	2	189	5	192	1.99e-114	317	191	193
SY457BB-4-8_bin29-k141_12975_6	IdrB_TIER2|GCA_002725625.1|MBO31667.1	69.8	172	48	3	18	188	24	192	1.23e-85	244	191	194
SY457BB-4-8_bin29-k141_12975_6	IdrB_TIER2|GCA_002897995.1|GBE44173.1	67.1	170	55	1	20	188	25	194	3.08e-84	241	191	196
SY457BB-4-8_bin29-k141_12975_6	IdrB_TIER2|GCA_001404055.1|CTQ52169.1	64.8	179	60	3	11	188	20	196	2.69e-83	239	191	198
SY457BB-4-8_bin29-k141_12975_6	IdrB_TIER2|GCA_001404295.1|CTQ63440.1	64.8	179	60	3	11	188	20	196	1.09e-82	237	191	198
SY457BB-4-8_bin29-k141_12975_6	IdrB_TIER2|GCA_002731375.1|MBV37768.1	67.6	170	53	2	20	188	25	193	1.40e-82	237	191	195
SY457BB-4-8_bin29-k141_12975_6	IdrB_TIER2|GCA_003208435.1|PYG33377.1	62.7	177	65	1	12	188	18	193	1.88e-80	231	191	195
SY457BB-4-8_bin29-k141_12975_6	IdrB_TIER2|GCA_004216475.1|QBF32516.1	62.5	176	64	2	14	188	19	193	7.64e-80	230	191	195
SY457BB-4-8_bin29-k141_12975_6	IdrB_TIER2|GCA_001623255.1|KZL05130.1	62.9	178	63	3	12	188	21	196	1.70e-79	229	191	198
SY457BB-4-8_bin29-k141_12975_6	IdrB_TIER2|GCA_002687515.1|MAF46992.1	64.5	166	56	2	23	188	1	163	9.38e-79	226	191	165
SY457BB-4-8_bin29-k141_12975_6	IdrB_TIER2|GCA_002711755.1|MBC58353.1	61.6	177	67	1	12	188	18	193	1.26e-78	227	191	195
SY457BB-4-8_bin29-k141_12975_6	IdrB_TIER2|GCA_004331745.1|TCD13831.1	60.2	176	68	2	14	188	19	193	1.26e-78	227	191	195
SY457BB-4-8_bin29-k141_12975_6	AioB_LOCAL|GCA_000756565.1|KGB81536.1	61.0	177	68	1	12	188	7	182	3.55e-78	225	191	184
SY457BB-4-8_bin29-k141_12975_6	IdrB_TIER2|GCA_002732845.1|PHS79679.1	63.5	170	60	2	20	188	27	195	4.44e-77	223	191	197
SY457BB-4-8_bin29-k141_12975_6	IdrB_TIER2|GCA_009653635.1|MRI32053.1	56.1	173	70	2	22	188	1	173	1.95e-68	201	191	196
SY457BB-4-8_bin29-k141_12975_6	IdrB_TIER2|GCA_002718255.1|MBI48304.1	55.1	178	74	3	20	191	17	194	3.67e-68	200	191	194
SY457BB-4-8_bin29-k141_12975_6	IdrB_TIER2|GCA_001715975.1|ODJ89648.1	56.4	179	68	4	20	191	16	191	2.72e-67	198	191	191
SY457BB-4-8_bin29-k141_12975_6	IdrB_TIER2|GCA_000785145.2|KHD08441.1	55.4	186	77	4	9	188	2	187	3.73e-67	197	191	190
SY457BB-4-8_bin29-k141_12975_6	IdrB_TIER2|GCA_011051715.1|HEB97089.1	56.0	175	73	3	20	190	16	190	3.85e-67	197	191	191
SY457BB-4-8_bin29-k141_12975_6	IdrB_TIER2|GCA_000272145.2|OEE78074.1	54.9	175	73	2	20	188	23	197	8.01e-67	197	191	203
SY457BB-4-8_bin29-k141_12975_6	IdrB_TIER2|GCA_002717425.1|MBI13698.1	57.6	172	67	3	19	187	15	183	1.33e-66	196	191	186
SY457BB-4-8_bin29-k141_12975_6	IdrB_TIER2|GCA_011371325.1|HHB91634.1	54.9	173	72	3	20	188	13	183	1.88e-66	196	191	186
SY457BB-4-8_bin29-k141_12975_6	IdrB_TIER2|GCA_002836355.1|PKH06717.1	56.0	175	71	2	20	188	26	200	7.15e-66	195	191	206
SY457BB-4-8_bin29-k141_12975_6	AioB_LOCAL|GCA_000953735.1|CED59803.1	56.6	175	70	2	20	188	26	200	7.15e-66	195	191	206
SY457BB-4-8_bin29-k141_12975_6	IdrB_TIER2|GCA_000967665.1|KJZ16189.1	53.1	175	76	2	20	188	30	204	1.15e-65	194	191	210
SY457BB-4-8_bin33-k141_110702_21	IdrP_like_TIER2|GCA_002731985.1|MBV52214.1	33.7	86	38	3	51	136	464	530	5.40e-07	45.1	552	544
SY457BB-4-8_bin33-k141_110702_21	IdrP_like_TIER2|GCA_002720555.1|MBJ79547.1	34.9	86	37	4	51	136	464	530	1.24e-06	43.9	552	544
SY457BB-4-8_bin33-k141_110702_28	IdrB_TIER2|GCA_002731375.1|MBV37768.1	75.9	195	47	0	1	195	1	195	1.47e-106	298	195	195
SY457BB-4-8_bin33-k141_110702_28	IdrB_TIER2|GCA_002897995.1|GBE44173.1	76.5	196	45	1	1	195	1	196	2.52e-105	295	195	196
SY457BB-4-8_bin33-k141_110702_28	IdrB_TIER2|GCA_001404295.1|CTQ63440.1	74.6	173	44	0	23	195	26	198	4.98e-94	266	195	198
SY457BB-4-8_bin33-k141_110702_28	IdrB_TIER2|GCA_001404055.1|CTQ52169.1	73.4	173	46	0	23	195	26	198	1.65e-92	262	195	198
SY457BB-4-8_bin33-k141_110702_28	IdrB_TIER2|GCA_002725625.1|MBO31667.1	71.3	174	47	1	22	195	24	194	5.87e-92	261	195	194
SY457BB-4-8_bin33-k141_110702_28	IdrB_TIER2|GCA_002732845.1|PHS79679.1	64.6	198	66	2	1	195	1	197	3.06e-90	256	195	197
SY457BB-4-8_bin33-k141_110702_28	IdrB_TIER2|GCA_001623255.1|KZL05130.1	69.4	173	53	0	23	195	26	198	5.22e-89	253	195	198
SY457BB-4-8_bin33-k141_110702_28	IdrB_TIER2|GCA_004216475.1|QBF32516.1	70.3	175	51	1	21	195	22	195	6.70e-89	253	195	195
SY457BB-4-8_bin33-k141_110702_28	IdrB_TIER2|GCA_004331745.1|TCD13831.1	70.3	175	51	1	21	195	22	195	2.72e-88	251	195	195
SY457BB-4-8_bin33-k141_110702_28	IdrB_TIER2|GCA_002687515.1|MAF46992.1	71.4	168	45	2	28	195	1	165	8.11e-88	249	195	165
SY457BB-4-8_bin33-k141_110702_28	IdrB_TIER2|GCA_003208435.1|PYG33377.1	69.7	175	52	1	21	195	22	195	1.10e-87	250	195	195
SY457BB-4-8_bin33-k141_110702_28	IdrB_TIER2|GCA_003544895.1|AXX96742.1	63.3	196	68	3	1	195	1	193	1.20e-86	247	195	193
SY457BB-4-8_bin33-k141_110702_28	IdrB_TIER2|GCA_002711755.1|MBC58353.1	69.7	175	52	1	21	195	22	195	1.82e-86	247	195	195
SY457BB-4-8_bin33-k141_110702_28	AioB_LOCAL|GCA_000756565.1|KGB81536.1	69.1	175	53	1	21	195	11	184	5.11e-86	245	195	184
SY457BB-4-8_bin33-k141_110702_28	IdrB_TIER2|GCA_009653635.1|MRI32053.1	62.3	175	60	3	27	195	1	175	1.35e-74	217	195	196
SY457BB-4-8_bin33-k141_110702_28	IdrB_TIER2|GCA_011051715.1|HEB97089.1	61.5	174	63	3	25	194	16	189	1.32e-73	214	195	191
SY457BB-4-8_bin33-k141_110702_28	IdrB_TIER2|GCA_002720555.1|MBJ78184.1	60.6	170	67	0	26	195	17	186	3.21e-73	213	195	186
SY457BB-4-8_bin33-k141_110702_28	IdrB_TIER2|GCA_002687455.1|MAF55549.1	60.0	170	68	0	26	195	17	186	2.62e-72	211	195	186
SY457BB-4-8_bin33-k141_110702_28	IdrB_TIER2|GCA_002717425.1|MBI13698.1	61.8	170	65	0	26	195	17	186	5.27e-72	210	195	186
SY457BB-4-8_bin33-k141_110702_28	IdrB_TIER2|GCA_011371325.1|HHB91634.1	60.9	174	64	3	25	195	13	185	5.27e-72	210	195	186
SY457BB-4-8_bin33-k141_110702_28	IdrB_TIER2|GCA_001715975.1|ODJ89648.1	59.8	174	66	3	25	194	16	189	8.80e-72	209	195	191
SY457BB-4-8_bin33-k141_110702_28	IdrB_TIER2|GCA_001443665.1|KRT55329.1	62.3	175	60	4	25	195	16	188	2.22e-71	209	195	198
SY457BB-4-8_bin33-k141_110702_28	IdrB_TIER2|GCA_003660225.1|RLJ20876.1	61.3	173	61	4	25	193	16	186	9.54e-71	207	195	189
SY457BB-4-8_bin33-k141_110702_28	IdrB_TIER2|GCA_000785145.2|KHD08441.1	58.9	175	67	3	25	194	14	188	9.85e-71	207	195	190
SY457BB-4-8_bin33-k141_110702_28	IdrB_TIER2|GCA_000224455.2|EGV52498.1	62.1	174	60	4	25	194	16	187	1.35e-70	206	195	189
SY457BB-4-8_bin33-k141_110702_29	IdrP_like_TIER2|GCA_002897995.1|GBE44174.1	79.5	385	79	0	1	385	1	385	1.57e-242	657	385	387
SY457BB-4-8_bin33-k141_110702_29	IdrP_like_TIER2|GCA_002731375.1|MBV37769.1	80.0	385	72	1	1	385	1	380	4.05e-241	654	385	380
SY457BB-4-8_bin33-k141_110702_29	IdrP_like_TIER2|GCA_002725625.1|MBO31668.1	78.1	365	75	1	16	380	10	369	1.30e-223	609	385	370
SY457BB-4-8_bin33-k141_110702_29	IdrP_like_TIER2|GCA_002687515.1|MAF46991.1	73.4	380	96	1	1	380	1	375	1.09e-214	587	385	376
SY457BB-4-8_bin33-k141_110702_29	IdrP_like_TIER2|GCA_002732845.1|PHS79678.1	63.7	391	136	2	1	385	2	392	2.57e-189	523	385	393
SY457BB-4-8_bin33-k141_110702_29	IdrP_like_TIER2|GCA_003544895.1|AXX96741.1	63.2	378	137	1	5	380	3	380	1.87e-184	510	385	383
SY457BB-4-8_bin33-k141_110702_29	IdrP_like_TIER2|GCA_002687455.1|MAF55548.1	64.7	351	119	1	30	380	29	374	6.72e-181	501	385	377
SY457BB-4-8_bin33-k141_110702_29	IdrP_like_TIER2|GCA_002717425.1|MBI13699.1	61.8	351	129	1	30	380	31	376	2.48e-174	484	385	379
SY457BB-4-8_bin33-k141_110702_29	IdrP_like_TIER2|GCA_011371325.1|HHB91635.1	62.0	350	133	0	31	380	34	383	5.64e-172	479	385	394
SY457BB-4-8_bin33-k141_110702_29	IdrP_like_TIER2|GCA_000785145.2|KHD08440.1	61.1	347	135	0	34	380	22	368	1.27e-169	473	385	379
SY457BB-4-8_bin33-k141_110702_29	IdrP_like_TIER2|GCA_001404295.1|CTQ63441.1	58.7	385	154	1	1	385	1	380	1.07e-168	470	385	380
SY457BB-4-8_bin33-k141_110702_29	IdrP_like_TIER2|GCA_001404055.1|CTQ52170.1	58.5	386	153	3	1	385	1	380	1.24e-167	468	385	380
SY457BB-4-8_bin33-k141_110702_29	IdrP_like_TIER2|GCA_002725995.1|MBQ62123.1	57.5	386	161	2	1	385	5	388	8.21e-167	467	385	414
SY457BB-4-8_bin33-k141_110702_29	IdrP_like_TIER2|GCA_011051715.1|HEB97088.1	61.8	348	133	0	33	380	52	399	6.24e-166	464	385	412
SY457BB-4-8_bin33-k141_110702_29	IdrP_like_TIER2|GCA_002725285.1|MBP17851.1	59.9	357	140	2	30	385	31	385	4.91e-165	462	385	411
SY457BB-4-8_bin33-k141_110702_29	IdrP_like_TIER2|GCA_002686015.1|MAF07886.1	59.9	357	142	1	30	385	40	396	6.04e-165	462	385	417
SY457BB-4-8_bin33-k141_110702_29	IdrP_like_TIER2|GCA_002726415.1|MBP80848.1	57.6	384	160	2	3	383	4	387	1.35e-164	461	385	410
SY457BB-4-8_bin33-k141_110702_29	IdrP_like_TIER2|GCA_011049715.1|HEA69245.1	58.8	369	152	0	9	377	15	383	2.00e-163	457	385	397
SY457BB-4-8_bin33-k141_110702_29	IdrP_like_TIER2|GCA_002729195.1|MBR03091.1	56.8	387	163	3	1	383	1	387	1.27e-162	456	385	410
SY457BB-4-8_bin33-k141_110702_29	IdrP_like_TIER2|GCA_001715975.1|ODJ89649.1	55.1	403	159	2	5	385	4	406	1.46e-162	456	385	414
SY457BB-4-8_bin33-k141_110702_29	IdrP_like_TIER2|GCA_003208435.1|PYG33376.1	60.0	350	135	1	35	384	28	372	7.11e-161	450	385	375
SY457BB-4-8_bin33-k141_110702_29	IdrP_like_TIER2|GCA_003660225.1|RLJ20877.1	58.0	352	148	0	34	385	53	404	2.58e-160	450	385	412
SY457BB-4-8_bin33-k141_110702_29	IdrP_like_TIER2|GCA_003660235.1|RLJ20929.1	58.0	352	148	0	34	385	53	404	2.58e-160	450	385	412
SY457BB-4-8_bin33-k141_110702_29	IdrP_like_TIER2|GCA_003864255.1|RRJ85033.1	57.5	358	151	1	22	379	22	378	2.59e-160	449	385	392
SY457BB-4-8_bin33-k141_110702_29	IdrP_like_TIER2|GCA_004331745.1|TCD13830.1	57.1	380	157	2	7	385	2	376	1.71e-159	447	385	376
SY457BB-4-8_bin33-k141_110702_30	IdrP_like_TIER2|GCA_002897995.1|GBE44175.1	74.0	369	95	1	1	368	22	390	1.27e-205	563	368	390
SY457BB-4-8_bin33-k141_110702_30	IdrP_like_TIER2|GCA_002731375.1|MBV37770.1	75.5	355	86	1	14	368	9	362	3.95e-200	548	368	362
SY457BB-4-8_bin33-k141_110702_30	IdrP_like_TIER2|GCA_002725625.1|MBO31669.1	69.3	365	107	2	4	368	15	374	3.88e-189	521	368	374
SY457BB-4-8_bin33-k141_110702_30	IdrP_like_TIER2|GCA_002732845.1|PHS79677.1	71.0	345	100	0	24	368	31	375	5.71e-189	521	368	375
SY457BB-4-8_bin33-k141_110702_30	IdrP_like_TIER2|GCA_002687515.1|MAF46990.1	71.8	340	96	0	29	368	21	360	1.10e-187	517	368	360
SY457BB-4-8_bin33-k141_110702_30	IdrP_like_TIER2|GCA_001939735.1|OLQ75249.1	68.1	339	107	1	30	368	26	363	3.14e-176	488	368	363
SY457BB-4-8_bin33-k141_110702_30	IdrP_like_TIER2|GCA_003544895.1|AXX96740.1	65.2	362	124	1	9	368	11	372	2.49e-175	486	368	372
SY457BB-4-8_bin33-k141_110702_30	IdrP_like_TIER2|GCA_009653635.1|MRI32051.1	64.5	358	123	2	11	368	10	363	2.30e-171	476	368	363
SY457BB-4-8_bin33-k141_110702_30	IdrP_like_TIER2|GCA_011371325.1|HHB91636.1	61.7	368	140	1	1	368	1	367	7.57e-171	474	368	367
SY457BB-4-8_bin33-k141_110702_30	IdrP_like_TIER2|GCA_002733565.1|PHR90156.1	66.2	340	114	1	29	368	25	363	3.58e-168	468	368	363
SY457BB-4-8_bin33-k141_110702_30	IdrP_like_TIER2|GCA_000967665.1|KJZ16045.1	64.5	349	120	2	23	368	18	365	1.10e-167	466	368	365
SY457BB-4-8_bin33-k141_110702_30	IdrP_like_TIER2|GCA_002836355.1|PKH06718.1	66.5	340	113	1	29	368	25	363	4.14e-167	465	368	363
SY457BB-4-8_bin33-k141_110702_30	IdrP_like_TIER2|GCA_000272145.2|OEE78075.1	63.3	341	124	1	28	368	23	362	1.08e-164	459	368	362
SY457BB-4-8_bin33-k141_110702_30	IdrP_like_TIER2|GCA_002717425.1|MBI13700.1	64.4	340	117	1	33	368	17	356	3.54e-164	457	368	356
SY457BB-4-8_bin33-k141_110702_30	IdrP_like_TIER2|GCA_003864255.1|RRJ85034.1	62.6	353	129	1	16	368	6	355	3.96e-163	454	368	355
SY457BB-4-8_bin33-k141_110702_30	IdrP_like_TIER2|GCA_000785145.2|KHD08439.1	61.1	360	135	2	9	368	13	367	1.63e-160	448	368	367
SY457BB-4-8_bin33-k141_110702_30	IdrP_like_TIER2|GCA_003610775.1|RKF21467.1	62.5	336	125	1	33	368	29	363	1.89e-158	443	368	363
SY457BB-4-8_bin33-k141_110702_30	IdrP_like_TIER2|GCA_005146635.1|TKG63042.1	59.9	357	134	2	12	368	10	357	1.02e-156	438	368	357
SY457BB-4-8_bin33-k141_110702_30	IdrP_like_TIER2|GCA_002875145.1|PMP13657.1	59.9	357	134	2	12	368	12	359	1.09e-156	438	368	359
SY457BB-4-8_bin33-k141_110702_30	IdrP_like_TIER2|GCA_002876335.1|PML16679.1	59.9	357	134	2	12	368	12	359	1.09e-156	438	368	359
SY457BB-4-8_bin33-k141_110702_30	IdrP_like_TIER2|GCA_002876245.1|PML52513.1	59.7	357	135	2	12	368	12	359	4.43e-156	437	368	359
SY457BB-4-8_bin33-k141_110702_30	IdrP_like_TIER2|GCA_011051715.1|HEB97087.1	60.4	359	137	2	13	368	12	368	8.62e-156	436	368	368
SY457BB-4-8_bin33-k141_110702_30	IdrP_like_TIER2|GCA_002876485.1|PMO76000.1	59.4	357	136	2	12	368	10	357	1.67e-155	435	368	357
SY457BB-4-8_bin33-k141_110702_30	IdrP_like_TIER2|GCA_002687455.1|MAF55547.1	60.9	340	129	1	33	368	30	369	1.80e-155	436	368	369
SY457BB-4-8_bin33-k141_110702_30	IdrP_like_TIER2|GCA_001715975.1|ODJ89650.1	60.2	359	138	2	13	368	12	368	1.41e-154	433	368	368
SY457BB-8-12_bin10-k141_377897_1	IdrP_like_TIER2|GCA_003544895.1|AXX96741.1	72.5	69	19	0	1	69	312	380	4.23e-31	105	72	383
SY457BB-8-12_bin10-k141_377897_1	IdrP_like_TIER2|GCA_002732845.1|PHS79678.1	62.3	69	26	0	1	69	319	387	4.53e-25	89.0	72	393
SY457BB-8-12_bin10-k141_377897_1	IdrP_like_TIER2|GCA_002897995.1|GBE44174.1	57.7	71	30	0	1	71	312	382	8.05e-24	85.5	72	387
SY457BB-8-12_bin10-k141_377897_1	IdrP_like_TIER2|GCA_002731375.1|MBV37769.1	59.2	71	29	0	1	71	307	377	1.47e-23	84.7	72	380
SY457BB-8-12_bin10-k141_377897_1	IdrP_like_TIER2|GCA_002725625.1|MBO31668.1	55.7	70	26	1	1	70	306	370	3.37e-21	78.2	72	370
SY457BB-8-12_bin10-k141_377897_1	IdrP_like_TIER2|GCA_003208435.1|PYG33376.1	58.6	70	24	1	2	71	306	370	3.45e-21	78.2	72	375
SY457BB-8-12_bin10-k141_377897_1	IdrP_like_TIER2|GCA_002729195.1|MBR03091.1	54.5	66	29	1	2	66	316	381	7.46e-21	77.4	72	410
SY457BB-8-12_bin10-k141_377897_1	IdrP_like_TIER2|GCA_002686015.1|MAF07886.1	54.5	66	29	1	2	66	323	388	1.04e-20	77.0	72	417
SY457BB-8-12_bin10-k141_377897_1	IdrP_like_TIER2|GCA_002726415.1|MBP80848.1	56.1	66	28	1	2	66	316	381	3.64e-20	75.5	72	410
SY457BB-8-12_bin10-k141_377897_1	IdrP_like_TIER2|GCA_002725995.1|MBQ62123.1	55.9	68	28	1	2	69	318	383	3.68e-20	75.5	72	414
SY457BB-8-12_bin10-k141_377897_1	IdrP_like_TIER2|GCA_002687515.1|MAF46991.1	54.3	70	27	1	1	70	312	376	8.54e-20	74.3	72	376
SY457BB-8-12_bin10-k141_377897_1	IdrP_like_TIER2|GCA_001404295.1|CTQ63441.1	54.3	70	27	1	2	71	313	377	1.19e-19	73.9	72	380
SY457BB-8-12_bin10-k141_377897_1	IdrP_like_TIER2|GCA_004331745.1|TCD13830.1	54.4	68	26	1	2	69	309	371	1.62e-19	73.6	72	376
SY457BB-8-12_bin10-k141_377897_1	IdrP_like_TIER2|GCA_002711755.1|MBC58354.1	55.9	68	25	1	2	69	307	369	5.75e-19	72.0	72	374
SY457BB-8-12_bin10-k141_377897_1	IdrP_like_TIER2|GCA_002687455.1|MAF55548.1	52.9	68	27	1	2	69	312	374	5.81e-19	72.0	72	377
SY457BB-8-12_bin10-k141_377897_1	IdrP_like_TIER2|GCA_002717425.1|MBI13699.1	52.9	68	27	1	2	69	314	376	8.03e-19	71.6	72	379
SY457BB-8-12_bin10-k141_377897_1	IdrP_like_TIER2|GCA_002725285.1|MBP17851.1	54.4	68	29	1	2	69	315	380	1.62e-18	70.9	72	411
SY457BB-8-12_bin10-k141_377897_1	IdrP_like_TIER2|GCA_001623255.1|KZL05131.1	52.9	70	28	1	2	71	314	378	2.09e-18	70.5	72	381
SY457BB-8-12_bin10-k141_377897_1	IdrP_like_TIER2|GCA_002719955.1|MBJ20125.1	56.3	64	28	0	1	64	363	426	3.12e-18	70.1	72	435
SY457BB-8-12_bin10-k141_377897_1	IdrP_like_TIER2|GCA_001715975.1|ODJ89649.1	50.0	68	34	0	2	69	334	401	4.18e-18	69.7	72	414
SY457BB-8-12_bin10-k141_377897_1	IdrP_like_TIER2|GCA_002687015.1|MAE95790.1	56.3	64	28	0	1	64	355	418	5.80e-18	69.3	72	427
SY457BB-8-12_bin10-k141_377897_1	IdrP_like_TIER2|GCA_004216475.1|QBF32517.1	54.4	68	26	1	2	69	308	370	2.61e-17	67.4	72	375
SY457BB-8-12_bin10-k141_377897_1	IdrP_like_TIER2|GCA_000785145.2|KHD08440.1	45.6	68	37	0	2	69	301	368	4.94e-17	66.6	72	379
SY457BB-8-12_bin10-k141_377897_1	IdrP_like_TIER2|GCA_011049715.1|HEA69245.1	48.4	64	33	0	3	66	320	383	5.08e-17	66.6	72	397
SY457BB-8-12_bin10-k141_377897_1	IdrP_like_TIER2|GCA_003660225.1|RLJ20877.1	47.1	68	36	0	2	69	332	399	5.16e-17	66.6	72	412
SY457BB-8-12_bin10-k141_377897_2	IdrB_TIER2|GCA_003544895.1|AXX96742.1	85.6	181	26	0	12	192	13	193	1.53e-116	323	192	193
SY457BB-8-12_bin10-k141_377897_2	IdrB_TIER2|GCA_002897995.1|GBE44173.1	69.8	172	51	1	22	192	25	196	1.24e-88	252	192	196
SY457BB-8-12_bin10-k141_377897_2	IdrB_TIER2|GCA_002725625.1|MBO31667.1	68.4	174	51	2	20	192	24	194	5.48e-87	248	192	194
SY457BB-8-12_bin10-k141_377897_2	IdrB_TIER2|GCA_001404055.1|CTQ52169.1	65.7	181	59	3	13	192	20	198	7.27e-86	245	192	198
SY457BB-8-12_bin10-k141_377897_2	IdrB_TIER2|GCA_002711755.1|MBC58353.1	65.4	179	61	1	14	192	18	195	1.08e-84	242	192	195
SY457BB-8-12_bin10-k141_377897_2	IdrB_TIER2|GCA_001404295.1|CTQ63440.1	65.7	181	59	3	13	192	20	198	1.20e-84	242	192	198
SY457BB-8-12_bin10-k141_377897_2	AioB_LOCAL|GCA_000756565.1|KGB81536.1	64.8	179	62	1	14	192	7	184	3.04e-84	241	192	184
SY457BB-8-12_bin10-k141_377897_2	IdrB_TIER2|GCA_002731375.1|MBV37768.1	68.6	172	52	2	22	192	25	195	4.39e-84	241	192	195
SY457BB-8-12_bin10-k141_377897_2	IdrB_TIER2|GCA_003208435.1|PYG33377.1	64.8	179	62	1	14	192	18	195	1.26e-83	239	192	195
SY457BB-8-12_bin10-k141_377897_2	IdrB_TIER2|GCA_001623255.1|KZL05130.1	65.2	181	60	3	13	192	20	198	1.39e-83	239	192	198
SY457BB-8-12_bin10-k141_377897_2	IdrB_TIER2|GCA_004331745.1|TCD13831.1	64.0	178	62	2	16	192	19	195	7.23e-83	238	192	195
SY457BB-8-12_bin10-k141_377897_2	IdrB_TIER2|GCA_004216475.1|QBF32516.1	64.6	178	61	2	16	192	19	195	1.46e-82	237	192	195
SY457BB-8-12_bin10-k141_377897_2	IdrB_TIER2|GCA_002687515.1|MAF46992.1	65.5	168	55	1	25	192	1	165	5.09e-81	232	192	165
SY457BB-8-12_bin10-k141_377897_2	IdrB_TIER2|GCA_002732845.1|PHS79679.1	61.6	172	64	2	22	192	27	197	7.58e-76	220	192	197
SY457BB-8-12_bin10-k141_377897_2	IdrB_TIER2|GCA_002718255.1|MBI48304.1	58.3	175	67	3	22	190	17	191	6.11e-72	210	192	194
SY457BB-8-12_bin10-k141_377897_2	IdrB_TIER2|GCA_011051715.1|HEB97089.1	55.9	188	73	4	10	190	4	188	1.29e-70	206	192	191
SY457BB-8-12_bin10-k141_377897_2	IdrB_TIER2|GCA_009653635.1|MRI32053.1	56.0	175	71	2	24	192	1	175	1.52e-70	206	192	196
SY457BB-8-12_bin10-k141_377897_2	IdrB_TIER2|GCA_000785145.2|KHD08441.1	54.0	187	80	4	10	190	1	187	1.44e-69	204	192	190
SY457BB-8-12_bin10-k141_377897_2	IdrB_TIER2|GCA_001715975.1|ODJ89648.1	54.8	188	75	4	10	190	4	188	8.56e-69	202	192	191
SY457BB-8-12_bin10-k141_377897_2	IdrB_TIER2|GCA_011371325.1|HHB91634.1	53.7	175	75	3	22	192	13	185	2.95e-68	200	192	186
SY457BB-8-12_bin10-k141_377897_2	IdrB_TIER2|GCA_000272145.2|OEE78074.1	52.7	186	81	3	11	190	13	197	7.21e-68	200	192	203
SY457BB-8-12_bin10-k141_377897_2	IdrB_TIER2|GCA_002717425.1|MBI13698.1	55.4	186	75	4	10	192	6	186	1.69e-67	198	192	186
SY457BB-8-12_bin10-k141_377897_2	IdrB_TIER2|GCA_000283275.1|AFP30181.1	55.7	174	70	3	24	190	1	174	2.55e-67	197	192	177
SY457BB-8-12_bin10-k141_377897_2	IdrB_TIER2|GCA_003610775.1|RKF21469.1	54.1	185	78	3	12	190	8	191	6.87e-67	197	192	197
SY457BB-8-12_bin10-k141_377897_2	IdrB_TIER2|GCA_002720555.1|MBJ78184.1	56.6	173	69	3	23	192	17	186	7.91e-66	194	192	186
SY457BB-8-12_bin15-k141_1498167_39	IdrB_TIER2|GCA_003544895.1|AXX96742.1	80.3	193	38	0	1	193	1	193	3.91e-117	324	193	193
SY457BB-8-12_bin15-k141_1498167_39	IdrB_TIER2|GCA_002725625.1|MBO31667.1	70.1	174	48	2	21	193	24	194	8.96e-91	258	193	194
SY457BB-8-12_bin15-k141_1498167_39	IdrB_TIER2|GCA_002897995.1|GBE44173.1	69.8	172	51	1	23	193	25	196	1.11e-89	255	193	196
SY457BB-8-12_bin15-k141_1498167_39	IdrB_TIER2|GCA_004331745.1|TCD13831.1	65.9	179	60	1	15	193	18	195	1.02e-87	250	193	195
SY457BB-8-12_bin15-k141_1498167_39	IdrB_TIER2|GCA_002731375.1|MBV37768.1	68.6	172	52	2	23	193	25	195	8.36e-87	248	193	195
SY457BB-8-12_bin15-k141_1498167_39	IdrB_TIER2|GCA_004216475.1|QBF32516.1	64.8	179	62	1	15	193	18	195	3.94e-85	243	193	195
SY457BB-8-12_bin15-k141_1498167_39	IdrB_TIER2|GCA_001404055.1|CTQ52169.1	60.2	191	74	2	4	193	9	198	1.77e-84	242	193	198
SY457BB-8-12_bin15-k141_1498167_39	IdrB_TIER2|GCA_001404295.1|CTQ63440.1	60.2	191	74	2	4	193	9	198	1.44e-83	239	193	198
SY457BB-8-12_bin15-k141_1498167_39	IdrB_TIER2|GCA_002711755.1|MBC58353.1	64.2	179	63	1	15	193	18	195	2.63e-83	239	193	195
SY457BB-8-12_bin15-k141_1498167_39	IdrB_TIER2|GCA_002687515.1|MAF46992.1	66.1	168	54	1	26	193	1	165	2.76e-83	238	193	165
SY457BB-8-12_bin15-k141_1498167_39	AioB_LOCAL|GCA_000756565.1|KGB81536.1	63.7	179	64	1	15	193	7	184	7.40e-83	237	193	184
SY457BB-8-12_bin15-k141_1498167_39	IdrB_TIER2|GCA_003208435.1|PYG33377.1	61.5	179	68	1	15	193	18	195	3.05e-82	236	193	195
SY457BB-8-12_bin15-k141_1498167_39	IdrB_TIER2|GCA_001623255.1|KZL05130.1	58.9	180	72	2	15	193	20	198	7.86e-81	233	193	198
SY457BB-8-12_bin15-k141_1498167_39	IdrB_TIER2|GCA_002732845.1|PHS79679.1	58.2	189	74	3	9	193	10	197	5.87e-78	225	193	197
SY457BB-8-12_bin15-k141_1498167_39	IdrB_TIER2|GCA_009653635.1|MRI32053.1	57.7	175	68	2	25	193	1	175	4.13e-73	213	193	196
SY457BB-8-12_bin15-k141_1498167_39	IdrB_TIER2|GCA_000785145.2|KHD08441.1	58.0	188	73	4	11	192	1	188	6.84e-73	212	193	190
SY457BB-8-12_bin15-k141_1498167_39	IdrB_TIER2|GCA_002718255.1|MBI48304.1	57.1	175	69	2	23	191	17	191	2.22e-72	211	193	194
SY457BB-8-12_bin15-k141_1498167_39	IdrB_TIER2|GCA_011051715.1|HEB97089.1	56.1	189	73	4	11	192	4	189	2.33e-71	208	193	191
SY457BB-8-12_bin15-k141_1498167_39	IdrB_TIER2|GCA_011371325.1|HHB91634.1	55.0	180	74	4	19	193	8	185	5.66e-71	207	193	186
SY457BB-8-12_bin15-k141_1498167_39	IdrB_TIER2|GCA_000967665.1|KJZ16189.1	54.2	190	81	2	8	191	15	204	1.74e-70	207	193	210
SY457BB-8-12_bin15-k141_1498167_39	IdrB_TIER2|GCA_001715975.1|ODJ89648.1	56.1	189	73	4	11	192	4	189	1.09e-69	204	193	191
SY457BB-8-12_bin15-k141_1498167_39	IdrB_TIER2|GCA_000283275.1|AFP30181.1	55.4	175	71	2	25	192	1	175	5.65e-69	202	193	177
SY457BB-8-12_bin15-k141_1498167_39	IdrB_TIER2|GCA_002836355.1|PKH06717.1	56.0	175	71	2	23	191	26	200	2.04e-68	201	193	206
SY457BB-8-12_bin15-k141_1498167_39	IdrB_TIER2|GCA_000272145.2|OEE78074.1	55.4	175	72	2	23	191	23	197	3.72e-68	201	193	203
SY457BB-8-12_bin15-k141_1498167_39	AioB_LOCAL|GCA_000953735.1|CED59803.1	53.4	189	78	3	13	191	12	200	5.81e-68	200	193	206
SY457BB-8-12_bin15-k141_1498167_40	IdrP_like_TIER2|GCA_003544895.1|AXX96741.1	81.5	383	68	1	1	380	1	383	8.71e-240	650	380	383
SY457BB-8-12_bin15-k141_1498167_40	IdrP_like_TIER2|GCA_002732845.1|PHS79678.1	68.6	366	114	1	12	377	23	387	1.05e-189	524	380	393
SY457BB-8-12_bin15-k141_1498167_40	IdrP_like_TIER2|GCA_011371325.1|HHB91635.1	67.8	348	112	0	27	374	33	380	9.26e-184	509	380	394
SY457BB-8-12_bin15-k141_1498167_40	IdrP_like_TIER2|GCA_000785145.2|KHD08440.1	67.4	347	113	0	28	374	19	365	7.29e-182	503	380	379
SY457BB-8-12_bin15-k141_1498167_40	IdrP_like_TIER2|GCA_002897995.1|GBE44174.1	61.4	370	135	1	13	374	8	377	7.09e-177	491	380	387
SY457BB-8-12_bin15-k141_1498167_40	IdrP_like_TIER2|GCA_002731375.1|MBV37769.1	64.1	351	126	0	24	374	22	372	7.85e-177	491	380	380
SY457BB-8-12_bin15-k141_1498167_40	IdrP_like_TIER2|GCA_003864255.1|RRJ85033.1	64.9	345	121	0	30	374	32	376	3.06e-172	479	380	392
SY457BB-8-12_bin15-k141_1498167_40	IdrP_like_TIER2|GCA_003660225.1|RLJ20877.1	65.1	344	120	0	31	374	53	396	7.15e-171	477	380	412
SY457BB-8-12_bin15-k141_1498167_40	IdrP_like_TIER2|GCA_003660235.1|RLJ20929.1	65.1	344	120	0	31	374	53	396	7.15e-171	477	380	412
SY457BB-8-12_bin15-k141_1498167_40	IdrP_like_TIER2|GCA_002687515.1|MAF46991.1	63.4	344	121	1	31	374	34	372	2.33e-170	474	380	376
SY457BB-8-12_bin15-k141_1498167_40	IdrP_like_TIER2|GCA_002725625.1|MBO31668.1	62.4	348	126	1	26	373	23	365	1.78e-168	469	380	370
SY457BB-8-12_bin15-k141_1498167_40	IdrP_like_TIER2|GCA_001404295.1|CTQ63441.1	59.3	378	147	2	2	377	3	375	2.54e-168	469	380	380
SY457BB-8-12_bin15-k141_1498167_40	IdrP_like_TIER2|GCA_001715975.1|ODJ89649.1	63.7	358	126	2	21	374	41	398	2.92e-168	470	380	414
SY457BB-8-12_bin15-k141_1498167_40	IdrP_like_TIER2|GCA_001404055.1|CTQ52170.1	59.3	378	147	2	2	377	3	375	2.39e-166	464	380	380
SY457BB-8-12_bin15-k141_1498167_40	IdrP_like_TIER2|GCA_001443665.1|KRT55330.1	65.1	347	118	1	31	374	50	396	1.04e-165	464	380	412
SY457BB-8-12_bin15-k141_1498167_40	IdrP_like_TIER2|GCA_000224455.2|EGV52497.1	64.8	347	119	1	31	374	50	396	5.97e-165	462	380	412
SY457BB-8-12_bin15-k141_1498167_40	IdrP_like_TIER2|GCA_011051715.1|HEB97088.1	61.6	357	137	0	18	374	40	396	1.70e-164	461	380	412
SY457BB-8-12_bin15-k141_1498167_40	IdrP_like_TIER2|GCA_002687455.1|MAF55548.1	61.2	348	130	1	31	378	33	375	9.52e-163	455	380	377
SY457BB-8-12_bin15-k141_1498167_40	IdrP_like_TIER2|GCA_003934975.1|RRS37421.1	63.5	334	122	0	41	374	63	396	2.27e-162	455	380	412
SY457BB-8-12_bin15-k141_1498167_40	IdrP_like_TIER2|GCA_002718255.1|MBI48303.1	62.2	349	132	0	32	380	29	377	2.54e-162	454	380	385
SY457BB-8-12_bin15-k141_1498167_40	IdrP_like_TIER2|GCA_002717425.1|MBI13699.1	61.0	344	129	1	35	378	39	377	3.37e-161	451	380	379
SY457BB-8-12_bin15-k141_1498167_40	IdrP_like_TIER2|GCA_009653635.1|MRI32052.1	61.0	354	138	0	27	380	59	412	4.10e-161	452	380	425
SY457BB-8-12_bin15-k141_1498167_40	IdrP_like_TIER2|GCA_002726415.1|MBP80848.1	58.9	377	152	2	4	377	8	384	8.06e-160	449	380	410
SY457BB-8-12_bin15-k141_1498167_40	IdrP_like_TIER2|GCA_000283275.1|AFP30182.1	61.5	353	136	0	28	380	89	441	2.49e-158	446	380	449
SY457BB-8-12_bin15-k141_1498167_40	IdrP_like_TIER2|GCA_002711755.1|MBC58354.1	57.5	374	154	1	4	377	1	369	3.08e-158	443	380	374
SY457BB-8-12_bin15-k141_1498167_41	IdrP_like_TIER2|GCA_003544895.1|AXX96740.1	82.0	373	66	1	1	373	1	372	9.40e-235	637	373	372
SY457BB-8-12_bin15-k141_1498167_41	IdrP_like_TIER2|GCA_002897995.1|GBE44175.1	68.9	351	107	1	23	373	42	390	8.71e-184	508	373	390
SY457BB-8-12_bin15-k141_1498167_41	IdrP_like_TIER2|GCA_002731375.1|MBV37770.1	67.2	363	117	1	11	373	2	362	1.43e-180	499	373	362
SY457BB-8-12_bin15-k141_1498167_41	IdrP_like_TIER2|GCA_002687515.1|MAF46990.1	67.5	351	114	0	23	373	10	360	1.54e-179	496	373	360
SY457BB-8-12_bin15-k141_1498167_41	IdrP_like_TIER2|GCA_002725625.1|MBO31669.1	65.8	366	124	1	8	373	10	374	7.27e-179	495	373	374
SY457BB-8-12_bin15-k141_1498167_41	IdrP_like_TIER2|GCA_002732845.1|PHS79677.1	62.8	374	131	2	8	373	2	375	3.68e-172	478	373	375
SY457BB-8-12_bin15-k141_1498167_41	IdrP_like_TIER2|GCA_009653635.1|MRI32051.1	63.1	344	123	2	30	373	24	363	3.65e-162	452	373	363
SY457BB-8-12_bin15-k141_1498167_41	IdrP_like_TIER2|GCA_002733565.1|PHR90156.1	66.0	332	112	1	42	373	33	363	4.22e-161	450	373	363
SY457BB-8-12_bin15-k141_1498167_41	IdrP_like_TIER2|GCA_001404295.1|CTQ63442.1	63.0	338	122	2	36	373	23	357	1.31e-158	443	373	357
SY457BB-8-12_bin15-k141_1498167_41	IdrP_like_TIER2|GCA_001939735.1|OLQ75249.1	61.7	358	134	2	18	373	7	363	1.61e-158	443	373	363
SY457BB-8-12_bin15-k141_1498167_41	IdrP_like_TIER2|GCA_002717425.1|MBI13700.1	64.0	331	115	1	47	373	26	356	1.79e-158	443	373	356
SY457BB-8-12_bin15-k141_1498167_41	IdrP_like_TIER2|GCA_002836355.1|PKH06718.1	64.8	332	116	1	42	373	33	363	2.29e-158	443	373	363
SY457BB-8-12_bin15-k141_1498167_41	IdrP_like_TIER2|GCA_003864255.1|RRJ85034.1	63.6	332	121	0	42	373	24	355	3.48e-158	442	373	355
SY457BB-8-12_bin15-k141_1498167_41	IdrP_like_TIER2|GCA_002687455.1|MAF55547.1	61.6	349	130	1	29	373	21	369	1.62e-157	441	373	369
SY457BB-8-12_bin15-k141_1498167_41	IdrP_like_TIER2|GCA_000785145.2|KHD08439.1	59.9	369	143	3	5	373	4	367	2.14e-157	441	373	367
SY457BB-8-12_bin15-k141_1498167_41	IdrP_like_TIER2|GCA_000967665.1|KJZ16045.1	61.2	348	133	2	27	373	19	365	3.28e-156	437	373	365
SY457BB-8-12_bin15-k141_1498167_41	IdrP_like_TIER2|GCA_000272145.2|OEE78075.1	61.1	342	132	1	32	373	22	362	1.20e-155	436	373	362
SY457BB-8-12_bin15-k141_1498167_41	IdrP_like_TIER2|GCA_002720555.1|MBJ78182.1	62.8	336	121	1	42	373	34	369	1.53e-155	436	373	369
SY457BB-8-12_bin15-k141_1498167_41	IdrP_like_TIER2|GCA_011371325.1|HHB91636.1	56.8	361	151	1	13	373	12	367	7.70e-153	429	373	367
SY457BB-8-12_bin15-k141_1498167_41	IdrP_like_TIER2|GCA_011051715.1|HEB97087.1	57.0	365	151	2	13	373	6	368	3.23e-152	427	373	368
SY457BB-8-12_bin15-k141_1498167_41	IdrP_like_TIER2|GCA_003934975.1|RRS37422.1	60.8	332	128	1	42	373	39	368	1.85e-151	426	373	368
SY457BB-8-12_bin15-k141_1498167_41	IdrP_like_TIER2|GCA_003610775.1|RKF21467.1	59.6	342	137	1	32	373	23	363	5.13e-150	422	373	363
SY457BB-8-12_bin15-k141_1498167_41	IdrP_like_TIER2|GCA_002718255.1|MBI48302.1	60.5	337	132	1	37	373	16	351	6.80e-150	421	373	351
SY457BB-8-12_bin15-k141_1498167_41	IdrP_like_TIER2|GCA_003660235.1|RLJ20930.1	57.0	363	150	2	15	373	8	368	4.97e-149	419	373	368
SY457BB-8-12_bin15-k141_1498167_41	IdrP_like_TIER2|GCA_003660225.1|RLJ20878.1	56.7	363	151	2	15	373	8	368	2.01e-148	418	373	368
SY457BB-8-12_bin25-k141_129537_9	IdrP_like_TIER2|GCA_003544895.1|AXX96740.1	81.2	373	69	1	1	373	1	372	2.86e-229	623	373	372
SY457BB-8-12_bin25-k141_129537_9	IdrP_like_TIER2|GCA_002897995.1|GBE44175.1	67.3	355	114	1	19	373	38	390	1.11e-179	498	373	390
SY457BB-8-12_bin25-k141_129537_9	IdrP_like_TIER2|GCA_002687515.1|MAF46990.1	66.1	360	112	1	9	368	6	355	2.41e-176	488	373	360
SY457BB-8-12_bin25-k141_129537_9	IdrP_like_TIER2|GCA_002731375.1|MBV37770.1	68.9	338	105	0	36	373	25	362	2.58e-176	488	373	362
SY457BB-8-12_bin25-k141_129537_9	IdrP_like_TIER2|GCA_002725625.1|MBO31669.1	68.3	341	106	1	28	368	31	369	2.16e-173	481	373	374
SY457BB-8-12_bin25-k141_129537_9	IdrP_like_TIER2|GCA_002732845.1|PHS79677.1	66.9	338	112	0	36	373	38	375	3.47e-170	473	373	375
SY457BB-8-12_bin25-k141_129537_9	IdrP_like_TIER2|GCA_002733565.1|PHR90156.1	65.1	332	115	1	42	373	33	363	9.82e-160	446	373	363
SY457BB-8-12_bin25-k141_129537_9	IdrP_like_TIER2|GCA_002836355.1|PKH06718.1	64.5	332	117	1	42	373	33	363	1.14e-158	444	373	363
SY457BB-8-12_bin25-k141_129537_9	IdrP_like_TIER2|GCA_001939735.1|OLQ75249.1	64.2	338	120	1	36	373	27	363	9.26e-158	441	373	363
SY457BB-8-12_bin25-k141_129537_9	IdrP_like_TIER2|GCA_002687455.1|MAF55547.1	62.8	336	121	1	42	373	34	369	1.14e-157	441	373	369
SY457BB-8-12_bin25-k141_129537_9	IdrP_like_TIER2|GCA_002717425.1|MBI13700.1	61.5	356	130	3	23	373	3	356	1.46e-157	441	373	356
SY457BB-8-12_bin25-k141_129537_9	IdrP_like_TIER2|GCA_009653635.1|MRI32051.1	63.4	331	120	1	43	373	34	363	7.55e-157	439	373	363
SY457BB-8-12_bin25-k141_129537_9	IdrP_like_TIER2|GCA_000785145.2|KHD08439.1	63.1	339	123	1	35	373	31	367	8.68e-157	439	373	367
SY457BB-8-12_bin25-k141_129537_9	IdrP_like_TIER2|GCA_002720555.1|MBJ78182.1	62.5	336	122	1	42	373	34	369	2.66e-156	438	373	369
SY457BB-8-12_bin25-k141_129537_9	IdrP_like_TIER2|GCA_003864255.1|RRJ85034.1	63.0	332	123	0	42	373	24	355	6.60e-156	436	373	355
SY457BB-8-12_bin25-k141_129537_9	IdrP_like_TIER2|GCA_000967665.1|KJZ16045.1	60.0	365	140	3	10	373	6	365	1.08e-154	434	373	365
SY457BB-8-12_bin25-k141_129537_9	IdrP_like_TIER2|GCA_000272145.2|OEE78075.1	62.1	338	127	1	36	373	26	362	2.27e-153	430	373	362
SY457BB-8-12_bin25-k141_129537_9	IdrP_like_TIER2|GCA_011371325.1|HHB91636.1	57.7	355	150	0	19	373	13	367	6.27e-152	427	373	367
SY457BB-8-12_bin25-k141_129537_9	IdrP_like_TIER2|GCA_001404295.1|CTQ63442.1	61.5	338	127	3	36	373	23	357	6.28e-152	426	373	357
SY457BB-8-12_bin25-k141_129537_9	IdrP_like_TIER2|GCA_003934975.1|RRS37422.1	58.4	361	148	1	13	373	10	368	6.10e-150	422	373	368
SY457BB-8-12_bin25-k141_129537_9	IdrP_like_TIER2|GCA_003610775.1|RKF21467.1	59.9	332	132	1	42	373	33	363	2.40e-148	417	373	363
SY457BB-8-12_bin25-k141_129537_9	IdrP_like_TIER2|GCA_011051715.1|HEB97087.1	56.9	369	153	2	9	373	2	368	2.85e-148	417	373	368
SY457BB-8-12_bin25-k141_129537_9	IdrP_like_TIER2|GCA_005146635.1|TKG63042.1	61.6	331	126	1	43	373	28	357	1.12e-147	416	373	357
SY457BB-8-12_bin25-k141_129537_9	IdrP_like_TIER2|GCA_002875145.1|PMP13657.1	61.6	331	126	1	43	373	30	359	1.20e-147	416	373	359
SY457BB-8-12_bin25-k141_129537_9	IdrP_like_TIER2|GCA_002876485.1|PMO76000.1	61.3	331	127	1	43	373	28	357	2.25e-147	415	373	357
SY457BB-8-12_bin25-k141_129537_10	IdrP_like_TIER2|GCA_003544895.1|AXX96741.1	83.2	380	60	2	1	376	1	380	2.32e-241	654	377	383
SY457BB-8-12_bin25-k141_129537_10	IdrP_like_TIER2|GCA_011371325.1|HHB91635.1	63.4	382	130	1	5	376	2	383	1.17e-183	508	377	394
SY457BB-8-12_bin25-k141_129537_10	IdrP_like_TIER2|GCA_002732845.1|PHS79678.1	64.3	387	127	2	1	376	1	387	6.51e-183	506	377	393
SY457BB-8-12_bin25-k141_129537_10	IdrP_like_TIER2|GCA_000785145.2|KHD08440.1	64.5	372	127	1	5	376	2	368	4.58e-182	504	377	379
SY457BB-8-12_bin25-k141_129537_10	IdrP_like_TIER2|GCA_002897995.1|GBE44174.1	65.3	354	123	0	23	376	27	380	2.34e-179	497	377	387
SY457BB-8-12_bin25-k141_129537_10	IdrP_like_TIER2|GCA_002731375.1|MBV37769.1	64.1	354	127	0	23	376	22	375	2.32e-175	487	377	380
SY457BB-8-12_bin25-k141_129537_10	IdrP_like_TIER2|GCA_001404295.1|CTQ63441.1	64.2	374	127	3	1	373	5	372	3.81e-174	484	377	380
SY457BB-8-12_bin25-k141_129537_10	IdrP_like_TIER2|GCA_003864255.1|RRJ85033.1	65.2	351	122	0	25	375	28	378	2.36e-173	482	377	392
SY457BB-8-12_bin25-k141_129537_10	IdrP_like_TIER2|GCA_001404055.1|CTQ52170.1	62.8	374	132	3	1	373	5	372	9.72e-170	473	377	380
SY457BB-8-12_bin25-k141_129537_10	IdrP_like_TIER2|GCA_001715975.1|ODJ89649.1	64.0	361	126	2	20	376	41	401	3.20e-169	473	377	414
SY457BB-8-12_bin25-k141_129537_10	IdrP_like_TIER2|GCA_002687515.1|MAF46991.1	62.5	355	128	1	23	377	27	376	9.77e-169	470	377	376
SY457BB-8-12_bin25-k141_129537_10	IdrP_like_TIER2|GCA_002725625.1|MBO31668.1	61.6	357	132	1	21	377	19	370	3.20e-168	468	377	370
SY457BB-8-12_bin25-k141_129537_10	IdrP_like_TIER2|GCA_003660225.1|RLJ20877.1	63.1	347	128	0	30	376	53	399	3.99e-167	467	377	412
SY457BB-8-12_bin25-k141_129537_10	IdrP_like_TIER2|GCA_003660235.1|RLJ20929.1	63.1	347	128	0	30	376	53	399	3.99e-167	467	377	412
SY457BB-8-12_bin25-k141_129537_10	IdrP_like_TIER2|GCA_002687455.1|MAF55548.1	60.4	374	143	1	3	376	6	374	4.75e-167	466	377	377
SY457BB-8-12_bin25-k141_129537_10	IdrP_like_TIER2|GCA_011051715.1|HEB97088.1	62.2	360	136	0	17	376	40	399	9.28e-166	464	377	412
SY457BB-8-12_bin25-k141_129537_10	IdrP_like_TIER2|GCA_001443665.1|KRT55330.1	64.3	350	122	1	30	376	50	399	1.01e-162	456	377	412
SY457BB-8-12_bin25-k141_129537_10	IdrP_like_TIER2|GCA_002718255.1|MBI48303.1	63.3	346	127	0	31	376	29	374	1.60e-162	454	377	385
SY457BB-8-12_bin25-k141_129537_10	IdrP_like_TIER2|GCA_000283275.1|AFP30182.1	63.8	348	126	0	29	376	91	438	2.53e-162	456	377	449
SY457BB-8-12_bin25-k141_129537_10	IdrP_like_TIER2|GCA_000224455.2|EGV52497.1	64.0	350	123	1	30	376	50	399	5.79e-162	454	377	412
SY457BB-8-12_bin25-k141_129537_10	IdrP_like_TIER2|GCA_002717425.1|MBI13699.1	62.4	343	124	1	34	376	39	376	3.01e-161	451	377	379
SY457BB-8-12_bin25-k141_129537_10	IdrP_like_TIER2|GCA_001623255.1|KZL05131.1	59.6	376	146	2	2	376	6	376	3.23e-161	451	377	381
SY457BB-8-12_bin25-k141_129537_10	IdrP_like_TIER2|GCA_003934975.1|RRS37421.1	58.0	383	148	2	7	376	17	399	3.84e-160	449	377	412
SY457BB-8-12_bin25-k141_129537_10	IdrP_like_TIER2|GCA_009653635.1|MRI32052.1	61.0	351	137	0	26	376	59	409	9.81e-159	446	377	425
SY457BB-8-12_bin25-k141_129537_10	IdrP_like_TIER2|GCA_004331745.1|TCD13830.1	60.4	376	139	3	4	376	3	371	2.95e-158	443	377	376
SY457BB-8-12_bin25-k141_129537_11	IdrB_TIER2|GCA_003544895.1|AXX96742.1	87.8	181	22	0	8	188	13	193	5.77e-120	331	188	193
SY457BB-8-12_bin25-k141_129537_11	IdrB_TIER2|GCA_002725625.1|MBO31667.1	69.3	176	50	2	14	188	22	194	1.05e-90	257	188	194
SY457BB-8-12_bin25-k141_129537_11	IdrB_TIER2|GCA_002897995.1|GBE44173.1	71.5	172	48	1	18	188	25	196	1.59e-90	257	188	196
SY457BB-8-12_bin25-k141_129537_11	IdrB_TIER2|GCA_002731375.1|MBV37768.1	70.9	172	48	2	18	188	25	195	9.77e-87	247	188	195
SY457BB-8-12_bin25-k141_129537_11	IdrB_TIER2|GCA_001404055.1|CTQ52169.1	66.9	181	57	3	9	188	20	198	2.18e-86	246	188	198
SY457BB-8-12_bin25-k141_129537_11	IdrB_TIER2|GCA_001404295.1|CTQ63440.1	66.9	181	57	3	9	188	20	198	1.25e-85	244	188	198
SY457BB-8-12_bin25-k141_129537_11	IdrB_TIER2|GCA_003208435.1|PYG33377.1	66.5	179	59	1	10	188	18	195	3.24e-85	243	188	195
SY457BB-8-12_bin25-k141_129537_11	AioB_LOCAL|GCA_000756565.1|KGB81536.1	66.5	179	59	1	10	188	7	184	1.84e-84	241	188	184
SY457BB-8-12_bin25-k141_129537_11	IdrB_TIER2|GCA_004216475.1|QBF32516.1	64.8	179	62	1	10	188	18	195	5.34e-84	240	188	195
SY457BB-8-12_bin25-k141_129537_11	IdrB_TIER2|GCA_002711755.1|MBC58353.1	65.9	179	60	1	10	188	18	195	7.59e-84	240	188	195
SY457BB-8-12_bin25-k141_129537_11	IdrB_TIER2|GCA_004331745.1|TCD13831.1	64.2	179	63	1	10	188	18	195	1.53e-83	239	188	195
SY457BB-8-12_bin25-k141_129537_11	IdrB_TIER2|GCA_001623255.1|KZL05130.1	65.0	180	60	3	10	188	21	198	1.69e-83	239	188	198
SY457BB-8-12_bin25-k141_129537_11	IdrB_TIER2|GCA_002687515.1|MAF46992.1	66.7	168	53	1	21	188	1	165	2.28e-83	238	188	165
SY457BB-8-12_bin25-k141_129537_11	IdrB_TIER2|GCA_002732845.1|PHS79679.1	63.4	172	61	2	18	188	27	197	8.43e-79	227	188	197
SY457BB-8-12_bin25-k141_129537_11	IdrB_TIER2|GCA_002718255.1|MBI48304.1	58.9	175	66	3	18	186	17	191	6.44e-73	212	188	194
SY457BB-8-12_bin25-k141_129537_11	IdrB_TIER2|GCA_009653635.1|MRI32053.1	58.3	175	67	2	20	188	1	175	1.38e-72	211	188	196
SY457BB-8-12_bin25-k141_129537_11	IdrB_TIER2|GCA_000785145.2|KHD08441.1	60.0	175	65	3	18	187	14	188	1.62e-72	211	188	190
SY457BB-8-12_bin25-k141_129537_11	IdrB_TIER2|GCA_002717425.1|MBI13698.1	56.5	191	75	4	1	188	1	186	1.64e-71	208	188	186
SY457BB-8-12_bin25-k141_129537_11	IdrB_TIER2|GCA_000967665.1|KJZ16189.1	57.7	175	68	2	18	186	30	204	2.51e-71	209	188	210
SY457BB-8-12_bin25-k141_129537_11	IdrB_TIER2|GCA_000272145.2|OEE78074.1	56.5	186	74	3	7	186	13	197	2.85e-71	208	188	203
SY457BB-8-12_bin25-k141_129537_11	IdrB_TIER2|GCA_001715975.1|ODJ89648.1	57.7	189	69	5	6	187	5	189	5.51e-71	207	188	191
SY457BB-8-12_bin25-k141_129537_11	IdrB_TIER2|GCA_011051715.1|HEB97089.1	57.6	191	70	5	4	187	3	189	7.82e-71	207	188	191
SY457BB-8-12_bin25-k141_129537_11	IdrB_TIER2|GCA_011371325.1|HHB91634.1	57.1	175	69	3	18	188	13	185	9.44e-71	206	188	186
SY457BB-8-12_bin25-k141_129537_11	IdrB_TIER2|GCA_002720555.1|MBJ78184.1	56.5	191	75	4	1	188	1	186	2.69e-70	205	188	186
SY457BB-8-12_bin25-k141_129537_11	IdrB_TIER2|GCA_003610775.1|RKF21469.1	56.1	189	76	3	4	186	4	191	2.71e-70	206	188	197
SY457BB-8-12_bin4-k141_1432391_2	IdrP_like_TIER2|GCA_003544895.1|AXX96740.1	80.2	373	73	1	1	373	1	372	2.46e-230	625	373	372
SY457BB-8-12_bin4-k141_1432391_2	IdrP_like_TIER2|GCA_002897995.1|GBE44175.1	64.5	369	128	2	5	373	25	390	8.56e-177	491	373	390
SY457BB-8-12_bin4-k141_1432391_2	IdrP_like_TIER2|GCA_002731375.1|MBV37770.1	67.1	347	112	1	27	373	18	362	5.20e-176	488	373	362
SY457BB-8-12_bin4-k141_1432391_2	IdrP_like_TIER2|GCA_002725625.1|MBO31669.1	65.7	356	121	1	18	373	20	374	6.17e-173	480	373	374
SY457BB-8-12_bin4-k141_1432391_2	IdrP_like_TIER2|GCA_002687515.1|MAF46990.1	64.4	351	125	0	23	373	10	360	4.34e-172	478	373	360
SY457BB-8-12_bin4-k141_1432391_2	IdrP_like_TIER2|GCA_002732845.1|PHS79677.1	65.7	338	116	0	36	373	38	375	8.10e-169	470	373	375
SY457BB-8-12_bin4-k141_1432391_2	IdrP_like_TIER2|GCA_002733565.1|PHR90156.1	64.8	332	116	1	42	373	33	363	5.65e-159	444	373	363
SY457BB-8-12_bin4-k141_1432391_2	IdrP_like_TIER2|GCA_000785145.2|KHD08439.1	63.4	339	122	1	35	373	31	367	2.14e-157	441	373	367
SY457BB-8-12_bin4-k141_1432391_2	IdrP_like_TIER2|GCA_002836355.1|PKH06718.1	64.2	332	118	1	42	373	33	363	2.64e-157	440	373	363
SY457BB-8-12_bin4-k141_1432391_2	IdrP_like_TIER2|GCA_009653635.1|MRI32051.1	62.2	331	124	1	43	373	34	363	6.15e-156	437	373	363
SY457BB-8-12_bin4-k141_1432391_2	IdrP_like_TIER2|GCA_003864255.1|RRJ85034.1	61.7	332	127	0	42	373	24	355	1.88e-155	435	373	355
SY457BB-8-12_bin4-k141_1432391_2	IdrP_like_TIER2|GCA_001939735.1|OLQ75249.1	62.4	343	128	1	31	373	22	363	2.49e-155	435	373	363
SY457BB-8-12_bin4-k141_1432391_2	IdrP_like_TIER2|GCA_000967665.1|KJZ16045.1	61.8	338	128	1	36	373	29	365	1.08e-154	434	373	365
SY457BB-8-12_bin4-k141_1432391_2	IdrP_like_TIER2|GCA_002687455.1|MAF55547.1	61.5	343	128	1	30	368	22	364	7.14e-154	432	373	369
SY457BB-8-12_bin4-k141_1432391_2	IdrP_like_TIER2|GCA_002717425.1|MBI13700.1	64.1	326	113	1	47	368	26	351	1.30e-153	431	373	356
SY457BB-8-12_bin4-k141_1432391_2	IdrP_like_TIER2|GCA_000272145.2|OEE78075.1	61.5	343	131	1	31	373	21	362	1.60e-153	431	373	362
SY457BB-8-12_bin4-k141_1432391_2	IdrP_like_TIER2|GCA_001404295.1|CTQ63442.1	60.4	338	131	3	36	373	23	357	1.55e-152	428	373	357
SY457BB-8-12_bin4-k141_1432391_2	IdrP_like_TIER2|GCA_002720555.1|MBJ78182.1	58.6	367	138	2	6	368	8	364	2.35e-152	428	373	369
SY457BB-8-12_bin4-k141_1432391_2	IdrP_like_TIER2|GCA_003610775.1|RKF21467.1	59.6	332	133	1	42	373	33	363	5.92e-149	419	373	363
SY457BB-8-12_bin4-k141_1432391_2	IdrP_like_TIER2|GCA_011371325.1|HHB91636.1	58.4	339	141	0	35	373	29	367	9.65e-149	419	373	367
SY457BB-8-12_bin4-k141_1432391_2	IdrP_like_TIER2|GCA_002718255.1|MBI48302.1	60.2	337	133	1	37	373	16	351	1.29e-147	415	373	351
SY457BB-8-12_bin4-k141_1432391_2	IdrP_like_TIER2|GCA_002711755.1|MBC58355.1	56.4	362	153	3	12	373	1	357	1.59e-147	415	373	357
SY457BB-8-12_bin4-k141_1432391_2	IdrP_like_TIER2|GCA_003934975.1|RRS37422.1	60.2	332	130	1	42	373	39	368	1.64e-147	416	373	368
SY457BB-8-12_bin4-k141_1432391_2	IdrP_like_TIER2|GCA_011051715.1|HEB97087.1	55.6	369	158	2	9	373	2	368	9.38e-147	414	373	368
SY457BB-8-12_bin4-k141_1432391_2	IdrP_like_TIER2|GCA_001404055.1|CTQ52171.1	57.0	358	146	5	16	373	8	357	1.21e-144	408	373	357
SY457BB-8-12_bin4-k141_1432391_3	IdrP_like_TIER2|GCA_003544895.1|AXX96741.1	83.6	383	60	1	1	380	1	383	1.16e-244	662	380	383
SY457BB-8-12_bin4-k141_1432391_3	IdrP_like_TIER2|GCA_002897995.1|GBE44174.1	66.9	356	118	0	24	379	27	382	3.58e-184	509	380	387
SY457BB-8-12_bin4-k141_1432391_3	IdrP_like_TIER2|GCA_011371325.1|HHB91635.1	68.1	351	112	0	27	377	33	383	1.31e-183	508	380	394
SY457BB-8-12_bin4-k141_1432391_3	IdrP_like_TIER2|GCA_000785145.2|KHD08440.1	68.0	347	111	0	31	377	22	368	8.45e-181	501	380	379
SY457BB-8-12_bin4-k141_1432391_3	IdrP_like_TIER2|GCA_002732845.1|PHS79678.1	64.3	387	127	3	1	377	2	387	2.80e-180	500	380	393
SY457BB-8-12_bin4-k141_1432391_3	IdrP_like_TIER2|GCA_002731375.1|MBV37769.1	65.7	356	122	0	24	379	22	377	2.90e-179	497	380	380
SY457BB-8-12_bin4-k141_1432391_3	IdrP_like_TIER2|GCA_001404295.1|CTQ63441.1	63.7	380	131	2	2	379	3	377	8.60e-174	483	380	380
SY457BB-8-12_bin4-k141_1432391_3	IdrP_like_TIER2|GCA_002687515.1|MAF46991.1	63.9	355	123	1	24	378	27	376	1.06e-173	483	380	376
SY457BB-8-12_bin4-k141_1432391_3	IdrP_like_TIER2|GCA_002725625.1|MBO31668.1	61.1	378	139	2	1	378	1	370	5.70e-172	478	380	370
SY457BB-8-12_bin4-k141_1432391_3	IdrP_like_TIER2|GCA_003660225.1|RLJ20877.1	60.7	384	138	2	7	377	16	399	4.75e-169	472	380	412
SY457BB-8-12_bin4-k141_1432391_3	IdrP_like_TIER2|GCA_003864255.1|RRJ85033.1	63.0	351	130	0	26	376	28	378	6.73e-169	471	380	392
SY457BB-8-12_bin4-k141_1432391_3	IdrP_like_TIER2|GCA_003660235.1|RLJ20929.1	60.4	384	139	2	7	377	16	399	1.92e-168	471	380	412
SY457BB-8-12_bin4-k141_1432391_3	IdrP_like_TIER2|GCA_001404055.1|CTQ52170.1	62.1	380	137	2	2	379	3	377	7.25e-168	468	380	380
SY457BB-8-12_bin4-k141_1432391_3	IdrP_like_TIER2|GCA_001715975.1|ODJ89649.1	63.5	351	125	1	30	377	51	401	3.90e-166	465	380	414
SY457BB-8-12_bin4-k141_1432391_3	IdrP_like_TIER2|GCA_002717425.1|MBI13699.1	64.1	343	118	1	35	377	39	376	1.88e-165	462	380	379
SY457BB-8-12_bin4-k141_1432391_3	IdrP_like_TIER2|GCA_002687455.1|MAF55548.1	63.7	347	121	1	31	377	33	374	2.49e-165	461	380	377
SY457BB-8-12_bin4-k141_1432391_3	IdrP_like_TIER2|GCA_001443665.1|KRT55330.1	64.3	350	122	1	31	377	50	399	4.86e-164	459	380	412
SY457BB-8-12_bin4-k141_1432391_3	IdrP_like_TIER2|GCA_000224455.2|EGV52497.1	64.0	350	123	1	31	377	50	399	2.79e-163	457	380	412
SY457BB-8-12_bin4-k141_1432391_3	IdrP_like_TIER2|GCA_011051715.1|HEB97088.1	63.5	348	127	0	30	377	52	399	3.96e-163	457	380	412
SY457BB-8-12_bin4-k141_1432391_3	IdrP_like_TIER2|GCA_003934975.1|RRS37421.1	59.1	384	144	2	7	377	16	399	7.96e-163	456	380	412
SY457BB-8-12_bin4-k141_1432391_3	IdrP_like_TIER2|GCA_002718255.1|MBI48303.1	63.6	346	126	0	32	377	29	374	1.03e-161	452	380	385
SY457BB-8-12_bin4-k141_1432391_3	IdrP_like_TIER2|GCA_002726415.1|MBP80848.1	60.8	367	139	2	9	374	19	381	1.40e-160	451	380	410
SY457BB-8-12_bin4-k141_1432391_3	IdrP_like_TIER2|GCA_001623255.1|KZL05131.1	59.8	383	142	3	4	379	1	378	5.93e-160	448	380	381
SY457BB-8-12_bin4-k141_1432391_3	IdrP_like_TIER2|GCA_000283275.1|AFP30182.1	63.2	348	128	0	30	377	91	438	4.34e-159	448	380	449
SY457BB-8-12_bin4-k141_1432391_3	IdrP_like_TIER2|GCA_009653635.1|MRI32052.1	60.7	351	138	0	27	377	59	409	4.44e-158	445	380	425
SY457BB-8-12_bin4-k141_1432391_4	IdrB_TIER2|GCA_003544895.1|AXX96742.1	79.3	193	40	0	1	193	1	193	6.19e-114	316	193	193
SY457BB-8-12_bin4-k141_1432391_4	IdrB_TIER2|GCA_002897995.1|GBE44173.1	67.4	172	55	1	23	193	25	196	6.41e-89	253	193	196
SY457BB-8-12_bin4-k141_1432391_4	IdrB_TIER2|GCA_002725625.1|MBO31667.1	66.1	174	55	2	21	193	24	194	1.63e-86	247	193	194
SY457BB-8-12_bin4-k141_1432391_4	IdrB_TIER2|GCA_004331745.1|TCD13831.1	64.0	178	62	2	17	193	19	195	7.93e-85	243	193	195
SY457BB-8-12_bin4-k141_1432391_4	IdrB_TIER2|GCA_002731375.1|MBV37768.1	63.0	184	63	3	14	193	13	195	3.22e-84	241	193	195
SY457BB-8-12_bin4-k141_1432391_4	IdrB_TIER2|GCA_001404055.1|CTQ52169.1	64.1	181	62	3	14	193	20	198	5.05e-84	241	193	198
SY457BB-8-12_bin4-k141_1432391_4	IdrB_TIER2|GCA_001404295.1|CTQ63440.1	64.6	181	61	3	14	193	20	198	2.91e-83	239	193	198
SY457BB-8-12_bin4-k141_1432391_4	IdrB_TIER2|GCA_002711755.1|MBC58353.1	63.7	179	64	1	15	193	18	195	7.52e-83	238	193	195
SY457BB-8-12_bin4-k141_1432391_4	IdrB_TIER2|GCA_003208435.1|PYG33377.1	63.7	179	64	1	15	193	18	195	7.52e-83	238	193	195
SY457BB-8-12_bin4-k141_1432391_4	AioB_LOCAL|GCA_000756565.1|KGB81536.1	63.1	179	65	1	15	193	7	184	2.12e-82	236	193	184
SY457BB-8-12_bin4-k141_1432391_4	IdrB_TIER2|GCA_001623255.1|KZL05130.1	61.3	181	67	3	14	193	20	198	9.63e-82	235	193	198
SY457BB-8-12_bin4-k141_1432391_4	IdrB_TIER2|GCA_004216475.1|QBF32516.1	63.5	178	63	2	17	193	19	195	1.24e-81	234	193	195
SY457BB-8-12_bin4-k141_1432391_4	IdrB_TIER2|GCA_002687515.1|MAF46992.1	63.7	168	58	1	26	193	1	165	1.51e-80	231	193	165
SY457BB-8-12_bin4-k141_1432391_4	IdrB_TIER2|GCA_002732845.1|PHS79679.1	63.4	172	61	2	23	193	27	197	3.57e-79	228	193	197
SY457BB-8-12_bin4-k141_1432391_4	IdrB_TIER2|GCA_009653635.1|MRI32053.1	57.1	175	69	2	25	193	1	175	5.86e-73	213	193	196
SY457BB-8-12_bin4-k141_1432391_4	IdrB_TIER2|GCA_002718255.1|MBI48304.1	56.6	175	70	3	23	191	17	191	6.34e-72	210	193	194
SY457BB-8-12_bin4-k141_1432391_4	IdrB_TIER2|GCA_000785145.2|KHD08441.1	56.7	187	75	4	11	191	1	187	3.20e-71	208	193	190
SY457BB-8-12_bin4-k141_1432391_4	IdrB_TIER2|GCA_011371325.1|HHB91634.1	55.4	175	72	3	23	193	13	185	4.61e-70	205	193	186
SY457BB-8-12_bin4-k141_1432391_4	IdrB_TIER2|GCA_002836355.1|PKH06717.1	56.0	175	71	2	23	191	26	200	5.03e-69	203	193	206
SY457BB-8-12_bin4-k141_1432391_4	IdrB_TIER2|GCA_011051715.1|HEB97089.1	53.7	188	77	4	11	191	4	188	8.88e-69	202	193	191
SY457BB-8-12_bin4-k141_1432391_4	IdrB_TIER2|GCA_000272145.2|OEE78074.1	52.4	189	83	3	9	191	10	197	9.20e-69	202	193	203
SY457BB-8-12_bin4-k141_1432391_4	AioB_LOCAL|GCA_000953735.1|CED59803.1	55.4	175	72	2	23	191	26	200	2.04e-68	201	193	206
SY457BB-8-12_bin4-k141_1432391_4	IdrB_TIER2|GCA_000283275.1|AFP30181.1	54.6	174	72	3	25	191	1	174	2.29e-68	200	193	177
SY457BB-8-12_bin4-k141_1432391_4	IdrB_TIER2|GCA_000967665.1|KJZ16189.1	54.3	175	74	2	23	191	30	204	1.33e-67	199	193	210
SY457BB-8-12_bin4-k141_1432391_4	IdrB_TIER2|GCA_001939735.1|OLQ75251.1	51.4	185	83	3	13	191	11	194	1.37e-67	199	193	200
SY459WG-0-4_bin26-k141_460220_1	IdrB_TIER2|GCA_003486975.1|HAY10015.1	47.9	167	78	2	2	167	18	176	1.15e-49	152	181	184
SY459WG-0-4_bin26-k141_460220_1	IdrB_TIER2|GCA_003538055.1|HCX33660.1	55.6	124	54	1	45	167	54	177	7.96e-48	148	181	186
SY459WG-0-4_bin26-k141_460220_1	IdrB_TIER2|GCA_002842415.1|PKO90735.1	47.9	167	77	2	2	167	26	183	9.50e-48	148	181	192
SY459WG-0-4_bin26-k141_460220_1	AioB_LOCAL|GCA_001828925.1|OHC63617.1	47.3	167	74	3	2	167	20	173	1.89e-47	147	181	180
SY459WG-0-4_bin26-k141_460220_1	IdrB_TIER2|GCA_001801995.1|OGT91842.1	55.0	129	57	1	40	167	51	179	2.33e-47	147	181	187
SY459WG-0-4_bin26-k141_460220_1	IdrB_TIER2|GCA_008080565.1|TXT31846.1	47.9	167	77	3	2	167	24	181	2.54e-47	147	181	190
SY459WG-0-4_bin26-k141_460220_1	IdrB_TIER2|GCA_003628555.1|AYH44093.1	56.7	120	51	1	49	167	68	187	1.72e-46	145	181	196
SY459WG-0-4_bin26-k141_460220_1	IdrB_TIER2|GCA_001771985.1|OGA54489.1	46.2	173	82	5	2	170	16	181	3.55e-46	144	181	185
SY459WG-0-4_bin26-k141_460220_1	IdrB_TIER2|GCA_003864275.1|GCA58264.1	53.7	123	56	1	49	170	64	186	3.50e-45	141	181	192
SY459WG-0-4_bin26-k141_460220_1	AioB_LOCAL|GCA_001771285.1|OGB98045.1	51.4	142	64	3	37	173	37	178	7.00e-45	140	181	180
SY459WG-0-4_bin26-k141_460220_1	IdrB_TIER2|GCA_002725995.1|MBQ62122.1	46.8	173	81	4	2	170	35	200	9.34e-45	140	181	202
SY459WG-0-4_bin26-k141_460220_1	IdrB_TIER2|GCA_001797355.1|OGP07367.1	44.0	166	86	2	2	166	19	178	3.07e-44	139	181	183
SY459WG-0-4_bin26-k141_460220_1	IdrB_ANCHOR|IR12|CORE_IR12_IdrB__MBT0960285.1	52.4	126	59	1	45	169	55	180	9.22e-44	137	181	185
SY459WG-0-4_bin26-k141_460220_1	IdrB_TIER2|GCA_001788395.1|OGK84092.1	48.6	142	68	3	35	171	38	179	3.49e-43	136	181	183
SY459WG-0-4_bin26-k141_460220_1	AioB_LOCAL|GCA_000522425.1|ETW96771.1	50.4	131	61	3	45	171	54	184	4.45e-42	133	181	187
SY459WG-0-4_bin26-k141_460220_1	IdrB_TIER2|GCA_004331745.1|TCD13831.1	44.3	174	85	4	3	173	31	195	7.89e-42	133	181	195
SY459WG-0-4_bin26-k141_460220_1	IdrB_TIER2|GCA_004216475.1|QBF32516.1	50.4	137	65	2	40	173	59	195	1.58e-41	132	181	195
SY459WG-0-4_bin26-k141_460220_1	IdrB_TIER2|GCA_002720555.1|MBJ79550.1	41.1	180	96	6	2	171	25	204	2.14e-41	132	181	206
SY459WG-0-4_bin26-k141_460220_1	IdrB_TIER2|GCA_002731985.1|MBV52217.1	41.1	180	96	6	2	171	25	204	2.14e-41	132	181	206
SY459WG-0-4_bin26-k141_460220_1	IdrB_TIER2|GCA_003487765.1|HAX46042.1	47.3	131	65	3	45	171	44	174	5.21e-41	130	181	176
SY459WG-0-4_bin26-k141_460220_1	IdrB_TIER2|GCA_003208435.1|PYG33377.1	51.1	135	62	3	40	170	59	193	1.78e-40	129	181	195
SY459WG-0-4_bin26-k141_460220_1	IdrB_TIER2|GCA_002717425.1|MBI13698.1	40.9	171	90	3	2	169	20	182	1.96e-40	129	181	186
SY459WG-0-4_bin26-k141_460220_1	IdrB_TIER2|GCA_002686015.1|MAF07887.1	41.6	178	91	4	2	173	16	186	2.77e-40	129	181	186
SY459WG-0-4_bin26-k141_460220_1	IdrB_TIER2|GCA_009839615.1|MYA97754.1	44.4	178	76	6	2	171	13	175	4.69e-40	128	181	180
SY459WG-0-4_bin26-k141_460220_1	IdrB_TIER2|GCA_001404295.1|CTQ63440.1	50.4	135	63	3	40	170	62	196	7.75e-40	128	181	198
SY459WG-0-4_bin37-k141_569169_32	IdrB_TIER2|GCA_003544895.1|AXX96742.1	77.7	193	43	0	1	193	1	193	6.90e-111	308	193	193
SY459WG-0-4_bin37-k141_569169_32	IdrB_TIER2|GCA_002897995.1|GBE44173.1	67.2	183	56	2	12	193	17	196	7.07e-86	245	193	196
SY459WG-0-4_bin37-k141_569169_32	IdrB_TIER2|GCA_002725625.1|MBO31667.1	68.8	176	51	3	19	193	22	194	2.68e-85	244	193	194
SY459WG-0-4_bin37-k141_569169_32	IdrB_TIER2|GCA_001404055.1|CTQ52169.1	66.9	181	57	3	14	193	20	198	3.07e-85	244	193	198
SY459WG-0-4_bin37-k141_569169_32	IdrB_TIER2|GCA_002731375.1|MBV37768.1	66.7	183	56	3	12	193	17	195	1.31e-83	239	193	195
SY459WG-0-4_bin37-k141_569169_32	IdrB_TIER2|GCA_001404295.1|CTQ63440.1	66.3	181	58	3	14	193	20	198	2.91e-83	239	193	198
SY459WG-0-4_bin37-k141_569169_32	IdrB_TIER2|GCA_001623255.1|KZL05130.1	63.0	181	64	3	14	193	20	198	2.25e-80	231	193	198
SY459WG-0-4_bin37-k141_569169_32	IdrB_TIER2|GCA_003208435.1|PYG33377.1	60.9	179	69	1	15	193	18	195	6.74e-79	228	193	195
SY459WG-0-4_bin37-k141_569169_32	IdrB_TIER2|GCA_002711755.1|MBC58353.1	61.5	179	68	1	15	193	18	195	1.92e-78	226	193	195
SY459WG-0-4_bin37-k141_569169_32	AioB_LOCAL|GCA_000756565.1|KGB81536.1	60.9	179	69	1	15	193	7	184	5.43e-78	225	193	184
SY459WG-0-4_bin37-k141_569169_32	IdrB_TIER2|GCA_004216475.1|QBF32516.1	60.3	179	70	1	15	193	18	195	3.16e-77	223	193	195
SY459WG-0-4_bin37-k141_569169_32	IdrB_TIER2|GCA_004331745.1|TCD13831.1	60.3	179	70	1	15	193	18	195	6.37e-77	223	193	195
SY459WG-0-4_bin37-k141_569169_32	IdrB_TIER2|GCA_002687515.1|MAF46992.1	64.9	168	56	2	26	193	1	165	6.77e-77	221	193	165
SY459WG-0-4_bin37-k141_569169_32	IdrB_TIER2|GCA_002732845.1|PHS79679.1	61.7	180	65	3	15	193	21	197	5.55e-76	220	193	197
SY459WG-0-4_bin37-k141_569169_32	IdrB_TIER2|GCA_002836355.1|PKH06717.1	57.1	184	73	2	14	191	17	200	6.19e-70	205	193	206
SY459WG-0-4_bin37-k141_569169_32	AioB_LOCAL|GCA_000953735.1|CED59803.1	57.1	184	73	2	14	191	17	200	2.50e-69	204	193	206
SY459WG-0-4_bin37-k141_569169_32	IdrB_TIER2|GCA_009653635.1|MRI32053.1	56.6	175	70	2	25	193	1	175	3.66e-69	203	193	196
SY459WG-0-4_bin37-k141_569169_32	IdrB_TIER2|GCA_000272145.2|OEE78074.1	54.8	186	77	3	12	191	13	197	4.57e-69	203	193	203
SY459WG-0-4_bin37-k141_569169_32	IdrB_TIER2|GCA_002733565.1|PHR90154.1	58.3	175	67	2	23	191	26	200	5.81e-68	200	193	206
SY459WG-0-4_bin37-k141_569169_32	IdrB_TIER2|GCA_002718255.1|MBI48304.1	56.0	175	71	3	23	191	17	191	1.60e-67	199	193	194
SY459WG-0-4_bin37-k141_569169_32	IdrB_TIER2|GCA_011051715.1|HEB97089.1	54.3	188	76	4	11	191	4	188	2.93e-67	198	193	191
SY459WG-0-4_bin37-k141_569169_32	IdrB_TIER2|GCA_001939735.1|OLQ75251.1	53.0	185	80	3	13	191	11	194	1.58e-66	196	193	200
SY459WG-0-4_bin37-k141_569169_32	IdrB_TIER2|GCA_001715975.1|ODJ89648.1	53.7	188	77	4	11	191	4	188	3.38e-66	195	193	191
SY459WG-0-4_bin37-k141_569169_32	IdrB_TIER2|GCA_002717425.1|MBI13698.1	56.0	175	71	3	22	193	15	186	5.79e-66	194	193	186
SY459WG-0-4_bin37-k141_569169_32	IdrB_TIER2|GCA_011371325.1|HHB91634.1	51.9	187	83	4	11	193	2	185	5.79e-66	194	193	186
SY459WG-0-4_bin37-k141_569169_33	IdrP_like_TIER2|GCA_003544895.1|AXX96741.1	82.1	380	65	1	1	377	1	380	1.48e-235	639	378	383
SY459WG-0-4_bin37-k141_569169_33	IdrP_like_TIER2|GCA_011371325.1|HHB91635.1	69.2	351	108	0	27	377	33	383	1.43e-189	523	378	394
SY459WG-0-4_bin37-k141_569169_33	IdrP_like_TIER2|GCA_000785145.2|KHD08440.1	70.0	347	104	0	31	377	22	368	2.77e-188	520	378	379
SY459WG-0-4_bin37-k141_569169_33	IdrP_like_TIER2|GCA_002732845.1|PHS79678.1	65.9	387	121	3	1	377	2	387	4.34e-186	514	378	393
SY459WG-0-4_bin37-k141_569169_33	IdrP_like_TIER2|GCA_002897995.1|GBE44174.1	63.6	385	127	2	1	377	1	380	1.91e-183	508	378	387
SY459WG-0-4_bin37-k141_569169_33	IdrP_like_TIER2|GCA_002731375.1|MBV37769.1	65.5	354	122	0	24	377	22	375	4.03e-181	501	378	380
SY459WG-0-4_bin37-k141_569169_33	IdrP_like_TIER2|GCA_002687515.1|MAF46991.1	65.4	355	118	1	24	378	27	376	2.70e-178	494	378	376
SY459WG-0-4_bin37-k141_569169_33	IdrP_like_TIER2|GCA_003864255.1|RRJ85033.1	65.7	347	119	0	30	376	32	378	9.08e-176	488	378	392
SY459WG-0-4_bin37-k141_569169_33	IdrP_like_TIER2|GCA_002725625.1|MBO31668.1	63.3	357	126	1	22	378	19	370	3.94e-174	483	378	370
SY459WG-0-4_bin37-k141_569169_33	IdrP_like_TIER2|GCA_001715975.1|ODJ89649.1	63.5	362	128	2	20	377	40	401	4.08e-170	475	378	414
SY459WG-0-4_bin37-k141_569169_33	IdrP_like_TIER2|GCA_001404295.1|CTQ63441.1	61.5	364	135	1	11	374	14	372	2.03e-169	472	378	380
SY459WG-0-4_bin37-k141_569169_33	IdrP_like_TIER2|GCA_002687455.1|MAF55548.1	63.7	347	121	1	31	377	33	374	1.49e-168	469	378	377
SY459WG-0-4_bin37-k141_569169_33	IdrP_like_TIER2|GCA_003660225.1|RLJ20877.1	63.6	354	128	1	25	377	46	399	3.59e-168	470	378	412
SY459WG-0-4_bin37-k141_569169_33	IdrP_like_TIER2|GCA_003660235.1|RLJ20929.1	63.6	354	128	1	25	377	46	399	3.59e-168	470	378	412
SY459WG-0-4_bin37-k141_569169_33	IdrP_like_TIER2|GCA_001404055.1|CTQ52170.1	61.2	366	137	1	9	374	12	372	1.56e-166	464	378	380
SY459WG-0-4_bin37-k141_569169_33	IdrP_like_TIER2|GCA_002717425.1|MBI13699.1	63.3	343	121	1	35	377	39	376	2.48e-165	461	378	379
SY459WG-0-4_bin37-k141_569169_33	IdrP_like_TIER2|GCA_002718255.1|MBI48303.1	63.0	346	128	0	32	377	29	374	1.76e-164	459	378	385
SY459WG-0-4_bin37-k141_569169_33	IdrP_like_TIER2|GCA_001443665.1|KRT55330.1	63.5	356	127	1	25	377	44	399	3.67e-163	457	378	412
SY459WG-0-4_bin37-k141_569169_33	IdrP_like_TIER2|GCA_000224455.2|EGV52497.1	63.2	356	128	1	25	377	44	399	2.11e-162	455	378	412
SY459WG-0-4_bin37-k141_569169_33	IdrP_like_TIER2|GCA_011051715.1|HEB97088.1	62.1	348	132	0	30	377	52	399	2.11e-162	455	378	412
SY459WG-0-4_bin37-k141_569169_33	IdrP_like_TIER2|GCA_000283275.1|AFP30182.1	62.9	348	129	0	30	377	91	438	4.30e-161	453	378	449
SY459WG-0-4_bin37-k141_569169_33	IdrP_like_TIER2|GCA_001623255.1|KZL05131.1	59.5	368	143	2	11	377	14	376	1.93e-160	449	378	381
SY459WG-0-4_bin37-k141_569169_33	IdrP_like_TIER2|GCA_009653635.1|MRI32052.1	60.4	351	139	0	27	377	59	409	6.23e-160	449	378	425
SY459WG-0-4_bin37-k141_569169_33	IdrP_like_TIER2|GCA_003934975.1|RRS37421.1	62.0	337	128	0	41	377	63	399	4.60e-159	447	378	412
SY459WG-0-4_bin37-k141_569169_33	IdrP_like_TIER2|GCA_011049715.1|HEA69245.1	61.8	346	132	0	29	374	38	383	5.51e-159	446	378	397
SY459WG-0-4_bin37-k141_569169_34	IdrP_like_TIER2|GCA_003544895.1|AXX96740.1	77.0	374	82	3	1	372	1	372	4.43e-212	579	372	372
SY459WG-0-4_bin37-k141_569169_34	IdrP_like_TIER2|GCA_002897995.1|GBE44175.1	69.6	355	108	0	18	372	36	390	1.32e-187	518	372	390
SY459WG-0-4_bin37-k141_569169_34	IdrP_like_TIER2|GCA_002731375.1|MBV37770.1	69.1	359	108	1	17	372	4	362	6.53e-186	513	372	362
SY459WG-0-4_bin37-k141_569169_34	IdrP_like_TIER2|GCA_002725625.1|MBO31669.1	68.2	355	113	0	18	372	20	374	3.16e-182	504	372	374
SY459WG-0-4_bin37-k141_569169_34	IdrP_like_TIER2|GCA_002687515.1|MAF46990.1	70.3	340	101	0	33	372	21	360	3.85e-182	503	372	360
SY459WG-0-4_bin37-k141_569169_34	IdrP_like_TIER2|GCA_002732845.1|PHS79677.1	68.4	342	108	0	31	372	34	375	3.60e-179	496	372	375
SY459WG-0-4_bin37-k141_569169_34	IdrP_like_TIER2|GCA_002733565.1|PHR90156.1	66.5	340	113	1	33	372	25	363	7.24e-169	469	372	363
SY459WG-0-4_bin37-k141_569169_34	IdrP_like_TIER2|GCA_002836355.1|PKH06718.1	65.9	340	115	1	33	372	25	363	5.91e-168	467	372	363
SY459WG-0-4_bin37-k141_569169_34	IdrP_like_TIER2|GCA_009653635.1|MRI32051.1	64.3	353	122	2	23	372	12	363	4.82e-167	465	372	363
SY459WG-0-4_bin37-k141_569169_34	IdrP_like_TIER2|GCA_001939735.1|OLQ75249.1	66.6	338	112	1	35	372	27	363	2.77e-166	463	372	363
SY459WG-0-4_bin37-k141_569169_34	IdrP_like_TIER2|GCA_003864255.1|RRJ85034.1	63.6	354	124	2	19	372	7	355	2.42e-165	460	372	355
SY459WG-0-4_bin37-k141_569169_34	IdrP_like_TIER2|GCA_000785145.2|KHD08439.1	64.6	342	119	1	31	372	28	367	1.50e-164	459	372	367
SY459WG-0-4_bin37-k141_569169_34	IdrP_like_TIER2|GCA_001404295.1|CTQ63442.1	63.0	346	125	3	27	372	15	357	4.03e-162	452	372	357
SY459WG-0-4_bin37-k141_569169_34	IdrP_like_TIER2|GCA_000967665.1|KJZ16045.1	63.5	340	123	1	33	372	27	365	8.77e-161	449	372	365
SY459WG-0-4_bin37-k141_569169_34	IdrP_like_TIER2|GCA_000272145.2|OEE78075.1	61.6	359	133	2	18	372	5	362	1.59e-160	448	372	362
SY459WG-0-4_bin37-k141_569169_34	IdrP_like_TIER2|GCA_011371325.1|HHB91636.1	61.1	342	133	0	31	372	26	367	3.11e-159	445	372	367
SY459WG-0-4_bin37-k141_569169_34	IdrP_like_TIER2|GCA_002687455.1|MAF55547.1	60.7	356	134	2	18	367	9	364	3.86e-158	442	372	369
SY459WG-0-4_bin37-k141_569169_34	IdrP_like_TIER2|GCA_002717425.1|MBI13700.1	64.7	329	112	1	43	367	23	351	4.92e-158	442	372	356
SY459WG-0-4_bin37-k141_569169_34	IdrP_like_TIER2|GCA_003610775.1|RKF21467.1	63.3	332	121	1	41	372	33	363	1.46e-156	438	372	363
SY459WG-0-4_bin37-k141_569169_34	IdrP_like_TIER2|GCA_002876485.1|PMO76000.1	61.7	355	132	2	18	372	7	357	3.39e-156	437	372	357
SY459WG-0-4_bin37-k141_569169_34	IdrP_like_TIER2|GCA_002720555.1|MBJ78182.1	60.2	362	137	2	13	367	3	364	1.47e-155	436	372	369
SY459WG-0-4_bin37-k141_569169_34	IdrP_like_TIER2|GCA_011051715.1|HEB97087.1	59.8	361	138	2	17	372	10	368	2.86e-155	435	372	368
SY459WG-0-4_bin37-k141_569169_34	IdrP_like_TIER2|GCA_005146635.1|TKG63042.1	61.6	354	132	2	19	372	8	357	5.56e-155	434	372	357
SY459WG-0-4_bin37-k141_569169_34	IdrP_like_TIER2|GCA_002875145.1|PMP13657.1	61.6	354	132	2	19	372	10	359	5.96e-155	434	372	359
SY459WG-0-4_bin37-k141_569169_34	IdrP_like_TIER2|GCA_001404055.1|CTQ52171.1	61.8	340	127	3	33	372	21	357	3.19e-154	432	372	357
SY459WG-4-8_bin39-k141_681176_50	IdrB_TIER2|GCA_003628555.1|AYH44093.1	55.2	125	54	2	69	192	64	187	3.68e-44	140	206	196
SY459WG-4-8_bin39-k141_681176_50	AioB_LOCAL|GCA_001828925.1|OHC63617.1	47.9	142	72	2	52	192	33	173	9.26e-44	138	206	180
SY459WG-4-8_bin39-k141_681176_50	IdrB_TIER2|GCA_002842415.1|PKO90735.1	44.5	191	73	5	3	192	25	183	2.62e-43	137	206	192
SY459WG-4-8_bin39-k141_681176_50	IdrB_TIER2|GCA_003538055.1|HCX33660.1	50.7	134	64	2	69	201	54	186	2.49e-42	135	206	186
SY459WG-4-8_bin39-k141_681176_50	IdrB_TIER2|GCA_008080565.1|TXT31846.1	43.5	193	76	5	1	192	21	181	1.58e-41	133	206	190
SY459WG-4-8_bin39-k141_681176_50	IdrB_TIER2|GCA_003864275.1|GCA58264.1	50.4	127	61	2	69	194	60	185	3.33e-41	132	206	192
SY459WG-4-8_bin39-k141_681176_50	IdrB_TIER2|GCA_001771985.1|OGA54489.1	43.4	196	77	7	3	194	15	180	1.54e-40	130	206	185
SY459WG-4-8_bin39-k141_681176_50	IdrB_TIER2|GCA_001404055.1|CTQ52169.1	50.7	144	66	4	55	194	53	195	1.57e-40	130	206	198
SY459WG-4-8_bin39-k141_681176_50	IdrB_TIER2|GCA_001404295.1|CTQ63440.1	50.0	144	67	4	55	194	53	195	2.22e-40	130	206	198
SY459WG-4-8_bin39-k141_681176_50	IdrB_TIER2|GCA_003208435.1|PYG33377.1	48.4	153	70	5	50	194	41	192	5.76e-40	129	206	195
SY459WG-4-8_bin39-k141_681176_50	IdrB_TIER2|GCA_004216475.1|QBF32516.1	46.9	143	72	3	59	198	54	195	5.76e-40	129	206	195
SY459WG-4-8_bin39-k141_681176_50	IdrB_TIER2|GCA_001788395.1|OGK84092.1	45.8	131	67	3	69	196	50	179	8.21e-40	128	206	183
SY459WG-4-8_bin39-k141_681176_50	IdrB_ANCHOR|IR12|CORE_IR12_IdrB__MBT0960285.1	39.1	197	85	5	3	198	22	184	1.74e-39	127	206	185
SY459WG-4-8_bin39-k141_681176_50	IdrB_TIER2|GCA_002719955.1|MBJ20126.1	50.4	125	61	1	73	196	59	183	2.38e-39	127	206	184
SY459WG-4-8_bin39-k141_681176_50	IdrB_TIER2|GCA_003486975.1|HAY10015.1	47.7	130	66	2	64	192	48	176	2.38e-39	127	206	184
SY459WG-4-8_bin39-k141_681176_50	IdrB_TIER2|GCA_001801995.1|OGT91842.1	45.6	136	72	2	64	198	51	185	7.31e-39	126	206	187
SY459WG-4-8_bin39-k141_681176_50	IdrB_TIER2|GCA_002720555.1|MBJ79550.1	38.2	199	103	5	3	198	24	205	8.71e-39	126	206	206
SY459WG-4-8_bin39-k141_681176_50	IdrB_TIER2|GCA_002731985.1|MBV52217.1	38.2	199	103	5	3	198	24	205	8.71e-39	126	206	206
SY459WG-4-8_bin39-k141_681176_50	IdrB_TIER2|GCA_002711755.1|MBC58353.1	46.9	143	72	3	59	198	54	195	1.29e-38	125	206	195
SY459WG-4-8_bin39-k141_681176_50	IdrB_TIER2|GCA_001797355.1|OGP07367.1	43.5	154	81	3	48	196	31	183	1.84e-38	125	206	183
SY459WG-4-8_bin39-k141_681176_50	IdrB_TIER2|GCA_004331745.1|TCD13831.1	45.5	156	79	4	48	198	41	195	2.57e-38	125	206	195
SY459WG-4-8_bin39-k141_681176_50	IdrB_TIER2|GCA_002725995.1|MBQ62122.1	49.2	130	61	4	69	194	71	199	3.11e-38	125	206	202
SY459WG-4-8_bin39-k141_681176_50	AioB_LOCAL|GCA_000756565.1|KGB81536.1	46.2	143	73	3	59	198	43	184	3.78e-38	124	206	184
SY459WG-4-8_bin39-k141_681176_50	AioB_LOCAL|GCA_001771285.1|OGB98045.1	46.2	143	72	4	59	198	38	178	4.78e-38	124	206	180
SY459WG-4-8_bin39-k141_681176_50	IdrB_TIER2|GCA_003487765.1|HAX46042.1	45.9	133	68	3	69	198	44	175	6.03e-38	123	206	176
SY459WG-4-8_bin8-k141_320908_39	IdrB_TIER2|GCA_000785145.2|KHD08441.1	64.8	182	62	1	23	204	11	190	1.87e-87	249	204	190
SY459WG-4-8_bin8-k141_320908_39	IdrB_TIER2|GCA_003934975.1|RRS37420.1	64.0	186	62	2	19	204	9	189	1.99e-84	242	204	189
SY459WG-4-8_bin8-k141_320908_39	IdrB_TIER2|GCA_003660225.1|RLJ20876.1	62.9	186	64	2	19	204	9	189	4.66e-83	238	204	189
SY459WG-4-8_bin8-k141_320908_39	IdrB_TIER2|GCA_001715975.1|ODJ89648.1	61.3	186	69	1	19	204	9	191	1.00e-82	238	204	191
SY459WG-4-8_bin8-k141_320908_39	IdrB_TIER2|GCA_000224455.2|EGV52498.1	61.3	186	67	2	19	204	9	189	5.40e-82	236	204	189
SY459WG-4-8_bin8-k141_320908_39	IdrB_TIER2|GCA_002718255.1|MBI48304.1	59.4	180	72	1	22	201	13	191	5.20e-81	233	204	194
SY459WG-4-8_bin8-k141_320908_39	IdrB_TIER2|GCA_011051715.1|HEB97089.1	59.7	186	72	1	19	204	9	191	6.68e-81	233	204	191
SY459WG-4-8_bin8-k141_320908_39	IdrB_TIER2|GCA_001443665.1|KRT55329.1	61.2	183	66	2	19	201	9	186	1.70e-80	232	204	198
SY459WG-4-8_bin8-k141_320908_39	IdrB_TIER2|GCA_003610775.1|RKF21469.1	56.5	184	79	1	19	202	10	192	2.70e-79	229	204	197
SY459WG-4-8_bin8-k141_320908_39	IdrB_TIER2|GCA_000272145.2|OEE78074.1	55.5	191	84	1	12	202	9	198	3.80e-78	226	204	203
SY459WG-4-8_bin8-k141_320908_39	IdrB_TIER2|GCA_011371325.1|HHB91634.1	61.5	179	64	3	24	202	11	184	6.20e-78	225	204	186
SY459WG-4-8_bin8-k141_320908_39	IdrB_TIER2|GCA_002875145.1|PMP13581.1	57.8	187	77	2	17	203	6	190	1.62e-77	224	204	194
SY459WG-4-8_bin8-k141_320908_39	IdrB_TIER2|GCA_002876245.1|PML52506.1	57.8	187	77	2	17	203	6	190	1.62e-77	224	204	194
SY459WG-4-8_bin8-k141_320908_39	IdrB_TIER2|GCA_002876335.1|PML16672.1	57.8	187	77	2	17	203	6	190	1.62e-77	224	204	194
SY459WG-4-8_bin8-k141_320908_39	IdrB_TIER2|GCA_002876485.1|PMO75998.1	57.8	187	77	2	17	203	6	190	1.62e-77	224	204	194
SY459WG-4-8_bin8-k141_320908_39	IdrB_TIER2|GCA_000283275.1|AFP30181.1	61.7	175	65	2	28	201	1	174	1.87e-77	224	204	177
SY459WG-4-8_bin8-k141_320908_39	AioB_LOCAL|GCA_000953735.1|CED59803.1	53.0	198	92	1	5	202	5	201	3.42e-77	224	204	206
SY459WG-4-8_bin8-k141_320908_39	IdrB_TIER2|GCA_002836355.1|PKH06717.1	56.5	184	79	1	19	202	19	201	4.84e-77	224	204	206
SY459WG-4-8_bin8-k141_320908_39	IdrB_TIER2|GCA_001939735.1|OLQ75251.1	56.0	184	80	1	19	202	13	195	5.65e-77	223	204	200
SY459WG-4-8_bin8-k141_320908_39	IdrB_TIER2|GCA_007786305.1|TVU69349.1	57.3	185	77	2	19	203	8	190	1.88e-76	222	204	194
SY459WG-4-8_bin8-k141_320908_39	IdrB_TIER2|GCA_003864255.1|RRJ85032.1	59.8	179	69	2	26	204	12	187	3.01e-76	221	204	187
SY459WG-4-8_bin8-k141_320908_39	IdrB_TIER2|GCA_000967665.1|KJZ16189.1	58.5	183	75	1	20	202	24	205	2.58e-75	219	204	210
SY459WG-4-8_bin8-k141_320908_39	IdrB_TIER2|GCA_002733565.1|PHR90154.1	56.0	184	80	1	19	202	19	201	9.17e-75	218	204	206
SY459WG-4-8_bin8-k141_320908_39	IdrB_TIER2|GCA_009653635.1|MRI32053.1	56.9	174	74	1	28	201	1	173	5.40e-74	216	204	196
SY459WG-4-8_bin8-k141_320908_39	IdrB_TIER2|GCA_002897995.1|GBE44173.1	56.9	197	79	3	5	201	4	194	3.58e-72	211	204	196
SY459WG-4-8_bin8-k141_320908_40	IdrP_like_TIER2|GCA_003660225.1|RLJ20877.1	67.1	401	112	3	10	392	8	406	1.36e-196	543	396	412
SY459WG-4-8_bin8-k141_320908_40	IdrP_like_TIER2|GCA_003660235.1|RLJ20929.1	66.8	401	113	3	10	392	8	406	7.85e-196	541	396	412
SY459WG-4-8_bin8-k141_320908_40	IdrP_like_TIER2|GCA_003934975.1|RRS37421.1	66.7	399	117	2	10	392	8	406	1.11e-195	540	396	412
SY459WG-4-8_bin8-k141_320908_40	IdrP_like_TIER2|GCA_011051715.1|HEB97088.1	73.4	357	93	1	36	392	52	406	1.29e-194	538	396	412
SY459WG-4-8_bin8-k141_320908_40	IdrP_like_TIER2|GCA_001715975.1|ODJ89649.1	71.9	367	98	2	29	392	44	408	1.39e-194	538	396	414
SY459WG-4-8_bin8-k141_320908_40	IdrP_like_TIER2|GCA_001443665.1|KRT55330.1	65.1	410	121	5	1	392	1	406	1.50e-193	535	396	412
SY459WG-4-8_bin8-k141_320908_40	IdrP_like_TIER2|GCA_000224455.2|EGV52497.1	65.1	410	121	5	1	392	1	406	3.02e-193	534	396	412
SY459WG-4-8_bin8-k141_320908_40	IdrP_like_TIER2|GCA_000785145.2|KHD08440.1	71.4	350	100	0	47	396	30	379	3.74e-193	533	396	379
SY459WG-4-8_bin8-k141_320908_40	IdrP_like_TIER2|GCA_011371325.1|HHB91635.1	69.5	361	108	1	36	396	36	394	1.56e-186	516	396	394
SY459WG-4-8_bin8-k141_320908_40	IdrP_like_TIER2|GCA_003864255.1|RRJ85033.1	64.7	368	128	1	25	392	21	386	2.34e-178	496	396	392
SY459WG-4-8_bin8-k141_320908_40	IdrP_like_TIER2|GCA_009653635.1|MRI32052.1	65.4	358	122	1	36	393	62	417	1.18e-169	475	396	425
SY459WG-4-8_bin8-k141_320908_40	IdrP_like_TIER2|GCA_000272145.2|OEE78082.1	62.9	361	132	1	36	396	16	374	8.74e-167	466	396	374
SY459WG-4-8_bin8-k141_320908_40	IdrP_like_TIER2|GCA_001939735.1|OLQ75250.1	63.7	361	129	1	36	396	51	409	2.98e-166	466	396	409
SY459WG-4-8_bin8-k141_320908_40	IdrP_like_TIER2|GCA_007786305.1|TVU69348.1	64.1	359	127	1	38	396	32	388	4.08e-166	464	396	388
SY459WG-4-8_bin8-k141_320908_40	IdrP_like_TIER2|GCA_002718255.1|MBI48303.1	62.1	367	137	1	30	396	21	385	2.11e-165	462	396	385
SY459WG-4-8_bin8-k141_320908_40	IdrP_like_TIER2|GCA_002836355.1|PKH07232.1	62.8	363	133	1	34	396	2	362	1.54e-164	459	396	362
SY459WG-4-8_bin8-k141_320908_40	IdrP_like_TIER2|GCA_003610775.1|RKF21468.1	62.6	361	132	2	36	396	45	402	8.88e-164	459	396	402
SY459WG-4-8_bin8-k141_320908_40	IdrP_like_TIER2|GCA_002876245.1|PML52507.1	63.0	346	128	0	46	391	38	383	2.21e-163	457	396	388
SY459WG-4-8_bin8-k141_320908_40	IdrP_like_TIER2|GCA_002876485.1|PMO75999.1	63.0	346	128	0	46	391	38	383	6.30e-163	456	396	388
SY459WG-4-8_bin8-k141_320908_40	IdrP_like_TIER2|GCA_003544895.1|AXX96741.1	60.5	377	143	2	16	388	9	383	1.06e-162	456	396	383
SY459WG-4-8_bin8-k141_320908_40	IdrP_like_TIER2|GCA_002876335.1|PML16673.1	63.0	346	128	0	46	391	38	383	3.62e-162	454	396	388
SY459WG-4-8_bin8-k141_320908_40	IdrP_like_TIER2|GCA_002733565.1|PHR90155.1	61.7	363	137	1	34	396	56	416	4.75e-162	455	396	416
SY459WG-4-8_bin8-k141_320908_40	IdrP_like_TIER2|GCA_002875145.1|PMP13580.1	62.7	346	129	0	46	391	38	383	7.27e-162	454	396	388
SY459WG-4-8_bin8-k141_320908_40	IdrP_like_TIER2|GCA_002687455.1|MAF55548.1	61.8	348	127	2	39	385	32	374	3.79e-159	446	396	377
SY459WG-4-8_bin8-k141_320908_40	IdrP_like_TIER2|GCA_000283275.1|AFP30182.1	60.9	363	140	1	34	396	89	449	4.52e-158	446	396	449
SY459WG-4-8_bin8-k141_320908_41	IdrP_like_TIER2|GCA_000785145.2|KHD08439.1	67.1	368	117	3	7	372	2	367	1.42e-181	502	372	367
SY459WG-4-8_bin8-k141_320908_41	IdrP_like_TIER2|GCA_003934975.1|RRS37422.1	67.8	367	114	3	8	372	4	368	1.14e-178	494	372	368
SY459WG-4-8_bin8-k141_320908_41	IdrP_like_TIER2|GCA_003660225.1|RLJ20878.1	67.3	367	116	3	8	372	4	368	2.29e-178	494	372	368
SY459WG-4-8_bin8-k141_320908_41	IdrP_like_TIER2|GCA_000224925.2|EGW55493.1	66.5	367	119	3	8	372	4	368	1.32e-177	492	372	368
SY459WG-4-8_bin8-k141_320908_41	IdrP_like_TIER2|GCA_003660235.1|RLJ20930.1	67.3	367	116	3	8	372	4	368	1.87e-177	491	372	368
SY459WG-4-8_bin8-k141_320908_41	IdrP_like_TIER2|GCA_011371325.1|HHB91636.1	65.6	363	123	2	12	372	5	367	3.64e-177	491	372	367
SY459WG-4-8_bin8-k141_320908_41	IdrP_like_TIER2|GCA_000224455.2|EGV52496.1	66.5	367	119	3	8	372	4	368	3.77e-177	491	372	368
SY459WG-4-8_bin8-k141_320908_41	IdrP_like_TIER2|GCA_001443665.1|KRT55331.1	66.5	367	119	3	8	372	4	368	6.20e-176	488	372	368
SY459WG-4-8_bin8-k141_320908_41	IdrP_like_TIER2|GCA_001715975.1|ODJ89650.1	65.2	368	122	4	8	372	4	368	2.52e-175	486	372	368
SY459WG-4-8_bin8-k141_320908_41	IdrP_like_TIER2|GCA_011051715.1|HEB97087.1	65.8	368	120	4	8	372	4	368	2.92e-174	483	372	368
SY459WG-4-8_bin8-k141_320908_41	IdrP_like_TIER2|GCA_005146635.1|TKG63042.1	67.1	337	109	2	37	372	22	357	5.23e-165	459	372	357
SY459WG-4-8_bin8-k141_320908_41	IdrP_like_TIER2|GCA_002875145.1|PMP13657.1	67.1	337	109	2	37	372	24	359	5.61e-165	459	372	359
SY459WG-4-8_bin8-k141_320908_41	IdrP_like_TIER2|GCA_002876335.1|PML16679.1	67.1	337	109	2	37	372	24	359	1.13e-164	459	372	359
SY459WG-4-8_bin8-k141_320908_41	IdrP_like_TIER2|GCA_002876485.1|PMO76000.1	66.8	337	110	2	37	372	22	357	3.01e-164	457	372	357
SY459WG-4-8_bin8-k141_320908_41	IdrP_like_TIER2|GCA_002876245.1|PML52513.1	66.5	337	111	2	37	372	24	359	6.50e-164	457	372	359
SY459WG-4-8_bin8-k141_320908_41	IdrP_like_TIER2|GCA_000272145.2|OEE78075.1	62.7	362	133	2	12	372	2	362	4.15e-163	455	372	362
SY459WG-4-8_bin8-k141_320908_41	IdrP_like_TIER2|GCA_003864255.1|RRJ85034.1	63.0	351	128	2	23	372	6	355	2.65e-162	452	372	355
SY459WG-4-8_bin8-k141_320908_41	IdrP_like_TIER2|GCA_002836355.1|PKH06718.1	62.4	359	133	2	15	372	6	363	1.42e-161	451	372	363
SY459WG-4-8_bin8-k141_320908_41	IdrP_like_TIER2|GCA_002733565.1|PHR90156.1	62.3	363	133	3	13	372	2	363	9.46e-160	446	372	363
SY459WG-4-8_bin8-k141_320908_41	IdrP_like_TIER2|GCA_009653635.1|MRI32051.1	61.5	366	134	3	8	372	4	363	3.83e-159	445	372	363
SY459WG-4-8_bin8-k141_320908_41	IdrP_like_TIER2|GCA_001939735.1|OLQ75249.1	62.8	360	130	3	15	372	6	363	5.44e-159	444	372	363
SY459WG-4-8_bin8-k141_320908_41	IdrP_like_TIER2|GCA_007786305.1|TVU69347.1	63.6	349	122	4	26	372	22	367	1.79e-158	443	372	367
SY459WG-4-8_bin8-k141_320908_41	IdrP_like_TIER2|GCA_002897995.1|GBE44175.1	60.1	356	140	2	19	372	35	390	1.61e-157	442	372	390
SY459WG-4-8_bin8-k141_320908_41	IdrP_like_TIER2|GCA_000967665.1|KJZ16045.1	61.7	358	124	3	27	372	9	365	1.81e-155	436	372	365
SY459WG-4-8_bin8-k141_320908_41	IdrP_like_TIER2|GCA_002731375.1|MBV37770.1	59.4	360	139	2	20	372	3	362	1.54e-153	431	372	362
SY459WG-8-12_bin19-k141_364478_6	IdrB_TIER2|GCA_003544895.1|AXX96742.1	77.2	180	40	1	13	192	13	191	1.20e-102	288	194	193
SY459WG-8-12_bin19-k141_364478_6	IdrB_TIER2|GCA_002897995.1|GBE44173.1	67.8	183	56	1	10	192	15	194	1.16e-89	255	194	196
SY459WG-8-12_bin19-k141_364478_6	IdrB_TIER2|GCA_001404055.1|CTQ52169.1	67.6	179	56	2	14	192	20	196	1.94e-86	247	194	198
SY459WG-8-12_bin19-k141_364478_6	IdrB_TIER2|GCA_002725625.1|MBO31667.1	63.7	190	63	4	5	192	7	192	9.75e-86	245	194	194
SY459WG-8-12_bin19-k141_364478_6	IdrB_TIER2|GCA_002731375.1|MBV37768.1	66.5	182	57	2	11	192	16	193	1.43e-85	244	194	195
SY459WG-8-12_bin19-k141_364478_6	IdrB_TIER2|GCA_001404295.1|CTQ63440.1	64.7	187	64	2	6	192	12	196	9.11e-85	243	194	198
SY459WG-8-12_bin19-k141_364478_6	IdrB_TIER2|GCA_003208435.1|PYG33377.1	66.3	178	58	2	15	192	18	193	3.34e-84	241	194	195
SY459WG-8-12_bin19-k141_364478_6	IdrB_TIER2|GCA_002732845.1|PHS79679.1	65.3	170	58	1	23	192	27	195	2.39e-82	236	194	197
SY459WG-8-12_bin19-k141_364478_6	IdrB_TIER2|GCA_001623255.1|KZL05130.1	64.0	178	62	2	15	192	21	196	4.97e-82	236	194	198
SY459WG-8-12_bin19-k141_364478_6	IdrB_TIER2|GCA_004216475.1|QBF32516.1	62.9	178	64	2	15	192	18	193	1.73e-79	229	194	195
SY459WG-8-12_bin19-k141_364478_6	IdrB_TIER2|GCA_004331745.1|TCD13831.1	60.1	178	69	2	15	192	18	193	1.89e-76	221	194	195
SY459WG-8-12_bin19-k141_364478_6	IdrB_TIER2|GCA_002687515.1|MAF46992.1	62.3	167	59	2	26	192	1	163	5.74e-76	219	194	165
SY459WG-8-12_bin19-k141_364478_6	IdrB_TIER2|GCA_002711755.1|MBC58353.1	60.7	178	68	2	15	192	18	193	8.86e-75	217	194	195
SY459WG-8-12_bin19-k141_364478_6	IdrB_TIER2|GCA_009653635.1|MRI32053.1	60.7	173	63	2	25	192	1	173	1.30e-74	217	194	196
SY459WG-8-12_bin19-k141_364478_6	AioB_LOCAL|GCA_000756565.1|KGB81536.1	60.1	178	69	2	15	192	7	182	2.51e-74	216	194	184
SY459WG-8-12_bin19-k141_364478_6	IdrB_TIER2|GCA_000272145.2|OEE78074.1	54.8	188	80	3	10	192	10	197	5.06e-71	208	194	203
SY459WG-8-12_bin19-k141_364478_6	IdrB_TIER2|GCA_002836355.1|PKH06717.1	58.9	175	67	2	23	192	26	200	1.59e-70	207	194	206
SY459WG-8-12_bin19-k141_364478_6	IdrB_TIER2|GCA_002720555.1|MBJ78184.1	58.5	188	70	5	8	192	2	184	3.37e-70	205	194	186
SY459WG-8-12_bin19-k141_364478_6	AioB_LOCAL|GCA_000953735.1|CED59803.1	58.9	175	67	2	23	192	26	200	1.83e-69	204	194	206
SY459WG-8-12_bin19-k141_364478_6	IdrB_TIER2|GCA_002717425.1|MBI13698.1	58.3	175	68	3	19	191	12	183	3.90e-69	202	194	186
SY459WG-8-12_bin19-k141_364478_6	IdrB_TIER2|GCA_001715975.1|ODJ89648.1	56.5	186	71	5	13	192	7	188	4.58e-69	202	194	191
SY459WG-8-12_bin19-k141_364478_6	IdrB_TIER2|GCA_002718255.1|MBI48304.1	54.1	181	78	3	19	194	13	193	5.05e-69	202	194	194
SY459WG-8-12_bin19-k141_364478_6	IdrB_TIER2|GCA_002733565.1|PHR90154.1	58.3	175	68	2	23	192	26	200	5.23e-69	203	194	206
SY459WG-8-12_bin19-k141_364478_6	IdrB_TIER2|GCA_000283275.1|AFP30181.1	55.1	176	73	3	25	194	1	176	5.87e-69	202	194	177
SY459WG-8-12_bin19-k141_364478_6	IdrB_TIER2|GCA_011051715.1|HEB97089.1	54.3	186	76	4	13	192	6	188	1.31e-68	201	194	191
SY459WG-8-12_bin19-k141_364478_7	IdrP_like_TIER2|GCA_002732845.1|PHS79678.1	75.1	177	44	0	1	177	217	393	1.73e-99	286	177	393
SY459WG-8-12_bin19-k141_364478_7	IdrP_like_TIER2|GCA_003544895.1|AXX96741.1	75.4	171	42	0	1	171	210	380	7.76e-96	276	177	383
SY459WG-8-12_bin19-k141_364478_7	IdrP_like_TIER2|GCA_002897995.1|GBE44174.1	71.5	172	49	0	1	172	210	381	5.00e-95	275	177	387
SY459WG-8-12_bin19-k141_364478_7	IdrP_like_TIER2|GCA_002731375.1|MBV37769.1	68.6	172	54	0	1	172	205	376	2.26e-89	260	177	380
SY459WG-8-12_bin19-k141_364478_7	IdrP_like_TIER2|GCA_002687515.1|MAF46991.1	66.7	171	52	1	1	171	210	375	8.87e-83	243	177	376
SY459WG-8-12_bin19-k141_364478_7	IdrP_like_TIER2|GCA_002687455.1|MAF55548.1	66.1	171	53	1	1	171	209	374	1.67e-80	237	177	377
SY459WG-8-12_bin19-k141_364478_7	IdrP_like_TIER2|GCA_002725625.1|MBO31668.1	64.3	171	56	1	1	171	204	369	2.74e-80	236	177	370
SY459WG-8-12_bin19-k141_364478_7	IdrP_like_TIER2|GCA_002717425.1|MBI13699.1	66.1	171	53	1	1	171	211	376	7.10e-80	236	177	379
SY459WG-8-12_bin19-k141_364478_7	IdrP_like_TIER2|GCA_002729195.1|MBR03091.1	64.7	173	60	1	2	173	214	386	8.45e-80	236	177	410
SY459WG-8-12_bin19-k141_364478_7	IdrP_like_TIER2|GCA_002686015.1|MAF07886.1	65.1	175	60	1	2	175	221	395	1.45e-79	236	177	417
SY459WG-8-12_bin19-k141_364478_7	IdrP_like_TIER2|GCA_002726415.1|MBP80848.1	65.3	173	59	1	2	173	214	386	2.39e-79	235	177	410
SY459WG-8-12_bin19-k141_364478_7	IdrP_like_TIER2|GCA_000785145.2|KHD08440.1	64.3	171	61	0	1	171	198	368	4.03e-79	234	177	379
SY459WG-8-12_bin19-k141_364478_7	IdrP_like_TIER2|GCA_001623255.1|KZL05131.1	64.0	172	57	1	1	172	211	377	3.11e-76	226	177	381
SY459WG-8-12_bin19-k141_364478_7	IdrP_like_TIER2|GCA_001715975.1|ODJ89649.1	63.7	171	62	0	1	171	231	401	3.83e-76	227	177	414
SY459WG-8-12_bin19-k141_364478_7	IdrP_like_TIER2|GCA_002725995.1|MBQ62123.1	61.9	176	65	1	1	176	215	388	7.65e-76	226	177	414
SY459WG-8-12_bin19-k141_364478_7	IdrP_like_TIER2|GCA_002725285.1|MBP17851.1	60.8	176	67	1	1	176	212	385	2.82e-75	225	177	411
SY459WG-8-12_bin19-k141_364478_7	IdrP_like_TIER2|GCA_003208435.1|PYG33376.1	61.0	172	62	1	1	172	203	369	4.21e-75	223	177	375
SY459WG-8-12_bin19-k141_364478_7	IdrP_like_TIER2|GCA_004331745.1|TCD13830.1	63.4	172	58	1	1	172	206	372	1.23e-74	222	177	376
SY459WG-8-12_bin19-k141_364478_7	IdrP_like_TIER2|GCA_001443665.1|KRT55330.1	62.7	169	63	0	3	171	231	399	4.60e-74	222	177	412
SY459WG-8-12_bin19-k141_364478_7	IdrP_like_TIER2|GCA_011051715.1|HEB97088.1	60.9	169	66	0	3	171	231	399	4.60e-74	222	177	412
SY459WG-8-12_bin19-k141_364478_7	IdrP_like_TIER2|GCA_000224455.2|EGV52497.1	62.1	169	64	0	3	171	231	399	2.59e-73	220	177	412
SY459WG-8-12_bin19-k141_364478_7	IdrP_like_TIER2|GCA_002711755.1|MBC58354.1	58.7	172	66	1	1	172	204	370	7.43e-73	218	177	374
SY459WG-8-12_bin19-k141_364478_7	IdrP_like_TIER2|GCA_011371325.1|HHB91635.1	59.6	171	69	0	1	171	213	383	9.04e-73	218	177	394
SY459WG-8-12_bin19-k141_364478_7	IdrP_like_TIER2|GCA_001404295.1|CTQ63441.1	59.3	172	65	1	1	172	210	376	2.47e-72	216	177	380
SY459WG-8-12_bin19-k141_364478_7	IdrP_like_TIER2|GCA_004216475.1|QBF32517.1	59.9	172	64	1	1	172	205	371	3.05e-72	216	177	375
SY459WG-8-12_bin2-k141_281775_92	IdrB_TIER2|GCA_003544895.1|AXX96742.1	94.3	193	11	0	1	193	1	193	4.19e-137	375	193	193
SY459WG-8-12_bin2-k141_281775_92	IdrB_TIER2|GCA_002897995.1|GBE44173.1	70.3	172	50	1	23	193	25	196	2.60e-88	251	193	196
SY459WG-8-12_bin2-k141_281775_92	IdrB_TIER2|GCA_002725625.1|MBO31667.1	67.8	174	52	2	21	193	24	194	2.83e-87	249	193	194
SY459WG-8-12_bin2-k141_281775_92	IdrB_TIER2|GCA_002731375.1|MBV37768.1	69.8	172	50	2	23	193	25	195	1.38e-85	244	193	195
SY459WG-8-12_bin2-k141_281775_92	IdrB_TIER2|GCA_003208435.1|PYG33377.1	63.7	179	64	1	15	193	18	195	4.57e-84	241	193	195
SY459WG-8-12_bin2-k141_281775_92	IdrB_TIER2|GCA_001404055.1|CTQ52169.1	63.0	181	64	3	14	193	20	198	3.37e-82	236	193	198
SY459WG-8-12_bin2-k141_281775_92	IdrB_TIER2|GCA_004331745.1|TCD13831.1	64.0	178	62	2	17	193	19	195	8.72e-82	235	193	195
SY459WG-8-12_bin2-k141_281775_92	IdrB_TIER2|GCA_004216475.1|QBF32516.1	61.8	178	66	2	17	193	19	195	1.24e-81	234	193	195
SY459WG-8-12_bin2-k141_281775_92	IdrB_TIER2|GCA_002687515.1|MAF46992.1	64.3	168	57	1	26	193	1	165	5.29e-81	232	193	165
SY459WG-8-12_bin2-k141_281775_92	IdrB_TIER2|GCA_002711755.1|MBC58353.1	62.0	179	67	1	15	193	18	195	4.10e-80	231	193	195
SY459WG-8-12_bin2-k141_281775_92	IdrB_TIER2|GCA_001404295.1|CTQ63440.1	61.9	181	66	3	14	193	20	198	4.52e-80	231	193	198
SY459WG-8-12_bin2-k141_281775_92	IdrB_TIER2|GCA_001623255.1|KZL05130.1	60.6	180	68	3	15	193	21	198	9.11e-80	230	193	198
SY459WG-8-12_bin2-k141_281775_92	AioB_LOCAL|GCA_000756565.1|KGB81536.1	61.5	179	68	1	15	193	7	184	1.15e-79	229	193	184
SY459WG-8-12_bin2-k141_281775_92	IdrB_TIER2|GCA_002732845.1|PHS79679.1	59.0	188	74	3	8	193	11	197	1.68e-77	224	193	197
SY459WG-8-12_bin2-k141_281775_92	IdrB_TIER2|GCA_002717425.1|MBI13698.1	59.8	174	66	2	22	193	15	186	9.85e-72	209	193	186
SY459WG-8-12_bin2-k141_281775_92	IdrB_TIER2|GCA_002836355.1|PKH06717.1	57.1	175	69	2	23	191	26	200	3.78e-71	208	193	206
SY459WG-8-12_bin2-k141_281775_92	AioB_LOCAL|GCA_000953735.1|CED59803.1	52.8	197	84	3	4	191	4	200	5.36e-71	208	193	206
SY459WG-8-12_bin2-k141_281775_92	IdrB_TIER2|GCA_009653635.1|MRI32053.1	56.0	175	71	2	25	193	1	175	7.82e-71	207	193	196
SY459WG-8-12_bin2-k141_281775_92	IdrB_TIER2|GCA_011051715.1|HEB97089.1	59.1	176	62	4	23	191	16	188	1.90e-70	206	193	191
SY459WG-8-12_bin2-k141_281775_92	IdrB_TIER2|GCA_000967665.1|KJZ16189.1	55.7	174	71	2	24	191	31	204	4.96e-70	206	193	210
SY459WG-8-12_bin2-k141_281775_92	IdrB_TIER2|GCA_011371325.1|HHB91634.1	54.9	175	73	3	23	193	13	185	6.54e-70	204	193	186
SY459WG-8-12_bin2-k141_281775_92	IdrB_TIER2|GCA_000272145.2|OEE78074.1	56.0	175	71	2	23	191	23	197	7.97e-70	205	193	203
SY459WG-8-12_bin2-k141_281775_92	IdrB_TIER2|GCA_002733565.1|PHR90154.1	57.1	175	69	2	23	191	26	200	8.78e-70	205	193	206
SY459WG-8-12_bin2-k141_281775_92	IdrB_TIER2|GCA_000283275.1|AFP30181.1	55.2	174	71	2	25	191	1	174	9.83e-70	204	193	177
SY459WG-8-12_bin2-k141_281775_92	IdrB_TIER2|GCA_002720555.1|MBJ78184.1	57.0	172	70	2	24	193	17	186	3.76e-69	202	193	186
SY459WG-8-12_bin2-k141_281775_93	IdrP_like_TIER2|GCA_003544895.1|AXX96741.1	85.9	383	51	1	1	380	1	383	1.89e-250	677	380	383
SY459WG-8-12_bin2-k141_281775_93	IdrP_like_TIER2|GCA_002732845.1|PHS79678.1	66.9	387	117	3	1	377	2	387	7.41e-190	524	380	393
SY459WG-8-12_bin2-k141_281775_93	IdrP_like_TIER2|GCA_002897995.1|GBE44174.1	65.8	354	121	0	24	377	27	380	1.45e-183	508	380	387
SY459WG-8-12_bin2-k141_281775_93	IdrP_like_TIER2|GCA_011371325.1|HHB91635.1	66.7	348	116	0	30	377	36	383	3.76e-183	507	380	394
SY459WG-8-12_bin2-k141_281775_93	IdrP_like_TIER2|GCA_000785145.2|KHD08440.1	67.4	347	113	0	31	377	22	368	7.29e-182	503	380	379
SY459WG-8-12_bin2-k141_281775_93	IdrP_like_TIER2|GCA_002731375.1|MBV37769.1	64.4	354	126	0	24	377	22	375	1.18e-178	495	380	380
SY459WG-8-12_bin2-k141_281775_93	IdrP_like_TIER2|GCA_001404295.1|CTQ63441.1	61.9	378	137	2	2	377	3	375	9.09e-176	488	380	380
SY459WG-8-12_bin2-k141_281775_93	IdrP_like_TIER2|GCA_002687515.1|MAF46991.1	64.4	354	121	1	24	377	27	375	1.30e-174	485	380	376
SY459WG-8-12_bin2-k141_281775_93	IdrP_like_TIER2|GCA_003864255.1|RRJ85033.1	65.2	345	120	0	30	374	32	376	5.33e-173	481	380	392
SY459WG-8-12_bin2-k141_281775_93	IdrP_like_TIER2|GCA_001715975.1|ODJ89649.1	63.7	353	125	1	28	377	49	401	2.19e-170	476	380	414
SY459WG-8-12_bin2-k141_281775_93	IdrP_like_TIER2|GCA_001404055.1|CTQ52170.1	60.6	378	142	2	2	377	3	375	2.69e-170	474	380	380
SY459WG-8-12_bin2-k141_281775_93	IdrP_like_TIER2|GCA_002725625.1|MBO31668.1	62.1	354	129	1	24	377	21	369	1.08e-169	472	380	370
SY459WG-8-12_bin2-k141_281775_93	IdrP_like_TIER2|GCA_011051715.1|HEB97088.1	62.5	360	135	0	18	377	40	399	3.35e-169	473	380	412
SY459WG-8-12_bin2-k141_281775_93	IdrP_like_TIER2|GCA_003660225.1|RLJ20877.1	63.1	347	128	0	31	377	53	399	1.36e-168	471	380	412
SY459WG-8-12_bin2-k141_281775_93	IdrP_like_TIER2|GCA_003660235.1|RLJ20929.1	63.1	347	128	0	31	377	53	399	1.36e-168	471	380	412
SY459WG-8-12_bin2-k141_281775_93	IdrP_like_TIER2|GCA_002687455.1|MAF55548.1	61.8	348	128	1	31	378	33	375	5.02e-165	461	380	377
SY459WG-8-12_bin2-k141_281775_93	IdrP_like_TIER2|GCA_001443665.1|KRT55330.1	58.4	399	144	2	1	377	1	399	2.79e-163	457	380	412
SY459WG-8-12_bin2-k141_281775_93	IdrP_like_TIER2|GCA_002717425.1|MBI13699.1	61.6	344	127	1	35	378	39	377	5.07e-163	456	380	379
SY459WG-8-12_bin2-k141_281775_93	IdrP_like_TIER2|GCA_009653635.1|MRI32052.1	61.9	352	134	0	29	380	61	412	8.79e-163	457	380	425
SY459WG-8-12_bin2-k141_281775_93	IdrP_like_TIER2|GCA_000224455.2|EGV52497.1	58.1	399	145	2	1	377	1	399	1.60e-162	456	380	412
SY459WG-8-12_bin2-k141_281775_93	IdrP_like_TIER2|GCA_003610775.1|RKF21468.1	61.6	354	131	2	29	380	44	394	1.31e-161	453	380	402
SY459WG-8-12_bin2-k141_281775_93	IdrP_like_TIER2|GCA_003934975.1|RRS37421.1	62.0	337	128	0	41	377	63	399	3.72e-161	452	380	412
SY459WG-8-12_bin2-k141_281775_93	IdrP_like_TIER2|GCA_002711755.1|MBC58354.1	58.8	374	149	1	4	377	1	369	1.63e-160	449	380	374
SY459WG-8-12_bin2-k141_281775_93	IdrP_like_TIER2|GCA_002718255.1|MBI48303.1	61.6	349	134	0	32	380	29	377	1.68e-160	449	380	385
SY459WG-8-12_bin2-k141_281775_93	IdrP_like_TIER2|GCA_002726415.1|MBP80848.1	60.5	370	141	3	9	377	19	384	2.30e-159	447	380	410
SY459WG-8-12_bin2-k141_281775_94	IdrP_like_TIER2|GCA_003544895.1|AXX96740.1	87.8	360	44	0	1	360	13	372	1.35e-242	656	360	372
SY459WG-8-12_bin2-k141_281775_94	IdrP_like_TIER2|GCA_002731375.1|MBV37770.1	70.6	350	101	1	11	360	15	362	4.10e-186	513	360	362
SY459WG-8-12_bin2-k141_281775_94	IdrP_like_TIER2|GCA_002897995.1|GBE44175.1	69.3	349	105	1	12	360	44	390	1.59e-185	512	360	390
SY459WG-8-12_bin2-k141_281775_94	IdrP_like_TIER2|GCA_002725625.1|MBO31669.1	69.4	346	104	1	15	360	31	374	1.33e-180	499	360	374
SY459WG-8-12_bin2-k141_281775_94	IdrP_like_TIER2|GCA_002687515.1|MAF46990.1	68.3	338	107	0	23	360	23	360	8.41e-176	486	360	360
SY459WG-8-12_bin2-k141_281775_94	IdrP_like_TIER2|GCA_002732845.1|PHS79677.1	67.2	341	112	0	20	360	35	375	3.17e-172	478	360	375
SY459WG-8-12_bin2-k141_281775_94	IdrP_like_TIER2|GCA_009653635.1|MRI32051.1	65.3	331	114	1	30	360	34	363	3.34e-164	457	360	363
SY459WG-8-12_bin2-k141_281775_94	IdrP_like_TIER2|GCA_002720555.1|MBJ78182.1	65.5	336	112	1	29	360	34	369	4.78e-163	454	360	369
SY459WG-8-12_bin2-k141_281775_94	IdrP_like_TIER2|GCA_002687455.1|MAF55547.1	65.5	336	112	1	29	360	34	369	6.79e-163	454	360	369
SY459WG-8-12_bin2-k141_281775_94	IdrP_like_TIER2|GCA_002717425.1|MBI13700.1	65.3	331	111	1	34	360	26	356	2.86e-161	449	360	356
SY459WG-8-12_bin2-k141_281775_94	IdrP_like_TIER2|GCA_001939735.1|OLQ75249.1	63.8	343	123	1	18	360	22	363	7.37e-161	449	360	363
SY459WG-8-12_bin2-k141_281775_94	IdrP_like_TIER2|GCA_002733565.1|PHR90156.1	64.5	332	117	1	29	360	33	363	6.01e-160	446	360	363
SY459WG-8-12_bin2-k141_281775_94	IdrP_like_TIER2|GCA_000785145.2|KHD08439.1	62.6	345	127	1	16	360	25	367	1.39e-159	446	360	367
SY459WG-8-12_bin2-k141_281775_94	IdrP_like_TIER2|GCA_011371325.1|HHB91636.1	60.8	339	133	0	22	360	29	367	4.60e-158	442	360	367
SY459WG-8-12_bin2-k141_281775_94	IdrP_like_TIER2|GCA_003864255.1|RRJ85034.1	63.3	332	122	0	29	360	24	355	6.08e-158	441	360	355
SY459WG-8-12_bin2-k141_281775_94	IdrP_like_TIER2|GCA_002836355.1|PKH06718.1	63.0	332	122	1	29	360	33	363	1.32e-156	438	360	363
SY459WG-8-12_bin2-k141_281775_94	IdrP_like_TIER2|GCA_000272145.2|OEE78075.1	62.1	343	129	1	18	360	21	362	1.81e-156	437	360	362
SY459WG-8-12_bin2-k141_281775_94	IdrP_like_TIER2|GCA_001404295.1|CTQ63442.1	62.1	338	125	3	23	360	23	357	2.49e-155	434	360	357
SY459WG-8-12_bin2-k141_281775_94	IdrP_like_TIER2|GCA_000967665.1|KJZ16045.1	61.5	348	132	2	14	360	19	365	6.64e-155	434	360	365
SY459WG-8-12_bin2-k141_281775_94	IdrP_like_TIER2|GCA_003934975.1|RRS37422.1	61.1	332	127	1	29	360	39	368	6.94e-153	429	360	368
SY459WG-8-12_bin2-k141_281775_94	IdrP_like_TIER2|GCA_011051715.1|HEB97087.1	60.2	339	133	1	22	360	32	368	2.81e-152	427	360	368
SY459WG-8-12_bin2-k141_281775_94	IdrP_like_TIER2|GCA_003660235.1|RLJ20930.1	60.8	332	128	1	29	360	39	368	1.61e-151	425	360	368
SY459WG-8-12_bin2-k141_281775_94	IdrP_like_TIER2|GCA_001715975.1|ODJ89650.1	58.1	363	146	2	2	360	8	368	2.29e-151	425	360	368
SY459WG-8-12_bin2-k141_281775_94	IdrP_like_TIER2|GCA_003660225.1|RLJ20878.1	60.8	332	128	1	29	360	39	368	2.29e-151	425	360	368
SY459WG-8-12_bin2-k141_281775_94	IdrP_like_TIER2|GCA_001404055.1|CTQ52171.1	59.2	358	138	5	3	360	8	357	3.14e-151	424	360	357
