MAG	research_category	feature_name	source_type	feature_component_count	components_detected	reconstruction_score_pct	score_ge_50	score_ge_75	quality_habitat	completeness	contamination	score_semantics	completeness_adjustment_factor	completeness_adjusted_score_pct	raw_ge_50	adjusted_ge_50	threshold_flip_50	raw_ge_75	adjusted_ge_75	threshold_flip_75	adjustment_note
C1_12-18_bin19	Motility	Flagellar Assembly (partial 36-KO reconstruction)	Previous algorithm: distinct-gene set coverage	36	23	63.8888888888889	TRUE	FALSE	ES	89.59	2.119	multi-gene partial reconstruction	1.11619600401831	71.3125224789473	TRUE	TRUE	FALSE	FALSE	FALSE	FALSE	Sensitivity estimate under random gene loss: min(100, observed gene-set coverage / MAG completeness fraction)
C1_12-18_bin19	Vitamin B12	Cobalamin biosynthesis, cobinamide => cobalamin	Previous algorithm: distinct-gene set coverage	8	2	25	FALSE	FALSE	ES	89.59	2.119	multi-gene partial reconstruction	1.11619600401831	27.9049001004576	FALSE	FALSE	FALSE	FALSE	FALSE	FALSE	Sensitivity estimate under random gene loss: min(100, observed gene-set coverage / MAG completeness fraction)
C1_12-18_bin19	Vitamin B12	Cobalamin biosynthesis, precorrin2 => cobinamide	Previous algorithm: distinct-gene set coverage	25	2	8	FALSE	FALSE	ES	89.59	2.119	multi-gene partial reconstruction	1.11619600401831	8.92956803214645	FALSE	FALSE	FALSE	FALSE	FALSE	FALSE	Sensitivity estimate under random gene loss: min(100, observed gene-set coverage / MAG completeness fraction)
C1_12-18_bin19	Carbon	Acetyl-CoA pathway, CO2 => acetyl-CoA	Previous algorithm: distinct-gene set coverage	5	0	0	FALSE	FALSE	ES	89.59	2.119	multi-gene partial reconstruction	1.11619600401831	0	FALSE	FALSE	FALSE	FALSE	FALSE	FALSE	Sensitivity estimate under random gene loss: min(100, observed gene-set coverage / MAG completeness fraction)
C1_12-18_bin19	Carbon	Methane oxidation, methanotroph, methane => formaldehyde	Previous algorithm: distinct-gene set coverage	12	0	0	FALSE	FALSE	ES	89.59	2.119	multi-gene partial reconstruction	1.11619600401831	0	FALSE	FALSE	FALSE	FALSE	FALSE	FALSE	Sensitivity estimate under random gene loss: min(100, observed gene-set coverage / MAG completeness fraction)
C1_12-18_bin19	Carbon	Methanogenesis, CO2 => methane	Previous algorithm: distinct-gene set coverage	37	2	5.4054054054054	FALSE	FALSE	ES	89.59	2.119	multi-gene partial reconstruction	1.11619600401831	6.03349191361246	FALSE	FALSE	FALSE	FALSE	FALSE	FALSE	Sensitivity estimate under random gene loss: min(100, observed gene-set coverage / MAG completeness fraction)
C1_12-18_bin19	Carbon	Methanogenesis, acetate => methane	Previous algorithm: distinct-gene set coverage	31	3	9.67741935483871	FALSE	FALSE	ES	89.59	2.119	multi-gene partial reconstruction	1.11619600401831	10.8018968130804	FALSE	FALSE	FALSE	FALSE	FALSE	FALSE	Sensitivity estimate under random gene loss: min(100, observed gene-set coverage / MAG completeness fraction)
C1_12-18_bin19	Carbon	Methanogenesis, methanethiol => methane	Previous algorithm: distinct-gene set coverage	1	0	0	FALSE	FALSE	ES	89.59	2.119	multi-gene partial reconstruction	1.11619600401831	0	FALSE	FALSE	FALSE	FALSE	FALSE	FALSE	Sensitivity estimate under random gene loss: min(100, observed gene-set coverage / MAG completeness fraction)
C1_12-18_bin19	Carbon	Methanogenesis, methanol => methane	Previous algorithm: distinct-gene set coverage	19	2	10.5263157894737	FALSE	FALSE	ES	89.59	2.119	multi-gene partial reconstruction	1.11619600401831	11.7494316212453	FALSE	FALSE	FALSE	FALSE	FALSE	FALSE	Sensitivity estimate under random gene loss: min(100, observed gene-set coverage / MAG completeness fraction)
C1_12-18_bin19	Carbon	Methanogenesis, methylamine/dimethylamine/trimethylamine => methane	Previous algorithm: distinct-gene set coverage	23	2	8.69565217391304	FALSE	FALSE	ES	89.59	2.119	multi-gene partial reconstruction	1.11619600401831	9.70605220885483	FALSE	FALSE	FALSE	FALSE	FALSE	FALSE	Sensitivity estimate under random gene loss: min(100, observed gene-set coverage / MAG completeness fraction)
C1_12-18_bin19	Carbon	Reductive acetyl-CoA pathway (Wood-Ljungdahl pathway)	Previous algorithm: distinct-gene set coverage	10	2	20	FALSE	FALSE	ES	89.59	2.119	multi-gene partial reconstruction	1.11619600401831	22.3239200803661	FALSE	FALSE	FALSE	FALSE	FALSE	FALSE	Sensitivity estimate under random gene loss: min(100, observed gene-set coverage / MAG completeness fraction)
C1_12-18_bin19	Carbon	Reductive citrate cycle (Arnon-Buchanan cycle)	Previous algorithm: distinct-gene set coverage	43	15	34.8837209302326	FALSE	FALSE	ES	89.59	2.119	multi-gene partial reconstruction	1.11619600401831	38.9370699076154	FALSE	FALSE	FALSE	FALSE	FALSE	FALSE	Sensitivity estimate under random gene loss: min(100, observed gene-set coverage / MAG completeness fraction)
C1_12-18_bin19	Nitrogen	Assimilatory nitrate reduction, nitrate => ammonia	Previous algorithm: distinct-gene set coverage	6	0	0	FALSE	FALSE	ES	89.59	2.119	multi-gene partial reconstruction	1.11619600401831	0	FALSE	FALSE	FALSE	FALSE	FALSE	FALSE	Sensitivity estimate under random gene loss: min(100, observed gene-set coverage / MAG completeness fraction)
C1_12-18_bin19	Nitrogen	Complete nitrification, comammox, ammonia => nitrite => nitrate	Previous algorithm: distinct-gene set coverage	6	1	16.6666666666667	FALSE	FALSE	ES	89.59	2.119	multi-gene partial reconstruction	1.11619600401831	18.6032667336385	FALSE	FALSE	FALSE	FALSE	FALSE	FALSE	Sensitivity estimate under random gene loss: min(100, observed gene-set coverage / MAG completeness fraction)
C1_12-18_bin19	Nitrogen	Denitrification, nitrate => nitrogen	Previous algorithm: distinct-gene set coverage	11	5	45.4545454545455	FALSE	FALSE	ES	89.59	2.119	multi-gene partial reconstruction	1.11619600401831	50.7361820008321	FALSE	TRUE	TRUE	FALSE	FALSE	FALSE	Sensitivity estimate under random gene loss: min(100, observed gene-set coverage / MAG completeness fraction)
C1_12-18_bin19	Nitrogen	Dissimilatory nitrate reduction, nitrate => ammonia	Previous algorithm: distinct-gene set coverage	9	6	66.6666666666667	TRUE	FALSE	ES	89.59	2.119	multi-gene partial reconstruction	1.11619600401831	74.4130669345538	TRUE	TRUE	FALSE	FALSE	FALSE	FALSE	Sensitivity estimate under random gene loss: min(100, observed gene-set coverage / MAG completeness fraction)
C1_12-18_bin19	Nitrogen	Nitrate assimilation	Previous algorithm: distinct-gene set coverage	1	1	100	TRUE	TRUE	ES	89.59	2.119	multi-gene partial reconstruction	1.11619600401831	100	TRUE	TRUE	FALSE	TRUE	TRUE	FALSE	Sensitivity estimate under random gene loss: min(100, observed gene-set coverage / MAG completeness fraction)
C1_12-18_bin19	Nitrogen	Nitrification, ammonia => nitrite	Previous algorithm: distinct-gene set coverage	8	1	12.5	FALSE	FALSE	ES	89.59	2.119	multi-gene partial reconstruction	1.11619600401831	13.9524500502288	FALSE	FALSE	FALSE	FALSE	FALSE	FALSE	Sensitivity estimate under random gene loss: min(100, observed gene-set coverage / MAG completeness fraction)
C1_12-18_bin19	Nitrogen	Nitrogen fixation, nitrogen => ammonia	Previous algorithm: distinct-gene set coverage	8	0	0	FALSE	FALSE	ES	89.59	2.119	multi-gene partial reconstruction	1.11619600401831	0	FALSE	FALSE	FALSE	FALSE	FALSE	FALSE	Sensitivity estimate under random gene loss: min(100, observed gene-set coverage / MAG completeness fraction)
C1_12-18_bin19	Nitrogen	nitrite + ammonia => nitrogen	Previous algorithm: distinct-gene set coverage	9	2	22.2222222222222	FALSE	FALSE	ES	89.59	2.119	multi-gene partial reconstruction	1.11619600401831	24.8043556448512	FALSE	FALSE	FALSE	FALSE	FALSE	FALSE	Sensitivity estimate under random gene loss: min(100, observed gene-set coverage / MAG completeness fraction)
C1_12-18_bin19	Sulfur	Assimilatory sulfate reduction, sulfate => H2S	Previous algorithm: distinct-gene set coverage	10	2	20	FALSE	FALSE	ES	89.59	2.119	multi-gene partial reconstruction	1.11619600401831	22.3239200803661	FALSE	FALSE	FALSE	FALSE	FALSE	FALSE	Sensitivity estimate under random gene loss: min(100, observed gene-set coverage / MAG completeness fraction)
C1_12-18_bin19	Sulfur	Dissimilatory sulfate reduction, sulfate => H2S	Previous algorithm: distinct-gene set coverage	7	5	71.4285714285714	TRUE	FALSE	ES	89.59	2.119	multi-gene partial reconstruction	1.11619600401831	79.7282860013075	TRUE	TRUE	FALSE	FALSE	TRUE	TRUE	Sensitivity estimate under random gene loss: min(100, observed gene-set coverage / MAG completeness fraction)
C1_12-18_bin19	Sulfur	Thiosulfate oxidation by SOX complex, thiosulfate => sulfate	Previous algorithm: distinct-gene set coverage	7	3	42.8571428571429	FALSE	FALSE	ES	89.59	2.119	multi-gene partial reconstruction	1.11619600401831	47.8369716007846	FALSE	FALSE	FALSE	FALSE	FALSE	FALSE	Sensitivity estimate under random gene loss: min(100, observed gene-set coverage / MAG completeness fraction)
C1_12-18_bin19	Nitrogen	Urea cycle	Previous algorithm: distinct-gene set coverage	6	3	50	TRUE	FALSE	ES	89.59	2.119	multi-gene partial reconstruction	1.11619600401831	55.8098002009153	TRUE	TRUE	FALSE	FALSE	FALSE	FALSE	Sensitivity estimate under random gene loss: min(100, observed gene-set coverage / MAG completeness fraction)
C1_12-18_bin19	Nitrogen	Urea transport system	Previous algorithm: distinct-gene set coverage	5	0	0	FALSE	FALSE	ES	89.59	2.119	multi-gene partial reconstruction	1.11619600401831	0	FALSE	FALSE	FALSE	FALSE	FALSE	FALSE	Sensitivity estimate under random gene loss: min(100, observed gene-set coverage / MAG completeness fraction)
C1_12-18_bin19	Sulfur	Sulfate/thiosulfate transport system	Previous algorithm: distinct-gene set coverage	5	0	0	FALSE	FALSE	ES	89.59	2.119	multi-gene partial reconstruction	1.11619600401831	0	FALSE	FALSE	FALSE	FALSE	FALSE	FALSE	Sensitivity estimate under random gene loss: min(100, observed gene-set coverage / MAG completeness fraction)
C1_12-18_bin19	Sulfur	Sulfonate transport system	Previous algorithm: distinct-gene set coverage	3	2	66.6666666666667	TRUE	FALSE	ES	89.59	2.119	multi-gene partial reconstruction	1.11619600401831	74.4130669345538	TRUE	TRUE	FALSE	FALSE	FALSE	FALSE	Sensitivity estimate under random gene loss: min(100, observed gene-set coverage / MAG completeness fraction)
C1_12-18_bin19	Vitamin B12	Cobalamin salvage	Previous algorithm: distinct-gene set coverage	4	1	25	FALSE	FALSE	ES	89.59	2.119	multi-gene partial reconstruction	1.11619600401831	27.9049001004576	FALSE	FALSE	FALSE	FALSE	FALSE	FALSE	Sensitivity estimate under random gene loss: min(100, observed gene-set coverage / MAG completeness fraction)
C1_12-18_bin19	Vitamin B12	Vitamin B12 transport system	Previous algorithm: distinct-gene set coverage	3	0	0	FALSE	FALSE	ES	89.59	2.119	multi-gene partial reconstruction	1.11619600401831	0	FALSE	FALSE	FALSE	FALSE	FALSE	FALSE	Sensitivity estimate under random gene loss: min(100, observed gene-set coverage / MAG completeness fraction)
C1_12-18_bin19	Carbon	Citrate cycle (TCA cycle, Krebs cycle)	Previous algorithm: distinct-gene set coverage	40	13	32.5	FALSE	FALSE	ES	89.59	2.119	multi-gene partial reconstruction	1.11619600401831	36.2763701305949	FALSE	FALSE	FALSE	FALSE	FALSE	FALSE	Sensitivity estimate under random gene loss: min(100, observed gene-set coverage / MAG completeness fraction)
C1_12-18_bin19	Carbon	Citrate cycle, first carbon oxidation, oxaloacetate => 2-oxoglutarate	Previous algorithm: distinct-gene set coverage	6	1	16.6666666666667	FALSE	FALSE	ES	89.59	2.119	multi-gene partial reconstruction	1.11619600401831	18.6032667336385	FALSE	FALSE	FALSE	FALSE	FALSE	FALSE	Sensitivity estimate under random gene loss: min(100, observed gene-set coverage / MAG completeness fraction)
C1_12-18_bin19	Carbon	Citrate cycle, second carbon oxidation, 2-oxoglutarate => oxaloacetate	Previous algorithm: distinct-gene set coverage	34	12	35.2941176470588	FALSE	FALSE	ES	89.59	2.119	multi-gene partial reconstruction	1.11619600401831	39.395153082999	FALSE	FALSE	FALSE	FALSE	FALSE	FALSE	Sensitivity estimate under random gene loss: min(100, observed gene-set coverage / MAG completeness fraction)
C1_12-18_bin19	Carbon	Glycolysis (Embden-Meyerhof pathway), glucose => pyruvate	Previous algorithm: distinct-gene set coverage	29	10	34.4827586206897	FALSE	FALSE	ES	89.59	2.119	multi-gene partial reconstruction	1.11619600401831	38.4895173799416	FALSE	FALSE	FALSE	FALSE	FALSE	FALSE	Sensitivity estimate under random gene loss: min(100, observed gene-set coverage / MAG completeness fraction)
C1_12-18_bin19	Carbon	Glycolysis, core module involving three-carbon compounds	Previous algorithm: distinct-gene set coverage	12	7	58.3333333333333	TRUE	FALSE	ES	89.59	2.119	multi-gene partial reconstruction	1.11619600401831	65.1114335677345	TRUE	TRUE	FALSE	FALSE	FALSE	FALSE	Sensitivity estimate under random gene loss: min(100, observed gene-set coverage / MAG completeness fraction)
C1_12-18_bin19	Carbon	Incomplete reductive citrate cycle, acetyl-CoA => oxoglutarate	Previous algorithm: distinct-gene set coverage	17	8	47.0588235294118	FALSE	FALSE	ES	89.59	2.119	multi-gene partial reconstruction	1.11619600401831	52.5268707773321	FALSE	TRUE	TRUE	FALSE	FALSE	FALSE	Sensitivity estimate under random gene loss: min(100, observed gene-set coverage / MAG completeness fraction)
C1_12-18_bin19	Carbon	Pyruvate oxidation, pyruvate => acetyl-CoA	Previous algorithm: distinct-gene set coverage	11	6	54.5454545454545	TRUE	FALSE	ES	89.59	2.119	multi-gene partial reconstruction	1.11619600401831	60.8834184009984	TRUE	TRUE	FALSE	FALSE	FALSE	FALSE	Sensitivity estimate under random gene loss: min(100, observed gene-set coverage / MAG completeness fraction)
C1_12-18_bin19	Carbon	TCA /Reductive TCA	Previous algorithm: distinct-gene set coverage	1	0	0	FALSE	FALSE	ES	89.59	2.119	multi-gene partial reconstruction	1.11619600401831	0	FALSE	FALSE	FALSE	FALSE	FALSE	FALSE	Sensitivity estimate under random gene loss: min(100, observed gene-set coverage / MAG completeness fraction)
C1_12-18_bin24	Motility	Flagellar Assembly (partial 36-KO reconstruction)	Previous algorithm: distinct-gene set coverage	36	0	0	FALSE	FALSE	ES	54.44	9.119	multi-gene partial reconstruction	1.83688464364438	0	FALSE	FALSE	FALSE	FALSE	FALSE	FALSE	Sensitivity estimate under random gene loss: min(100, observed gene-set coverage / MAG completeness fraction)
C1_12-18_bin24	Vitamin B12	Cobalamin biosynthesis, cobinamide => cobalamin	Previous algorithm: distinct-gene set coverage	8	1	12.5	FALSE	FALSE	ES	54.44	9.119	multi-gene partial reconstruction	1.83688464364438	22.9610580455547	FALSE	FALSE	FALSE	FALSE	FALSE	FALSE	Sensitivity estimate under random gene loss: min(100, observed gene-set coverage / MAG completeness fraction)
C1_12-18_bin24	Vitamin B12	Cobalamin biosynthesis, precorrin2 => cobinamide	Previous algorithm: distinct-gene set coverage	25	4	16	FALSE	FALSE	ES	54.44	9.119	multi-gene partial reconstruction	1.83688464364438	29.3901542983101	FALSE	FALSE	FALSE	FALSE	FALSE	FALSE	Sensitivity estimate under random gene loss: min(100, observed gene-set coverage / MAG completeness fraction)
C1_12-18_bin24	Carbon	Acetyl-CoA pathway, CO2 => acetyl-CoA	Previous algorithm: distinct-gene set coverage	5	0	0	FALSE	FALSE	ES	54.44	9.119	multi-gene partial reconstruction	1.83688464364438	0	FALSE	FALSE	FALSE	FALSE	FALSE	FALSE	Sensitivity estimate under random gene loss: min(100, observed gene-set coverage / MAG completeness fraction)
C1_12-18_bin24	Carbon	Methane oxidation, methanotroph, methane => formaldehyde	Previous algorithm: distinct-gene set coverage	12	0	0	FALSE	FALSE	ES	54.44	9.119	multi-gene partial reconstruction	1.83688464364438	0	FALSE	FALSE	FALSE	FALSE	FALSE	FALSE	Sensitivity estimate under random gene loss: min(100, observed gene-set coverage / MAG completeness fraction)
C1_12-18_bin24	Carbon	Methanogenesis, CO2 => methane	Previous algorithm: distinct-gene set coverage	37	3	8.10810810810811	FALSE	FALSE	ES	54.44	9.119	multi-gene partial reconstruction	1.83688464364438	14.8936592727923	FALSE	FALSE	FALSE	FALSE	FALSE	FALSE	Sensitivity estimate under random gene loss: min(100, observed gene-set coverage / MAG completeness fraction)
C1_12-18_bin24	Carbon	Methanogenesis, acetate => methane	Previous algorithm: distinct-gene set coverage	31	5	16.1290322580645	FALSE	FALSE	ES	54.44	9.119	multi-gene partial reconstruction	1.83688464364438	29.6271716716835	FALSE	FALSE	FALSE	FALSE	FALSE	FALSE	Sensitivity estimate under random gene loss: min(100, observed gene-set coverage / MAG completeness fraction)
C1_12-18_bin24	Carbon	Methanogenesis, methanethiol => methane	Previous algorithm: distinct-gene set coverage	1	0	0	FALSE	FALSE	ES	54.44	9.119	multi-gene partial reconstruction	1.83688464364438	0	FALSE	FALSE	FALSE	FALSE	FALSE	FALSE	Sensitivity estimate under random gene loss: min(100, observed gene-set coverage / MAG completeness fraction)
C1_12-18_bin24	Carbon	Methanogenesis, methanol => methane	Previous algorithm: distinct-gene set coverage	19	3	15.7894736842105	FALSE	FALSE	ES	54.44	9.119	multi-gene partial reconstruction	1.83688464364438	29.0034417417533	FALSE	FALSE	FALSE	FALSE	FALSE	FALSE	Sensitivity estimate under random gene loss: min(100, observed gene-set coverage / MAG completeness fraction)
C1_12-18_bin24	Carbon	Methanogenesis, methylamine/dimethylamine/trimethylamine => methane	Previous algorithm: distinct-gene set coverage	23	4	17.3913043478261	FALSE	FALSE	ES	54.44	9.119	multi-gene partial reconstruction	1.83688464364438	31.9458198894675	FALSE	FALSE	FALSE	FALSE	FALSE	FALSE	Sensitivity estimate under random gene loss: min(100, observed gene-set coverage / MAG completeness fraction)
C1_12-18_bin24	Carbon	Reductive acetyl-CoA pathway (Wood-Ljungdahl pathway)	Previous algorithm: distinct-gene set coverage	10	1	10	FALSE	FALSE	ES	54.44	9.119	multi-gene partial reconstruction	1.83688464364438	18.3688464364438	FALSE	FALSE	FALSE	FALSE	FALSE	FALSE	Sensitivity estimate under random gene loss: min(100, observed gene-set coverage / MAG completeness fraction)
C1_12-18_bin24	Carbon	Reductive citrate cycle (Arnon-Buchanan cycle)	Previous algorithm: distinct-gene set coverage	43	15	34.8837209302326	FALSE	FALSE	ES	54.44	9.119	multi-gene partial reconstruction	1.83688464364438	64.0773712899203	FALSE	TRUE	TRUE	FALSE	FALSE	FALSE	Sensitivity estimate under random gene loss: min(100, observed gene-set coverage / MAG completeness fraction)
C1_12-18_bin24	Nitrogen	Assimilatory nitrate reduction, nitrate => ammonia	Previous algorithm: distinct-gene set coverage	6	0	0	FALSE	FALSE	ES	54.44	9.119	multi-gene partial reconstruction	1.83688464364438	0	FALSE	FALSE	FALSE	FALSE	FALSE	FALSE	Sensitivity estimate under random gene loss: min(100, observed gene-set coverage / MAG completeness fraction)
C1_12-18_bin24	Nitrogen	Complete nitrification, comammox, ammonia => nitrite => nitrate	Previous algorithm: distinct-gene set coverage	6	0	0	FALSE	FALSE	ES	54.44	9.119	multi-gene partial reconstruction	1.83688464364438	0	FALSE	FALSE	FALSE	FALSE	FALSE	FALSE	Sensitivity estimate under random gene loss: min(100, observed gene-set coverage / MAG completeness fraction)
C1_12-18_bin24	Nitrogen	Denitrification, nitrate => nitrogen	Previous algorithm: distinct-gene set coverage	11	2	18.1818181818182	FALSE	FALSE	ES	54.44	9.119	multi-gene partial reconstruction	1.83688464364438	33.397902611716	FALSE	FALSE	FALSE	FALSE	FALSE	FALSE	Sensitivity estimate under random gene loss: min(100, observed gene-set coverage / MAG completeness fraction)
C1_12-18_bin24	Nitrogen	Dissimilatory nitrate reduction, nitrate => ammonia	Previous algorithm: distinct-gene set coverage	9	1	11.1111111111111	FALSE	FALSE	ES	54.44	9.119	multi-gene partial reconstruction	1.83688464364438	20.4098293738264	FALSE	FALSE	FALSE	FALSE	FALSE	FALSE	Sensitivity estimate under random gene loss: min(100, observed gene-set coverage / MAG completeness fraction)
C1_12-18_bin24	Nitrogen	Nitrate assimilation	Previous algorithm: distinct-gene set coverage	1	0	0	FALSE	FALSE	ES	54.44	9.119	multi-gene partial reconstruction	1.83688464364438	0	FALSE	FALSE	FALSE	FALSE	FALSE	FALSE	Sensitivity estimate under random gene loss: min(100, observed gene-set coverage / MAG completeness fraction)
C1_12-18_bin24	Nitrogen	Nitrification, ammonia => nitrite	Previous algorithm: distinct-gene set coverage	8	0	0	FALSE	FALSE	ES	54.44	9.119	multi-gene partial reconstruction	1.83688464364438	0	FALSE	FALSE	FALSE	FALSE	FALSE	FALSE	Sensitivity estimate under random gene loss: min(100, observed gene-set coverage / MAG completeness fraction)
C1_12-18_bin24	Nitrogen	Nitrogen fixation, nitrogen => ammonia	Previous algorithm: distinct-gene set coverage	8	0	0	FALSE	FALSE	ES	54.44	9.119	multi-gene partial reconstruction	1.83688464364438	0	FALSE	FALSE	FALSE	FALSE	FALSE	FALSE	Sensitivity estimate under random gene loss: min(100, observed gene-set coverage / MAG completeness fraction)
C1_12-18_bin24	Nitrogen	nitrite + ammonia => nitrogen	Previous algorithm: distinct-gene set coverage	9	1	11.1111111111111	FALSE	FALSE	ES	54.44	9.119	multi-gene partial reconstruction	1.83688464364438	20.4098293738264	FALSE	FALSE	FALSE	FALSE	FALSE	FALSE	Sensitivity estimate under random gene loss: min(100, observed gene-set coverage / MAG completeness fraction)
C1_12-18_bin24	Sulfur	Assimilatory sulfate reduction, sulfate => H2S	Previous algorithm: distinct-gene set coverage	10	1	10	FALSE	FALSE	ES	54.44	9.119	multi-gene partial reconstruction	1.83688464364438	18.3688464364438	FALSE	FALSE	FALSE	FALSE	FALSE	FALSE	Sensitivity estimate under random gene loss: min(100, observed gene-set coverage / MAG completeness fraction)
C1_12-18_bin24	Sulfur	Dissimilatory sulfate reduction, sulfate => H2S	Previous algorithm: distinct-gene set coverage	7	1	14.2857142857143	FALSE	FALSE	ES	54.44	9.119	multi-gene partial reconstruction	1.83688464364438	26.2412091949197	FALSE	FALSE	FALSE	FALSE	FALSE	FALSE	Sensitivity estimate under random gene loss: min(100, observed gene-set coverage / MAG completeness fraction)
C1_12-18_bin24	Sulfur	Thiosulfate oxidation by SOX complex, thiosulfate => sulfate	Previous algorithm: distinct-gene set coverage	7	0	0	FALSE	FALSE	ES	54.44	9.119	multi-gene partial reconstruction	1.83688464364438	0	FALSE	FALSE	FALSE	FALSE	FALSE	FALSE	Sensitivity estimate under random gene loss: min(100, observed gene-set coverage / MAG completeness fraction)
C1_12-18_bin24	Nitrogen	Urea cycle	Previous algorithm: distinct-gene set coverage	6	2	33.3333333333333	FALSE	FALSE	ES	54.44	9.119	multi-gene partial reconstruction	1.83688464364438	61.2294881214792	FALSE	TRUE	TRUE	FALSE	FALSE	FALSE	Sensitivity estimate under random gene loss: min(100, observed gene-set coverage / MAG completeness fraction)
C1_12-18_bin24	Nitrogen	Urea transport system	Previous algorithm: distinct-gene set coverage	5	0	0	FALSE	FALSE	ES	54.44	9.119	multi-gene partial reconstruction	1.83688464364438	0	FALSE	FALSE	FALSE	FALSE	FALSE	FALSE	Sensitivity estimate under random gene loss: min(100, observed gene-set coverage / MAG completeness fraction)
C1_12-18_bin24	Sulfur	Sulfate/thiosulfate transport system	Previous algorithm: distinct-gene set coverage	5	0	0	FALSE	FALSE	ES	54.44	9.119	multi-gene partial reconstruction	1.83688464364438	0	FALSE	FALSE	FALSE	FALSE	FALSE	FALSE	Sensitivity estimate under random gene loss: min(100, observed gene-set coverage / MAG completeness fraction)
C1_12-18_bin24	Sulfur	Sulfonate transport system	Previous algorithm: distinct-gene set coverage	3	0	0	FALSE	FALSE	ES	54.44	9.119	multi-gene partial reconstruction	1.83688464364438	0	FALSE	FALSE	FALSE	FALSE	FALSE	FALSE	Sensitivity estimate under random gene loss: min(100, observed gene-set coverage / MAG completeness fraction)
C1_12-18_bin24	Vitamin B12	Cobalamin salvage	Previous algorithm: distinct-gene set coverage	4	0	0	FALSE	FALSE	ES	54.44	9.119	multi-gene partial reconstruction	1.83688464364438	0	FALSE	FALSE	FALSE	FALSE	FALSE	FALSE	Sensitivity estimate under random gene loss: min(100, observed gene-set coverage / MAG completeness fraction)
C1_12-18_bin24	Vitamin B12	Vitamin B12 transport system	Previous algorithm: distinct-gene set coverage	3	0	0	FALSE	FALSE	ES	54.44	9.119	multi-gene partial reconstruction	1.83688464364438	0	FALSE	FALSE	FALSE	FALSE	FALSE	FALSE	Sensitivity estimate under random gene loss: min(100, observed gene-set coverage / MAG completeness fraction)
C1_12-18_bin24	Carbon	Citrate cycle (TCA cycle, Krebs cycle)	Previous algorithm: distinct-gene set coverage	40	13	32.5	FALSE	FALSE	ES	54.44	9.119	multi-gene partial reconstruction	1.83688464364438	59.6987509184423	FALSE	TRUE	TRUE	FALSE	FALSE	FALSE	Sensitivity estimate under random gene loss: min(100, observed gene-set coverage / MAG completeness fraction)
C1_12-18_bin24	Carbon	Citrate cycle, first carbon oxidation, oxaloacetate => 2-oxoglutarate	Previous algorithm: distinct-gene set coverage	6	2	33.3333333333333	FALSE	FALSE	ES	54.44	9.119	multi-gene partial reconstruction	1.83688464364438	61.2294881214792	FALSE	TRUE	TRUE	FALSE	FALSE	FALSE	Sensitivity estimate under random gene loss: min(100, observed gene-set coverage / MAG completeness fraction)
C1_12-18_bin24	Carbon	Citrate cycle, second carbon oxidation, 2-oxoglutarate => oxaloacetate	Previous algorithm: distinct-gene set coverage	34	11	32.3529411764706	FALSE	FALSE	ES	54.44	9.119	multi-gene partial reconstruction	1.83688464364438	59.4286208237888	FALSE	TRUE	TRUE	FALSE	FALSE	FALSE	Sensitivity estimate under random gene loss: min(100, observed gene-set coverage / MAG completeness fraction)
C1_12-18_bin24	Carbon	Glycolysis (Embden-Meyerhof pathway), glucose => pyruvate	Previous algorithm: distinct-gene set coverage	29	6	20.6896551724138	FALSE	FALSE	ES	54.44	9.119	multi-gene partial reconstruction	1.83688464364438	38.0045098685044	FALSE	FALSE	FALSE	FALSE	FALSE	FALSE	Sensitivity estimate under random gene loss: min(100, observed gene-set coverage / MAG completeness fraction)
C1_12-18_bin24	Carbon	Glycolysis, core module involving three-carbon compounds	Previous algorithm: distinct-gene set coverage	12	4	33.3333333333333	FALSE	FALSE	ES	54.44	9.119	multi-gene partial reconstruction	1.83688464364438	61.2294881214792	FALSE	TRUE	TRUE	FALSE	FALSE	FALSE	Sensitivity estimate under random gene loss: min(100, observed gene-set coverage / MAG completeness fraction)
C1_12-18_bin24	Carbon	Incomplete reductive citrate cycle, acetyl-CoA => oxoglutarate	Previous algorithm: distinct-gene set coverage	17	7	41.1764705882353	FALSE	FALSE	ES	54.44	9.119	multi-gene partial reconstruction	1.83688464364438	75.6364265030039	FALSE	TRUE	TRUE	FALSE	TRUE	TRUE	Sensitivity estimate under random gene loss: min(100, observed gene-set coverage / MAG completeness fraction)
C1_12-18_bin24	Carbon	Pyruvate oxidation, pyruvate => acetyl-CoA	Previous algorithm: distinct-gene set coverage	11	4	36.3636363636364	FALSE	FALSE	ES	54.44	9.119	multi-gene partial reconstruction	1.83688464364438	66.795805223432	FALSE	TRUE	TRUE	FALSE	FALSE	FALSE	Sensitivity estimate under random gene loss: min(100, observed gene-set coverage / MAG completeness fraction)
C1_12-18_bin24	Carbon	TCA /Reductive TCA	Previous algorithm: distinct-gene set coverage	1	0	0	FALSE	FALSE	ES	54.44	9.119	multi-gene partial reconstruction	1.83688464364438	0	FALSE	FALSE	FALSE	FALSE	FALSE	FALSE	Sensitivity estimate under random gene loss: min(100, observed gene-set coverage / MAG completeness fraction)
C2_12-18_bin11	Motility	Flagellar Assembly (partial 36-KO reconstruction)	Previous algorithm: distinct-gene set coverage	36	0	0	FALSE	FALSE	ES	73.18	6.127	multi-gene partial reconstruction	1.36649357748019	0	FALSE	FALSE	FALSE	FALSE	FALSE	FALSE	Sensitivity estimate under random gene loss: min(100, observed gene-set coverage / MAG completeness fraction)
C2_12-18_bin11	Vitamin B12	Cobalamin biosynthesis, cobinamide => cobalamin	Previous algorithm: distinct-gene set coverage	8	1	12.5	FALSE	FALSE	ES	73.18	6.127	multi-gene partial reconstruction	1.36649357748019	17.0811697185023	FALSE	FALSE	FALSE	FALSE	FALSE	FALSE	Sensitivity estimate under random gene loss: min(100, observed gene-set coverage / MAG completeness fraction)
C2_12-18_bin11	Vitamin B12	Cobalamin biosynthesis, precorrin2 => cobinamide	Previous algorithm: distinct-gene set coverage	25	4	16	FALSE	FALSE	ES	73.18	6.127	multi-gene partial reconstruction	1.36649357748019	21.863897239683	FALSE	FALSE	FALSE	FALSE	FALSE	FALSE	Sensitivity estimate under random gene loss: min(100, observed gene-set coverage / MAG completeness fraction)
C2_12-18_bin11	Carbon	Acetyl-CoA pathway, CO2 => acetyl-CoA	Previous algorithm: distinct-gene set coverage	5	0	0	FALSE	FALSE	ES	73.18	6.127	multi-gene partial reconstruction	1.36649357748019	0	FALSE	FALSE	FALSE	FALSE	FALSE	FALSE	Sensitivity estimate under random gene loss: min(100, observed gene-set coverage / MAG completeness fraction)
C2_12-18_bin11	Carbon	Methane oxidation, methanotroph, methane => formaldehyde	Previous algorithm: distinct-gene set coverage	12	0	0	FALSE	FALSE	ES	73.18	6.127	multi-gene partial reconstruction	1.36649357748019	0	FALSE	FALSE	FALSE	FALSE	FALSE	FALSE	Sensitivity estimate under random gene loss: min(100, observed gene-set coverage / MAG completeness fraction)
C2_12-18_bin11	Carbon	Methanogenesis, CO2 => methane	Previous algorithm: distinct-gene set coverage	37	0	0	FALSE	FALSE	ES	73.18	6.127	multi-gene partial reconstruction	1.36649357748019	0	FALSE	FALSE	FALSE	FALSE	FALSE	FALSE	Sensitivity estimate under random gene loss: min(100, observed gene-set coverage / MAG completeness fraction)
C2_12-18_bin11	Carbon	Methanogenesis, acetate => methane	Previous algorithm: distinct-gene set coverage	31	2	6.45161290322581	FALSE	FALSE	ES	73.18	6.127	multi-gene partial reconstruction	1.36649357748019	8.81608759664636	FALSE	FALSE	FALSE	FALSE	FALSE	FALSE	Sensitivity estimate under random gene loss: min(100, observed gene-set coverage / MAG completeness fraction)
C2_12-18_bin11	Carbon	Methanogenesis, methanethiol => methane	Previous algorithm: distinct-gene set coverage	1	0	0	FALSE	FALSE	ES	73.18	6.127	multi-gene partial reconstruction	1.36649357748019	0	FALSE	FALSE	FALSE	FALSE	FALSE	FALSE	Sensitivity estimate under random gene loss: min(100, observed gene-set coverage / MAG completeness fraction)
C2_12-18_bin11	Carbon	Methanogenesis, methanol => methane	Previous algorithm: distinct-gene set coverage	19	0	0	FALSE	FALSE	ES	73.18	6.127	multi-gene partial reconstruction	1.36649357748019	0	FALSE	FALSE	FALSE	FALSE	FALSE	FALSE	Sensitivity estimate under random gene loss: min(100, observed gene-set coverage / MAG completeness fraction)
C2_12-18_bin11	Carbon	Methanogenesis, methylamine/dimethylamine/trimethylamine => methane	Previous algorithm: distinct-gene set coverage	23	1	4.34782608695652	FALSE	FALSE	ES	73.18	6.127	multi-gene partial reconstruction	1.36649357748019	5.94127642382689	FALSE	FALSE	FALSE	FALSE	FALSE	FALSE	Sensitivity estimate under random gene loss: min(100, observed gene-set coverage / MAG completeness fraction)
C2_12-18_bin11	Carbon	Reductive acetyl-CoA pathway (Wood-Ljungdahl pathway)	Previous algorithm: distinct-gene set coverage	10	2	20	FALSE	FALSE	ES	73.18	6.127	multi-gene partial reconstruction	1.36649357748019	27.3298715496037	FALSE	FALSE	FALSE	FALSE	FALSE	FALSE	Sensitivity estimate under random gene loss: min(100, observed gene-set coverage / MAG completeness fraction)
C2_12-18_bin11	Carbon	Reductive citrate cycle (Arnon-Buchanan cycle)	Previous algorithm: distinct-gene set coverage	43	14	32.5581395348837	FALSE	FALSE	ES	73.18	6.127	multi-gene partial reconstruction	1.36649357748019	44.4904885691223	FALSE	FALSE	FALSE	FALSE	FALSE	FALSE	Sensitivity estimate under random gene loss: min(100, observed gene-set coverage / MAG completeness fraction)
C2_12-18_bin11	Nitrogen	Assimilatory nitrate reduction, nitrate => ammonia	Previous algorithm: distinct-gene set coverage	6	0	0	FALSE	FALSE	ES	73.18	6.127	multi-gene partial reconstruction	1.36649357748019	0	FALSE	FALSE	FALSE	FALSE	FALSE	FALSE	Sensitivity estimate under random gene loss: min(100, observed gene-set coverage / MAG completeness fraction)
C2_12-18_bin11	Nitrogen	Complete nitrification, comammox, ammonia => nitrite => nitrate	Previous algorithm: distinct-gene set coverage	6	0	0	FALSE	FALSE	ES	73.18	6.127	multi-gene partial reconstruction	1.36649357748019	0	FALSE	FALSE	FALSE	FALSE	FALSE	FALSE	Sensitivity estimate under random gene loss: min(100, observed gene-set coverage / MAG completeness fraction)
C2_12-18_bin11	Nitrogen	Denitrification, nitrate => nitrogen	Previous algorithm: distinct-gene set coverage	11	1	9.09090909090909	FALSE	FALSE	ES	73.18	6.127	multi-gene partial reconstruction	1.36649357748019	12.4226688861835	FALSE	FALSE	FALSE	FALSE	FALSE	FALSE	Sensitivity estimate under random gene loss: min(100, observed gene-set coverage / MAG completeness fraction)
C2_12-18_bin11	Nitrogen	Dissimilatory nitrate reduction, nitrate => ammonia	Previous algorithm: distinct-gene set coverage	9	1	11.1111111111111	FALSE	FALSE	ES	73.18	6.127	multi-gene partial reconstruction	1.36649357748019	15.183261972002	FALSE	FALSE	FALSE	FALSE	FALSE	FALSE	Sensitivity estimate under random gene loss: min(100, observed gene-set coverage / MAG completeness fraction)
C2_12-18_bin11	Nitrogen	Nitrate assimilation	Previous algorithm: distinct-gene set coverage	1	0	0	FALSE	FALSE	ES	73.18	6.127	multi-gene partial reconstruction	1.36649357748019	0	FALSE	FALSE	FALSE	FALSE	FALSE	FALSE	Sensitivity estimate under random gene loss: min(100, observed gene-set coverage / MAG completeness fraction)
C2_12-18_bin11	Nitrogen	Nitrification, ammonia => nitrite	Previous algorithm: distinct-gene set coverage	8	0	0	FALSE	FALSE	ES	73.18	6.127	multi-gene partial reconstruction	1.36649357748019	0	FALSE	FALSE	FALSE	FALSE	FALSE	FALSE	Sensitivity estimate under random gene loss: min(100, observed gene-set coverage / MAG completeness fraction)
C2_12-18_bin11	Nitrogen	Nitrogen fixation, nitrogen => ammonia	Previous algorithm: distinct-gene set coverage	8	0	0	FALSE	FALSE	ES	73.18	6.127	multi-gene partial reconstruction	1.36649357748019	0	FALSE	FALSE	FALSE	FALSE	FALSE	FALSE	Sensitivity estimate under random gene loss: min(100, observed gene-set coverage / MAG completeness fraction)
C2_12-18_bin11	Nitrogen	nitrite + ammonia => nitrogen	Previous algorithm: distinct-gene set coverage	9	0	0	FALSE	FALSE	ES	73.18	6.127	multi-gene partial reconstruction	1.36649357748019	0	FALSE	FALSE	FALSE	FALSE	FALSE	FALSE	Sensitivity estimate under random gene loss: min(100, observed gene-set coverage / MAG completeness fraction)
C2_12-18_bin11	Sulfur	Assimilatory sulfate reduction, sulfate => H2S	Previous algorithm: distinct-gene set coverage	10	1	10	FALSE	FALSE	ES	73.18	6.127	multi-gene partial reconstruction	1.36649357748019	13.6649357748019	FALSE	FALSE	FALSE	FALSE	FALSE	FALSE	Sensitivity estimate under random gene loss: min(100, observed gene-set coverage / MAG completeness fraction)
C2_12-18_bin11	Sulfur	Dissimilatory sulfate reduction, sulfate => H2S	Previous algorithm: distinct-gene set coverage	7	2	28.5714285714286	FALSE	FALSE	ES	73.18	6.127	multi-gene partial reconstruction	1.36649357748019	39.0426736422911	FALSE	FALSE	FALSE	FALSE	FALSE	FALSE	Sensitivity estimate under random gene loss: min(100, observed gene-set coverage / MAG completeness fraction)
C2_12-18_bin11	Sulfur	Thiosulfate oxidation by SOX complex, thiosulfate => sulfate	Previous algorithm: distinct-gene set coverage	7	0	0	FALSE	FALSE	ES	73.18	6.127	multi-gene partial reconstruction	1.36649357748019	0	FALSE	FALSE	FALSE	FALSE	FALSE	FALSE	Sensitivity estimate under random gene loss: min(100, observed gene-set coverage / MAG completeness fraction)
C2_12-18_bin11	Nitrogen	Urea cycle	Previous algorithm: distinct-gene set coverage	6	3	50	TRUE	FALSE	ES	73.18	6.127	multi-gene partial reconstruction	1.36649357748019	68.3246788740093	TRUE	TRUE	FALSE	FALSE	FALSE	FALSE	Sensitivity estimate under random gene loss: min(100, observed gene-set coverage / MAG completeness fraction)
C2_12-18_bin11	Nitrogen	Urea transport system	Previous algorithm: distinct-gene set coverage	5	0	0	FALSE	FALSE	ES	73.18	6.127	multi-gene partial reconstruction	1.36649357748019	0	FALSE	FALSE	FALSE	FALSE	FALSE	FALSE	Sensitivity estimate under random gene loss: min(100, observed gene-set coverage / MAG completeness fraction)
C2_12-18_bin11	Sulfur	Sulfate/thiosulfate transport system	Previous algorithm: distinct-gene set coverage	5	0	0	FALSE	FALSE	ES	73.18	6.127	multi-gene partial reconstruction	1.36649357748019	0	FALSE	FALSE	FALSE	FALSE	FALSE	FALSE	Sensitivity estimate under random gene loss: min(100, observed gene-set coverage / MAG completeness fraction)
C2_12-18_bin11	Sulfur	Sulfonate transport system	Previous algorithm: distinct-gene set coverage	3	0	0	FALSE	FALSE	ES	73.18	6.127	multi-gene partial reconstruction	1.36649357748019	0	FALSE	FALSE	FALSE	FALSE	FALSE	FALSE	Sensitivity estimate under random gene loss: min(100, observed gene-set coverage / MAG completeness fraction)
C2_12-18_bin11	Vitamin B12	Cobalamin salvage	Previous algorithm: distinct-gene set coverage	4	0	0	FALSE	FALSE	ES	73.18	6.127	multi-gene partial reconstruction	1.36649357748019	0	FALSE	FALSE	FALSE	FALSE	FALSE	FALSE	Sensitivity estimate under random gene loss: min(100, observed gene-set coverage / MAG completeness fraction)
C2_12-18_bin11	Vitamin B12	Vitamin B12 transport system	Previous algorithm: distinct-gene set coverage	3	0	0	FALSE	FALSE	ES	73.18	6.127	multi-gene partial reconstruction	1.36649357748019	0	FALSE	FALSE	FALSE	FALSE	FALSE	FALSE	Sensitivity estimate under random gene loss: min(100, observed gene-set coverage / MAG completeness fraction)
C2_12-18_bin11	Carbon	Citrate cycle (TCA cycle, Krebs cycle)	Previous algorithm: distinct-gene set coverage	40	11	27.5	FALSE	FALSE	ES	73.18	6.127	multi-gene partial reconstruction	1.36649357748019	37.5785733807051	FALSE	FALSE	FALSE	FALSE	FALSE	FALSE	Sensitivity estimate under random gene loss: min(100, observed gene-set coverage / MAG completeness fraction)
C2_12-18_bin11	Carbon	Citrate cycle, first carbon oxidation, oxaloacetate => 2-oxoglutarate	Previous algorithm: distinct-gene set coverage	6	0	0	FALSE	FALSE	ES	73.18	6.127	multi-gene partial reconstruction	1.36649357748019	0	FALSE	FALSE	FALSE	FALSE	FALSE	FALSE	Sensitivity estimate under random gene loss: min(100, observed gene-set coverage / MAG completeness fraction)
C2_12-18_bin11	Carbon	Citrate cycle, second carbon oxidation, 2-oxoglutarate => oxaloacetate	Previous algorithm: distinct-gene set coverage	34	11	32.3529411764706	FALSE	FALSE	ES	73.18	6.127	multi-gene partial reconstruction	1.36649357748019	44.2100863302413	FALSE	FALSE	FALSE	FALSE	FALSE	FALSE	Sensitivity estimate under random gene loss: min(100, observed gene-set coverage / MAG completeness fraction)
C2_12-18_bin11	Carbon	Glycolysis (Embden-Meyerhof pathway), glucose => pyruvate	Previous algorithm: distinct-gene set coverage	29	7	24.1379310344828	FALSE	FALSE	ES	73.18	6.127	multi-gene partial reconstruction	1.36649357748019	32.9843277322804	FALSE	FALSE	FALSE	FALSE	FALSE	FALSE	Sensitivity estimate under random gene loss: min(100, observed gene-set coverage / MAG completeness fraction)
C2_12-18_bin11	Carbon	Glycolysis, core module involving three-carbon compounds	Previous algorithm: distinct-gene set coverage	12	5	41.6666666666667	FALSE	FALSE	ES	73.18	6.127	multi-gene partial reconstruction	1.36649357748019	56.9372323950078	FALSE	TRUE	TRUE	FALSE	FALSE	FALSE	Sensitivity estimate under random gene loss: min(100, observed gene-set coverage / MAG completeness fraction)
C2_12-18_bin11	Carbon	Incomplete reductive citrate cycle, acetyl-CoA => oxoglutarate	Previous algorithm: distinct-gene set coverage	17	6	35.2941176470588	FALSE	FALSE	ES	73.18	6.127	multi-gene partial reconstruction	1.36649357748019	48.2291850875359	FALSE	FALSE	FALSE	FALSE	FALSE	FALSE	Sensitivity estimate under random gene loss: min(100, observed gene-set coverage / MAG completeness fraction)
C2_12-18_bin11	Carbon	Pyruvate oxidation, pyruvate => acetyl-CoA	Previous algorithm: distinct-gene set coverage	11	5	45.4545454545455	FALSE	FALSE	ES	73.18	6.127	multi-gene partial reconstruction	1.36649357748019	62.1133444309176	FALSE	TRUE	TRUE	FALSE	FALSE	FALSE	Sensitivity estimate under random gene loss: min(100, observed gene-set coverage / MAG completeness fraction)
C2_12-18_bin11	Carbon	TCA /Reductive TCA	Previous algorithm: distinct-gene set coverage	1	1	100	TRUE	TRUE	ES	73.18	6.127	multi-gene partial reconstruction	1.36649357748019	100	TRUE	TRUE	FALSE	TRUE	TRUE	FALSE	Sensitivity estimate under random gene loss: min(100, observed gene-set coverage / MAG completeness fraction)
C2_12-18_bin17	Motility	Flagellar Assembly (partial 36-KO reconstruction)	Previous algorithm: distinct-gene set coverage	36	0	0	FALSE	FALSE	ES	69.25	4.828	multi-gene partial reconstruction	1.44404332129964	0	FALSE	FALSE	FALSE	FALSE	FALSE	FALSE	Sensitivity estimate under random gene loss: min(100, observed gene-set coverage / MAG completeness fraction)
C2_12-18_bin17	Vitamin B12	Cobalamin biosynthesis, cobinamide => cobalamin	Previous algorithm: distinct-gene set coverage	8	1	12.5	FALSE	FALSE	ES	69.25	4.828	multi-gene partial reconstruction	1.44404332129964	18.0505415162455	FALSE	FALSE	FALSE	FALSE	FALSE	FALSE	Sensitivity estimate under random gene loss: min(100, observed gene-set coverage / MAG completeness fraction)
C2_12-18_bin17	Vitamin B12	Cobalamin biosynthesis, precorrin2 => cobinamide	Previous algorithm: distinct-gene set coverage	25	0	0	FALSE	FALSE	ES	69.25	4.828	multi-gene partial reconstruction	1.44404332129964	0	FALSE	FALSE	FALSE	FALSE	FALSE	FALSE	Sensitivity estimate under random gene loss: min(100, observed gene-set coverage / MAG completeness fraction)
C2_12-18_bin17	Carbon	Acetyl-CoA pathway, CO2 => acetyl-CoA	Previous algorithm: distinct-gene set coverage	5	0	0	FALSE	FALSE	ES	69.25	4.828	multi-gene partial reconstruction	1.44404332129964	0	FALSE	FALSE	FALSE	FALSE	FALSE	FALSE	Sensitivity estimate under random gene loss: min(100, observed gene-set coverage / MAG completeness fraction)
C2_12-18_bin17	Carbon	Methane oxidation, methanotroph, methane => formaldehyde	Previous algorithm: distinct-gene set coverage	12	0	0	FALSE	FALSE	ES	69.25	4.828	multi-gene partial reconstruction	1.44404332129964	0	FALSE	FALSE	FALSE	FALSE	FALSE	FALSE	Sensitivity estimate under random gene loss: min(100, observed gene-set coverage / MAG completeness fraction)
C2_12-18_bin17	Carbon	Methanogenesis, CO2 => methane	Previous algorithm: distinct-gene set coverage	37	7	18.9189189189189	FALSE	FALSE	ES	69.25	4.828	multi-gene partial reconstruction	1.44404332129964	27.3197385110742	FALSE	FALSE	FALSE	FALSE	FALSE	FALSE	Sensitivity estimate under random gene loss: min(100, observed gene-set coverage / MAG completeness fraction)
C2_12-18_bin17	Carbon	Methanogenesis, acetate => methane	Previous algorithm: distinct-gene set coverage	31	6	19.3548387096774	FALSE	FALSE	ES	69.25	4.828	multi-gene partial reconstruction	1.44404332129964	27.9492255735414	FALSE	FALSE	FALSE	FALSE	FALSE	FALSE	Sensitivity estimate under random gene loss: min(100, observed gene-set coverage / MAG completeness fraction)
C2_12-18_bin17	Carbon	Methanogenesis, methanethiol => methane	Previous algorithm: distinct-gene set coverage	1	0	0	FALSE	FALSE	ES	69.25	4.828	multi-gene partial reconstruction	1.44404332129964	0	FALSE	FALSE	FALSE	FALSE	FALSE	FALSE	Sensitivity estimate under random gene loss: min(100, observed gene-set coverage / MAG completeness fraction)
C2_12-18_bin17	Carbon	Methanogenesis, methanol => methane	Previous algorithm: distinct-gene set coverage	19	5	26.3157894736842	FALSE	FALSE	ES	69.25	4.828	multi-gene partial reconstruction	1.44404332129964	38.001140034201	FALSE	FALSE	FALSE	FALSE	FALSE	FALSE	Sensitivity estimate under random gene loss: min(100, observed gene-set coverage / MAG completeness fraction)
C2_12-18_bin17	Carbon	Methanogenesis, methylamine/dimethylamine/trimethylamine => methane	Previous algorithm: distinct-gene set coverage	23	6	26.0869565217391	FALSE	FALSE	ES	69.25	4.828	multi-gene partial reconstruction	1.44404332129964	37.6706953382514	FALSE	FALSE	FALSE	FALSE	FALSE	FALSE	Sensitivity estimate under random gene loss: min(100, observed gene-set coverage / MAG completeness fraction)
C2_12-18_bin17	Carbon	Reductive acetyl-CoA pathway (Wood-Ljungdahl pathway)	Previous algorithm: distinct-gene set coverage	10	4	40	FALSE	FALSE	ES	69.25	4.828	multi-gene partial reconstruction	1.44404332129964	57.7617328519856	FALSE	TRUE	TRUE	FALSE	FALSE	FALSE	Sensitivity estimate under random gene loss: min(100, observed gene-set coverage / MAG completeness fraction)
C2_12-18_bin17	Carbon	Reductive citrate cycle (Arnon-Buchanan cycle)	Previous algorithm: distinct-gene set coverage	43	9	20.9302325581395	FALSE	FALSE	ES	69.25	4.828	multi-gene partial reconstruction	1.44404332129964	30.2241625388296	FALSE	FALSE	FALSE	FALSE	FALSE	FALSE	Sensitivity estimate under random gene loss: min(100, observed gene-set coverage / MAG completeness fraction)
C2_12-18_bin17	Nitrogen	Assimilatory nitrate reduction, nitrate => ammonia	Previous algorithm: distinct-gene set coverage	6	0	0	FALSE	FALSE	ES	69.25	4.828	multi-gene partial reconstruction	1.44404332129964	0	FALSE	FALSE	FALSE	FALSE	FALSE	FALSE	Sensitivity estimate under random gene loss: min(100, observed gene-set coverage / MAG completeness fraction)
C2_12-18_bin17	Nitrogen	Complete nitrification, comammox, ammonia => nitrite => nitrate	Previous algorithm: distinct-gene set coverage	6	0	0	FALSE	FALSE	ES	69.25	4.828	multi-gene partial reconstruction	1.44404332129964	0	FALSE	FALSE	FALSE	FALSE	FALSE	FALSE	Sensitivity estimate under random gene loss: min(100, observed gene-set coverage / MAG completeness fraction)
C2_12-18_bin17	Nitrogen	Denitrification, nitrate => nitrogen	Previous algorithm: distinct-gene set coverage	11	1	9.09090909090909	FALSE	FALSE	ES	69.25	4.828	multi-gene partial reconstruction	1.44404332129964	13.1276665572694	FALSE	FALSE	FALSE	FALSE	FALSE	FALSE	Sensitivity estimate under random gene loss: min(100, observed gene-set coverage / MAG completeness fraction)
C2_12-18_bin17	Nitrogen	Dissimilatory nitrate reduction, nitrate => ammonia	Previous algorithm: distinct-gene set coverage	9	0	0	FALSE	FALSE	ES	69.25	4.828	multi-gene partial reconstruction	1.44404332129964	0	FALSE	FALSE	FALSE	FALSE	FALSE	FALSE	Sensitivity estimate under random gene loss: min(100, observed gene-set coverage / MAG completeness fraction)
C2_12-18_bin17	Nitrogen	Nitrate assimilation	Previous algorithm: distinct-gene set coverage	1	0	0	FALSE	FALSE	ES	69.25	4.828	multi-gene partial reconstruction	1.44404332129964	0	FALSE	FALSE	FALSE	FALSE	FALSE	FALSE	Sensitivity estimate under random gene loss: min(100, observed gene-set coverage / MAG completeness fraction)
C2_12-18_bin17	Nitrogen	Nitrification, ammonia => nitrite	Previous algorithm: distinct-gene set coverage	8	0	0	FALSE	FALSE	ES	69.25	4.828	multi-gene partial reconstruction	1.44404332129964	0	FALSE	FALSE	FALSE	FALSE	FALSE	FALSE	Sensitivity estimate under random gene loss: min(100, observed gene-set coverage / MAG completeness fraction)
C2_12-18_bin17	Nitrogen	Nitrogen fixation, nitrogen => ammonia	Previous algorithm: distinct-gene set coverage	8	0	0	FALSE	FALSE	ES	69.25	4.828	multi-gene partial reconstruction	1.44404332129964	0	FALSE	FALSE	FALSE	FALSE	FALSE	FALSE	Sensitivity estimate under random gene loss: min(100, observed gene-set coverage / MAG completeness fraction)
C2_12-18_bin17	Nitrogen	nitrite + ammonia => nitrogen	Previous algorithm: distinct-gene set coverage	9	0	0	FALSE	FALSE	ES	69.25	4.828	multi-gene partial reconstruction	1.44404332129964	0	FALSE	FALSE	FALSE	FALSE	FALSE	FALSE	Sensitivity estimate under random gene loss: min(100, observed gene-set coverage / MAG completeness fraction)
C2_12-18_bin17	Sulfur	Assimilatory sulfate reduction, sulfate => H2S	Previous algorithm: distinct-gene set coverage	10	1	10	FALSE	FALSE	ES	69.25	4.828	multi-gene partial reconstruction	1.44404332129964	14.4404332129964	FALSE	FALSE	FALSE	FALSE	FALSE	FALSE	Sensitivity estimate under random gene loss: min(100, observed gene-set coverage / MAG completeness fraction)
C2_12-18_bin17	Sulfur	Dissimilatory sulfate reduction, sulfate => H2S	Previous algorithm: distinct-gene set coverage	7	1	14.2857142857143	FALSE	FALSE	ES	69.25	4.828	multi-gene partial reconstruction	1.44404332129964	20.6291903042806	FALSE	FALSE	FALSE	FALSE	FALSE	FALSE	Sensitivity estimate under random gene loss: min(100, observed gene-set coverage / MAG completeness fraction)
C2_12-18_bin17	Sulfur	Thiosulfate oxidation by SOX complex, thiosulfate => sulfate	Previous algorithm: distinct-gene set coverage	7	0	0	FALSE	FALSE	ES	69.25	4.828	multi-gene partial reconstruction	1.44404332129964	0	FALSE	FALSE	FALSE	FALSE	FALSE	FALSE	Sensitivity estimate under random gene loss: min(100, observed gene-set coverage / MAG completeness fraction)
C2_12-18_bin17	Nitrogen	Urea cycle	Previous algorithm: distinct-gene set coverage	6	4	66.6666666666667	TRUE	FALSE	ES	69.25	4.828	multi-gene partial reconstruction	1.44404332129964	96.2695547533093	TRUE	TRUE	FALSE	FALSE	TRUE	TRUE	Sensitivity estimate under random gene loss: min(100, observed gene-set coverage / MAG completeness fraction)
C2_12-18_bin17	Nitrogen	Urea transport system	Previous algorithm: distinct-gene set coverage	5	0	0	FALSE	FALSE	ES	69.25	4.828	multi-gene partial reconstruction	1.44404332129964	0	FALSE	FALSE	FALSE	FALSE	FALSE	FALSE	Sensitivity estimate under random gene loss: min(100, observed gene-set coverage / MAG completeness fraction)
C2_12-18_bin17	Sulfur	Sulfate/thiosulfate transport system	Previous algorithm: distinct-gene set coverage	5	0	0	FALSE	FALSE	ES	69.25	4.828	multi-gene partial reconstruction	1.44404332129964	0	FALSE	FALSE	FALSE	FALSE	FALSE	FALSE	Sensitivity estimate under random gene loss: min(100, observed gene-set coverage / MAG completeness fraction)
C2_12-18_bin17	Sulfur	Sulfonate transport system	Previous algorithm: distinct-gene set coverage	3	2	66.6666666666667	TRUE	FALSE	ES	69.25	4.828	multi-gene partial reconstruction	1.44404332129964	96.2695547533093	TRUE	TRUE	FALSE	FALSE	TRUE	TRUE	Sensitivity estimate under random gene loss: min(100, observed gene-set coverage / MAG completeness fraction)
C2_12-18_bin17	Vitamin B12	Cobalamin salvage	Previous algorithm: distinct-gene set coverage	4	0	0	FALSE	FALSE	ES	69.25	4.828	multi-gene partial reconstruction	1.44404332129964	0	FALSE	FALSE	FALSE	FALSE	FALSE	FALSE	Sensitivity estimate under random gene loss: min(100, observed gene-set coverage / MAG completeness fraction)
C2_12-18_bin17	Vitamin B12	Vitamin B12 transport system	Previous algorithm: distinct-gene set coverage	3	0	0	FALSE	FALSE	ES	69.25	4.828	multi-gene partial reconstruction	1.44404332129964	0	FALSE	FALSE	FALSE	FALSE	FALSE	FALSE	Sensitivity estimate under random gene loss: min(100, observed gene-set coverage / MAG completeness fraction)
C2_12-18_bin17	Carbon	Citrate cycle (TCA cycle, Krebs cycle)	Previous algorithm: distinct-gene set coverage	40	8	20	FALSE	FALSE	ES	69.25	4.828	multi-gene partial reconstruction	1.44404332129964	28.8808664259928	FALSE	FALSE	FALSE	FALSE	FALSE	FALSE	Sensitivity estimate under random gene loss: min(100, observed gene-set coverage / MAG completeness fraction)
C2_12-18_bin17	Carbon	Citrate cycle, first carbon oxidation, oxaloacetate => 2-oxoglutarate	Previous algorithm: distinct-gene set coverage	6	0	0	FALSE	FALSE	ES	69.25	4.828	multi-gene partial reconstruction	1.44404332129964	0	FALSE	FALSE	FALSE	FALSE	FALSE	FALSE	Sensitivity estimate under random gene loss: min(100, observed gene-set coverage / MAG completeness fraction)
C2_12-18_bin17	Carbon	Citrate cycle, second carbon oxidation, 2-oxoglutarate => oxaloacetate	Previous algorithm: distinct-gene set coverage	34	8	23.5294117647059	FALSE	FALSE	ES	69.25	4.828	multi-gene partial reconstruction	1.44404332129964	33.9774899129327	FALSE	FALSE	FALSE	FALSE	FALSE	FALSE	Sensitivity estimate under random gene loss: min(100, observed gene-set coverage / MAG completeness fraction)
C2_12-18_bin17	Carbon	Glycolysis (Embden-Meyerhof pathway), glucose => pyruvate	Previous algorithm: distinct-gene set coverage	29	10	34.4827586206897	FALSE	FALSE	ES	69.25	4.828	multi-gene partial reconstruction	1.44404332129964	49.7945972861945	FALSE	FALSE	FALSE	FALSE	FALSE	FALSE	Sensitivity estimate under random gene loss: min(100, observed gene-set coverage / MAG completeness fraction)
C2_12-18_bin17	Carbon	Glycolysis, core module involving three-carbon compounds	Previous algorithm: distinct-gene set coverage	12	7	58.3333333333333	TRUE	FALSE	ES	69.25	4.828	multi-gene partial reconstruction	1.44404332129964	84.2358604091456	TRUE	TRUE	FALSE	FALSE	TRUE	TRUE	Sensitivity estimate under random gene loss: min(100, observed gene-set coverage / MAG completeness fraction)
C2_12-18_bin17	Carbon	Incomplete reductive citrate cycle, acetyl-CoA => oxoglutarate	Previous algorithm: distinct-gene set coverage	17	4	23.5294117647059	FALSE	FALSE	ES	69.25	4.828	multi-gene partial reconstruction	1.44404332129964	33.9774899129327	FALSE	FALSE	FALSE	FALSE	FALSE	FALSE	Sensitivity estimate under random gene loss: min(100, observed gene-set coverage / MAG completeness fraction)
C2_12-18_bin17	Carbon	Pyruvate oxidation, pyruvate => acetyl-CoA	Previous algorithm: distinct-gene set coverage	11	4	36.3636363636364	FALSE	FALSE	ES	69.25	4.828	multi-gene partial reconstruction	1.44404332129964	52.5106662290778	FALSE	TRUE	TRUE	FALSE	FALSE	FALSE	Sensitivity estimate under random gene loss: min(100, observed gene-set coverage / MAG completeness fraction)
C2_12-18_bin17	Carbon	TCA /Reductive TCA	Previous algorithm: distinct-gene set coverage	1	1	100	TRUE	TRUE	ES	69.25	4.828	multi-gene partial reconstruction	1.44404332129964	100	TRUE	TRUE	FALSE	TRUE	TRUE	FALSE	Sensitivity estimate under random gene loss: min(100, observed gene-set coverage / MAG completeness fraction)
R2111_N500_0-10_bin13	Motility	Flagellar Assembly (partial 36-KO reconstruction)	Previous algorithm: distinct-gene set coverage	36	0	0	FALSE	FALSE	NS	79.77	9.829	multi-gene partial reconstruction	1.25360411182149	0	FALSE	FALSE	FALSE	FALSE	FALSE	FALSE	Sensitivity estimate under random gene loss: min(100, observed gene-set coverage / MAG completeness fraction)
R2111_N500_0-10_bin13	Vitamin B12	Cobalamin biosynthesis, cobinamide => cobalamin	Previous algorithm: distinct-gene set coverage	8	0	0	FALSE	FALSE	NS	79.77	9.829	multi-gene partial reconstruction	1.25360411182149	0	FALSE	FALSE	FALSE	FALSE	FALSE	FALSE	Sensitivity estimate under random gene loss: min(100, observed gene-set coverage / MAG completeness fraction)
R2111_N500_0-10_bin13	Vitamin B12	Cobalamin biosynthesis, precorrin2 => cobinamide	Previous algorithm: distinct-gene set coverage	25	0	0	FALSE	FALSE	NS	79.77	9.829	multi-gene partial reconstruction	1.25360411182149	0	FALSE	FALSE	FALSE	FALSE	FALSE	FALSE	Sensitivity estimate under random gene loss: min(100, observed gene-set coverage / MAG completeness fraction)
R2111_N500_0-10_bin13	Carbon	Acetyl-CoA pathway, CO2 => acetyl-CoA	Previous algorithm: distinct-gene set coverage	5	0	0	FALSE	FALSE	NS	79.77	9.829	multi-gene partial reconstruction	1.25360411182149	0	FALSE	FALSE	FALSE	FALSE	FALSE	FALSE	Sensitivity estimate under random gene loss: min(100, observed gene-set coverage / MAG completeness fraction)
R2111_N500_0-10_bin13	Carbon	Methane oxidation, methanotroph, methane => formaldehyde	Previous algorithm: distinct-gene set coverage	12	0	0	FALSE	FALSE	NS	79.77	9.829	multi-gene partial reconstruction	1.25360411182149	0	FALSE	FALSE	FALSE	FALSE	FALSE	FALSE	Sensitivity estimate under random gene loss: min(100, observed gene-set coverage / MAG completeness fraction)
R2111_N500_0-10_bin13	Carbon	Methanogenesis, CO2 => methane	Previous algorithm: distinct-gene set coverage	37	1	2.7027027027027	FALSE	FALSE	NS	79.77	9.829	multi-gene partial reconstruction	1.25360411182149	3.38811922113915	FALSE	FALSE	FALSE	FALSE	FALSE	FALSE	Sensitivity estimate under random gene loss: min(100, observed gene-set coverage / MAG completeness fraction)
R2111_N500_0-10_bin13	Carbon	Methanogenesis, acetate => methane	Previous algorithm: distinct-gene set coverage	31	3	9.67741935483871	FALSE	FALSE	NS	79.77	9.829	multi-gene partial reconstruction	1.25360411182149	12.1316526950466	FALSE	FALSE	FALSE	FALSE	FALSE	FALSE	Sensitivity estimate under random gene loss: min(100, observed gene-set coverage / MAG completeness fraction)
R2111_N500_0-10_bin13	Carbon	Methanogenesis, methanethiol => methane	Previous algorithm: distinct-gene set coverage	1	0	0	FALSE	FALSE	NS	79.77	9.829	multi-gene partial reconstruction	1.25360411182149	0	FALSE	FALSE	FALSE	FALSE	FALSE	FALSE	Sensitivity estimate under random gene loss: min(100, observed gene-set coverage / MAG completeness fraction)
R2111_N500_0-10_bin13	Carbon	Methanogenesis, methanol => methane	Previous algorithm: distinct-gene set coverage	19	1	5.26315789473684	FALSE	FALSE	NS	79.77	9.829	multi-gene partial reconstruction	1.25360411182149	6.59791637800782	FALSE	FALSE	FALSE	FALSE	FALSE	FALSE	Sensitivity estimate under random gene loss: min(100, observed gene-set coverage / MAG completeness fraction)
R2111_N500_0-10_bin13	Carbon	Methanogenesis, methylamine/dimethylamine/trimethylamine => methane	Previous algorithm: distinct-gene set coverage	23	1	4.34782608695652	FALSE	FALSE	NS	79.77	9.829	multi-gene partial reconstruction	1.25360411182149	5.45045266009342	FALSE	FALSE	FALSE	FALSE	FALSE	FALSE	Sensitivity estimate under random gene loss: min(100, observed gene-set coverage / MAG completeness fraction)
R2111_N500_0-10_bin13	Carbon	Reductive acetyl-CoA pathway (Wood-Ljungdahl pathway)	Previous algorithm: distinct-gene set coverage	10	1	10	FALSE	FALSE	NS	79.77	9.829	multi-gene partial reconstruction	1.25360411182149	12.5360411182149	FALSE	FALSE	FALSE	FALSE	FALSE	FALSE	Sensitivity estimate under random gene loss: min(100, observed gene-set coverage / MAG completeness fraction)
R2111_N500_0-10_bin13	Carbon	Reductive citrate cycle (Arnon-Buchanan cycle)	Previous algorithm: distinct-gene set coverage	43	6	13.953488372093	FALSE	FALSE	NS	79.77	9.829	multi-gene partial reconstruction	1.25360411182149	17.4921503975091	FALSE	FALSE	FALSE	FALSE	FALSE	FALSE	Sensitivity estimate under random gene loss: min(100, observed gene-set coverage / MAG completeness fraction)
R2111_N500_0-10_bin13	Nitrogen	Assimilatory nitrate reduction, nitrate => ammonia	Previous algorithm: distinct-gene set coverage	6	0	0	FALSE	FALSE	NS	79.77	9.829	multi-gene partial reconstruction	1.25360411182149	0	FALSE	FALSE	FALSE	FALSE	FALSE	FALSE	Sensitivity estimate under random gene loss: min(100, observed gene-set coverage / MAG completeness fraction)
R2111_N500_0-10_bin13	Nitrogen	Complete nitrification, comammox, ammonia => nitrite => nitrate	Previous algorithm: distinct-gene set coverage	6	0	0	FALSE	FALSE	NS	79.77	9.829	multi-gene partial reconstruction	1.25360411182149	0	FALSE	FALSE	FALSE	FALSE	FALSE	FALSE	Sensitivity estimate under random gene loss: min(100, observed gene-set coverage / MAG completeness fraction)
R2111_N500_0-10_bin13	Nitrogen	Denitrification, nitrate => nitrogen	Previous algorithm: distinct-gene set coverage	11	1	9.09090909090909	FALSE	FALSE	NS	79.77	9.829	multi-gene partial reconstruction	1.25360411182149	11.396401016559	FALSE	FALSE	FALSE	FALSE	FALSE	FALSE	Sensitivity estimate under random gene loss: min(100, observed gene-set coverage / MAG completeness fraction)
R2111_N500_0-10_bin13	Nitrogen	Dissimilatory nitrate reduction, nitrate => ammonia	Previous algorithm: distinct-gene set coverage	9	0	0	FALSE	FALSE	NS	79.77	9.829	multi-gene partial reconstruction	1.25360411182149	0	FALSE	FALSE	FALSE	FALSE	FALSE	FALSE	Sensitivity estimate under random gene loss: min(100, observed gene-set coverage / MAG completeness fraction)
R2111_N500_0-10_bin13	Nitrogen	Nitrate assimilation	Previous algorithm: distinct-gene set coverage	1	0	0	FALSE	FALSE	NS	79.77	9.829	multi-gene partial reconstruction	1.25360411182149	0	FALSE	FALSE	FALSE	FALSE	FALSE	FALSE	Sensitivity estimate under random gene loss: min(100, observed gene-set coverage / MAG completeness fraction)
R2111_N500_0-10_bin13	Nitrogen	Nitrification, ammonia => nitrite	Previous algorithm: distinct-gene set coverage	8	0	0	FALSE	FALSE	NS	79.77	9.829	multi-gene partial reconstruction	1.25360411182149	0	FALSE	FALSE	FALSE	FALSE	FALSE	FALSE	Sensitivity estimate under random gene loss: min(100, observed gene-set coverage / MAG completeness fraction)
R2111_N500_0-10_bin13	Nitrogen	Nitrogen fixation, nitrogen => ammonia	Previous algorithm: distinct-gene set coverage	8	0	0	FALSE	FALSE	NS	79.77	9.829	multi-gene partial reconstruction	1.25360411182149	0	FALSE	FALSE	FALSE	FALSE	FALSE	FALSE	Sensitivity estimate under random gene loss: min(100, observed gene-set coverage / MAG completeness fraction)
R2111_N500_0-10_bin13	Nitrogen	nitrite + ammonia => nitrogen	Previous algorithm: distinct-gene set coverage	9	0	0	FALSE	FALSE	NS	79.77	9.829	multi-gene partial reconstruction	1.25360411182149	0	FALSE	FALSE	FALSE	FALSE	FALSE	FALSE	Sensitivity estimate under random gene loss: min(100, observed gene-set coverage / MAG completeness fraction)
R2111_N500_0-10_bin13	Sulfur	Assimilatory sulfate reduction, sulfate => H2S	Previous algorithm: distinct-gene set coverage	10	0	0	FALSE	FALSE	NS	79.77	9.829	multi-gene partial reconstruction	1.25360411182149	0	FALSE	FALSE	FALSE	FALSE	FALSE	FALSE	Sensitivity estimate under random gene loss: min(100, observed gene-set coverage / MAG completeness fraction)
R2111_N500_0-10_bin13	Sulfur	Dissimilatory sulfate reduction, sulfate => H2S	Previous algorithm: distinct-gene set coverage	7	0	0	FALSE	FALSE	NS	79.77	9.829	multi-gene partial reconstruction	1.25360411182149	0	FALSE	FALSE	FALSE	FALSE	FALSE	FALSE	Sensitivity estimate under random gene loss: min(100, observed gene-set coverage / MAG completeness fraction)
R2111_N500_0-10_bin13	Sulfur	Thiosulfate oxidation by SOX complex, thiosulfate => sulfate	Previous algorithm: distinct-gene set coverage	7	0	0	FALSE	FALSE	NS	79.77	9.829	multi-gene partial reconstruction	1.25360411182149	0	FALSE	FALSE	FALSE	FALSE	FALSE	FALSE	Sensitivity estimate under random gene loss: min(100, observed gene-set coverage / MAG completeness fraction)
R2111_N500_0-10_bin13	Nitrogen	Urea cycle	Previous algorithm: distinct-gene set coverage	6	0	0	FALSE	FALSE	NS	79.77	9.829	multi-gene partial reconstruction	1.25360411182149	0	FALSE	FALSE	FALSE	FALSE	FALSE	FALSE	Sensitivity estimate under random gene loss: min(100, observed gene-set coverage / MAG completeness fraction)
R2111_N500_0-10_bin13	Nitrogen	Urea transport system	Previous algorithm: distinct-gene set coverage	5	0	0	FALSE	FALSE	NS	79.77	9.829	multi-gene partial reconstruction	1.25360411182149	0	FALSE	FALSE	FALSE	FALSE	FALSE	FALSE	Sensitivity estimate under random gene loss: min(100, observed gene-set coverage / MAG completeness fraction)
R2111_N500_0-10_bin13	Sulfur	Sulfate/thiosulfate transport system	Previous algorithm: distinct-gene set coverage	5	0	0	FALSE	FALSE	NS	79.77	9.829	multi-gene partial reconstruction	1.25360411182149	0	FALSE	FALSE	FALSE	FALSE	FALSE	FALSE	Sensitivity estimate under random gene loss: min(100, observed gene-set coverage / MAG completeness fraction)
R2111_N500_0-10_bin13	Sulfur	Sulfonate transport system	Previous algorithm: distinct-gene set coverage	3	0	0	FALSE	FALSE	NS	79.77	9.829	multi-gene partial reconstruction	1.25360411182149	0	FALSE	FALSE	FALSE	FALSE	FALSE	FALSE	Sensitivity estimate under random gene loss: min(100, observed gene-set coverage / MAG completeness fraction)
R2111_N500_0-10_bin13	Vitamin B12	Cobalamin salvage	Previous algorithm: distinct-gene set coverage	4	0	0	FALSE	FALSE	NS	79.77	9.829	multi-gene partial reconstruction	1.25360411182149	0	FALSE	FALSE	FALSE	FALSE	FALSE	FALSE	Sensitivity estimate under random gene loss: min(100, observed gene-set coverage / MAG completeness fraction)
R2111_N500_0-10_bin13	Vitamin B12	Vitamin B12 transport system	Previous algorithm: distinct-gene set coverage	3	0	0	FALSE	FALSE	NS	79.77	9.829	multi-gene partial reconstruction	1.25360411182149	0	FALSE	FALSE	FALSE	FALSE	FALSE	FALSE	Sensitivity estimate under random gene loss: min(100, observed gene-set coverage / MAG completeness fraction)
R2111_N500_0-10_bin13	Carbon	Citrate cycle (TCA cycle, Krebs cycle)	Previous algorithm: distinct-gene set coverage	40	4	10	FALSE	FALSE	NS	79.77	9.829	multi-gene partial reconstruction	1.25360411182149	12.5360411182149	FALSE	FALSE	FALSE	FALSE	FALSE	FALSE	Sensitivity estimate under random gene loss: min(100, observed gene-set coverage / MAG completeness fraction)
R2111_N500_0-10_bin13	Carbon	Citrate cycle, first carbon oxidation, oxaloacetate => 2-oxoglutarate	Previous algorithm: distinct-gene set coverage	6	2	33.3333333333333	FALSE	FALSE	NS	79.77	9.829	multi-gene partial reconstruction	1.25360411182149	41.7868037273829	FALSE	FALSE	FALSE	FALSE	FALSE	FALSE	Sensitivity estimate under random gene loss: min(100, observed gene-set coverage / MAG completeness fraction)
R2111_N500_0-10_bin13	Carbon	Citrate cycle, second carbon oxidation, 2-oxoglutarate => oxaloacetate	Previous algorithm: distinct-gene set coverage	34	2	5.88235294117647	FALSE	FALSE	NS	79.77	9.829	multi-gene partial reconstruction	1.25360411182149	7.37414183424404	FALSE	FALSE	FALSE	FALSE	FALSE	FALSE	Sensitivity estimate under random gene loss: min(100, observed gene-set coverage / MAG completeness fraction)
R2111_N500_0-10_bin13	Carbon	Glycolysis (Embden-Meyerhof pathway), glucose => pyruvate	Previous algorithm: distinct-gene set coverage	29	5	17.2413793103448	FALSE	FALSE	NS	79.77	9.829	multi-gene partial reconstruction	1.25360411182149	21.6138639969222	FALSE	FALSE	FALSE	FALSE	FALSE	FALSE	Sensitivity estimate under random gene loss: min(100, observed gene-set coverage / MAG completeness fraction)
R2111_N500_0-10_bin13	Carbon	Glycolysis, core module involving three-carbon compounds	Previous algorithm: distinct-gene set coverage	12	2	16.6666666666667	FALSE	FALSE	NS	79.77	9.829	multi-gene partial reconstruction	1.25360411182149	20.8934018636915	FALSE	FALSE	FALSE	FALSE	FALSE	FALSE	Sensitivity estimate under random gene loss: min(100, observed gene-set coverage / MAG completeness fraction)
R2111_N500_0-10_bin13	Carbon	Incomplete reductive citrate cycle, acetyl-CoA => oxoglutarate	Previous algorithm: distinct-gene set coverage	17	2	11.7647058823529	FALSE	FALSE	NS	79.77	9.829	multi-gene partial reconstruction	1.25360411182149	14.748283668488	FALSE	FALSE	FALSE	FALSE	FALSE	FALSE	Sensitivity estimate under random gene loss: min(100, observed gene-set coverage / MAG completeness fraction)
R2111_N500_0-10_bin13	Carbon	Pyruvate oxidation, pyruvate => acetyl-CoA	Previous algorithm: distinct-gene set coverage	11	2	18.1818181818182	FALSE	FALSE	NS	79.77	9.829	multi-gene partial reconstruction	1.25360411182149	22.792802033118	FALSE	FALSE	FALSE	FALSE	FALSE	FALSE	Sensitivity estimate under random gene loss: min(100, observed gene-set coverage / MAG completeness fraction)
R2111_N500_0-10_bin13	Carbon	TCA /Reductive TCA	Previous algorithm: distinct-gene set coverage	1	0	0	FALSE	FALSE	NS	79.77	9.829	multi-gene partial reconstruction	1.25360411182149	0	FALSE	FALSE	FALSE	FALSE	FALSE	FALSE	Sensitivity estimate under random gene loss: min(100, observed gene-set coverage / MAG completeness fraction)
R2111_S300_0-10_bin19	Motility	Flagellar Assembly (partial 36-KO reconstruction)	Previous algorithm: distinct-gene set coverage	36	0	0	FALSE	FALSE	NS	78.27	2.435	multi-gene partial reconstruction	1.27762872109365	0	FALSE	FALSE	FALSE	FALSE	FALSE	FALSE	Sensitivity estimate under random gene loss: min(100, observed gene-set coverage / MAG completeness fraction)
R2111_S300_0-10_bin19	Vitamin B12	Cobalamin biosynthesis, cobinamide => cobalamin	Previous algorithm: distinct-gene set coverage	8	2	25	FALSE	FALSE	NS	78.27	2.435	multi-gene partial reconstruction	1.27762872109365	31.9407180273413	FALSE	FALSE	FALSE	FALSE	FALSE	FALSE	Sensitivity estimate under random gene loss: min(100, observed gene-set coverage / MAG completeness fraction)
R2111_S300_0-10_bin19	Vitamin B12	Cobalamin biosynthesis, precorrin2 => cobinamide	Previous algorithm: distinct-gene set coverage	25	1	4	FALSE	FALSE	NS	78.27	2.435	multi-gene partial reconstruction	1.27762872109365	5.1105148843746	FALSE	FALSE	FALSE	FALSE	FALSE	FALSE	Sensitivity estimate under random gene loss: min(100, observed gene-set coverage / MAG completeness fraction)
R2111_S300_0-10_bin19	Carbon	Acetyl-CoA pathway, CO2 => acetyl-CoA	Previous algorithm: distinct-gene set coverage	5	0	0	FALSE	FALSE	NS	78.27	2.435	multi-gene partial reconstruction	1.27762872109365	0	FALSE	FALSE	FALSE	FALSE	FALSE	FALSE	Sensitivity estimate under random gene loss: min(100, observed gene-set coverage / MAG completeness fraction)
R2111_S300_0-10_bin19	Carbon	Methane oxidation, methanotroph, methane => formaldehyde	Previous algorithm: distinct-gene set coverage	12	0	0	FALSE	FALSE	NS	78.27	2.435	multi-gene partial reconstruction	1.27762872109365	0	FALSE	FALSE	FALSE	FALSE	FALSE	FALSE	Sensitivity estimate under random gene loss: min(100, observed gene-set coverage / MAG completeness fraction)
R2111_S300_0-10_bin19	Carbon	Methanogenesis, CO2 => methane	Previous algorithm: distinct-gene set coverage	37	0	0	FALSE	FALSE	NS	78.27	2.435	multi-gene partial reconstruction	1.27762872109365	0	FALSE	FALSE	FALSE	FALSE	FALSE	FALSE	Sensitivity estimate under random gene loss: min(100, observed gene-set coverage / MAG completeness fraction)
R2111_S300_0-10_bin19	Carbon	Methanogenesis, acetate => methane	Previous algorithm: distinct-gene set coverage	31	2	6.45161290322581	FALSE	FALSE	NS	78.27	2.435	multi-gene partial reconstruction	1.27762872109365	8.24276594253968	FALSE	FALSE	FALSE	FALSE	FALSE	FALSE	Sensitivity estimate under random gene loss: min(100, observed gene-set coverage / MAG completeness fraction)
R2111_S300_0-10_bin19	Carbon	Methanogenesis, methanethiol => methane	Previous algorithm: distinct-gene set coverage	1	0	0	FALSE	FALSE	NS	78.27	2.435	multi-gene partial reconstruction	1.27762872109365	0	FALSE	FALSE	FALSE	FALSE	FALSE	FALSE	Sensitivity estimate under random gene loss: min(100, observed gene-set coverage / MAG completeness fraction)
R2111_S300_0-10_bin19	Carbon	Methanogenesis, methanol => methane	Previous algorithm: distinct-gene set coverage	19	0	0	FALSE	FALSE	NS	78.27	2.435	multi-gene partial reconstruction	1.27762872109365	0	FALSE	FALSE	FALSE	FALSE	FALSE	FALSE	Sensitivity estimate under random gene loss: min(100, observed gene-set coverage / MAG completeness fraction)
R2111_S300_0-10_bin19	Carbon	Methanogenesis, methylamine/dimethylamine/trimethylamine => methane	Previous algorithm: distinct-gene set coverage	23	0	0	FALSE	FALSE	NS	78.27	2.435	multi-gene partial reconstruction	1.27762872109365	0	FALSE	FALSE	FALSE	FALSE	FALSE	FALSE	Sensitivity estimate under random gene loss: min(100, observed gene-set coverage / MAG completeness fraction)
R2111_S300_0-10_bin19	Carbon	Reductive acetyl-CoA pathway (Wood-Ljungdahl pathway)	Previous algorithm: distinct-gene set coverage	10	1	10	FALSE	FALSE	NS	78.27	2.435	multi-gene partial reconstruction	1.27762872109365	12.7762872109365	FALSE	FALSE	FALSE	FALSE	FALSE	FALSE	Sensitivity estimate under random gene loss: min(100, observed gene-set coverage / MAG completeness fraction)
R2111_S300_0-10_bin19	Carbon	Reductive citrate cycle (Arnon-Buchanan cycle)	Previous algorithm: distinct-gene set coverage	43	13	30.2325581395349	FALSE	FALSE	NS	78.27	2.435	multi-gene partial reconstruction	1.27762872109365	38.6259845912034	FALSE	FALSE	FALSE	FALSE	FALSE	FALSE	Sensitivity estimate under random gene loss: min(100, observed gene-set coverage / MAG completeness fraction)
R2111_S300_0-10_bin19	Nitrogen	Assimilatory nitrate reduction, nitrate => ammonia	Previous algorithm: distinct-gene set coverage	6	0	0	FALSE	FALSE	NS	78.27	2.435	multi-gene partial reconstruction	1.27762872109365	0	FALSE	FALSE	FALSE	FALSE	FALSE	FALSE	Sensitivity estimate under random gene loss: min(100, observed gene-set coverage / MAG completeness fraction)
R2111_S300_0-10_bin19	Nitrogen	Complete nitrification, comammox, ammonia => nitrite => nitrate	Previous algorithm: distinct-gene set coverage	6	0	0	FALSE	FALSE	NS	78.27	2.435	multi-gene partial reconstruction	1.27762872109365	0	FALSE	FALSE	FALSE	FALSE	FALSE	FALSE	Sensitivity estimate under random gene loss: min(100, observed gene-set coverage / MAG completeness fraction)
R2111_S300_0-10_bin19	Nitrogen	Denitrification, nitrate => nitrogen	Previous algorithm: distinct-gene set coverage	11	0	0	FALSE	FALSE	NS	78.27	2.435	multi-gene partial reconstruction	1.27762872109365	0	FALSE	FALSE	FALSE	FALSE	FALSE	FALSE	Sensitivity estimate under random gene loss: min(100, observed gene-set coverage / MAG completeness fraction)
R2111_S300_0-10_bin19	Nitrogen	Dissimilatory nitrate reduction, nitrate => ammonia	Previous algorithm: distinct-gene set coverage	9	1	11.1111111111111	FALSE	FALSE	NS	78.27	2.435	multi-gene partial reconstruction	1.27762872109365	14.1958746788183	FALSE	FALSE	FALSE	FALSE	FALSE	FALSE	Sensitivity estimate under random gene loss: min(100, observed gene-set coverage / MAG completeness fraction)
R2111_S300_0-10_bin19	Nitrogen	Nitrate assimilation	Previous algorithm: distinct-gene set coverage	1	0	0	FALSE	FALSE	NS	78.27	2.435	multi-gene partial reconstruction	1.27762872109365	0	FALSE	FALSE	FALSE	FALSE	FALSE	FALSE	Sensitivity estimate under random gene loss: min(100, observed gene-set coverage / MAG completeness fraction)
R2111_S300_0-10_bin19	Nitrogen	Nitrification, ammonia => nitrite	Previous algorithm: distinct-gene set coverage	8	0	0	FALSE	FALSE	NS	78.27	2.435	multi-gene partial reconstruction	1.27762872109365	0	FALSE	FALSE	FALSE	FALSE	FALSE	FALSE	Sensitivity estimate under random gene loss: min(100, observed gene-set coverage / MAG completeness fraction)
R2111_S300_0-10_bin19	Nitrogen	Nitrogen fixation, nitrogen => ammonia	Previous algorithm: distinct-gene set coverage	8	0	0	FALSE	FALSE	NS	78.27	2.435	multi-gene partial reconstruction	1.27762872109365	0	FALSE	FALSE	FALSE	FALSE	FALSE	FALSE	Sensitivity estimate under random gene loss: min(100, observed gene-set coverage / MAG completeness fraction)
R2111_S300_0-10_bin19	Nitrogen	nitrite + ammonia => nitrogen	Previous algorithm: distinct-gene set coverage	9	0	0	FALSE	FALSE	NS	78.27	2.435	multi-gene partial reconstruction	1.27762872109365	0	FALSE	FALSE	FALSE	FALSE	FALSE	FALSE	Sensitivity estimate under random gene loss: min(100, observed gene-set coverage / MAG completeness fraction)
R2111_S300_0-10_bin19	Sulfur	Assimilatory sulfate reduction, sulfate => H2S	Previous algorithm: distinct-gene set coverage	10	1	10	FALSE	FALSE	NS	78.27	2.435	multi-gene partial reconstruction	1.27762872109365	12.7762872109365	FALSE	FALSE	FALSE	FALSE	FALSE	FALSE	Sensitivity estimate under random gene loss: min(100, observed gene-set coverage / MAG completeness fraction)
R2111_S300_0-10_bin19	Sulfur	Dissimilatory sulfate reduction, sulfate => H2S	Previous algorithm: distinct-gene set coverage	7	1	14.2857142857143	FALSE	FALSE	NS	78.27	2.435	multi-gene partial reconstruction	1.27762872109365	18.2518388727665	FALSE	FALSE	FALSE	FALSE	FALSE	FALSE	Sensitivity estimate under random gene loss: min(100, observed gene-set coverage / MAG completeness fraction)
R2111_S300_0-10_bin19	Sulfur	Thiosulfate oxidation by SOX complex, thiosulfate => sulfate	Previous algorithm: distinct-gene set coverage	7	3	42.8571428571429	FALSE	FALSE	NS	78.27	2.435	multi-gene partial reconstruction	1.27762872109365	54.7555166182994	FALSE	TRUE	TRUE	FALSE	FALSE	FALSE	Sensitivity estimate under random gene loss: min(100, observed gene-set coverage / MAG completeness fraction)
R2111_S300_0-10_bin19	Nitrogen	Urea cycle	Previous algorithm: distinct-gene set coverage	6	4	66.6666666666667	TRUE	FALSE	NS	78.27	2.435	multi-gene partial reconstruction	1.27762872109365	85.1752480729101	TRUE	TRUE	FALSE	FALSE	TRUE	TRUE	Sensitivity estimate under random gene loss: min(100, observed gene-set coverage / MAG completeness fraction)
R2111_S300_0-10_bin19	Nitrogen	Urea transport system	Previous algorithm: distinct-gene set coverage	5	0	0	FALSE	FALSE	NS	78.27	2.435	multi-gene partial reconstruction	1.27762872109365	0	FALSE	FALSE	FALSE	FALSE	FALSE	FALSE	Sensitivity estimate under random gene loss: min(100, observed gene-set coverage / MAG completeness fraction)
R2111_S300_0-10_bin19	Sulfur	Sulfate/thiosulfate transport system	Previous algorithm: distinct-gene set coverage	5	0	0	FALSE	FALSE	NS	78.27	2.435	multi-gene partial reconstruction	1.27762872109365	0	FALSE	FALSE	FALSE	FALSE	FALSE	FALSE	Sensitivity estimate under random gene loss: min(100, observed gene-set coverage / MAG completeness fraction)
R2111_S300_0-10_bin19	Sulfur	Sulfonate transport system	Previous algorithm: distinct-gene set coverage	3	0	0	FALSE	FALSE	NS	78.27	2.435	multi-gene partial reconstruction	1.27762872109365	0	FALSE	FALSE	FALSE	FALSE	FALSE	FALSE	Sensitivity estimate under random gene loss: min(100, observed gene-set coverage / MAG completeness fraction)
R2111_S300_0-10_bin19	Vitamin B12	Cobalamin salvage	Previous algorithm: distinct-gene set coverage	4	1	25	FALSE	FALSE	NS	78.27	2.435	multi-gene partial reconstruction	1.27762872109365	31.9407180273413	FALSE	FALSE	FALSE	FALSE	FALSE	FALSE	Sensitivity estimate under random gene loss: min(100, observed gene-set coverage / MAG completeness fraction)
R2111_S300_0-10_bin19	Vitamin B12	Vitamin B12 transport system	Previous algorithm: distinct-gene set coverage	3	0	0	FALSE	FALSE	NS	78.27	2.435	multi-gene partial reconstruction	1.27762872109365	0	FALSE	FALSE	FALSE	FALSE	FALSE	FALSE	Sensitivity estimate under random gene loss: min(100, observed gene-set coverage / MAG completeness fraction)
R2111_S300_0-10_bin19	Carbon	Citrate cycle (TCA cycle, Krebs cycle)	Previous algorithm: distinct-gene set coverage	40	17	42.5	FALSE	FALSE	NS	78.27	2.435	multi-gene partial reconstruction	1.27762872109365	54.2992206464801	FALSE	TRUE	TRUE	FALSE	FALSE	FALSE	Sensitivity estimate under random gene loss: min(100, observed gene-set coverage / MAG completeness fraction)
R2111_S300_0-10_bin19	Carbon	Citrate cycle, first carbon oxidation, oxaloacetate => 2-oxoglutarate	Previous algorithm: distinct-gene set coverage	6	3	50	TRUE	FALSE	NS	78.27	2.435	multi-gene partial reconstruction	1.27762872109365	63.8814360546825	TRUE	TRUE	FALSE	FALSE	FALSE	FALSE	Sensitivity estimate under random gene loss: min(100, observed gene-set coverage / MAG completeness fraction)
R2111_S300_0-10_bin19	Carbon	Citrate cycle, second carbon oxidation, 2-oxoglutarate => oxaloacetate	Previous algorithm: distinct-gene set coverage	34	14	41.1764705882353	FALSE	FALSE	NS	78.27	2.435	multi-gene partial reconstruction	1.27762872109365	52.6082414567974	FALSE	TRUE	TRUE	FALSE	FALSE	FALSE	Sensitivity estimate under random gene loss: min(100, observed gene-set coverage / MAG completeness fraction)
R2111_S300_0-10_bin19	Carbon	Glycolysis (Embden-Meyerhof pathway), glucose => pyruvate	Previous algorithm: distinct-gene set coverage	29	7	24.1379310344828	FALSE	FALSE	NS	78.27	2.435	multi-gene partial reconstruction	1.27762872109365	30.839313957433	FALSE	FALSE	FALSE	FALSE	FALSE	FALSE	Sensitivity estimate under random gene loss: min(100, observed gene-set coverage / MAG completeness fraction)
R2111_S300_0-10_bin19	Carbon	Glycolysis, core module involving three-carbon compounds	Previous algorithm: distinct-gene set coverage	12	6	50	TRUE	FALSE	NS	78.27	2.435	multi-gene partial reconstruction	1.27762872109365	63.8814360546825	TRUE	TRUE	FALSE	FALSE	FALSE	FALSE	Sensitivity estimate under random gene loss: min(100, observed gene-set coverage / MAG completeness fraction)
R2111_S300_0-10_bin19	Carbon	Incomplete reductive citrate cycle, acetyl-CoA => oxoglutarate	Previous algorithm: distinct-gene set coverage	17	4	23.5294117647059	FALSE	FALSE	NS	78.27	2.435	multi-gene partial reconstruction	1.27762872109365	30.0618522610271	FALSE	FALSE	FALSE	FALSE	FALSE	FALSE	Sensitivity estimate under random gene loss: min(100, observed gene-set coverage / MAG completeness fraction)
R2111_S300_0-10_bin19	Carbon	Pyruvate oxidation, pyruvate => acetyl-CoA	Previous algorithm: distinct-gene set coverage	11	3	27.2727272727273	FALSE	FALSE	NS	78.27	2.435	multi-gene partial reconstruction	1.27762872109365	34.8444196661905	FALSE	FALSE	FALSE	FALSE	FALSE	FALSE	Sensitivity estimate under random gene loss: min(100, observed gene-set coverage / MAG completeness fraction)
R2111_S300_0-10_bin19	Carbon	TCA /Reductive TCA	Previous algorithm: distinct-gene set coverage	1	0	0	FALSE	FALSE	NS	78.27	2.435	multi-gene partial reconstruction	1.27762872109365	0	FALSE	FALSE	FALSE	FALSE	FALSE	FALSE	Sensitivity estimate under random gene loss: min(100, observed gene-set coverage / MAG completeness fraction)
S13_0-2_bin3	Motility	Flagellar Assembly (partial 36-KO reconstruction)	Previous algorithm: distinct-gene set coverage	36	0	0	FALSE	FALSE	ES	60.57	3.83	multi-gene partial reconstruction	1.65098233448902	0	FALSE	FALSE	FALSE	FALSE	FALSE	FALSE	Sensitivity estimate under random gene loss: min(100, observed gene-set coverage / MAG completeness fraction)
S13_0-2_bin3	Vitamin B12	Cobalamin biosynthesis, cobinamide => cobalamin	Previous algorithm: distinct-gene set coverage	8	2	25	FALSE	FALSE	ES	60.57	3.83	multi-gene partial reconstruction	1.65098233448902	41.2745583622255	FALSE	FALSE	FALSE	FALSE	FALSE	FALSE	Sensitivity estimate under random gene loss: min(100, observed gene-set coverage / MAG completeness fraction)
S13_0-2_bin3	Vitamin B12	Cobalamin biosynthesis, precorrin2 => cobinamide	Previous algorithm: distinct-gene set coverage	25	9	36	FALSE	FALSE	ES	60.57	3.83	multi-gene partial reconstruction	1.65098233448902	59.4353640416047	FALSE	TRUE	TRUE	FALSE	FALSE	FALSE	Sensitivity estimate under random gene loss: min(100, observed gene-set coverage / MAG completeness fraction)
S13_0-2_bin3	Carbon	Acetyl-CoA pathway, CO2 => acetyl-CoA	Previous algorithm: distinct-gene set coverage	5	0	0	FALSE	FALSE	ES	60.57	3.83	multi-gene partial reconstruction	1.65098233448902	0	FALSE	FALSE	FALSE	FALSE	FALSE	FALSE	Sensitivity estimate under random gene loss: min(100, observed gene-set coverage / MAG completeness fraction)
S13_0-2_bin3	Carbon	Methane oxidation, methanotroph, methane => formaldehyde	Previous algorithm: distinct-gene set coverage	12	0	0	FALSE	FALSE	ES	60.57	3.83	multi-gene partial reconstruction	1.65098233448902	0	FALSE	FALSE	FALSE	FALSE	FALSE	FALSE	Sensitivity estimate under random gene loss: min(100, observed gene-set coverage / MAG completeness fraction)
S13_0-2_bin3	Carbon	Methanogenesis, CO2 => methane	Previous algorithm: distinct-gene set coverage	37	0	0	FALSE	FALSE	ES	60.57	3.83	multi-gene partial reconstruction	1.65098233448902	0	FALSE	FALSE	FALSE	FALSE	FALSE	FALSE	Sensitivity estimate under random gene loss: min(100, observed gene-set coverage / MAG completeness fraction)
S13_0-2_bin3	Carbon	Methanogenesis, acetate => methane	Previous algorithm: distinct-gene set coverage	31	2	6.45161290322581	FALSE	FALSE	ES	60.57	3.83	multi-gene partial reconstruction	1.65098233448902	10.6514989321872	FALSE	FALSE	FALSE	FALSE	FALSE	FALSE	Sensitivity estimate under random gene loss: min(100, observed gene-set coverage / MAG completeness fraction)
S13_0-2_bin3	Carbon	Methanogenesis, methanethiol => methane	Previous algorithm: distinct-gene set coverage	1	0	0	FALSE	FALSE	ES	60.57	3.83	multi-gene partial reconstruction	1.65098233448902	0	FALSE	FALSE	FALSE	FALSE	FALSE	FALSE	Sensitivity estimate under random gene loss: min(100, observed gene-set coverage / MAG completeness fraction)
S13_0-2_bin3	Carbon	Methanogenesis, methanol => methane	Previous algorithm: distinct-gene set coverage	19	0	0	FALSE	FALSE	ES	60.57	3.83	multi-gene partial reconstruction	1.65098233448902	0	FALSE	FALSE	FALSE	FALSE	FALSE	FALSE	Sensitivity estimate under random gene loss: min(100, observed gene-set coverage / MAG completeness fraction)
S13_0-2_bin3	Carbon	Methanogenesis, methylamine/dimethylamine/trimethylamine => methane	Previous algorithm: distinct-gene set coverage	23	1	4.34782608695652	FALSE	FALSE	ES	60.57	3.83	multi-gene partial reconstruction	1.65098233448902	7.17818406299574	FALSE	FALSE	FALSE	FALSE	FALSE	FALSE	Sensitivity estimate under random gene loss: min(100, observed gene-set coverage / MAG completeness fraction)
S13_0-2_bin3	Carbon	Reductive acetyl-CoA pathway (Wood-Ljungdahl pathway)	Previous algorithm: distinct-gene set coverage	10	1	10	FALSE	FALSE	ES	60.57	3.83	multi-gene partial reconstruction	1.65098233448902	16.5098233448902	FALSE	FALSE	FALSE	FALSE	FALSE	FALSE	Sensitivity estimate under random gene loss: min(100, observed gene-set coverage / MAG completeness fraction)
S13_0-2_bin3	Carbon	Reductive citrate cycle (Arnon-Buchanan cycle)	Previous algorithm: distinct-gene set coverage	43	10	23.2558139534884	FALSE	FALSE	ES	60.57	3.83	multi-gene partial reconstruction	1.65098233448902	38.3949380113726	FALSE	FALSE	FALSE	FALSE	FALSE	FALSE	Sensitivity estimate under random gene loss: min(100, observed gene-set coverage / MAG completeness fraction)
S13_0-2_bin3	Nitrogen	Assimilatory nitrate reduction, nitrate => ammonia	Previous algorithm: distinct-gene set coverage	6	0	0	FALSE	FALSE	ES	60.57	3.83	multi-gene partial reconstruction	1.65098233448902	0	FALSE	FALSE	FALSE	FALSE	FALSE	FALSE	Sensitivity estimate under random gene loss: min(100, observed gene-set coverage / MAG completeness fraction)
S13_0-2_bin3	Nitrogen	Complete nitrification, comammox, ammonia => nitrite => nitrate	Previous algorithm: distinct-gene set coverage	6	0	0	FALSE	FALSE	ES	60.57	3.83	multi-gene partial reconstruction	1.65098233448902	0	FALSE	FALSE	FALSE	FALSE	FALSE	FALSE	Sensitivity estimate under random gene loss: min(100, observed gene-set coverage / MAG completeness fraction)
S13_0-2_bin3	Nitrogen	Denitrification, nitrate => nitrogen	Previous algorithm: distinct-gene set coverage	11	1	9.09090909090909	FALSE	FALSE	ES	60.57	3.83	multi-gene partial reconstruction	1.65098233448902	15.0089303135366	FALSE	FALSE	FALSE	FALSE	FALSE	FALSE	Sensitivity estimate under random gene loss: min(100, observed gene-set coverage / MAG completeness fraction)
S13_0-2_bin3	Nitrogen	Dissimilatory nitrate reduction, nitrate => ammonia	Previous algorithm: distinct-gene set coverage	9	1	11.1111111111111	FALSE	FALSE	ES	60.57	3.83	multi-gene partial reconstruction	1.65098233448902	18.3442481609891	FALSE	FALSE	FALSE	FALSE	FALSE	FALSE	Sensitivity estimate under random gene loss: min(100, observed gene-set coverage / MAG completeness fraction)
S13_0-2_bin3	Nitrogen	Nitrate assimilation	Previous algorithm: distinct-gene set coverage	1	0	0	FALSE	FALSE	ES	60.57	3.83	multi-gene partial reconstruction	1.65098233448902	0	FALSE	FALSE	FALSE	FALSE	FALSE	FALSE	Sensitivity estimate under random gene loss: min(100, observed gene-set coverage / MAG completeness fraction)
S13_0-2_bin3	Nitrogen	Nitrification, ammonia => nitrite	Previous algorithm: distinct-gene set coverage	8	0	0	FALSE	FALSE	ES	60.57	3.83	multi-gene partial reconstruction	1.65098233448902	0	FALSE	FALSE	FALSE	FALSE	FALSE	FALSE	Sensitivity estimate under random gene loss: min(100, observed gene-set coverage / MAG completeness fraction)
S13_0-2_bin3	Nitrogen	Nitrogen fixation, nitrogen => ammonia	Previous algorithm: distinct-gene set coverage	8	0	0	FALSE	FALSE	ES	60.57	3.83	multi-gene partial reconstruction	1.65098233448902	0	FALSE	FALSE	FALSE	FALSE	FALSE	FALSE	Sensitivity estimate under random gene loss: min(100, observed gene-set coverage / MAG completeness fraction)
S13_0-2_bin3	Nitrogen	nitrite + ammonia => nitrogen	Previous algorithm: distinct-gene set coverage	9	0	0	FALSE	FALSE	ES	60.57	3.83	multi-gene partial reconstruction	1.65098233448902	0	FALSE	FALSE	FALSE	FALSE	FALSE	FALSE	Sensitivity estimate under random gene loss: min(100, observed gene-set coverage / MAG completeness fraction)
S13_0-2_bin3	Sulfur	Assimilatory sulfate reduction, sulfate => H2S	Previous algorithm: distinct-gene set coverage	10	1	10	FALSE	FALSE	ES	60.57	3.83	multi-gene partial reconstruction	1.65098233448902	16.5098233448902	FALSE	FALSE	FALSE	FALSE	FALSE	FALSE	Sensitivity estimate under random gene loss: min(100, observed gene-set coverage / MAG completeness fraction)
S13_0-2_bin3	Sulfur	Dissimilatory sulfate reduction, sulfate => H2S	Previous algorithm: distinct-gene set coverage	7	0	0	FALSE	FALSE	ES	60.57	3.83	multi-gene partial reconstruction	1.65098233448902	0	FALSE	FALSE	FALSE	FALSE	FALSE	FALSE	Sensitivity estimate under random gene loss: min(100, observed gene-set coverage / MAG completeness fraction)
S13_0-2_bin3	Sulfur	Thiosulfate oxidation by SOX complex, thiosulfate => sulfate	Previous algorithm: distinct-gene set coverage	7	0	0	FALSE	FALSE	ES	60.57	3.83	multi-gene partial reconstruction	1.65098233448902	0	FALSE	FALSE	FALSE	FALSE	FALSE	FALSE	Sensitivity estimate under random gene loss: min(100, observed gene-set coverage / MAG completeness fraction)
S13_0-2_bin3	Nitrogen	Urea cycle	Previous algorithm: distinct-gene set coverage	6	2	33.3333333333333	FALSE	FALSE	ES	60.57	3.83	multi-gene partial reconstruction	1.65098233448902	55.0327444829673	FALSE	TRUE	TRUE	FALSE	FALSE	FALSE	Sensitivity estimate under random gene loss: min(100, observed gene-set coverage / MAG completeness fraction)
S13_0-2_bin3	Nitrogen	Urea transport system	Previous algorithm: distinct-gene set coverage	5	0	0	FALSE	FALSE	ES	60.57	3.83	multi-gene partial reconstruction	1.65098233448902	0	FALSE	FALSE	FALSE	FALSE	FALSE	FALSE	Sensitivity estimate under random gene loss: min(100, observed gene-set coverage / MAG completeness fraction)
S13_0-2_bin3	Sulfur	Sulfate/thiosulfate transport system	Previous algorithm: distinct-gene set coverage	5	0	0	FALSE	FALSE	ES	60.57	3.83	multi-gene partial reconstruction	1.65098233448902	0	FALSE	FALSE	FALSE	FALSE	FALSE	FALSE	Sensitivity estimate under random gene loss: min(100, observed gene-set coverage / MAG completeness fraction)
S13_0-2_bin3	Sulfur	Sulfonate transport system	Previous algorithm: distinct-gene set coverage	3	0	0	FALSE	FALSE	ES	60.57	3.83	multi-gene partial reconstruction	1.65098233448902	0	FALSE	FALSE	FALSE	FALSE	FALSE	FALSE	Sensitivity estimate under random gene loss: min(100, observed gene-set coverage / MAG completeness fraction)
S13_0-2_bin3	Vitamin B12	Cobalamin salvage	Previous algorithm: distinct-gene set coverage	4	0	0	FALSE	FALSE	ES	60.57	3.83	multi-gene partial reconstruction	1.65098233448902	0	FALSE	FALSE	FALSE	FALSE	FALSE	FALSE	Sensitivity estimate under random gene loss: min(100, observed gene-set coverage / MAG completeness fraction)
S13_0-2_bin3	Vitamin B12	Vitamin B12 transport system	Previous algorithm: distinct-gene set coverage	3	0	0	FALSE	FALSE	ES	60.57	3.83	multi-gene partial reconstruction	1.65098233448902	0	FALSE	FALSE	FALSE	FALSE	FALSE	FALSE	Sensitivity estimate under random gene loss: min(100, observed gene-set coverage / MAG completeness fraction)
S13_0-2_bin3	Carbon	Citrate cycle (TCA cycle, Krebs cycle)	Previous algorithm: distinct-gene set coverage	40	7	17.5	FALSE	FALSE	ES	60.57	3.83	multi-gene partial reconstruction	1.65098233448902	28.8921908535579	FALSE	FALSE	FALSE	FALSE	FALSE	FALSE	Sensitivity estimate under random gene loss: min(100, observed gene-set coverage / MAG completeness fraction)
S13_0-2_bin3	Carbon	Citrate cycle, first carbon oxidation, oxaloacetate => 2-oxoglutarate	Previous algorithm: distinct-gene set coverage	6	0	0	FALSE	FALSE	ES	60.57	3.83	multi-gene partial reconstruction	1.65098233448902	0	FALSE	FALSE	FALSE	FALSE	FALSE	FALSE	Sensitivity estimate under random gene loss: min(100, observed gene-set coverage / MAG completeness fraction)
S13_0-2_bin3	Carbon	Citrate cycle, second carbon oxidation, 2-oxoglutarate => oxaloacetate	Previous algorithm: distinct-gene set coverage	34	7	20.5882352941176	FALSE	FALSE	ES	60.57	3.83	multi-gene partial reconstruction	1.65098233448902	33.9908127688915	FALSE	FALSE	FALSE	FALSE	FALSE	FALSE	Sensitivity estimate under random gene loss: min(100, observed gene-set coverage / MAG completeness fraction)
S13_0-2_bin3	Carbon	Glycolysis (Embden-Meyerhof pathway), glucose => pyruvate	Previous algorithm: distinct-gene set coverage	29	5	17.2413793103448	FALSE	FALSE	ES	60.57	3.83	multi-gene partial reconstruction	1.65098233448902	28.4652126636038	FALSE	FALSE	FALSE	FALSE	FALSE	FALSE	Sensitivity estimate under random gene loss: min(100, observed gene-set coverage / MAG completeness fraction)
S13_0-2_bin3	Carbon	Glycolysis, core module involving three-carbon compounds	Previous algorithm: distinct-gene set coverage	12	3	25	FALSE	FALSE	ES	60.57	3.83	multi-gene partial reconstruction	1.65098233448902	41.2745583622255	FALSE	FALSE	FALSE	FALSE	FALSE	FALSE	Sensitivity estimate under random gene loss: min(100, observed gene-set coverage / MAG completeness fraction)
S13_0-2_bin3	Carbon	Incomplete reductive citrate cycle, acetyl-CoA => oxoglutarate	Previous algorithm: distinct-gene set coverage	17	3	17.6470588235294	FALSE	FALSE	ES	60.57	3.83	multi-gene partial reconstruction	1.65098233448902	29.1349823733356	FALSE	FALSE	FALSE	FALSE	FALSE	FALSE	Sensitivity estimate under random gene loss: min(100, observed gene-set coverage / MAG completeness fraction)
S13_0-2_bin3	Carbon	Pyruvate oxidation, pyruvate => acetyl-CoA	Previous algorithm: distinct-gene set coverage	11	0	0	FALSE	FALSE	ES	60.57	3.83	multi-gene partial reconstruction	1.65098233448902	0	FALSE	FALSE	FALSE	FALSE	FALSE	FALSE	Sensitivity estimate under random gene loss: min(100, observed gene-set coverage / MAG completeness fraction)
S13_0-2_bin3	Carbon	TCA /Reductive TCA	Previous algorithm: distinct-gene set coverage	1	0	0	FALSE	FALSE	ES	60.57	3.83	multi-gene partial reconstruction	1.65098233448902	0	FALSE	FALSE	FALSE	FALSE	FALSE	FALSE	Sensitivity estimate under random gene loss: min(100, observed gene-set coverage / MAG completeness fraction)
S15_8-10_bin20	Motility	Flagellar Assembly (partial 36-KO reconstruction)	Previous algorithm: distinct-gene set coverage	36	0	0	FALSE	FALSE	ES	74.38	6.238	multi-gene partial reconstruction	1.3444474321054	0	FALSE	FALSE	FALSE	FALSE	FALSE	FALSE	Sensitivity estimate under random gene loss: min(100, observed gene-set coverage / MAG completeness fraction)
S15_8-10_bin20	Vitamin B12	Cobalamin biosynthesis, cobinamide => cobalamin	Previous algorithm: distinct-gene set coverage	8	0	0	FALSE	FALSE	ES	74.38	6.238	multi-gene partial reconstruction	1.3444474321054	0	FALSE	FALSE	FALSE	FALSE	FALSE	FALSE	Sensitivity estimate under random gene loss: min(100, observed gene-set coverage / MAG completeness fraction)
S15_8-10_bin20	Vitamin B12	Cobalamin biosynthesis, precorrin2 => cobinamide	Previous algorithm: distinct-gene set coverage	25	1	4	FALSE	FALSE	ES	74.38	6.238	multi-gene partial reconstruction	1.3444474321054	5.37778972842162	FALSE	FALSE	FALSE	FALSE	FALSE	FALSE	Sensitivity estimate under random gene loss: min(100, observed gene-set coverage / MAG completeness fraction)
S15_8-10_bin20	Carbon	Acetyl-CoA pathway, CO2 => acetyl-CoA	Previous algorithm: distinct-gene set coverage	5	0	0	FALSE	FALSE	ES	74.38	6.238	multi-gene partial reconstruction	1.3444474321054	0	FALSE	FALSE	FALSE	FALSE	FALSE	FALSE	Sensitivity estimate under random gene loss: min(100, observed gene-set coverage / MAG completeness fraction)
S15_8-10_bin20	Carbon	Methane oxidation, methanotroph, methane => formaldehyde	Previous algorithm: distinct-gene set coverage	12	0	0	FALSE	FALSE	ES	74.38	6.238	multi-gene partial reconstruction	1.3444474321054	0	FALSE	FALSE	FALSE	FALSE	FALSE	FALSE	Sensitivity estimate under random gene loss: min(100, observed gene-set coverage / MAG completeness fraction)
S15_8-10_bin20	Carbon	Methanogenesis, CO2 => methane	Previous algorithm: distinct-gene set coverage	37	0	0	FALSE	FALSE	ES	74.38	6.238	multi-gene partial reconstruction	1.3444474321054	0	FALSE	FALSE	FALSE	FALSE	FALSE	FALSE	Sensitivity estimate under random gene loss: min(100, observed gene-set coverage / MAG completeness fraction)
S15_8-10_bin20	Carbon	Methanogenesis, acetate => methane	Previous algorithm: distinct-gene set coverage	31	0	0	FALSE	FALSE	ES	74.38	6.238	multi-gene partial reconstruction	1.3444474321054	0	FALSE	FALSE	FALSE	FALSE	FALSE	FALSE	Sensitivity estimate under random gene loss: min(100, observed gene-set coverage / MAG completeness fraction)
S15_8-10_bin20	Carbon	Methanogenesis, methanethiol => methane	Previous algorithm: distinct-gene set coverage	1	0	0	FALSE	FALSE	ES	74.38	6.238	multi-gene partial reconstruction	1.3444474321054	0	FALSE	FALSE	FALSE	FALSE	FALSE	FALSE	Sensitivity estimate under random gene loss: min(100, observed gene-set coverage / MAG completeness fraction)
S15_8-10_bin20	Carbon	Methanogenesis, methanol => methane	Previous algorithm: distinct-gene set coverage	19	0	0	FALSE	FALSE	ES	74.38	6.238	multi-gene partial reconstruction	1.3444474321054	0	FALSE	FALSE	FALSE	FALSE	FALSE	FALSE	Sensitivity estimate under random gene loss: min(100, observed gene-set coverage / MAG completeness fraction)
S15_8-10_bin20	Carbon	Methanogenesis, methylamine/dimethylamine/trimethylamine => methane	Previous algorithm: distinct-gene set coverage	23	0	0	FALSE	FALSE	ES	74.38	6.238	multi-gene partial reconstruction	1.3444474321054	0	FALSE	FALSE	FALSE	FALSE	FALSE	FALSE	Sensitivity estimate under random gene loss: min(100, observed gene-set coverage / MAG completeness fraction)
S15_8-10_bin20	Carbon	Reductive acetyl-CoA pathway (Wood-Ljungdahl pathway)	Previous algorithm: distinct-gene set coverage	10	2	20	FALSE	FALSE	ES	74.38	6.238	multi-gene partial reconstruction	1.3444474321054	26.8889486421081	FALSE	FALSE	FALSE	FALSE	FALSE	FALSE	Sensitivity estimate under random gene loss: min(100, observed gene-set coverage / MAG completeness fraction)
S15_8-10_bin20	Carbon	Reductive citrate cycle (Arnon-Buchanan cycle)	Previous algorithm: distinct-gene set coverage	43	12	27.906976744186	FALSE	FALSE	ES	74.38	6.238	multi-gene partial reconstruction	1.3444474321054	37.5194632215461	FALSE	FALSE	FALSE	FALSE	FALSE	FALSE	Sensitivity estimate under random gene loss: min(100, observed gene-set coverage / MAG completeness fraction)
S15_8-10_bin20	Nitrogen	Assimilatory nitrate reduction, nitrate => ammonia	Previous algorithm: distinct-gene set coverage	6	0	0	FALSE	FALSE	ES	74.38	6.238	multi-gene partial reconstruction	1.3444474321054	0	FALSE	FALSE	FALSE	FALSE	FALSE	FALSE	Sensitivity estimate under random gene loss: min(100, observed gene-set coverage / MAG completeness fraction)
S15_8-10_bin20	Nitrogen	Complete nitrification, comammox, ammonia => nitrite => nitrate	Previous algorithm: distinct-gene set coverage	6	1	16.6666666666667	FALSE	FALSE	ES	74.38	6.238	multi-gene partial reconstruction	1.3444474321054	22.4074572017568	FALSE	FALSE	FALSE	FALSE	FALSE	FALSE	Sensitivity estimate under random gene loss: min(100, observed gene-set coverage / MAG completeness fraction)
S15_8-10_bin20	Nitrogen	Denitrification, nitrate => nitrogen	Previous algorithm: distinct-gene set coverage	11	4	36.3636363636364	FALSE	FALSE	ES	74.38	6.238	multi-gene partial reconstruction	1.3444474321054	48.8889975311057	FALSE	FALSE	FALSE	FALSE	FALSE	FALSE	Sensitivity estimate under random gene loss: min(100, observed gene-set coverage / MAG completeness fraction)
S15_8-10_bin20	Nitrogen	Dissimilatory nitrate reduction, nitrate => ammonia	Previous algorithm: distinct-gene set coverage	9	1	11.1111111111111	FALSE	FALSE	ES	74.38	6.238	multi-gene partial reconstruction	1.3444474321054	14.9383048011711	FALSE	FALSE	FALSE	FALSE	FALSE	FALSE	Sensitivity estimate under random gene loss: min(100, observed gene-set coverage / MAG completeness fraction)
S15_8-10_bin20	Nitrogen	Nitrate assimilation	Previous algorithm: distinct-gene set coverage	1	0	0	FALSE	FALSE	ES	74.38	6.238	multi-gene partial reconstruction	1.3444474321054	0	FALSE	FALSE	FALSE	FALSE	FALSE	FALSE	Sensitivity estimate under random gene loss: min(100, observed gene-set coverage / MAG completeness fraction)
S15_8-10_bin20	Nitrogen	Nitrification, ammonia => nitrite	Previous algorithm: distinct-gene set coverage	8	1	12.5	FALSE	FALSE	ES	74.38	6.238	multi-gene partial reconstruction	1.3444474321054	16.8055929013176	FALSE	FALSE	FALSE	FALSE	FALSE	FALSE	Sensitivity estimate under random gene loss: min(100, observed gene-set coverage / MAG completeness fraction)
S15_8-10_bin20	Nitrogen	Nitrogen fixation, nitrogen => ammonia	Previous algorithm: distinct-gene set coverage	8	0	0	FALSE	FALSE	ES	74.38	6.238	multi-gene partial reconstruction	1.3444474321054	0	FALSE	FALSE	FALSE	FALSE	FALSE	FALSE	Sensitivity estimate under random gene loss: min(100, observed gene-set coverage / MAG completeness fraction)
S15_8-10_bin20	Nitrogen	nitrite + ammonia => nitrogen	Previous algorithm: distinct-gene set coverage	9	1	11.1111111111111	FALSE	FALSE	ES	74.38	6.238	multi-gene partial reconstruction	1.3444474321054	14.9383048011711	FALSE	FALSE	FALSE	FALSE	FALSE	FALSE	Sensitivity estimate under random gene loss: min(100, observed gene-set coverage / MAG completeness fraction)
S15_8-10_bin20	Sulfur	Assimilatory sulfate reduction, sulfate => H2S	Previous algorithm: distinct-gene set coverage	10	1	10	FALSE	FALSE	ES	74.38	6.238	multi-gene partial reconstruction	1.3444474321054	13.444474321054	FALSE	FALSE	FALSE	FALSE	FALSE	FALSE	Sensitivity estimate under random gene loss: min(100, observed gene-set coverage / MAG completeness fraction)
S15_8-10_bin20	Sulfur	Dissimilatory sulfate reduction, sulfate => H2S	Previous algorithm: distinct-gene set coverage	7	3	42.8571428571429	FALSE	FALSE	ES	74.38	6.238	multi-gene partial reconstruction	1.3444474321054	57.6191756616603	FALSE	TRUE	TRUE	FALSE	FALSE	FALSE	Sensitivity estimate under random gene loss: min(100, observed gene-set coverage / MAG completeness fraction)
S15_8-10_bin20	Sulfur	Thiosulfate oxidation by SOX complex, thiosulfate => sulfate	Previous algorithm: distinct-gene set coverage	7	2	28.5714285714286	FALSE	FALSE	ES	74.38	6.238	multi-gene partial reconstruction	1.3444474321054	38.4127837744402	FALSE	FALSE	FALSE	FALSE	FALSE	FALSE	Sensitivity estimate under random gene loss: min(100, observed gene-set coverage / MAG completeness fraction)
S15_8-10_bin20	Nitrogen	Urea cycle	Previous algorithm: distinct-gene set coverage	6	3	50	TRUE	FALSE	ES	74.38	6.238	multi-gene partial reconstruction	1.3444474321054	67.2223716052702	TRUE	TRUE	FALSE	FALSE	FALSE	FALSE	Sensitivity estimate under random gene loss: min(100, observed gene-set coverage / MAG completeness fraction)
S15_8-10_bin20	Nitrogen	Urea transport system	Previous algorithm: distinct-gene set coverage	5	0	0	FALSE	FALSE	ES	74.38	6.238	multi-gene partial reconstruction	1.3444474321054	0	FALSE	FALSE	FALSE	FALSE	FALSE	FALSE	Sensitivity estimate under random gene loss: min(100, observed gene-set coverage / MAG completeness fraction)
S15_8-10_bin20	Sulfur	Sulfate/thiosulfate transport system	Previous algorithm: distinct-gene set coverage	5	0	0	FALSE	FALSE	ES	74.38	6.238	multi-gene partial reconstruction	1.3444474321054	0	FALSE	FALSE	FALSE	FALSE	FALSE	FALSE	Sensitivity estimate under random gene loss: min(100, observed gene-set coverage / MAG completeness fraction)
S15_8-10_bin20	Sulfur	Sulfonate transport system	Previous algorithm: distinct-gene set coverage	3	0	0	FALSE	FALSE	ES	74.38	6.238	multi-gene partial reconstruction	1.3444474321054	0	FALSE	FALSE	FALSE	FALSE	FALSE	FALSE	Sensitivity estimate under random gene loss: min(100, observed gene-set coverage / MAG completeness fraction)
S15_8-10_bin20	Vitamin B12	Cobalamin salvage	Previous algorithm: distinct-gene set coverage	4	0	0	FALSE	FALSE	ES	74.38	6.238	multi-gene partial reconstruction	1.3444474321054	0	FALSE	FALSE	FALSE	FALSE	FALSE	FALSE	Sensitivity estimate under random gene loss: min(100, observed gene-set coverage / MAG completeness fraction)
S15_8-10_bin20	Vitamin B12	Vitamin B12 transport system	Previous algorithm: distinct-gene set coverage	3	0	0	FALSE	FALSE	ES	74.38	6.238	multi-gene partial reconstruction	1.3444474321054	0	FALSE	FALSE	FALSE	FALSE	FALSE	FALSE	Sensitivity estimate under random gene loss: min(100, observed gene-set coverage / MAG completeness fraction)
S15_8-10_bin20	Carbon	Citrate cycle (TCA cycle, Krebs cycle)	Previous algorithm: distinct-gene set coverage	40	13	32.5	FALSE	FALSE	ES	74.38	6.238	multi-gene partial reconstruction	1.3444474321054	43.6945415434257	FALSE	FALSE	FALSE	FALSE	FALSE	FALSE	Sensitivity estimate under random gene loss: min(100, observed gene-set coverage / MAG completeness fraction)
S15_8-10_bin20	Carbon	Citrate cycle, first carbon oxidation, oxaloacetate => 2-oxoglutarate	Previous algorithm: distinct-gene set coverage	6	2	33.3333333333333	FALSE	FALSE	ES	74.38	6.238	multi-gene partial reconstruction	1.3444474321054	44.8149144035134	FALSE	FALSE	FALSE	FALSE	FALSE	FALSE	Sensitivity estimate under random gene loss: min(100, observed gene-set coverage / MAG completeness fraction)
S15_8-10_bin20	Carbon	Citrate cycle, second carbon oxidation, 2-oxoglutarate => oxaloacetate	Previous algorithm: distinct-gene set coverage	34	11	32.3529411764706	FALSE	FALSE	ES	74.38	6.238	multi-gene partial reconstruction	1.3444474321054	43.4968286857631	FALSE	FALSE	FALSE	FALSE	FALSE	FALSE	Sensitivity estimate under random gene loss: min(100, observed gene-set coverage / MAG completeness fraction)
S15_8-10_bin20	Carbon	Glycolysis (Embden-Meyerhof pathway), glucose => pyruvate	Previous algorithm: distinct-gene set coverage	29	8	27.5862068965517	FALSE	FALSE	ES	74.38	6.238	multi-gene partial reconstruction	1.3444474321054	37.0882050235973	FALSE	FALSE	FALSE	FALSE	FALSE	FALSE	Sensitivity estimate under random gene loss: min(100, observed gene-set coverage / MAG completeness fraction)
S15_8-10_bin20	Carbon	Glycolysis, core module involving three-carbon compounds	Previous algorithm: distinct-gene set coverage	12	6	50	TRUE	FALSE	ES	74.38	6.238	multi-gene partial reconstruction	1.3444474321054	67.2223716052702	TRUE	TRUE	FALSE	FALSE	FALSE	FALSE	Sensitivity estimate under random gene loss: min(100, observed gene-set coverage / MAG completeness fraction)
S15_8-10_bin20	Carbon	Incomplete reductive citrate cycle, acetyl-CoA => oxoglutarate	Previous algorithm: distinct-gene set coverage	17	5	29.4117647058824	FALSE	FALSE	ES	74.38	6.238	multi-gene partial reconstruction	1.3444474321054	39.542571532512	FALSE	FALSE	FALSE	FALSE	FALSE	FALSE	Sensitivity estimate under random gene loss: min(100, observed gene-set coverage / MAG completeness fraction)
S15_8-10_bin20	Carbon	Pyruvate oxidation, pyruvate => acetyl-CoA	Previous algorithm: distinct-gene set coverage	11	3	27.2727272727273	FALSE	FALSE	ES	74.38	6.238	multi-gene partial reconstruction	1.3444474321054	36.6667481483293	FALSE	FALSE	FALSE	FALSE	FALSE	FALSE	Sensitivity estimate under random gene loss: min(100, observed gene-set coverage / MAG completeness fraction)
S15_8-10_bin20	Carbon	TCA /Reductive TCA	Previous algorithm: distinct-gene set coverage	1	0	0	FALSE	FALSE	ES	74.38	6.238	multi-gene partial reconstruction	1.3444474321054	0	FALSE	FALSE	FALSE	FALSE	FALSE	FALSE	Sensitivity estimate under random gene loss: min(100, observed gene-set coverage / MAG completeness fraction)
S1_9-12_bin1	Motility	Flagellar Assembly (partial 36-KO reconstruction)	Previous algorithm: distinct-gene set coverage	36	0	0	FALSE	FALSE	AS	70.14	8.777	multi-gene partial reconstruction	1.42571998859424	0	FALSE	FALSE	FALSE	FALSE	FALSE	FALSE	Sensitivity estimate under random gene loss: min(100, observed gene-set coverage / MAG completeness fraction)
S1_9-12_bin1	Vitamin B12	Cobalamin biosynthesis, cobinamide => cobalamin	Previous algorithm: distinct-gene set coverage	8	1	12.5	FALSE	FALSE	AS	70.14	8.777	multi-gene partial reconstruction	1.42571998859424	17.821499857428	FALSE	FALSE	FALSE	FALSE	FALSE	FALSE	Sensitivity estimate under random gene loss: min(100, observed gene-set coverage / MAG completeness fraction)
S1_9-12_bin1	Vitamin B12	Cobalamin biosynthesis, precorrin2 => cobinamide	Previous algorithm: distinct-gene set coverage	25	2	8	FALSE	FALSE	AS	70.14	8.777	multi-gene partial reconstruction	1.42571998859424	11.4057599087539	FALSE	FALSE	FALSE	FALSE	FALSE	FALSE	Sensitivity estimate under random gene loss: min(100, observed gene-set coverage / MAG completeness fraction)
S1_9-12_bin1	Carbon	Acetyl-CoA pathway, CO2 => acetyl-CoA	Previous algorithm: distinct-gene set coverage	5	0	0	FALSE	FALSE	AS	70.14	8.777	multi-gene partial reconstruction	1.42571998859424	0	FALSE	FALSE	FALSE	FALSE	FALSE	FALSE	Sensitivity estimate under random gene loss: min(100, observed gene-set coverage / MAG completeness fraction)
S1_9-12_bin1	Carbon	Methane oxidation, methanotroph, methane => formaldehyde	Previous algorithm: distinct-gene set coverage	12	0	0	FALSE	FALSE	AS	70.14	8.777	multi-gene partial reconstruction	1.42571998859424	0	FALSE	FALSE	FALSE	FALSE	FALSE	FALSE	Sensitivity estimate under random gene loss: min(100, observed gene-set coverage / MAG completeness fraction)
S1_9-12_bin1	Carbon	Methanogenesis, CO2 => methane	Previous algorithm: distinct-gene set coverage	37	0	0	FALSE	FALSE	AS	70.14	8.777	multi-gene partial reconstruction	1.42571998859424	0	FALSE	FALSE	FALSE	FALSE	FALSE	FALSE	Sensitivity estimate under random gene loss: min(100, observed gene-set coverage / MAG completeness fraction)
S1_9-12_bin1	Carbon	Methanogenesis, acetate => methane	Previous algorithm: distinct-gene set coverage	31	1	3.2258064516129	FALSE	FALSE	AS	70.14	8.777	multi-gene partial reconstruction	1.42571998859424	4.59909673740077	FALSE	FALSE	FALSE	FALSE	FALSE	FALSE	Sensitivity estimate under random gene loss: min(100, observed gene-set coverage / MAG completeness fraction)
S1_9-12_bin1	Carbon	Methanogenesis, methanethiol => methane	Previous algorithm: distinct-gene set coverage	1	0	0	FALSE	FALSE	AS	70.14	8.777	multi-gene partial reconstruction	1.42571998859424	0	FALSE	FALSE	FALSE	FALSE	FALSE	FALSE	Sensitivity estimate under random gene loss: min(100, observed gene-set coverage / MAG completeness fraction)
S1_9-12_bin1	Carbon	Methanogenesis, methanol => methane	Previous algorithm: distinct-gene set coverage	19	0	0	FALSE	FALSE	AS	70.14	8.777	multi-gene partial reconstruction	1.42571998859424	0	FALSE	FALSE	FALSE	FALSE	FALSE	FALSE	Sensitivity estimate under random gene loss: min(100, observed gene-set coverage / MAG completeness fraction)
S1_9-12_bin1	Carbon	Methanogenesis, methylamine/dimethylamine/trimethylamine => methane	Previous algorithm: distinct-gene set coverage	23	0	0	FALSE	FALSE	AS	70.14	8.777	multi-gene partial reconstruction	1.42571998859424	0	FALSE	FALSE	FALSE	FALSE	FALSE	FALSE	Sensitivity estimate under random gene loss: min(100, observed gene-set coverage / MAG completeness fraction)
S1_9-12_bin1	Carbon	Reductive acetyl-CoA pathway (Wood-Ljungdahl pathway)	Previous algorithm: distinct-gene set coverage	10	0	0	FALSE	FALSE	AS	70.14	8.777	multi-gene partial reconstruction	1.42571998859424	0	FALSE	FALSE	FALSE	FALSE	FALSE	FALSE	Sensitivity estimate under random gene loss: min(100, observed gene-set coverage / MAG completeness fraction)
S1_9-12_bin1	Carbon	Reductive citrate cycle (Arnon-Buchanan cycle)	Previous algorithm: distinct-gene set coverage	43	4	9.30232558139535	FALSE	FALSE	AS	70.14	8.777	multi-gene partial reconstruction	1.42571998859424	13.2625115218069	FALSE	FALSE	FALSE	FALSE	FALSE	FALSE	Sensitivity estimate under random gene loss: min(100, observed gene-set coverage / MAG completeness fraction)
S1_9-12_bin1	Nitrogen	Assimilatory nitrate reduction, nitrate => ammonia	Previous algorithm: distinct-gene set coverage	6	0	0	FALSE	FALSE	AS	70.14	8.777	multi-gene partial reconstruction	1.42571998859424	0	FALSE	FALSE	FALSE	FALSE	FALSE	FALSE	Sensitivity estimate under random gene loss: min(100, observed gene-set coverage / MAG completeness fraction)
S1_9-12_bin1	Nitrogen	Complete nitrification, comammox, ammonia => nitrite => nitrate	Previous algorithm: distinct-gene set coverage	6	0	0	FALSE	FALSE	AS	70.14	8.777	multi-gene partial reconstruction	1.42571998859424	0	FALSE	FALSE	FALSE	FALSE	FALSE	FALSE	Sensitivity estimate under random gene loss: min(100, observed gene-set coverage / MAG completeness fraction)
S1_9-12_bin1	Nitrogen	Denitrification, nitrate => nitrogen	Previous algorithm: distinct-gene set coverage	11	5	45.4545454545455	FALSE	FALSE	AS	70.14	8.777	multi-gene partial reconstruction	1.42571998859424	64.805454027011	FALSE	TRUE	TRUE	FALSE	FALSE	FALSE	Sensitivity estimate under random gene loss: min(100, observed gene-set coverage / MAG completeness fraction)
S1_9-12_bin1	Nitrogen	Dissimilatory nitrate reduction, nitrate => ammonia	Previous algorithm: distinct-gene set coverage	9	4	44.4444444444444	FALSE	FALSE	AS	70.14	8.777	multi-gene partial reconstruction	1.42571998859424	63.3653328264106	FALSE	TRUE	TRUE	FALSE	FALSE	FALSE	Sensitivity estimate under random gene loss: min(100, observed gene-set coverage / MAG completeness fraction)
S1_9-12_bin1	Nitrogen	Nitrate assimilation	Previous algorithm: distinct-gene set coverage	1	1	100	TRUE	TRUE	AS	70.14	8.777	multi-gene partial reconstruction	1.42571998859424	100	TRUE	TRUE	FALSE	TRUE	TRUE	FALSE	Sensitivity estimate under random gene loss: min(100, observed gene-set coverage / MAG completeness fraction)
S1_9-12_bin1	Nitrogen	Nitrification, ammonia => nitrite	Previous algorithm: distinct-gene set coverage	8	0	0	FALSE	FALSE	AS	70.14	8.777	multi-gene partial reconstruction	1.42571998859424	0	FALSE	FALSE	FALSE	FALSE	FALSE	FALSE	Sensitivity estimate under random gene loss: min(100, observed gene-set coverage / MAG completeness fraction)
S1_9-12_bin1	Nitrogen	Nitrogen fixation, nitrogen => ammonia	Previous algorithm: distinct-gene set coverage	8	0	0	FALSE	FALSE	AS	70.14	8.777	multi-gene partial reconstruction	1.42571998859424	0	FALSE	FALSE	FALSE	FALSE	FALSE	FALSE	Sensitivity estimate under random gene loss: min(100, observed gene-set coverage / MAG completeness fraction)
S1_9-12_bin1	Nitrogen	nitrite + ammonia => nitrogen	Previous algorithm: distinct-gene set coverage	9	1	11.1111111111111	FALSE	FALSE	AS	70.14	8.777	multi-gene partial reconstruction	1.42571998859424	15.8413332066027	FALSE	FALSE	FALSE	FALSE	FALSE	FALSE	Sensitivity estimate under random gene loss: min(100, observed gene-set coverage / MAG completeness fraction)
S1_9-12_bin1	Sulfur	Assimilatory sulfate reduction, sulfate => H2S	Previous algorithm: distinct-gene set coverage	10	1	10	FALSE	FALSE	AS	70.14	8.777	multi-gene partial reconstruction	1.42571998859424	14.2571998859424	FALSE	FALSE	FALSE	FALSE	FALSE	FALSE	Sensitivity estimate under random gene loss: min(100, observed gene-set coverage / MAG completeness fraction)
S1_9-12_bin1	Sulfur	Dissimilatory sulfate reduction, sulfate => H2S	Previous algorithm: distinct-gene set coverage	7	2	28.5714285714286	FALSE	FALSE	AS	70.14	8.777	multi-gene partial reconstruction	1.42571998859424	40.7348568169783	FALSE	FALSE	FALSE	FALSE	FALSE	FALSE	Sensitivity estimate under random gene loss: min(100, observed gene-set coverage / MAG completeness fraction)
S1_9-12_bin1	Sulfur	Thiosulfate oxidation by SOX complex, thiosulfate => sulfate	Previous algorithm: distinct-gene set coverage	7	4	57.1428571428571	TRUE	FALSE	AS	70.14	8.777	multi-gene partial reconstruction	1.42571998859424	81.4697136339565	TRUE	TRUE	FALSE	FALSE	TRUE	TRUE	Sensitivity estimate under random gene loss: min(100, observed gene-set coverage / MAG completeness fraction)
S1_9-12_bin1	Nitrogen	Urea cycle	Previous algorithm: distinct-gene set coverage	6	3	50	TRUE	FALSE	AS	70.14	8.777	multi-gene partial reconstruction	1.42571998859424	71.285999429712	TRUE	TRUE	FALSE	FALSE	FALSE	FALSE	Sensitivity estimate under random gene loss: min(100, observed gene-set coverage / MAG completeness fraction)
S1_9-12_bin1	Nitrogen	Urea transport system	Previous algorithm: distinct-gene set coverage	5	0	0	FALSE	FALSE	AS	70.14	8.777	multi-gene partial reconstruction	1.42571998859424	0	FALSE	FALSE	FALSE	FALSE	FALSE	FALSE	Sensitivity estimate under random gene loss: min(100, observed gene-set coverage / MAG completeness fraction)
S1_9-12_bin1	Sulfur	Sulfate/thiosulfate transport system	Previous algorithm: distinct-gene set coverage	5	0	0	FALSE	FALSE	AS	70.14	8.777	multi-gene partial reconstruction	1.42571998859424	0	FALSE	FALSE	FALSE	FALSE	FALSE	FALSE	Sensitivity estimate under random gene loss: min(100, observed gene-set coverage / MAG completeness fraction)
S1_9-12_bin1	Sulfur	Sulfonate transport system	Previous algorithm: distinct-gene set coverage	3	0	0	FALSE	FALSE	AS	70.14	8.777	multi-gene partial reconstruction	1.42571998859424	0	FALSE	FALSE	FALSE	FALSE	FALSE	FALSE	Sensitivity estimate under random gene loss: min(100, observed gene-set coverage / MAG completeness fraction)
S1_9-12_bin1	Vitamin B12	Cobalamin salvage	Previous algorithm: distinct-gene set coverage	4	0	0	FALSE	FALSE	AS	70.14	8.777	multi-gene partial reconstruction	1.42571998859424	0	FALSE	FALSE	FALSE	FALSE	FALSE	FALSE	Sensitivity estimate under random gene loss: min(100, observed gene-set coverage / MAG completeness fraction)
S1_9-12_bin1	Vitamin B12	Vitamin B12 transport system	Previous algorithm: distinct-gene set coverage	3	0	0	FALSE	FALSE	AS	70.14	8.777	multi-gene partial reconstruction	1.42571998859424	0	FALSE	FALSE	FALSE	FALSE	FALSE	FALSE	Sensitivity estimate under random gene loss: min(100, observed gene-set coverage / MAG completeness fraction)
S1_9-12_bin1	Carbon	Citrate cycle (TCA cycle, Krebs cycle)	Previous algorithm: distinct-gene set coverage	40	6	15	FALSE	FALSE	AS	70.14	8.777	multi-gene partial reconstruction	1.42571998859424	21.3857998289136	FALSE	FALSE	FALSE	FALSE	FALSE	FALSE	Sensitivity estimate under random gene loss: min(100, observed gene-set coverage / MAG completeness fraction)
S1_9-12_bin1	Carbon	Citrate cycle, first carbon oxidation, oxaloacetate => 2-oxoglutarate	Previous algorithm: distinct-gene set coverage	6	0	0	FALSE	FALSE	AS	70.14	8.777	multi-gene partial reconstruction	1.42571998859424	0	FALSE	FALSE	FALSE	FALSE	FALSE	FALSE	Sensitivity estimate under random gene loss: min(100, observed gene-set coverage / MAG completeness fraction)
S1_9-12_bin1	Carbon	Citrate cycle, second carbon oxidation, 2-oxoglutarate => oxaloacetate	Previous algorithm: distinct-gene set coverage	34	6	17.6470588235294	FALSE	FALSE	AS	70.14	8.777	multi-gene partial reconstruction	1.42571998859424	25.1597645046042	FALSE	FALSE	FALSE	FALSE	FALSE	FALSE	Sensitivity estimate under random gene loss: min(100, observed gene-set coverage / MAG completeness fraction)
S1_9-12_bin1	Carbon	Glycolysis (Embden-Meyerhof pathway), glucose => pyruvate	Previous algorithm: distinct-gene set coverage	29	9	31.0344827586207	FALSE	FALSE	AS	70.14	8.777	multi-gene partial reconstruction	1.42571998859424	44.2464824046488	FALSE	FALSE	FALSE	FALSE	FALSE	FALSE	Sensitivity estimate under random gene loss: min(100, observed gene-set coverage / MAG completeness fraction)
S1_9-12_bin1	Carbon	Glycolysis, core module involving three-carbon compounds	Previous algorithm: distinct-gene set coverage	12	5	41.6666666666667	FALSE	FALSE	AS	70.14	8.777	multi-gene partial reconstruction	1.42571998859424	59.40499952476	FALSE	TRUE	TRUE	FALSE	FALSE	FALSE	Sensitivity estimate under random gene loss: min(100, observed gene-set coverage / MAG completeness fraction)
S1_9-12_bin1	Carbon	Incomplete reductive citrate cycle, acetyl-CoA => oxoglutarate	Previous algorithm: distinct-gene set coverage	17	0	0	FALSE	FALSE	AS	70.14	8.777	multi-gene partial reconstruction	1.42571998859424	0	FALSE	FALSE	FALSE	FALSE	FALSE	FALSE	Sensitivity estimate under random gene loss: min(100, observed gene-set coverage / MAG completeness fraction)
S1_9-12_bin1	Carbon	Pyruvate oxidation, pyruvate => acetyl-CoA	Previous algorithm: distinct-gene set coverage	11	0	0	FALSE	FALSE	AS	70.14	8.777	multi-gene partial reconstruction	1.42571998859424	0	FALSE	FALSE	FALSE	FALSE	FALSE	FALSE	Sensitivity estimate under random gene loss: min(100, observed gene-set coverage / MAG completeness fraction)
S1_9-12_bin1	Carbon	TCA /Reductive TCA	Previous algorithm: distinct-gene set coverage	1	0	0	FALSE	FALSE	AS	70.14	8.777	multi-gene partial reconstruction	1.42571998859424	0	FALSE	FALSE	FALSE	FALSE	FALSE	FALSE	Sensitivity estimate under random gene loss: min(100, observed gene-set coverage / MAG completeness fraction)
SQ_58_0-4_bin4	Motility	Flagellar Assembly (partial 36-KO reconstruction)	Previous algorithm: distinct-gene set coverage	36	0	0	FALSE	FALSE	AS	51.44	5.642	multi-gene partial reconstruction	1.94401244167963	0	FALSE	FALSE	FALSE	FALSE	FALSE	FALSE	Sensitivity estimate under random gene loss: min(100, observed gene-set coverage / MAG completeness fraction)
SQ_58_0-4_bin4	Vitamin B12	Cobalamin biosynthesis, cobinamide => cobalamin	Previous algorithm: distinct-gene set coverage	8	1	12.5	FALSE	FALSE	AS	51.44	5.642	multi-gene partial reconstruction	1.94401244167963	24.3001555209953	FALSE	FALSE	FALSE	FALSE	FALSE	FALSE	Sensitivity estimate under random gene loss: min(100, observed gene-set coverage / MAG completeness fraction)
SQ_58_0-4_bin4	Vitamin B12	Cobalamin biosynthesis, precorrin2 => cobinamide	Previous algorithm: distinct-gene set coverage	25	0	0	FALSE	FALSE	AS	51.44	5.642	multi-gene partial reconstruction	1.94401244167963	0	FALSE	FALSE	FALSE	FALSE	FALSE	FALSE	Sensitivity estimate under random gene loss: min(100, observed gene-set coverage / MAG completeness fraction)
SQ_58_0-4_bin4	Carbon	Acetyl-CoA pathway, CO2 => acetyl-CoA	Previous algorithm: distinct-gene set coverage	5	0	0	FALSE	FALSE	AS	51.44	5.642	multi-gene partial reconstruction	1.94401244167963	0	FALSE	FALSE	FALSE	FALSE	FALSE	FALSE	Sensitivity estimate under random gene loss: min(100, observed gene-set coverage / MAG completeness fraction)
SQ_58_0-4_bin4	Carbon	Methane oxidation, methanotroph, methane => formaldehyde	Previous algorithm: distinct-gene set coverage	12	0	0	FALSE	FALSE	AS	51.44	5.642	multi-gene partial reconstruction	1.94401244167963	0	FALSE	FALSE	FALSE	FALSE	FALSE	FALSE	Sensitivity estimate under random gene loss: min(100, observed gene-set coverage / MAG completeness fraction)
SQ_58_0-4_bin4	Carbon	Methanogenesis, CO2 => methane	Previous algorithm: distinct-gene set coverage	37	1	2.7027027027027	FALSE	FALSE	AS	51.44	5.642	multi-gene partial reconstruction	1.94401244167963	5.2540876802152	FALSE	FALSE	FALSE	FALSE	FALSE	FALSE	Sensitivity estimate under random gene loss: min(100, observed gene-set coverage / MAG completeness fraction)
SQ_58_0-4_bin4	Carbon	Methanogenesis, acetate => methane	Previous algorithm: distinct-gene set coverage	31	0	0	FALSE	FALSE	AS	51.44	5.642	multi-gene partial reconstruction	1.94401244167963	0	FALSE	FALSE	FALSE	FALSE	FALSE	FALSE	Sensitivity estimate under random gene loss: min(100, observed gene-set coverage / MAG completeness fraction)
SQ_58_0-4_bin4	Carbon	Methanogenesis, methanethiol => methane	Previous algorithm: distinct-gene set coverage	1	0	0	FALSE	FALSE	AS	51.44	5.642	multi-gene partial reconstruction	1.94401244167963	0	FALSE	FALSE	FALSE	FALSE	FALSE	FALSE	Sensitivity estimate under random gene loss: min(100, observed gene-set coverage / MAG completeness fraction)
SQ_58_0-4_bin4	Carbon	Methanogenesis, methanol => methane	Previous algorithm: distinct-gene set coverage	19	0	0	FALSE	FALSE	AS	51.44	5.642	multi-gene partial reconstruction	1.94401244167963	0	FALSE	FALSE	FALSE	FALSE	FALSE	FALSE	Sensitivity estimate under random gene loss: min(100, observed gene-set coverage / MAG completeness fraction)
SQ_58_0-4_bin4	Carbon	Methanogenesis, methylamine/dimethylamine/trimethylamine => methane	Previous algorithm: distinct-gene set coverage	23	0	0	FALSE	FALSE	AS	51.44	5.642	multi-gene partial reconstruction	1.94401244167963	0	FALSE	FALSE	FALSE	FALSE	FALSE	FALSE	Sensitivity estimate under random gene loss: min(100, observed gene-set coverage / MAG completeness fraction)
SQ_58_0-4_bin4	Carbon	Reductive acetyl-CoA pathway (Wood-Ljungdahl pathway)	Previous algorithm: distinct-gene set coverage	10	0	0	FALSE	FALSE	AS	51.44	5.642	multi-gene partial reconstruction	1.94401244167963	0	FALSE	FALSE	FALSE	FALSE	FALSE	FALSE	Sensitivity estimate under random gene loss: min(100, observed gene-set coverage / MAG completeness fraction)
SQ_58_0-4_bin4	Carbon	Reductive citrate cycle (Arnon-Buchanan cycle)	Previous algorithm: distinct-gene set coverage	43	10	23.2558139534884	FALSE	FALSE	AS	51.44	5.642	multi-gene partial reconstruction	1.94401244167963	45.2095916669681	FALSE	FALSE	FALSE	FALSE	FALSE	FALSE	Sensitivity estimate under random gene loss: min(100, observed gene-set coverage / MAG completeness fraction)
SQ_58_0-4_bin4	Nitrogen	Assimilatory nitrate reduction, nitrate => ammonia	Previous algorithm: distinct-gene set coverage	6	0	0	FALSE	FALSE	AS	51.44	5.642	multi-gene partial reconstruction	1.94401244167963	0	FALSE	FALSE	FALSE	FALSE	FALSE	FALSE	Sensitivity estimate under random gene loss: min(100, observed gene-set coverage / MAG completeness fraction)
SQ_58_0-4_bin4	Nitrogen	Complete nitrification, comammox, ammonia => nitrite => nitrate	Previous algorithm: distinct-gene set coverage	6	2	33.3333333333333	FALSE	FALSE	AS	51.44	5.642	multi-gene partial reconstruction	1.94401244167963	64.8004147226542	FALSE	TRUE	TRUE	FALSE	FALSE	FALSE	Sensitivity estimate under random gene loss: min(100, observed gene-set coverage / MAG completeness fraction)
SQ_58_0-4_bin4	Nitrogen	Denitrification, nitrate => nitrogen	Previous algorithm: distinct-gene set coverage	11	3	27.2727272727273	FALSE	FALSE	AS	51.44	5.642	multi-gene partial reconstruction	1.94401244167963	53.0185211367171	FALSE	TRUE	TRUE	FALSE	FALSE	FALSE	Sensitivity estimate under random gene loss: min(100, observed gene-set coverage / MAG completeness fraction)
SQ_58_0-4_bin4	Nitrogen	Dissimilatory nitrate reduction, nitrate => ammonia	Previous algorithm: distinct-gene set coverage	9	2	22.2222222222222	FALSE	FALSE	AS	51.44	5.642	multi-gene partial reconstruction	1.94401244167963	43.2002764817694	FALSE	FALSE	FALSE	FALSE	FALSE	FALSE	Sensitivity estimate under random gene loss: min(100, observed gene-set coverage / MAG completeness fraction)
SQ_58_0-4_bin4	Nitrogen	Nitrate assimilation	Previous algorithm: distinct-gene set coverage	1	0	0	FALSE	FALSE	AS	51.44	5.642	multi-gene partial reconstruction	1.94401244167963	0	FALSE	FALSE	FALSE	FALSE	FALSE	FALSE	Sensitivity estimate under random gene loss: min(100, observed gene-set coverage / MAG completeness fraction)
SQ_58_0-4_bin4	Nitrogen	Nitrification, ammonia => nitrite	Previous algorithm: distinct-gene set coverage	8	0	0	FALSE	FALSE	AS	51.44	5.642	multi-gene partial reconstruction	1.94401244167963	0	FALSE	FALSE	FALSE	FALSE	FALSE	FALSE	Sensitivity estimate under random gene loss: min(100, observed gene-set coverage / MAG completeness fraction)
SQ_58_0-4_bin4	Nitrogen	Nitrogen fixation, nitrogen => ammonia	Previous algorithm: distinct-gene set coverage	8	0	0	FALSE	FALSE	AS	51.44	5.642	multi-gene partial reconstruction	1.94401244167963	0	FALSE	FALSE	FALSE	FALSE	FALSE	FALSE	Sensitivity estimate under random gene loss: min(100, observed gene-set coverage / MAG completeness fraction)
SQ_58_0-4_bin4	Nitrogen	nitrite + ammonia => nitrogen	Previous algorithm: distinct-gene set coverage	9	2	22.2222222222222	FALSE	FALSE	AS	51.44	5.642	multi-gene partial reconstruction	1.94401244167963	43.2002764817694	FALSE	FALSE	FALSE	FALSE	FALSE	FALSE	Sensitivity estimate under random gene loss: min(100, observed gene-set coverage / MAG completeness fraction)
SQ_58_0-4_bin4	Sulfur	Assimilatory sulfate reduction, sulfate => H2S	Previous algorithm: distinct-gene set coverage	10	0	0	FALSE	FALSE	AS	51.44	5.642	multi-gene partial reconstruction	1.94401244167963	0	FALSE	FALSE	FALSE	FALSE	FALSE	FALSE	Sensitivity estimate under random gene loss: min(100, observed gene-set coverage / MAG completeness fraction)
SQ_58_0-4_bin4	Sulfur	Dissimilatory sulfate reduction, sulfate => H2S	Previous algorithm: distinct-gene set coverage	7	0	0	FALSE	FALSE	AS	51.44	5.642	multi-gene partial reconstruction	1.94401244167963	0	FALSE	FALSE	FALSE	FALSE	FALSE	FALSE	Sensitivity estimate under random gene loss: min(100, observed gene-set coverage / MAG completeness fraction)
SQ_58_0-4_bin4	Sulfur	Thiosulfate oxidation by SOX complex, thiosulfate => sulfate	Previous algorithm: distinct-gene set coverage	7	0	0	FALSE	FALSE	AS	51.44	5.642	multi-gene partial reconstruction	1.94401244167963	0	FALSE	FALSE	FALSE	FALSE	FALSE	FALSE	Sensitivity estimate under random gene loss: min(100, observed gene-set coverage / MAG completeness fraction)
SQ_58_0-4_bin4	Nitrogen	Urea cycle	Previous algorithm: distinct-gene set coverage	6	2	33.3333333333333	FALSE	FALSE	AS	51.44	5.642	multi-gene partial reconstruction	1.94401244167963	64.8004147226542	FALSE	TRUE	TRUE	FALSE	FALSE	FALSE	Sensitivity estimate under random gene loss: min(100, observed gene-set coverage / MAG completeness fraction)
SQ_58_0-4_bin4	Nitrogen	Urea transport system	Previous algorithm: distinct-gene set coverage	5	0	0	FALSE	FALSE	AS	51.44	5.642	multi-gene partial reconstruction	1.94401244167963	0	FALSE	FALSE	FALSE	FALSE	FALSE	FALSE	Sensitivity estimate under random gene loss: min(100, observed gene-set coverage / MAG completeness fraction)
SQ_58_0-4_bin4	Sulfur	Sulfate/thiosulfate transport system	Previous algorithm: distinct-gene set coverage	5	0	0	FALSE	FALSE	AS	51.44	5.642	multi-gene partial reconstruction	1.94401244167963	0	FALSE	FALSE	FALSE	FALSE	FALSE	FALSE	Sensitivity estimate under random gene loss: min(100, observed gene-set coverage / MAG completeness fraction)
SQ_58_0-4_bin4	Sulfur	Sulfonate transport system	Previous algorithm: distinct-gene set coverage	3	0	0	FALSE	FALSE	AS	51.44	5.642	multi-gene partial reconstruction	1.94401244167963	0	FALSE	FALSE	FALSE	FALSE	FALSE	FALSE	Sensitivity estimate under random gene loss: min(100, observed gene-set coverage / MAG completeness fraction)
SQ_58_0-4_bin4	Vitamin B12	Cobalamin salvage	Previous algorithm: distinct-gene set coverage	4	0	0	FALSE	FALSE	AS	51.44	5.642	multi-gene partial reconstruction	1.94401244167963	0	FALSE	FALSE	FALSE	FALSE	FALSE	FALSE	Sensitivity estimate under random gene loss: min(100, observed gene-set coverage / MAG completeness fraction)
SQ_58_0-4_bin4	Vitamin B12	Vitamin B12 transport system	Previous algorithm: distinct-gene set coverage	3	0	0	FALSE	FALSE	AS	51.44	5.642	multi-gene partial reconstruction	1.94401244167963	0	FALSE	FALSE	FALSE	FALSE	FALSE	FALSE	Sensitivity estimate under random gene loss: min(100, observed gene-set coverage / MAG completeness fraction)
SQ_58_0-4_bin4	Carbon	Citrate cycle (TCA cycle, Krebs cycle)	Previous algorithm: distinct-gene set coverage	40	9	22.5	FALSE	FALSE	AS	51.44	5.642	multi-gene partial reconstruction	1.94401244167963	43.7402799377916	FALSE	FALSE	FALSE	FALSE	FALSE	FALSE	Sensitivity estimate under random gene loss: min(100, observed gene-set coverage / MAG completeness fraction)
SQ_58_0-4_bin4	Carbon	Citrate cycle, first carbon oxidation, oxaloacetate => 2-oxoglutarate	Previous algorithm: distinct-gene set coverage	6	1	16.6666666666667	FALSE	FALSE	AS	51.44	5.642	multi-gene partial reconstruction	1.94401244167963	32.4002073613272	FALSE	FALSE	FALSE	FALSE	FALSE	FALSE	Sensitivity estimate under random gene loss: min(100, observed gene-set coverage / MAG completeness fraction)
SQ_58_0-4_bin4	Carbon	Citrate cycle, second carbon oxidation, 2-oxoglutarate => oxaloacetate	Previous algorithm: distinct-gene set coverage	34	8	23.5294117647059	FALSE	FALSE	AS	51.44	5.642	multi-gene partial reconstruction	1.94401244167963	45.7414692159913	FALSE	FALSE	FALSE	FALSE	FALSE	FALSE	Sensitivity estimate under random gene loss: min(100, observed gene-set coverage / MAG completeness fraction)
SQ_58_0-4_bin4	Carbon	Glycolysis (Embden-Meyerhof pathway), glucose => pyruvate	Previous algorithm: distinct-gene set coverage	29	5	17.2413793103448	FALSE	FALSE	AS	51.44	5.642	multi-gene partial reconstruction	1.94401244167963	33.517455891028	FALSE	FALSE	FALSE	FALSE	FALSE	FALSE	Sensitivity estimate under random gene loss: min(100, observed gene-set coverage / MAG completeness fraction)
SQ_58_0-4_bin4	Carbon	Glycolysis, core module involving three-carbon compounds	Previous algorithm: distinct-gene set coverage	12	4	33.3333333333333	FALSE	FALSE	AS	51.44	5.642	multi-gene partial reconstruction	1.94401244167963	64.8004147226542	FALSE	TRUE	TRUE	FALSE	FALSE	FALSE	Sensitivity estimate under random gene loss: min(100, observed gene-set coverage / MAG completeness fraction)
SQ_58_0-4_bin4	Carbon	Incomplete reductive citrate cycle, acetyl-CoA => oxoglutarate	Previous algorithm: distinct-gene set coverage	17	4	23.5294117647059	FALSE	FALSE	AS	51.44	5.642	multi-gene partial reconstruction	1.94401244167963	45.7414692159913	FALSE	FALSE	FALSE	FALSE	FALSE	FALSE	Sensitivity estimate under random gene loss: min(100, observed gene-set coverage / MAG completeness fraction)
SQ_58_0-4_bin4	Carbon	Pyruvate oxidation, pyruvate => acetyl-CoA	Previous algorithm: distinct-gene set coverage	11	3	27.2727272727273	FALSE	FALSE	AS	51.44	5.642	multi-gene partial reconstruction	1.94401244167963	53.0185211367171	FALSE	TRUE	TRUE	FALSE	FALSE	FALSE	Sensitivity estimate under random gene loss: min(100, observed gene-set coverage / MAG completeness fraction)
SQ_58_0-4_bin4	Carbon	TCA /Reductive TCA	Previous algorithm: distinct-gene set coverage	1	0	0	FALSE	FALSE	AS	51.44	5.642	multi-gene partial reconstruction	1.94401244167963	0	FALSE	FALSE	FALSE	FALSE	FALSE	FALSE	Sensitivity estimate under random gene loss: min(100, observed gene-set coverage / MAG completeness fraction)
SY365BB-0-4_bin24	Motility	Flagellar Assembly (partial 36-KO reconstruction)	Previous algorithm: distinct-gene set coverage	36	24	66.6666666666667	TRUE	FALSE	IS	88.38	2.132	multi-gene partial reconstruction	1.13147770988912	75.4318473259411	TRUE	TRUE	FALSE	FALSE	TRUE	TRUE	Sensitivity estimate under random gene loss: min(100, observed gene-set coverage / MAG completeness fraction)
SY365BB-0-4_bin24	Vitamin B12	Cobalamin biosynthesis, cobinamide => cobalamin	Previous algorithm: distinct-gene set coverage	8	7	87.5	TRUE	TRUE	IS	88.38	2.132	multi-gene partial reconstruction	1.13147770988912	99.0042996152976	TRUE	TRUE	FALSE	TRUE	TRUE	FALSE	Sensitivity estimate under random gene loss: min(100, observed gene-set coverage / MAG completeness fraction)
SY365BB-0-4_bin24	Vitamin B12	Cobalamin biosynthesis, precorrin2 => cobinamide	Previous algorithm: distinct-gene set coverage	25	14	56	TRUE	FALSE	IS	88.38	2.132	multi-gene partial reconstruction	1.13147770988912	63.3627517537905	TRUE	TRUE	FALSE	FALSE	FALSE	FALSE	Sensitivity estimate under random gene loss: min(100, observed gene-set coverage / MAG completeness fraction)
SY365BB-0-4_bin24	Carbon	Acetyl-CoA pathway, CO2 => acetyl-CoA	Previous algorithm: distinct-gene set coverage	5	0	0	FALSE	FALSE	IS	88.38	2.132	multi-gene partial reconstruction	1.13147770988912	0	FALSE	FALSE	FALSE	FALSE	FALSE	FALSE	Sensitivity estimate under random gene loss: min(100, observed gene-set coverage / MAG completeness fraction)
SY365BB-0-4_bin24	Carbon	Methane oxidation, methanotroph, methane => formaldehyde	Previous algorithm: distinct-gene set coverage	12	0	0	FALSE	FALSE	IS	88.38	2.132	multi-gene partial reconstruction	1.13147770988912	0	FALSE	FALSE	FALSE	FALSE	FALSE	FALSE	Sensitivity estimate under random gene loss: min(100, observed gene-set coverage / MAG completeness fraction)
SY365BB-0-4_bin24	Carbon	Methanogenesis, CO2 => methane	Previous algorithm: distinct-gene set coverage	37	0	0	FALSE	FALSE	IS	88.38	2.132	multi-gene partial reconstruction	1.13147770988912	0	FALSE	FALSE	FALSE	FALSE	FALSE	FALSE	Sensitivity estimate under random gene loss: min(100, observed gene-set coverage / MAG completeness fraction)
SY365BB-0-4_bin24	Carbon	Methanogenesis, acetate => methane	Previous algorithm: distinct-gene set coverage	31	4	12.9032258064516	FALSE	FALSE	IS	88.38	2.132	multi-gene partial reconstruction	1.13147770988912	14.599712385666	FALSE	FALSE	FALSE	FALSE	FALSE	FALSE	Sensitivity estimate under random gene loss: min(100, observed gene-set coverage / MAG completeness fraction)
SY365BB-0-4_bin24	Carbon	Methanogenesis, methanethiol => methane	Previous algorithm: distinct-gene set coverage	1	0	0	FALSE	FALSE	IS	88.38	2.132	multi-gene partial reconstruction	1.13147770988912	0	FALSE	FALSE	FALSE	FALSE	FALSE	FALSE	Sensitivity estimate under random gene loss: min(100, observed gene-set coverage / MAG completeness fraction)
SY365BB-0-4_bin24	Carbon	Methanogenesis, methanol => methane	Previous algorithm: distinct-gene set coverage	19	0	0	FALSE	FALSE	IS	88.38	2.132	multi-gene partial reconstruction	1.13147770988912	0	FALSE	FALSE	FALSE	FALSE	FALSE	FALSE	Sensitivity estimate under random gene loss: min(100, observed gene-set coverage / MAG completeness fraction)
SY365BB-0-4_bin24	Carbon	Methanogenesis, methylamine/dimethylamine/trimethylamine => methane	Previous algorithm: distinct-gene set coverage	23	1	4.34782608695652	FALSE	FALSE	IS	88.38	2.132	multi-gene partial reconstruction	1.13147770988912	4.91946830386572	FALSE	FALSE	FALSE	FALSE	FALSE	FALSE	Sensitivity estimate under random gene loss: min(100, observed gene-set coverage / MAG completeness fraction)
SY365BB-0-4_bin24	Carbon	Reductive acetyl-CoA pathway (Wood-Ljungdahl pathway)	Previous algorithm: distinct-gene set coverage	10	3	30	FALSE	FALSE	IS	88.38	2.132	multi-gene partial reconstruction	1.13147770988912	33.9443312966735	FALSE	FALSE	FALSE	FALSE	FALSE	FALSE	Sensitivity estimate under random gene loss: min(100, observed gene-set coverage / MAG completeness fraction)
SY365BB-0-4_bin24	Carbon	Reductive citrate cycle (Arnon-Buchanan cycle)	Previous algorithm: distinct-gene set coverage	43	14	32.5581395348837	FALSE	FALSE	IS	88.38	2.132	multi-gene partial reconstruction	1.13147770988912	36.8388091591805	FALSE	FALSE	FALSE	FALSE	FALSE	FALSE	Sensitivity estimate under random gene loss: min(100, observed gene-set coverage / MAG completeness fraction)
SY365BB-0-4_bin24	Nitrogen	Assimilatory nitrate reduction, nitrate => ammonia	Previous algorithm: distinct-gene set coverage	6	0	0	FALSE	FALSE	IS	88.38	2.132	multi-gene partial reconstruction	1.13147770988912	0	FALSE	FALSE	FALSE	FALSE	FALSE	FALSE	Sensitivity estimate under random gene loss: min(100, observed gene-set coverage / MAG completeness fraction)
SY365BB-0-4_bin24	Nitrogen	Complete nitrification, comammox, ammonia => nitrite => nitrate	Previous algorithm: distinct-gene set coverage	6	0	0	FALSE	FALSE	IS	88.38	2.132	multi-gene partial reconstruction	1.13147770988912	0	FALSE	FALSE	FALSE	FALSE	FALSE	FALSE	Sensitivity estimate under random gene loss: min(100, observed gene-set coverage / MAG completeness fraction)
SY365BB-0-4_bin24	Nitrogen	Denitrification, nitrate => nitrogen	Previous algorithm: distinct-gene set coverage	11	6	54.5454545454545	TRUE	FALSE	IS	88.38	2.132	multi-gene partial reconstruction	1.13147770988912	61.7169659939517	TRUE	TRUE	FALSE	FALSE	FALSE	FALSE	Sensitivity estimate under random gene loss: min(100, observed gene-set coverage / MAG completeness fraction)
SY365BB-0-4_bin24	Nitrogen	Dissimilatory nitrate reduction, nitrate => ammonia	Previous algorithm: distinct-gene set coverage	9	4	44.4444444444444	FALSE	FALSE	IS	88.38	2.132	multi-gene partial reconstruction	1.13147770988912	50.287898217294	FALSE	TRUE	TRUE	FALSE	FALSE	FALSE	Sensitivity estimate under random gene loss: min(100, observed gene-set coverage / MAG completeness fraction)
SY365BB-0-4_bin24	Nitrogen	Nitrate assimilation	Previous algorithm: distinct-gene set coverage	1	1	100	TRUE	TRUE	IS	88.38	2.132	multi-gene partial reconstruction	1.13147770988912	100	TRUE	TRUE	FALSE	TRUE	TRUE	FALSE	Sensitivity estimate under random gene loss: min(100, observed gene-set coverage / MAG completeness fraction)
SY365BB-0-4_bin24	Nitrogen	Nitrification, ammonia => nitrite	Previous algorithm: distinct-gene set coverage	8	0	0	FALSE	FALSE	IS	88.38	2.132	multi-gene partial reconstruction	1.13147770988912	0	FALSE	FALSE	FALSE	FALSE	FALSE	FALSE	Sensitivity estimate under random gene loss: min(100, observed gene-set coverage / MAG completeness fraction)
SY365BB-0-4_bin24	Nitrogen	Nitrogen fixation, nitrogen => ammonia	Previous algorithm: distinct-gene set coverage	8	0	0	FALSE	FALSE	IS	88.38	2.132	multi-gene partial reconstruction	1.13147770988912	0	FALSE	FALSE	FALSE	FALSE	FALSE	FALSE	Sensitivity estimate under random gene loss: min(100, observed gene-set coverage / MAG completeness fraction)
SY365BB-0-4_bin24	Nitrogen	nitrite + ammonia => nitrogen	Previous algorithm: distinct-gene set coverage	9	1	11.1111111111111	FALSE	FALSE	IS	88.38	2.132	multi-gene partial reconstruction	1.13147770988912	12.5719745543235	FALSE	FALSE	FALSE	FALSE	FALSE	FALSE	Sensitivity estimate under random gene loss: min(100, observed gene-set coverage / MAG completeness fraction)
SY365BB-0-4_bin24	Sulfur	Assimilatory sulfate reduction, sulfate => H2S	Previous algorithm: distinct-gene set coverage	10	5	50	TRUE	FALSE	IS	88.38	2.132	multi-gene partial reconstruction	1.13147770988912	56.5738854944558	TRUE	TRUE	FALSE	FALSE	FALSE	FALSE	Sensitivity estimate under random gene loss: min(100, observed gene-set coverage / MAG completeness fraction)
SY365BB-0-4_bin24	Sulfur	Dissimilatory sulfate reduction, sulfate => H2S	Previous algorithm: distinct-gene set coverage	7	2	28.5714285714286	FALSE	FALSE	IS	88.38	2.132	multi-gene partial reconstruction	1.13147770988912	32.3279345682605	FALSE	FALSE	FALSE	FALSE	FALSE	FALSE	Sensitivity estimate under random gene loss: min(100, observed gene-set coverage / MAG completeness fraction)
SY365BB-0-4_bin24	Sulfur	Thiosulfate oxidation by SOX complex, thiosulfate => sulfate	Previous algorithm: distinct-gene set coverage	7	0	0	FALSE	FALSE	IS	88.38	2.132	multi-gene partial reconstruction	1.13147770988912	0	FALSE	FALSE	FALSE	FALSE	FALSE	FALSE	Sensitivity estimate under random gene loss: min(100, observed gene-set coverage / MAG completeness fraction)
SY365BB-0-4_bin24	Nitrogen	Urea cycle	Previous algorithm: distinct-gene set coverage	6	3	50	TRUE	FALSE	IS	88.38	2.132	multi-gene partial reconstruction	1.13147770988912	56.5738854944558	TRUE	TRUE	FALSE	FALSE	FALSE	FALSE	Sensitivity estimate under random gene loss: min(100, observed gene-set coverage / MAG completeness fraction)
SY365BB-0-4_bin24	Nitrogen	Urea transport system	Previous algorithm: distinct-gene set coverage	5	5	100	TRUE	TRUE	IS	88.38	2.132	multi-gene partial reconstruction	1.13147770988912	100	TRUE	TRUE	FALSE	TRUE	TRUE	FALSE	Sensitivity estimate under random gene loss: min(100, observed gene-set coverage / MAG completeness fraction)
SY365BB-0-4_bin24	Sulfur	Sulfate/thiosulfate transport system	Previous algorithm: distinct-gene set coverage	5	0	0	FALSE	FALSE	IS	88.38	2.132	multi-gene partial reconstruction	1.13147770988912	0	FALSE	FALSE	FALSE	FALSE	FALSE	FALSE	Sensitivity estimate under random gene loss: min(100, observed gene-set coverage / MAG completeness fraction)
SY365BB-0-4_bin24	Sulfur	Sulfonate transport system	Previous algorithm: distinct-gene set coverage	3	0	0	FALSE	FALSE	IS	88.38	2.132	multi-gene partial reconstruction	1.13147770988912	0	FALSE	FALSE	FALSE	FALSE	FALSE	FALSE	Sensitivity estimate under random gene loss: min(100, observed gene-set coverage / MAG completeness fraction)
SY365BB-0-4_bin24	Vitamin B12	Cobalamin salvage	Previous algorithm: distinct-gene set coverage	4	0	0	FALSE	FALSE	IS	88.38	2.132	multi-gene partial reconstruction	1.13147770988912	0	FALSE	FALSE	FALSE	FALSE	FALSE	FALSE	Sensitivity estimate under random gene loss: min(100, observed gene-set coverage / MAG completeness fraction)
SY365BB-0-4_bin24	Vitamin B12	Vitamin B12 transport system	Previous algorithm: distinct-gene set coverage	3	0	0	FALSE	FALSE	IS	88.38	2.132	multi-gene partial reconstruction	1.13147770988912	0	FALSE	FALSE	FALSE	FALSE	FALSE	FALSE	Sensitivity estimate under random gene loss: min(100, observed gene-set coverage / MAG completeness fraction)
SY365BB-0-4_bin24	Carbon	Citrate cycle (TCA cycle, Krebs cycle)	Previous algorithm: distinct-gene set coverage	40	15	37.5	FALSE	FALSE	IS	88.38	2.132	multi-gene partial reconstruction	1.13147770988912	42.4304141208418	FALSE	FALSE	FALSE	FALSE	FALSE	FALSE	Sensitivity estimate under random gene loss: min(100, observed gene-set coverage / MAG completeness fraction)
SY365BB-0-4_bin24	Carbon	Citrate cycle, first carbon oxidation, oxaloacetate => 2-oxoglutarate	Previous algorithm: distinct-gene set coverage	6	3	50	TRUE	FALSE	IS	88.38	2.132	multi-gene partial reconstruction	1.13147770988912	56.5738854944558	TRUE	TRUE	FALSE	FALSE	FALSE	FALSE	Sensitivity estimate under random gene loss: min(100, observed gene-set coverage / MAG completeness fraction)
SY365BB-0-4_bin24	Carbon	Citrate cycle, second carbon oxidation, 2-oxoglutarate => oxaloacetate	Previous algorithm: distinct-gene set coverage	34	12	35.2941176470588	FALSE	FALSE	IS	88.38	2.132	multi-gene partial reconstruction	1.13147770988912	39.9345074078511	FALSE	FALSE	FALSE	FALSE	FALSE	FALSE	Sensitivity estimate under random gene loss: min(100, observed gene-set coverage / MAG completeness fraction)
SY365BB-0-4_bin24	Carbon	Glycolysis (Embden-Meyerhof pathway), glucose => pyruvate	Previous algorithm: distinct-gene set coverage	29	8	27.5862068965517	FALSE	FALSE	IS	88.38	2.132	multi-gene partial reconstruction	1.13147770988912	31.2131782038376	FALSE	FALSE	FALSE	FALSE	FALSE	FALSE	Sensitivity estimate under random gene loss: min(100, observed gene-set coverage / MAG completeness fraction)
SY365BB-0-4_bin24	Carbon	Glycolysis, core module involving three-carbon compounds	Previous algorithm: distinct-gene set coverage	12	5	41.6666666666667	FALSE	FALSE	IS	88.38	2.132	multi-gene partial reconstruction	1.13147770988912	47.1449045787132	FALSE	FALSE	FALSE	FALSE	FALSE	FALSE	Sensitivity estimate under random gene loss: min(100, observed gene-set coverage / MAG completeness fraction)
SY365BB-0-4_bin24	Carbon	Incomplete reductive citrate cycle, acetyl-CoA => oxoglutarate	Previous algorithm: distinct-gene set coverage	17	7	41.1764705882353	FALSE	FALSE	IS	88.38	2.132	multi-gene partial reconstruction	1.13147770988912	46.590258642493	FALSE	FALSE	FALSE	FALSE	FALSE	FALSE	Sensitivity estimate under random gene loss: min(100, observed gene-set coverage / MAG completeness fraction)
SY365BB-0-4_bin24	Carbon	Pyruvate oxidation, pyruvate => acetyl-CoA	Previous algorithm: distinct-gene set coverage	11	5	45.4545454545455	FALSE	FALSE	IS	88.38	2.132	multi-gene partial reconstruction	1.13147770988912	51.4308049949598	FALSE	TRUE	TRUE	FALSE	FALSE	FALSE	Sensitivity estimate under random gene loss: min(100, observed gene-set coverage / MAG completeness fraction)
SY365BB-0-4_bin24	Carbon	TCA /Reductive TCA	Previous algorithm: distinct-gene set coverage	1	0	0	FALSE	FALSE	IS	88.38	2.132	multi-gene partial reconstruction	1.13147770988912	0	FALSE	FALSE	FALSE	FALSE	FALSE	FALSE	Sensitivity estimate under random gene loss: min(100, observed gene-set coverage / MAG completeness fraction)
SY365BB-8-12_bin10	Motility	Flagellar Assembly (partial 36-KO reconstruction)	Previous algorithm: distinct-gene set coverage	36	21	58.3333333333333	TRUE	FALSE	IS	98.7	2.647	multi-gene partial reconstruction	1.01317122593718	59.1016548463357	TRUE	TRUE	FALSE	FALSE	FALSE	FALSE	Sensitivity estimate under random gene loss: min(100, observed gene-set coverage / MAG completeness fraction)
SY365BB-8-12_bin10	Vitamin B12	Cobalamin biosynthesis, cobinamide => cobalamin	Previous algorithm: distinct-gene set coverage	8	7	87.5	TRUE	TRUE	IS	98.7	2.647	multi-gene partial reconstruction	1.01317122593718	88.6524822695036	TRUE	TRUE	FALSE	TRUE	TRUE	FALSE	Sensitivity estimate under random gene loss: min(100, observed gene-set coverage / MAG completeness fraction)
SY365BB-8-12_bin10	Vitamin B12	Cobalamin biosynthesis, precorrin2 => cobinamide	Previous algorithm: distinct-gene set coverage	25	14	56	TRUE	FALSE	IS	98.7	2.647	multi-gene partial reconstruction	1.01317122593718	56.7375886524823	TRUE	TRUE	FALSE	FALSE	FALSE	FALSE	Sensitivity estimate under random gene loss: min(100, observed gene-set coverage / MAG completeness fraction)
SY365BB-8-12_bin10	Carbon	Acetyl-CoA pathway, CO2 => acetyl-CoA	Previous algorithm: distinct-gene set coverage	5	0	0	FALSE	FALSE	IS	98.7	2.647	multi-gene partial reconstruction	1.01317122593718	0	FALSE	FALSE	FALSE	FALSE	FALSE	FALSE	Sensitivity estimate under random gene loss: min(100, observed gene-set coverage / MAG completeness fraction)
SY365BB-8-12_bin10	Carbon	Methane oxidation, methanotroph, methane => formaldehyde	Previous algorithm: distinct-gene set coverage	12	0	0	FALSE	FALSE	IS	98.7	2.647	multi-gene partial reconstruction	1.01317122593718	0	FALSE	FALSE	FALSE	FALSE	FALSE	FALSE	Sensitivity estimate under random gene loss: min(100, observed gene-set coverage / MAG completeness fraction)
SY365BB-8-12_bin10	Carbon	Methanogenesis, CO2 => methane	Previous algorithm: distinct-gene set coverage	37	0	0	FALSE	FALSE	IS	98.7	2.647	multi-gene partial reconstruction	1.01317122593718	0	FALSE	FALSE	FALSE	FALSE	FALSE	FALSE	Sensitivity estimate under random gene loss: min(100, observed gene-set coverage / MAG completeness fraction)
SY365BB-8-12_bin10	Carbon	Methanogenesis, acetate => methane	Previous algorithm: distinct-gene set coverage	31	1	3.2258064516129	FALSE	FALSE	IS	98.7	2.647	multi-gene partial reconstruction	1.01317122593718	3.26829427721672	FALSE	FALSE	FALSE	FALSE	FALSE	FALSE	Sensitivity estimate under random gene loss: min(100, observed gene-set coverage / MAG completeness fraction)
SY365BB-8-12_bin10	Carbon	Methanogenesis, methanethiol => methane	Previous algorithm: distinct-gene set coverage	1	0	0	FALSE	FALSE	IS	98.7	2.647	multi-gene partial reconstruction	1.01317122593718	0	FALSE	FALSE	FALSE	FALSE	FALSE	FALSE	Sensitivity estimate under random gene loss: min(100, observed gene-set coverage / MAG completeness fraction)
SY365BB-8-12_bin10	Carbon	Methanogenesis, methanol => methane	Previous algorithm: distinct-gene set coverage	19	0	0	FALSE	FALSE	IS	98.7	2.647	multi-gene partial reconstruction	1.01317122593718	0	FALSE	FALSE	FALSE	FALSE	FALSE	FALSE	Sensitivity estimate under random gene loss: min(100, observed gene-set coverage / MAG completeness fraction)
SY365BB-8-12_bin10	Carbon	Methanogenesis, methylamine/dimethylamine/trimethylamine => methane	Previous algorithm: distinct-gene set coverage	23	1	4.34782608695652	FALSE	FALSE	IS	98.7	2.647	multi-gene partial reconstruction	1.01317122593718	4.4050922866834	FALSE	FALSE	FALSE	FALSE	FALSE	FALSE	Sensitivity estimate under random gene loss: min(100, observed gene-set coverage / MAG completeness fraction)
SY365BB-8-12_bin10	Carbon	Reductive acetyl-CoA pathway (Wood-Ljungdahl pathway)	Previous algorithm: distinct-gene set coverage	10	3	30	FALSE	FALSE	IS	98.7	2.647	multi-gene partial reconstruction	1.01317122593718	30.3951367781155	FALSE	FALSE	FALSE	FALSE	FALSE	FALSE	Sensitivity estimate under random gene loss: min(100, observed gene-set coverage / MAG completeness fraction)
SY365BB-8-12_bin10	Carbon	Reductive citrate cycle (Arnon-Buchanan cycle)	Previous algorithm: distinct-gene set coverage	43	15	34.8837209302326	FALSE	FALSE	IS	98.7	2.647	multi-gene partial reconstruction	1.01317122593718	35.3431823001343	FALSE	FALSE	FALSE	FALSE	FALSE	FALSE	Sensitivity estimate under random gene loss: min(100, observed gene-set coverage / MAG completeness fraction)
SY365BB-8-12_bin10	Nitrogen	Assimilatory nitrate reduction, nitrate => ammonia	Previous algorithm: distinct-gene set coverage	6	0	0	FALSE	FALSE	IS	98.7	2.647	multi-gene partial reconstruction	1.01317122593718	0	FALSE	FALSE	FALSE	FALSE	FALSE	FALSE	Sensitivity estimate under random gene loss: min(100, observed gene-set coverage / MAG completeness fraction)
SY365BB-8-12_bin10	Nitrogen	Complete nitrification, comammox, ammonia => nitrite => nitrate	Previous algorithm: distinct-gene set coverage	6	0	0	FALSE	FALSE	IS	98.7	2.647	multi-gene partial reconstruction	1.01317122593718	0	FALSE	FALSE	FALSE	FALSE	FALSE	FALSE	Sensitivity estimate under random gene loss: min(100, observed gene-set coverage / MAG completeness fraction)
SY365BB-8-12_bin10	Nitrogen	Denitrification, nitrate => nitrogen	Previous algorithm: distinct-gene set coverage	11	4	36.3636363636364	FALSE	FALSE	IS	98.7	2.647	multi-gene partial reconstruction	1.01317122593718	36.8425900340794	FALSE	FALSE	FALSE	FALSE	FALSE	FALSE	Sensitivity estimate under random gene loss: min(100, observed gene-set coverage / MAG completeness fraction)
SY365BB-8-12_bin10	Nitrogen	Dissimilatory nitrate reduction, nitrate => ammonia	Previous algorithm: distinct-gene set coverage	9	2	22.2222222222222	FALSE	FALSE	IS	98.7	2.647	multi-gene partial reconstruction	1.01317122593718	22.5149161319374	FALSE	FALSE	FALSE	FALSE	FALSE	FALSE	Sensitivity estimate under random gene loss: min(100, observed gene-set coverage / MAG completeness fraction)
SY365BB-8-12_bin10	Nitrogen	Nitrate assimilation	Previous algorithm: distinct-gene set coverage	1	0	0	FALSE	FALSE	IS	98.7	2.647	multi-gene partial reconstruction	1.01317122593718	0	FALSE	FALSE	FALSE	FALSE	FALSE	FALSE	Sensitivity estimate under random gene loss: min(100, observed gene-set coverage / MAG completeness fraction)
SY365BB-8-12_bin10	Nitrogen	Nitrification, ammonia => nitrite	Previous algorithm: distinct-gene set coverage	8	0	0	FALSE	FALSE	IS	98.7	2.647	multi-gene partial reconstruction	1.01317122593718	0	FALSE	FALSE	FALSE	FALSE	FALSE	FALSE	Sensitivity estimate under random gene loss: min(100, observed gene-set coverage / MAG completeness fraction)
SY365BB-8-12_bin10	Nitrogen	Nitrogen fixation, nitrogen => ammonia	Previous algorithm: distinct-gene set coverage	8	0	0	FALSE	FALSE	IS	98.7	2.647	multi-gene partial reconstruction	1.01317122593718	0	FALSE	FALSE	FALSE	FALSE	FALSE	FALSE	Sensitivity estimate under random gene loss: min(100, observed gene-set coverage / MAG completeness fraction)
SY365BB-8-12_bin10	Nitrogen	nitrite + ammonia => nitrogen	Previous algorithm: distinct-gene set coverage	9	1	11.1111111111111	FALSE	FALSE	IS	98.7	2.647	multi-gene partial reconstruction	1.01317122593718	11.2574580659687	FALSE	FALSE	FALSE	FALSE	FALSE	FALSE	Sensitivity estimate under random gene loss: min(100, observed gene-set coverage / MAG completeness fraction)
SY365BB-8-12_bin10	Sulfur	Assimilatory sulfate reduction, sulfate => H2S	Previous algorithm: distinct-gene set coverage	10	3	30	FALSE	FALSE	IS	98.7	2.647	multi-gene partial reconstruction	1.01317122593718	30.3951367781155	FALSE	FALSE	FALSE	FALSE	FALSE	FALSE	Sensitivity estimate under random gene loss: min(100, observed gene-set coverage / MAG completeness fraction)
SY365BB-8-12_bin10	Sulfur	Dissimilatory sulfate reduction, sulfate => H2S	Previous algorithm: distinct-gene set coverage	7	3	42.8571428571429	FALSE	FALSE	IS	98.7	2.647	multi-gene partial reconstruction	1.01317122593718	43.4216239687365	FALSE	FALSE	FALSE	FALSE	FALSE	FALSE	Sensitivity estimate under random gene loss: min(100, observed gene-set coverage / MAG completeness fraction)
SY365BB-8-12_bin10	Sulfur	Thiosulfate oxidation by SOX complex, thiosulfate => sulfate	Previous algorithm: distinct-gene set coverage	7	6	85.7142857142857	TRUE	TRUE	IS	98.7	2.647	multi-gene partial reconstruction	1.01317122593718	86.8432479374729	TRUE	TRUE	FALSE	TRUE	TRUE	FALSE	Sensitivity estimate under random gene loss: min(100, observed gene-set coverage / MAG completeness fraction)
SY365BB-8-12_bin10	Nitrogen	Urea cycle	Previous algorithm: distinct-gene set coverage	6	3	50	TRUE	FALSE	IS	98.7	2.647	multi-gene partial reconstruction	1.01317122593718	50.6585612968592	TRUE	TRUE	FALSE	FALSE	FALSE	FALSE	Sensitivity estimate under random gene loss: min(100, observed gene-set coverage / MAG completeness fraction)
SY365BB-8-12_bin10	Nitrogen	Urea transport system	Previous algorithm: distinct-gene set coverage	5	0	0	FALSE	FALSE	IS	98.7	2.647	multi-gene partial reconstruction	1.01317122593718	0	FALSE	FALSE	FALSE	FALSE	FALSE	FALSE	Sensitivity estimate under random gene loss: min(100, observed gene-set coverage / MAG completeness fraction)
SY365BB-8-12_bin10	Sulfur	Sulfate/thiosulfate transport system	Previous algorithm: distinct-gene set coverage	5	0	0	FALSE	FALSE	IS	98.7	2.647	multi-gene partial reconstruction	1.01317122593718	0	FALSE	FALSE	FALSE	FALSE	FALSE	FALSE	Sensitivity estimate under random gene loss: min(100, observed gene-set coverage / MAG completeness fraction)
SY365BB-8-12_bin10	Sulfur	Sulfonate transport system	Previous algorithm: distinct-gene set coverage	3	1	33.3333333333333	FALSE	FALSE	IS	98.7	2.647	multi-gene partial reconstruction	1.01317122593718	33.7723741979061	FALSE	FALSE	FALSE	FALSE	FALSE	FALSE	Sensitivity estimate under random gene loss: min(100, observed gene-set coverage / MAG completeness fraction)
SY365BB-8-12_bin10	Vitamin B12	Cobalamin salvage	Previous algorithm: distinct-gene set coverage	4	0	0	FALSE	FALSE	IS	98.7	2.647	multi-gene partial reconstruction	1.01317122593718	0	FALSE	FALSE	FALSE	FALSE	FALSE	FALSE	Sensitivity estimate under random gene loss: min(100, observed gene-set coverage / MAG completeness fraction)
SY365BB-8-12_bin10	Vitamin B12	Vitamin B12 transport system	Previous algorithm: distinct-gene set coverage	3	0	0	FALSE	FALSE	IS	98.7	2.647	multi-gene partial reconstruction	1.01317122593718	0	FALSE	FALSE	FALSE	FALSE	FALSE	FALSE	Sensitivity estimate under random gene loss: min(100, observed gene-set coverage / MAG completeness fraction)
SY365BB-8-12_bin10	Carbon	Citrate cycle (TCA cycle, Krebs cycle)	Previous algorithm: distinct-gene set coverage	40	17	42.5	FALSE	FALSE	IS	98.7	2.647	multi-gene partial reconstruction	1.01317122593718	43.0597771023303	FALSE	FALSE	FALSE	FALSE	FALSE	FALSE	Sensitivity estimate under random gene loss: min(100, observed gene-set coverage / MAG completeness fraction)
SY365BB-8-12_bin10	Carbon	Citrate cycle, first carbon oxidation, oxaloacetate => 2-oxoglutarate	Previous algorithm: distinct-gene set coverage	6	2	33.3333333333333	FALSE	FALSE	IS	98.7	2.647	multi-gene partial reconstruction	1.01317122593718	33.7723741979061	FALSE	FALSE	FALSE	FALSE	FALSE	FALSE	Sensitivity estimate under random gene loss: min(100, observed gene-set coverage / MAG completeness fraction)
SY365BB-8-12_bin10	Carbon	Citrate cycle, second carbon oxidation, 2-oxoglutarate => oxaloacetate	Previous algorithm: distinct-gene set coverage	34	15	44.1176470588235	FALSE	FALSE	IS	98.7	2.647	multi-gene partial reconstruction	1.01317122593718	44.6987305560522	FALSE	FALSE	FALSE	FALSE	FALSE	FALSE	Sensitivity estimate under random gene loss: min(100, observed gene-set coverage / MAG completeness fraction)
SY365BB-8-12_bin10	Carbon	Glycolysis (Embden-Meyerhof pathway), glucose => pyruvate	Previous algorithm: distinct-gene set coverage	29	10	34.4827586206897	FALSE	FALSE	IS	98.7	2.647	multi-gene partial reconstruction	1.01317122593718	34.9369388254202	FALSE	FALSE	FALSE	FALSE	FALSE	FALSE	Sensitivity estimate under random gene loss: min(100, observed gene-set coverage / MAG completeness fraction)
SY365BB-8-12_bin10	Carbon	Glycolysis, core module involving three-carbon compounds	Previous algorithm: distinct-gene set coverage	12	6	50	TRUE	FALSE	IS	98.7	2.647	multi-gene partial reconstruction	1.01317122593718	50.6585612968592	TRUE	TRUE	FALSE	FALSE	FALSE	FALSE	Sensitivity estimate under random gene loss: min(100, observed gene-set coverage / MAG completeness fraction)
SY365BB-8-12_bin10	Carbon	Incomplete reductive citrate cycle, acetyl-CoA => oxoglutarate	Previous algorithm: distinct-gene set coverage	17	7	41.1764705882353	FALSE	FALSE	IS	98.7	2.647	multi-gene partial reconstruction	1.01317122593718	41.7188151856487	FALSE	FALSE	FALSE	FALSE	FALSE	FALSE	Sensitivity estimate under random gene loss: min(100, observed gene-set coverage / MAG completeness fraction)
SY365BB-8-12_bin10	Carbon	Pyruvate oxidation, pyruvate => acetyl-CoA	Previous algorithm: distinct-gene set coverage	11	4	36.3636363636364	FALSE	FALSE	IS	98.7	2.647	multi-gene partial reconstruction	1.01317122593718	36.8425900340794	FALSE	FALSE	FALSE	FALSE	FALSE	FALSE	Sensitivity estimate under random gene loss: min(100, observed gene-set coverage / MAG completeness fraction)
SY365BB-8-12_bin10	Carbon	TCA /Reductive TCA	Previous algorithm: distinct-gene set coverage	1	0	0	FALSE	FALSE	IS	98.7	2.647	multi-gene partial reconstruction	1.01317122593718	0	FALSE	FALSE	FALSE	FALSE	FALSE	FALSE	Sensitivity estimate under random gene loss: min(100, observed gene-set coverage / MAG completeness fraction)
SY365BB-8-12_bin26	Motility	Flagellar Assembly (partial 36-KO reconstruction)	Previous algorithm: distinct-gene set coverage	36	23	63.8888888888889	TRUE	FALSE	IS	97.97	2.876	multi-gene partial reconstruction	1.02072062876391	65.2127068376941	TRUE	TRUE	FALSE	FALSE	FALSE	FALSE	Sensitivity estimate under random gene loss: min(100, observed gene-set coverage / MAG completeness fraction)
SY365BB-8-12_bin26	Vitamin B12	Cobalamin biosynthesis, cobinamide => cobalamin	Previous algorithm: distinct-gene set coverage	8	7	87.5	TRUE	TRUE	IS	97.97	2.876	multi-gene partial reconstruction	1.02072062876391	89.3130550168419	TRUE	TRUE	FALSE	TRUE	TRUE	FALSE	Sensitivity estimate under random gene loss: min(100, observed gene-set coverage / MAG completeness fraction)
SY365BB-8-12_bin26	Vitamin B12	Cobalamin biosynthesis, precorrin2 => cobinamide	Previous algorithm: distinct-gene set coverage	25	11	44	FALSE	FALSE	IS	97.97	2.876	multi-gene partial reconstruction	1.02072062876391	44.9117076656119	FALSE	FALSE	FALSE	FALSE	FALSE	FALSE	Sensitivity estimate under random gene loss: min(100, observed gene-set coverage / MAG completeness fraction)
SY365BB-8-12_bin26	Carbon	Acetyl-CoA pathway, CO2 => acetyl-CoA	Previous algorithm: distinct-gene set coverage	5	0	0	FALSE	FALSE	IS	97.97	2.876	multi-gene partial reconstruction	1.02072062876391	0	FALSE	FALSE	FALSE	FALSE	FALSE	FALSE	Sensitivity estimate under random gene loss: min(100, observed gene-set coverage / MAG completeness fraction)
SY365BB-8-12_bin26	Carbon	Methane oxidation, methanotroph, methane => formaldehyde	Previous algorithm: distinct-gene set coverage	12	0	0	FALSE	FALSE	IS	97.97	2.876	multi-gene partial reconstruction	1.02072062876391	0	FALSE	FALSE	FALSE	FALSE	FALSE	FALSE	Sensitivity estimate under random gene loss: min(100, observed gene-set coverage / MAG completeness fraction)
SY365BB-8-12_bin26	Carbon	Methanogenesis, CO2 => methane	Previous algorithm: distinct-gene set coverage	37	0	0	FALSE	FALSE	IS	97.97	2.876	multi-gene partial reconstruction	1.02072062876391	0	FALSE	FALSE	FALSE	FALSE	FALSE	FALSE	Sensitivity estimate under random gene loss: min(100, observed gene-set coverage / MAG completeness fraction)
SY365BB-8-12_bin26	Carbon	Methanogenesis, acetate => methane	Previous algorithm: distinct-gene set coverage	31	2	6.45161290322581	FALSE	FALSE	IS	97.97	2.876	multi-gene partial reconstruction	1.02072062876391	6.58529437912199	FALSE	FALSE	FALSE	FALSE	FALSE	FALSE	Sensitivity estimate under random gene loss: min(100, observed gene-set coverage / MAG completeness fraction)
SY365BB-8-12_bin26	Carbon	Methanogenesis, methanethiol => methane	Previous algorithm: distinct-gene set coverage	1	0	0	FALSE	FALSE	IS	97.97	2.876	multi-gene partial reconstruction	1.02072062876391	0	FALSE	FALSE	FALSE	FALSE	FALSE	FALSE	Sensitivity estimate under random gene loss: min(100, observed gene-set coverage / MAG completeness fraction)
SY365BB-8-12_bin26	Carbon	Methanogenesis, methanol => methane	Previous algorithm: distinct-gene set coverage	19	0	0	FALSE	FALSE	IS	97.97	2.876	multi-gene partial reconstruction	1.02072062876391	0	FALSE	FALSE	FALSE	FALSE	FALSE	FALSE	Sensitivity estimate under random gene loss: min(100, observed gene-set coverage / MAG completeness fraction)
SY365BB-8-12_bin26	Carbon	Methanogenesis, methylamine/dimethylamine/trimethylamine => methane	Previous algorithm: distinct-gene set coverage	23	1	4.34782608695652	FALSE	FALSE	IS	97.97	2.876	multi-gene partial reconstruction	1.02072062876391	4.43791577723438	FALSE	FALSE	FALSE	FALSE	FALSE	FALSE	Sensitivity estimate under random gene loss: min(100, observed gene-set coverage / MAG completeness fraction)
SY365BB-8-12_bin26	Carbon	Reductive acetyl-CoA pathway (Wood-Ljungdahl pathway)	Previous algorithm: distinct-gene set coverage	10	3	30	FALSE	FALSE	IS	97.97	2.876	multi-gene partial reconstruction	1.02072062876391	30.6216188629172	FALSE	FALSE	FALSE	FALSE	FALSE	FALSE	Sensitivity estimate under random gene loss: min(100, observed gene-set coverage / MAG completeness fraction)
SY365BB-8-12_bin26	Carbon	Reductive citrate cycle (Arnon-Buchanan cycle)	Previous algorithm: distinct-gene set coverage	43	13	30.2325581395349	FALSE	FALSE	IS	97.97	2.876	multi-gene partial reconstruction	1.02072062876391	30.8589957533274	FALSE	FALSE	FALSE	FALSE	FALSE	FALSE	Sensitivity estimate under random gene loss: min(100, observed gene-set coverage / MAG completeness fraction)
SY365BB-8-12_bin26	Nitrogen	Assimilatory nitrate reduction, nitrate => ammonia	Previous algorithm: distinct-gene set coverage	6	1	16.6666666666667	FALSE	FALSE	IS	97.97	2.876	multi-gene partial reconstruction	1.02072062876391	17.0120104793985	FALSE	FALSE	FALSE	FALSE	FALSE	FALSE	Sensitivity estimate under random gene loss: min(100, observed gene-set coverage / MAG completeness fraction)
SY365BB-8-12_bin26	Nitrogen	Complete nitrification, comammox, ammonia => nitrite => nitrate	Previous algorithm: distinct-gene set coverage	6	0	0	FALSE	FALSE	IS	97.97	2.876	multi-gene partial reconstruction	1.02072062876391	0	FALSE	FALSE	FALSE	FALSE	FALSE	FALSE	Sensitivity estimate under random gene loss: min(100, observed gene-set coverage / MAG completeness fraction)
SY365BB-8-12_bin26	Nitrogen	Denitrification, nitrate => nitrogen	Previous algorithm: distinct-gene set coverage	11	4	36.3636363636364	FALSE	FALSE	IS	97.97	2.876	multi-gene partial reconstruction	1.02072062876391	37.117113773233	FALSE	FALSE	FALSE	FALSE	FALSE	FALSE	Sensitivity estimate under random gene loss: min(100, observed gene-set coverage / MAG completeness fraction)
SY365BB-8-12_bin26	Nitrogen	Dissimilatory nitrate reduction, nitrate => ammonia	Previous algorithm: distinct-gene set coverage	9	3	33.3333333333333	FALSE	FALSE	IS	97.97	2.876	multi-gene partial reconstruction	1.02072062876391	34.0240209587969	FALSE	FALSE	FALSE	FALSE	FALSE	FALSE	Sensitivity estimate under random gene loss: min(100, observed gene-set coverage / MAG completeness fraction)
SY365BB-8-12_bin26	Nitrogen	Nitrate assimilation	Previous algorithm: distinct-gene set coverage	1	1	100	TRUE	TRUE	IS	97.97	2.876	multi-gene partial reconstruction	1.02072062876391	100	TRUE	TRUE	FALSE	TRUE	TRUE	FALSE	Sensitivity estimate under random gene loss: min(100, observed gene-set coverage / MAG completeness fraction)
SY365BB-8-12_bin26	Nitrogen	Nitrification, ammonia => nitrite	Previous algorithm: distinct-gene set coverage	8	0	0	FALSE	FALSE	IS	97.97	2.876	multi-gene partial reconstruction	1.02072062876391	0	FALSE	FALSE	FALSE	FALSE	FALSE	FALSE	Sensitivity estimate under random gene loss: min(100, observed gene-set coverage / MAG completeness fraction)
SY365BB-8-12_bin26	Nitrogen	Nitrogen fixation, nitrogen => ammonia	Previous algorithm: distinct-gene set coverage	8	0	0	FALSE	FALSE	IS	97.97	2.876	multi-gene partial reconstruction	1.02072062876391	0	FALSE	FALSE	FALSE	FALSE	FALSE	FALSE	Sensitivity estimate under random gene loss: min(100, observed gene-set coverage / MAG completeness fraction)
SY365BB-8-12_bin26	Nitrogen	nitrite + ammonia => nitrogen	Previous algorithm: distinct-gene set coverage	9	1	11.1111111111111	FALSE	FALSE	IS	97.97	2.876	multi-gene partial reconstruction	1.02072062876391	11.341340319599	FALSE	FALSE	FALSE	FALSE	FALSE	FALSE	Sensitivity estimate under random gene loss: min(100, observed gene-set coverage / MAG completeness fraction)
SY365BB-8-12_bin26	Sulfur	Assimilatory sulfate reduction, sulfate => H2S	Previous algorithm: distinct-gene set coverage	10	3	30	FALSE	FALSE	IS	97.97	2.876	multi-gene partial reconstruction	1.02072062876391	30.6216188629172	FALSE	FALSE	FALSE	FALSE	FALSE	FALSE	Sensitivity estimate under random gene loss: min(100, observed gene-set coverage / MAG completeness fraction)
SY365BB-8-12_bin26	Sulfur	Dissimilatory sulfate reduction, sulfate => H2S	Previous algorithm: distinct-gene set coverage	7	1	14.2857142857143	FALSE	FALSE	IS	97.97	2.876	multi-gene partial reconstruction	1.02072062876391	14.5817232680558	FALSE	FALSE	FALSE	FALSE	FALSE	FALSE	Sensitivity estimate under random gene loss: min(100, observed gene-set coverage / MAG completeness fraction)
SY365BB-8-12_bin26	Sulfur	Thiosulfate oxidation by SOX complex, thiosulfate => sulfate	Previous algorithm: distinct-gene set coverage	7	7	100	TRUE	TRUE	IS	97.97	2.876	multi-gene partial reconstruction	1.02072062876391	100	TRUE	TRUE	FALSE	TRUE	TRUE	FALSE	Sensitivity estimate under random gene loss: min(100, observed gene-set coverage / MAG completeness fraction)
SY365BB-8-12_bin26	Nitrogen	Urea cycle	Previous algorithm: distinct-gene set coverage	6	4	66.6666666666667	TRUE	FALSE	IS	97.97	2.876	multi-gene partial reconstruction	1.02072062876391	68.0480419175938	TRUE	TRUE	FALSE	FALSE	FALSE	FALSE	Sensitivity estimate under random gene loss: min(100, observed gene-set coverage / MAG completeness fraction)
SY365BB-8-12_bin26	Nitrogen	Urea transport system	Previous algorithm: distinct-gene set coverage	5	5	100	TRUE	TRUE	IS	97.97	2.876	multi-gene partial reconstruction	1.02072062876391	100	TRUE	TRUE	FALSE	TRUE	TRUE	FALSE	Sensitivity estimate under random gene loss: min(100, observed gene-set coverage / MAG completeness fraction)
SY365BB-8-12_bin26	Sulfur	Sulfate/thiosulfate transport system	Previous algorithm: distinct-gene set coverage	5	0	0	FALSE	FALSE	IS	97.97	2.876	multi-gene partial reconstruction	1.02072062876391	0	FALSE	FALSE	FALSE	FALSE	FALSE	FALSE	Sensitivity estimate under random gene loss: min(100, observed gene-set coverage / MAG completeness fraction)
SY365BB-8-12_bin26	Sulfur	Sulfonate transport system	Previous algorithm: distinct-gene set coverage	3	1	33.3333333333333	FALSE	FALSE	IS	97.97	2.876	multi-gene partial reconstruction	1.02072062876391	34.0240209587969	FALSE	FALSE	FALSE	FALSE	FALSE	FALSE	Sensitivity estimate under random gene loss: min(100, observed gene-set coverage / MAG completeness fraction)
SY365BB-8-12_bin26	Vitamin B12	Cobalamin salvage	Previous algorithm: distinct-gene set coverage	4	0	0	FALSE	FALSE	IS	97.97	2.876	multi-gene partial reconstruction	1.02072062876391	0	FALSE	FALSE	FALSE	FALSE	FALSE	FALSE	Sensitivity estimate under random gene loss: min(100, observed gene-set coverage / MAG completeness fraction)
SY365BB-8-12_bin26	Vitamin B12	Vitamin B12 transport system	Previous algorithm: distinct-gene set coverage	3	0	0	FALSE	FALSE	IS	97.97	2.876	multi-gene partial reconstruction	1.02072062876391	0	FALSE	FALSE	FALSE	FALSE	FALSE	FALSE	Sensitivity estimate under random gene loss: min(100, observed gene-set coverage / MAG completeness fraction)
SY365BB-8-12_bin26	Carbon	Citrate cycle (TCA cycle, Krebs cycle)	Previous algorithm: distinct-gene set coverage	40	14	35	FALSE	FALSE	IS	97.97	2.876	multi-gene partial reconstruction	1.02072062876391	35.7252220067368	FALSE	FALSE	FALSE	FALSE	FALSE	FALSE	Sensitivity estimate under random gene loss: min(100, observed gene-set coverage / MAG completeness fraction)
SY365BB-8-12_bin26	Carbon	Citrate cycle, first carbon oxidation, oxaloacetate => 2-oxoglutarate	Previous algorithm: distinct-gene set coverage	6	2	33.3333333333333	FALSE	FALSE	IS	97.97	2.876	multi-gene partial reconstruction	1.02072062876391	34.0240209587969	FALSE	FALSE	FALSE	FALSE	FALSE	FALSE	Sensitivity estimate under random gene loss: min(100, observed gene-set coverage / MAG completeness fraction)
SY365BB-8-12_bin26	Carbon	Citrate cycle, second carbon oxidation, 2-oxoglutarate => oxaloacetate	Previous algorithm: distinct-gene set coverage	34	12	35.2941176470588	FALSE	FALSE	IS	97.97	2.876	multi-gene partial reconstruction	1.02072062876391	36.0254339563732	FALSE	FALSE	FALSE	FALSE	FALSE	FALSE	Sensitivity estimate under random gene loss: min(100, observed gene-set coverage / MAG completeness fraction)
SY365BB-8-12_bin26	Carbon	Glycolysis (Embden-Meyerhof pathway), glucose => pyruvate	Previous algorithm: distinct-gene set coverage	29	9	31.0344827586207	FALSE	FALSE	IS	97.97	2.876	multi-gene partial reconstruction	1.02072062876391	31.677536754742	FALSE	FALSE	FALSE	FALSE	FALSE	FALSE	Sensitivity estimate under random gene loss: min(100, observed gene-set coverage / MAG completeness fraction)
SY365BB-8-12_bin26	Carbon	Glycolysis, core module involving three-carbon compounds	Previous algorithm: distinct-gene set coverage	12	6	50	TRUE	FALSE	IS	97.97	2.876	multi-gene partial reconstruction	1.02072062876391	51.0360314381954	TRUE	TRUE	FALSE	FALSE	FALSE	FALSE	Sensitivity estimate under random gene loss: min(100, observed gene-set coverage / MAG completeness fraction)
SY365BB-8-12_bin26	Carbon	Incomplete reductive citrate cycle, acetyl-CoA => oxoglutarate	Previous algorithm: distinct-gene set coverage	17	5	29.4117647058824	FALSE	FALSE	IS	97.97	2.876	multi-gene partial reconstruction	1.02072062876391	30.0211949636444	FALSE	FALSE	FALSE	FALSE	FALSE	FALSE	Sensitivity estimate under random gene loss: min(100, observed gene-set coverage / MAG completeness fraction)
SY365BB-8-12_bin26	Carbon	Pyruvate oxidation, pyruvate => acetyl-CoA	Previous algorithm: distinct-gene set coverage	11	4	36.3636363636364	FALSE	FALSE	IS	97.97	2.876	multi-gene partial reconstruction	1.02072062876391	37.117113773233	FALSE	FALSE	FALSE	FALSE	FALSE	FALSE	Sensitivity estimate under random gene loss: min(100, observed gene-set coverage / MAG completeness fraction)
SY365BB-8-12_bin26	Carbon	TCA /Reductive TCA	Previous algorithm: distinct-gene set coverage	1	0	0	FALSE	FALSE	IS	97.97	2.876	multi-gene partial reconstruction	1.02072062876391	0	FALSE	FALSE	FALSE	FALSE	FALSE	FALSE	Sensitivity estimate under random gene loss: min(100, observed gene-set coverage / MAG completeness fraction)
SY365BB-8-12_bin7	Motility	Flagellar Assembly (partial 36-KO reconstruction)	Previous algorithm: distinct-gene set coverage	36	28	77.7777777777778	TRUE	TRUE	IS	82.2	3.333	multi-gene partial reconstruction	1.21654501216545	94.6201676128684	TRUE	TRUE	FALSE	TRUE	TRUE	FALSE	Sensitivity estimate under random gene loss: min(100, observed gene-set coverage / MAG completeness fraction)
SY365BB-8-12_bin7	Vitamin B12	Cobalamin biosynthesis, cobinamide => cobalamin	Previous algorithm: distinct-gene set coverage	8	4	50	TRUE	FALSE	IS	82.2	3.333	multi-gene partial reconstruction	1.21654501216545	60.8272506082725	TRUE	TRUE	FALSE	FALSE	FALSE	FALSE	Sensitivity estimate under random gene loss: min(100, observed gene-set coverage / MAG completeness fraction)
SY365BB-8-12_bin7	Vitamin B12	Cobalamin biosynthesis, precorrin2 => cobinamide	Previous algorithm: distinct-gene set coverage	25	0	0	FALSE	FALSE	IS	82.2	3.333	multi-gene partial reconstruction	1.21654501216545	0	FALSE	FALSE	FALSE	FALSE	FALSE	FALSE	Sensitivity estimate under random gene loss: min(100, observed gene-set coverage / MAG completeness fraction)
SY365BB-8-12_bin7	Carbon	Acetyl-CoA pathway, CO2 => acetyl-CoA	Previous algorithm: distinct-gene set coverage	5	0	0	FALSE	FALSE	IS	82.2	3.333	multi-gene partial reconstruction	1.21654501216545	0	FALSE	FALSE	FALSE	FALSE	FALSE	FALSE	Sensitivity estimate under random gene loss: min(100, observed gene-set coverage / MAG completeness fraction)
SY365BB-8-12_bin7	Carbon	Methane oxidation, methanotroph, methane => formaldehyde	Previous algorithm: distinct-gene set coverage	12	0	0	FALSE	FALSE	IS	82.2	3.333	multi-gene partial reconstruction	1.21654501216545	0	FALSE	FALSE	FALSE	FALSE	FALSE	FALSE	Sensitivity estimate under random gene loss: min(100, observed gene-set coverage / MAG completeness fraction)
SY365BB-8-12_bin7	Carbon	Methanogenesis, CO2 => methane	Previous algorithm: distinct-gene set coverage	37	0	0	FALSE	FALSE	IS	82.2	3.333	multi-gene partial reconstruction	1.21654501216545	0	FALSE	FALSE	FALSE	FALSE	FALSE	FALSE	Sensitivity estimate under random gene loss: min(100, observed gene-set coverage / MAG completeness fraction)
SY365BB-8-12_bin7	Carbon	Methanogenesis, acetate => methane	Previous algorithm: distinct-gene set coverage	31	4	12.9032258064516	FALSE	FALSE	IS	82.2	3.333	multi-gene partial reconstruction	1.21654501216545	15.6973549956832	FALSE	FALSE	FALSE	FALSE	FALSE	FALSE	Sensitivity estimate under random gene loss: min(100, observed gene-set coverage / MAG completeness fraction)
SY365BB-8-12_bin7	Carbon	Methanogenesis, methanethiol => methane	Previous algorithm: distinct-gene set coverage	1	0	0	FALSE	FALSE	IS	82.2	3.333	multi-gene partial reconstruction	1.21654501216545	0	FALSE	FALSE	FALSE	FALSE	FALSE	FALSE	Sensitivity estimate under random gene loss: min(100, observed gene-set coverage / MAG completeness fraction)
SY365BB-8-12_bin7	Carbon	Methanogenesis, methanol => methane	Previous algorithm: distinct-gene set coverage	19	0	0	FALSE	FALSE	IS	82.2	3.333	multi-gene partial reconstruction	1.21654501216545	0	FALSE	FALSE	FALSE	FALSE	FALSE	FALSE	Sensitivity estimate under random gene loss: min(100, observed gene-set coverage / MAG completeness fraction)
SY365BB-8-12_bin7	Carbon	Methanogenesis, methylamine/dimethylamine/trimethylamine => methane	Previous algorithm: distinct-gene set coverage	23	0	0	FALSE	FALSE	IS	82.2	3.333	multi-gene partial reconstruction	1.21654501216545	0	FALSE	FALSE	FALSE	FALSE	FALSE	FALSE	Sensitivity estimate under random gene loss: min(100, observed gene-set coverage / MAG completeness fraction)
SY365BB-8-12_bin7	Carbon	Reductive acetyl-CoA pathway (Wood-Ljungdahl pathway)	Previous algorithm: distinct-gene set coverage	10	2	20	FALSE	FALSE	IS	82.2	3.333	multi-gene partial reconstruction	1.21654501216545	24.330900243309	FALSE	FALSE	FALSE	FALSE	FALSE	FALSE	Sensitivity estimate under random gene loss: min(100, observed gene-set coverage / MAG completeness fraction)
SY365BB-8-12_bin7	Carbon	Reductive citrate cycle (Arnon-Buchanan cycle)	Previous algorithm: distinct-gene set coverage	43	13	30.2325581395349	FALSE	FALSE	IS	82.2	3.333	multi-gene partial reconstruction	1.21654501216545	36.7792678096532	FALSE	FALSE	FALSE	FALSE	FALSE	FALSE	Sensitivity estimate under random gene loss: min(100, observed gene-set coverage / MAG completeness fraction)
SY365BB-8-12_bin7	Nitrogen	Assimilatory nitrate reduction, nitrate => ammonia	Previous algorithm: distinct-gene set coverage	6	1	16.6666666666667	FALSE	FALSE	IS	82.2	3.333	multi-gene partial reconstruction	1.21654501216545	20.2757502027575	FALSE	FALSE	FALSE	FALSE	FALSE	FALSE	Sensitivity estimate under random gene loss: min(100, observed gene-set coverage / MAG completeness fraction)
SY365BB-8-12_bin7	Nitrogen	Complete nitrification, comammox, ammonia => nitrite => nitrate	Previous algorithm: distinct-gene set coverage	6	0	0	FALSE	FALSE	IS	82.2	3.333	multi-gene partial reconstruction	1.21654501216545	0	FALSE	FALSE	FALSE	FALSE	FALSE	FALSE	Sensitivity estimate under random gene loss: min(100, observed gene-set coverage / MAG completeness fraction)
SY365BB-8-12_bin7	Nitrogen	Denitrification, nitrate => nitrogen	Previous algorithm: distinct-gene set coverage	11	6	54.5454545454545	TRUE	FALSE	IS	82.2	3.333	multi-gene partial reconstruction	1.21654501216545	66.35700066357	TRUE	TRUE	FALSE	FALSE	FALSE	FALSE	Sensitivity estimate under random gene loss: min(100, observed gene-set coverage / MAG completeness fraction)
SY365BB-8-12_bin7	Nitrogen	Dissimilatory nitrate reduction, nitrate => ammonia	Previous algorithm: distinct-gene set coverage	9	5	55.5555555555556	TRUE	FALSE	IS	82.2	3.333	multi-gene partial reconstruction	1.21654501216545	67.5858340091917	TRUE	TRUE	FALSE	FALSE	FALSE	FALSE	Sensitivity estimate under random gene loss: min(100, observed gene-set coverage / MAG completeness fraction)
SY365BB-8-12_bin7	Nitrogen	Nitrate assimilation	Previous algorithm: distinct-gene set coverage	1	1	100	TRUE	TRUE	IS	82.2	3.333	multi-gene partial reconstruction	1.21654501216545	100	TRUE	TRUE	FALSE	TRUE	TRUE	FALSE	Sensitivity estimate under random gene loss: min(100, observed gene-set coverage / MAG completeness fraction)
SY365BB-8-12_bin7	Nitrogen	Nitrification, ammonia => nitrite	Previous algorithm: distinct-gene set coverage	8	0	0	FALSE	FALSE	IS	82.2	3.333	multi-gene partial reconstruction	1.21654501216545	0	FALSE	FALSE	FALSE	FALSE	FALSE	FALSE	Sensitivity estimate under random gene loss: min(100, observed gene-set coverage / MAG completeness fraction)
SY365BB-8-12_bin7	Nitrogen	Nitrogen fixation, nitrogen => ammonia	Previous algorithm: distinct-gene set coverage	8	0	0	FALSE	FALSE	IS	82.2	3.333	multi-gene partial reconstruction	1.21654501216545	0	FALSE	FALSE	FALSE	FALSE	FALSE	FALSE	Sensitivity estimate under random gene loss: min(100, observed gene-set coverage / MAG completeness fraction)
SY365BB-8-12_bin7	Nitrogen	nitrite + ammonia => nitrogen	Previous algorithm: distinct-gene set coverage	9	1	11.1111111111111	FALSE	FALSE	IS	82.2	3.333	multi-gene partial reconstruction	1.21654501216545	13.5171668018383	FALSE	FALSE	FALSE	FALSE	FALSE	FALSE	Sensitivity estimate under random gene loss: min(100, observed gene-set coverage / MAG completeness fraction)
SY365BB-8-12_bin7	Sulfur	Assimilatory sulfate reduction, sulfate => H2S	Previous algorithm: distinct-gene set coverage	10	6	60	TRUE	FALSE	IS	82.2	3.333	multi-gene partial reconstruction	1.21654501216545	72.992700729927	TRUE	TRUE	FALSE	FALSE	FALSE	FALSE	Sensitivity estimate under random gene loss: min(100, observed gene-set coverage / MAG completeness fraction)
SY365BB-8-12_bin7	Sulfur	Dissimilatory sulfate reduction, sulfate => H2S	Previous algorithm: distinct-gene set coverage	7	2	28.5714285714286	FALSE	FALSE	IS	82.2	3.333	multi-gene partial reconstruction	1.21654501216545	34.7584289190129	FALSE	FALSE	FALSE	FALSE	FALSE	FALSE	Sensitivity estimate under random gene loss: min(100, observed gene-set coverage / MAG completeness fraction)
SY365BB-8-12_bin7	Sulfur	Thiosulfate oxidation by SOX complex, thiosulfate => sulfate	Previous algorithm: distinct-gene set coverage	7	0	0	FALSE	FALSE	IS	82.2	3.333	multi-gene partial reconstruction	1.21654501216545	0	FALSE	FALSE	FALSE	FALSE	FALSE	FALSE	Sensitivity estimate under random gene loss: min(100, observed gene-set coverage / MAG completeness fraction)
SY365BB-8-12_bin7	Nitrogen	Urea cycle	Previous algorithm: distinct-gene set coverage	6	2	33.3333333333333	FALSE	FALSE	IS	82.2	3.333	multi-gene partial reconstruction	1.21654501216545	40.551500405515	FALSE	FALSE	FALSE	FALSE	FALSE	FALSE	Sensitivity estimate under random gene loss: min(100, observed gene-set coverage / MAG completeness fraction)
SY365BB-8-12_bin7	Nitrogen	Urea transport system	Previous algorithm: distinct-gene set coverage	5	0	0	FALSE	FALSE	IS	82.2	3.333	multi-gene partial reconstruction	1.21654501216545	0	FALSE	FALSE	FALSE	FALSE	FALSE	FALSE	Sensitivity estimate under random gene loss: min(100, observed gene-set coverage / MAG completeness fraction)
SY365BB-8-12_bin7	Sulfur	Sulfate/thiosulfate transport system	Previous algorithm: distinct-gene set coverage	5	0	0	FALSE	FALSE	IS	82.2	3.333	multi-gene partial reconstruction	1.21654501216545	0	FALSE	FALSE	FALSE	FALSE	FALSE	FALSE	Sensitivity estimate under random gene loss: min(100, observed gene-set coverage / MAG completeness fraction)
SY365BB-8-12_bin7	Sulfur	Sulfonate transport system	Previous algorithm: distinct-gene set coverage	3	0	0	FALSE	FALSE	IS	82.2	3.333	multi-gene partial reconstruction	1.21654501216545	0	FALSE	FALSE	FALSE	FALSE	FALSE	FALSE	Sensitivity estimate under random gene loss: min(100, observed gene-set coverage / MAG completeness fraction)
SY365BB-8-12_bin7	Vitamin B12	Cobalamin salvage	Previous algorithm: distinct-gene set coverage	4	0	0	FALSE	FALSE	IS	82.2	3.333	multi-gene partial reconstruction	1.21654501216545	0	FALSE	FALSE	FALSE	FALSE	FALSE	FALSE	Sensitivity estimate under random gene loss: min(100, observed gene-set coverage / MAG completeness fraction)
SY365BB-8-12_bin7	Vitamin B12	Vitamin B12 transport system	Previous algorithm: distinct-gene set coverage	3	0	0	FALSE	FALSE	IS	82.2	3.333	multi-gene partial reconstruction	1.21654501216545	0	FALSE	FALSE	FALSE	FALSE	FALSE	FALSE	Sensitivity estimate under random gene loss: min(100, observed gene-set coverage / MAG completeness fraction)
SY365BB-8-12_bin7	Carbon	Citrate cycle (TCA cycle, Krebs cycle)	Previous algorithm: distinct-gene set coverage	40	14	35	FALSE	FALSE	IS	82.2	3.333	multi-gene partial reconstruction	1.21654501216545	42.5790754257908	FALSE	FALSE	FALSE	FALSE	FALSE	FALSE	Sensitivity estimate under random gene loss: min(100, observed gene-set coverage / MAG completeness fraction)
SY365BB-8-12_bin7	Carbon	Citrate cycle, first carbon oxidation, oxaloacetate => 2-oxoglutarate	Previous algorithm: distinct-gene set coverage	6	3	50	TRUE	FALSE	IS	82.2	3.333	multi-gene partial reconstruction	1.21654501216545	60.8272506082725	TRUE	TRUE	FALSE	FALSE	FALSE	FALSE	Sensitivity estimate under random gene loss: min(100, observed gene-set coverage / MAG completeness fraction)
SY365BB-8-12_bin7	Carbon	Citrate cycle, second carbon oxidation, 2-oxoglutarate => oxaloacetate	Previous algorithm: distinct-gene set coverage	34	11	32.3529411764706	FALSE	FALSE	IS	82.2	3.333	multi-gene partial reconstruction	1.21654501216545	39.3588092171175	FALSE	FALSE	FALSE	FALSE	FALSE	FALSE	Sensitivity estimate under random gene loss: min(100, observed gene-set coverage / MAG completeness fraction)
SY365BB-8-12_bin7	Carbon	Glycolysis (Embden-Meyerhof pathway), glucose => pyruvate	Previous algorithm: distinct-gene set coverage	29	8	27.5862068965517	FALSE	FALSE	IS	82.2	3.333	multi-gene partial reconstruction	1.21654501216545	33.5598624045641	FALSE	FALSE	FALSE	FALSE	FALSE	FALSE	Sensitivity estimate under random gene loss: min(100, observed gene-set coverage / MAG completeness fraction)
SY365BB-8-12_bin7	Carbon	Glycolysis, core module involving three-carbon compounds	Previous algorithm: distinct-gene set coverage	12	5	41.6666666666667	FALSE	FALSE	IS	82.2	3.333	multi-gene partial reconstruction	1.21654501216545	50.6893755068938	FALSE	TRUE	TRUE	FALSE	FALSE	FALSE	Sensitivity estimate under random gene loss: min(100, observed gene-set coverage / MAG completeness fraction)
SY365BB-8-12_bin7	Carbon	Incomplete reductive citrate cycle, acetyl-CoA => oxoglutarate	Previous algorithm: distinct-gene set coverage	17	1	5.88235294117647	FALSE	FALSE	IS	82.2	3.333	multi-gene partial reconstruction	1.21654501216545	7.156147130385	FALSE	FALSE	FALSE	FALSE	FALSE	FALSE	Sensitivity estimate under random gene loss: min(100, observed gene-set coverage / MAG completeness fraction)
SY365BB-8-12_bin7	Carbon	Pyruvate oxidation, pyruvate => acetyl-CoA	Previous algorithm: distinct-gene set coverage	11	2	18.1818181818182	FALSE	FALSE	IS	82.2	3.333	multi-gene partial reconstruction	1.21654501216545	22.11900022119	FALSE	FALSE	FALSE	FALSE	FALSE	FALSE	Sensitivity estimate under random gene loss: min(100, observed gene-set coverage / MAG completeness fraction)
SY365BB-8-12_bin7	Carbon	TCA /Reductive TCA	Previous algorithm: distinct-gene set coverage	1	1	100	TRUE	TRUE	IS	82.2	3.333	multi-gene partial reconstruction	1.21654501216545	100	TRUE	TRUE	FALSE	TRUE	TRUE	FALSE	Sensitivity estimate under random gene loss: min(100, observed gene-set coverage / MAG completeness fraction)
SY365BB-8-12_bin8	Motility	Flagellar Assembly (partial 36-KO reconstruction)	Previous algorithm: distinct-gene set coverage	36	22	61.1111111111111	TRUE	FALSE	IS	56.89	8.62	multi-gene partial reconstruction	1.75777816839515	100	TRUE	TRUE	FALSE	FALSE	TRUE	TRUE	Sensitivity estimate under random gene loss: min(100, observed gene-set coverage / MAG completeness fraction)
SY365BB-8-12_bin8	Vitamin B12	Cobalamin biosynthesis, cobinamide => cobalamin	Previous algorithm: distinct-gene set coverage	8	6	75	TRUE	TRUE	IS	56.89	8.62	multi-gene partial reconstruction	1.75777816839515	100	TRUE	TRUE	FALSE	TRUE	TRUE	FALSE	Sensitivity estimate under random gene loss: min(100, observed gene-set coverage / MAG completeness fraction)
SY365BB-8-12_bin8	Vitamin B12	Cobalamin biosynthesis, precorrin2 => cobinamide	Previous algorithm: distinct-gene set coverage	25	13	52	TRUE	FALSE	IS	56.89	8.62	multi-gene partial reconstruction	1.75777816839515	91.4044647565477	TRUE	TRUE	FALSE	FALSE	TRUE	TRUE	Sensitivity estimate under random gene loss: min(100, observed gene-set coverage / MAG completeness fraction)
SY365BB-8-12_bin8	Carbon	Acetyl-CoA pathway, CO2 => acetyl-CoA	Previous algorithm: distinct-gene set coverage	5	0	0	FALSE	FALSE	IS	56.89	8.62	multi-gene partial reconstruction	1.75777816839515	0	FALSE	FALSE	FALSE	FALSE	FALSE	FALSE	Sensitivity estimate under random gene loss: min(100, observed gene-set coverage / MAG completeness fraction)
SY365BB-8-12_bin8	Carbon	Methane oxidation, methanotroph, methane => formaldehyde	Previous algorithm: distinct-gene set coverage	12	0	0	FALSE	FALSE	IS	56.89	8.62	multi-gene partial reconstruction	1.75777816839515	0	FALSE	FALSE	FALSE	FALSE	FALSE	FALSE	Sensitivity estimate under random gene loss: min(100, observed gene-set coverage / MAG completeness fraction)
SY365BB-8-12_bin8	Carbon	Methanogenesis, CO2 => methane	Previous algorithm: distinct-gene set coverage	37	0	0	FALSE	FALSE	IS	56.89	8.62	multi-gene partial reconstruction	1.75777816839515	0	FALSE	FALSE	FALSE	FALSE	FALSE	FALSE	Sensitivity estimate under random gene loss: min(100, observed gene-set coverage / MAG completeness fraction)
SY365BB-8-12_bin8	Carbon	Methanogenesis, acetate => methane	Previous algorithm: distinct-gene set coverage	31	1	3.2258064516129	FALSE	FALSE	IS	56.89	8.62	multi-gene partial reconstruction	1.75777816839515	5.67025215611338	FALSE	FALSE	FALSE	FALSE	FALSE	FALSE	Sensitivity estimate under random gene loss: min(100, observed gene-set coverage / MAG completeness fraction)
SY365BB-8-12_bin8	Carbon	Methanogenesis, methanethiol => methane	Previous algorithm: distinct-gene set coverage	1	0	0	FALSE	FALSE	IS	56.89	8.62	multi-gene partial reconstruction	1.75777816839515	0	FALSE	FALSE	FALSE	FALSE	FALSE	FALSE	Sensitivity estimate under random gene loss: min(100, observed gene-set coverage / MAG completeness fraction)
SY365BB-8-12_bin8	Carbon	Methanogenesis, methanol => methane	Previous algorithm: distinct-gene set coverage	19	0	0	FALSE	FALSE	IS	56.89	8.62	multi-gene partial reconstruction	1.75777816839515	0	FALSE	FALSE	FALSE	FALSE	FALSE	FALSE	Sensitivity estimate under random gene loss: min(100, observed gene-set coverage / MAG completeness fraction)
SY365BB-8-12_bin8	Carbon	Methanogenesis, methylamine/dimethylamine/trimethylamine => methane	Previous algorithm: distinct-gene set coverage	23	1	4.34782608695652	FALSE	FALSE	IS	56.89	8.62	multi-gene partial reconstruction	1.75777816839515	7.64251377563108	FALSE	FALSE	FALSE	FALSE	FALSE	FALSE	Sensitivity estimate under random gene loss: min(100, observed gene-set coverage / MAG completeness fraction)
SY365BB-8-12_bin8	Carbon	Reductive acetyl-CoA pathway (Wood-Ljungdahl pathway)	Previous algorithm: distinct-gene set coverage	10	2	20	FALSE	FALSE	IS	56.89	8.62	multi-gene partial reconstruction	1.75777816839515	35.155563367903	FALSE	FALSE	FALSE	FALSE	FALSE	FALSE	Sensitivity estimate under random gene loss: min(100, observed gene-set coverage / MAG completeness fraction)
SY365BB-8-12_bin8	Carbon	Reductive citrate cycle (Arnon-Buchanan cycle)	Previous algorithm: distinct-gene set coverage	43	12	27.906976744186	FALSE	FALSE	IS	56.89	8.62	multi-gene partial reconstruction	1.75777816839515	49.0542744668413	FALSE	FALSE	FALSE	FALSE	FALSE	FALSE	Sensitivity estimate under random gene loss: min(100, observed gene-set coverage / MAG completeness fraction)
SY365BB-8-12_bin8	Nitrogen	Assimilatory nitrate reduction, nitrate => ammonia	Previous algorithm: distinct-gene set coverage	6	0	0	FALSE	FALSE	IS	56.89	8.62	multi-gene partial reconstruction	1.75777816839515	0	FALSE	FALSE	FALSE	FALSE	FALSE	FALSE	Sensitivity estimate under random gene loss: min(100, observed gene-set coverage / MAG completeness fraction)
SY365BB-8-12_bin8	Nitrogen	Complete nitrification, comammox, ammonia => nitrite => nitrate	Previous algorithm: distinct-gene set coverage	6	0	0	FALSE	FALSE	IS	56.89	8.62	multi-gene partial reconstruction	1.75777816839515	0	FALSE	FALSE	FALSE	FALSE	FALSE	FALSE	Sensitivity estimate under random gene loss: min(100, observed gene-set coverage / MAG completeness fraction)
SY365BB-8-12_bin8	Nitrogen	Denitrification, nitrate => nitrogen	Previous algorithm: distinct-gene set coverage	11	4	36.3636363636364	FALSE	FALSE	IS	56.89	8.62	multi-gene partial reconstruction	1.75777816839515	63.91920612346	FALSE	TRUE	TRUE	FALSE	FALSE	FALSE	Sensitivity estimate under random gene loss: min(100, observed gene-set coverage / MAG completeness fraction)
SY365BB-8-12_bin8	Nitrogen	Dissimilatory nitrate reduction, nitrate => ammonia	Previous algorithm: distinct-gene set coverage	9	3	33.3333333333333	FALSE	FALSE	IS	56.89	8.62	multi-gene partial reconstruction	1.75777816839515	58.5926056131716	FALSE	TRUE	TRUE	FALSE	FALSE	FALSE	Sensitivity estimate under random gene loss: min(100, observed gene-set coverage / MAG completeness fraction)
SY365BB-8-12_bin8	Nitrogen	Nitrate assimilation	Previous algorithm: distinct-gene set coverage	1	0	0	FALSE	FALSE	IS	56.89	8.62	multi-gene partial reconstruction	1.75777816839515	0	FALSE	FALSE	FALSE	FALSE	FALSE	FALSE	Sensitivity estimate under random gene loss: min(100, observed gene-set coverage / MAG completeness fraction)
SY365BB-8-12_bin8	Nitrogen	Nitrification, ammonia => nitrite	Previous algorithm: distinct-gene set coverage	8	0	0	FALSE	FALSE	IS	56.89	8.62	multi-gene partial reconstruction	1.75777816839515	0	FALSE	FALSE	FALSE	FALSE	FALSE	FALSE	Sensitivity estimate under random gene loss: min(100, observed gene-set coverage / MAG completeness fraction)
SY365BB-8-12_bin8	Nitrogen	Nitrogen fixation, nitrogen => ammonia	Previous algorithm: distinct-gene set coverage	8	0	0	FALSE	FALSE	IS	56.89	8.62	multi-gene partial reconstruction	1.75777816839515	0	FALSE	FALSE	FALSE	FALSE	FALSE	FALSE	Sensitivity estimate under random gene loss: min(100, observed gene-set coverage / MAG completeness fraction)
SY365BB-8-12_bin8	Nitrogen	nitrite + ammonia => nitrogen	Previous algorithm: distinct-gene set coverage	9	1	11.1111111111111	FALSE	FALSE	IS	56.89	8.62	multi-gene partial reconstruction	1.75777816839515	19.5308685377239	FALSE	FALSE	FALSE	FALSE	FALSE	FALSE	Sensitivity estimate under random gene loss: min(100, observed gene-set coverage / MAG completeness fraction)
SY365BB-8-12_bin8	Sulfur	Assimilatory sulfate reduction, sulfate => H2S	Previous algorithm: distinct-gene set coverage	10	1	10	FALSE	FALSE	IS	56.89	8.62	multi-gene partial reconstruction	1.75777816839515	17.5777816839515	FALSE	FALSE	FALSE	FALSE	FALSE	FALSE	Sensitivity estimate under random gene loss: min(100, observed gene-set coverage / MAG completeness fraction)
SY365BB-8-12_bin8	Sulfur	Dissimilatory sulfate reduction, sulfate => H2S	Previous algorithm: distinct-gene set coverage	7	3	42.8571428571429	FALSE	FALSE	IS	56.89	8.62	multi-gene partial reconstruction	1.75777816839515	75.3333500740779	FALSE	TRUE	TRUE	FALSE	TRUE	TRUE	Sensitivity estimate under random gene loss: min(100, observed gene-set coverage / MAG completeness fraction)
SY365BB-8-12_bin8	Sulfur	Thiosulfate oxidation by SOX complex, thiosulfate => sulfate	Previous algorithm: distinct-gene set coverage	7	6	85.7142857142857	TRUE	TRUE	IS	56.89	8.62	multi-gene partial reconstruction	1.75777816839515	100	TRUE	TRUE	FALSE	TRUE	TRUE	FALSE	Sensitivity estimate under random gene loss: min(100, observed gene-set coverage / MAG completeness fraction)
SY365BB-8-12_bin8	Nitrogen	Urea cycle	Previous algorithm: distinct-gene set coverage	6	2	33.3333333333333	FALSE	FALSE	IS	56.89	8.62	multi-gene partial reconstruction	1.75777816839515	58.5926056131716	FALSE	TRUE	TRUE	FALSE	FALSE	FALSE	Sensitivity estimate under random gene loss: min(100, observed gene-set coverage / MAG completeness fraction)
SY365BB-8-12_bin8	Nitrogen	Urea transport system	Previous algorithm: distinct-gene set coverage	5	0	0	FALSE	FALSE	IS	56.89	8.62	multi-gene partial reconstruction	1.75777816839515	0	FALSE	FALSE	FALSE	FALSE	FALSE	FALSE	Sensitivity estimate under random gene loss: min(100, observed gene-set coverage / MAG completeness fraction)
SY365BB-8-12_bin8	Sulfur	Sulfate/thiosulfate transport system	Previous algorithm: distinct-gene set coverage	5	0	0	FALSE	FALSE	IS	56.89	8.62	multi-gene partial reconstruction	1.75777816839515	0	FALSE	FALSE	FALSE	FALSE	FALSE	FALSE	Sensitivity estimate under random gene loss: min(100, observed gene-set coverage / MAG completeness fraction)
SY365BB-8-12_bin8	Sulfur	Sulfonate transport system	Previous algorithm: distinct-gene set coverage	3	0	0	FALSE	FALSE	IS	56.89	8.62	multi-gene partial reconstruction	1.75777816839515	0	FALSE	FALSE	FALSE	FALSE	FALSE	FALSE	Sensitivity estimate under random gene loss: min(100, observed gene-set coverage / MAG completeness fraction)
SY365BB-8-12_bin8	Vitamin B12	Cobalamin salvage	Previous algorithm: distinct-gene set coverage	4	0	0	FALSE	FALSE	IS	56.89	8.62	multi-gene partial reconstruction	1.75777816839515	0	FALSE	FALSE	FALSE	FALSE	FALSE	FALSE	Sensitivity estimate under random gene loss: min(100, observed gene-set coverage / MAG completeness fraction)
SY365BB-8-12_bin8	Vitamin B12	Vitamin B12 transport system	Previous algorithm: distinct-gene set coverage	3	0	0	FALSE	FALSE	IS	56.89	8.62	multi-gene partial reconstruction	1.75777816839515	0	FALSE	FALSE	FALSE	FALSE	FALSE	FALSE	Sensitivity estimate under random gene loss: min(100, observed gene-set coverage / MAG completeness fraction)
SY365BB-8-12_bin8	Carbon	Citrate cycle (TCA cycle, Krebs cycle)	Previous algorithm: distinct-gene set coverage	40	13	32.5	FALSE	FALSE	IS	56.89	8.62	multi-gene partial reconstruction	1.75777816839515	57.1277904728423	FALSE	TRUE	TRUE	FALSE	FALSE	FALSE	Sensitivity estimate under random gene loss: min(100, observed gene-set coverage / MAG completeness fraction)
SY365BB-8-12_bin8	Carbon	Citrate cycle, first carbon oxidation, oxaloacetate => 2-oxoglutarate	Previous algorithm: distinct-gene set coverage	6	2	33.3333333333333	FALSE	FALSE	IS	56.89	8.62	multi-gene partial reconstruction	1.75777816839515	58.5926056131716	FALSE	TRUE	TRUE	FALSE	FALSE	FALSE	Sensitivity estimate under random gene loss: min(100, observed gene-set coverage / MAG completeness fraction)
SY365BB-8-12_bin8	Carbon	Citrate cycle, second carbon oxidation, 2-oxoglutarate => oxaloacetate	Previous algorithm: distinct-gene set coverage	34	11	32.3529411764706	FALSE	FALSE	IS	56.89	8.62	multi-gene partial reconstruction	1.75777816839515	56.8692936833725	FALSE	TRUE	TRUE	FALSE	FALSE	FALSE	Sensitivity estimate under random gene loss: min(100, observed gene-set coverage / MAG completeness fraction)
SY365BB-8-12_bin8	Carbon	Glycolysis (Embden-Meyerhof pathway), glucose => pyruvate	Previous algorithm: distinct-gene set coverage	29	7	24.1379310344828	FALSE	FALSE	IS	56.89	8.62	multi-gene partial reconstruction	1.75777816839515	42.4291282026416	FALSE	FALSE	FALSE	FALSE	FALSE	FALSE	Sensitivity estimate under random gene loss: min(100, observed gene-set coverage / MAG completeness fraction)
SY365BB-8-12_bin8	Carbon	Glycolysis, core module involving three-carbon compounds	Previous algorithm: distinct-gene set coverage	12	4	33.3333333333333	FALSE	FALSE	IS	56.89	8.62	multi-gene partial reconstruction	1.75777816839515	58.5926056131716	FALSE	TRUE	TRUE	FALSE	FALSE	FALSE	Sensitivity estimate under random gene loss: min(100, observed gene-set coverage / MAG completeness fraction)
SY365BB-8-12_bin8	Carbon	Incomplete reductive citrate cycle, acetyl-CoA => oxoglutarate	Previous algorithm: distinct-gene set coverage	17	7	41.1764705882353	FALSE	FALSE	IS	56.89	8.62	multi-gene partial reconstruction	1.75777816839515	72.379101051565	FALSE	TRUE	TRUE	FALSE	FALSE	FALSE	Sensitivity estimate under random gene loss: min(100, observed gene-set coverage / MAG completeness fraction)
SY365BB-8-12_bin8	Carbon	Pyruvate oxidation, pyruvate => acetyl-CoA	Previous algorithm: distinct-gene set coverage	11	4	36.3636363636364	FALSE	FALSE	IS	56.89	8.62	multi-gene partial reconstruction	1.75777816839515	63.91920612346	FALSE	TRUE	TRUE	FALSE	FALSE	FALSE	Sensitivity estimate under random gene loss: min(100, observed gene-set coverage / MAG completeness fraction)
SY365BB-8-12_bin8	Carbon	TCA /Reductive TCA	Previous algorithm: distinct-gene set coverage	1	0	0	FALSE	FALSE	IS	56.89	8.62	multi-gene partial reconstruction	1.75777816839515	0	FALSE	FALSE	FALSE	FALSE	FALSE	FALSE	Sensitivity estimate under random gene loss: min(100, observed gene-set coverage / MAG completeness fraction)
SY366YB-0-4_bin3	Motility	Flagellar Assembly (partial 36-KO reconstruction)	Previous algorithm: distinct-gene set coverage	36	1	2.77777777777778	FALSE	FALSE	IS	58.36	3.361	multi-gene partial reconstruction	1.71350239890336	4.75972888584267	FALSE	FALSE	FALSE	FALSE	FALSE	FALSE	Sensitivity estimate under random gene loss: min(100, observed gene-set coverage / MAG completeness fraction)
SY366YB-0-4_bin3	Vitamin B12	Cobalamin biosynthesis, cobinamide => cobalamin	Previous algorithm: distinct-gene set coverage	8	0	0	FALSE	FALSE	IS	58.36	3.361	multi-gene partial reconstruction	1.71350239890336	0	FALSE	FALSE	FALSE	FALSE	FALSE	FALSE	Sensitivity estimate under random gene loss: min(100, observed gene-set coverage / MAG completeness fraction)
SY366YB-0-4_bin3	Vitamin B12	Cobalamin biosynthesis, precorrin2 => cobinamide	Previous algorithm: distinct-gene set coverage	25	1	4	FALSE	FALSE	IS	58.36	3.361	multi-gene partial reconstruction	1.71350239890336	6.85400959561343	FALSE	FALSE	FALSE	FALSE	FALSE	FALSE	Sensitivity estimate under random gene loss: min(100, observed gene-set coverage / MAG completeness fraction)
SY366YB-0-4_bin3	Carbon	Acetyl-CoA pathway, CO2 => acetyl-CoA	Previous algorithm: distinct-gene set coverage	5	0	0	FALSE	FALSE	IS	58.36	3.361	multi-gene partial reconstruction	1.71350239890336	0	FALSE	FALSE	FALSE	FALSE	FALSE	FALSE	Sensitivity estimate under random gene loss: min(100, observed gene-set coverage / MAG completeness fraction)
SY366YB-0-4_bin3	Carbon	Methane oxidation, methanotroph, methane => formaldehyde	Previous algorithm: distinct-gene set coverage	12	0	0	FALSE	FALSE	IS	58.36	3.361	multi-gene partial reconstruction	1.71350239890336	0	FALSE	FALSE	FALSE	FALSE	FALSE	FALSE	Sensitivity estimate under random gene loss: min(100, observed gene-set coverage / MAG completeness fraction)
SY366YB-0-4_bin3	Carbon	Methanogenesis, CO2 => methane	Previous algorithm: distinct-gene set coverage	37	0	0	FALSE	FALSE	IS	58.36	3.361	multi-gene partial reconstruction	1.71350239890336	0	FALSE	FALSE	FALSE	FALSE	FALSE	FALSE	Sensitivity estimate under random gene loss: min(100, observed gene-set coverage / MAG completeness fraction)
SY366YB-0-4_bin3	Carbon	Methanogenesis, acetate => methane	Previous algorithm: distinct-gene set coverage	31	0	0	FALSE	FALSE	IS	58.36	3.361	multi-gene partial reconstruction	1.71350239890336	0	FALSE	FALSE	FALSE	FALSE	FALSE	FALSE	Sensitivity estimate under random gene loss: min(100, observed gene-set coverage / MAG completeness fraction)
SY366YB-0-4_bin3	Carbon	Methanogenesis, methanethiol => methane	Previous algorithm: distinct-gene set coverage	1	0	0	FALSE	FALSE	IS	58.36	3.361	multi-gene partial reconstruction	1.71350239890336	0	FALSE	FALSE	FALSE	FALSE	FALSE	FALSE	Sensitivity estimate under random gene loss: min(100, observed gene-set coverage / MAG completeness fraction)
SY366YB-0-4_bin3	Carbon	Methanogenesis, methanol => methane	Previous algorithm: distinct-gene set coverage	19	0	0	FALSE	FALSE	IS	58.36	3.361	multi-gene partial reconstruction	1.71350239890336	0	FALSE	FALSE	FALSE	FALSE	FALSE	FALSE	Sensitivity estimate under random gene loss: min(100, observed gene-set coverage / MAG completeness fraction)
SY366YB-0-4_bin3	Carbon	Methanogenesis, methylamine/dimethylamine/trimethylamine => methane	Previous algorithm: distinct-gene set coverage	23	1	4.34782608695652	FALSE	FALSE	IS	58.36	3.361	multi-gene partial reconstruction	1.71350239890336	7.4500104300146	FALSE	FALSE	FALSE	FALSE	FALSE	FALSE	Sensitivity estimate under random gene loss: min(100, observed gene-set coverage / MAG completeness fraction)
SY366YB-0-4_bin3	Carbon	Reductive acetyl-CoA pathway (Wood-Ljungdahl pathway)	Previous algorithm: distinct-gene set coverage	10	3	30	FALSE	FALSE	IS	58.36	3.361	multi-gene partial reconstruction	1.71350239890336	51.4050719671008	FALSE	TRUE	TRUE	FALSE	FALSE	FALSE	Sensitivity estimate under random gene loss: min(100, observed gene-set coverage / MAG completeness fraction)
SY366YB-0-4_bin3	Carbon	Reductive citrate cycle (Arnon-Buchanan cycle)	Previous algorithm: distinct-gene set coverage	43	12	27.906976744186	FALSE	FALSE	IS	58.36	3.361	multi-gene partial reconstruction	1.71350239890336	47.8186715973029	FALSE	FALSE	FALSE	FALSE	FALSE	FALSE	Sensitivity estimate under random gene loss: min(100, observed gene-set coverage / MAG completeness fraction)
SY366YB-0-4_bin3	Nitrogen	Assimilatory nitrate reduction, nitrate => ammonia	Previous algorithm: distinct-gene set coverage	6	0	0	FALSE	FALSE	IS	58.36	3.361	multi-gene partial reconstruction	1.71350239890336	0	FALSE	FALSE	FALSE	FALSE	FALSE	FALSE	Sensitivity estimate under random gene loss: min(100, observed gene-set coverage / MAG completeness fraction)
SY366YB-0-4_bin3	Nitrogen	Complete nitrification, comammox, ammonia => nitrite => nitrate	Previous algorithm: distinct-gene set coverage	6	0	0	FALSE	FALSE	IS	58.36	3.361	multi-gene partial reconstruction	1.71350239890336	0	FALSE	FALSE	FALSE	FALSE	FALSE	FALSE	Sensitivity estimate under random gene loss: min(100, observed gene-set coverage / MAG completeness fraction)
SY366YB-0-4_bin3	Nitrogen	Denitrification, nitrate => nitrogen	Previous algorithm: distinct-gene set coverage	11	1	9.09090909090909	FALSE	FALSE	IS	58.36	3.361	multi-gene partial reconstruction	1.71350239890336	15.5772945354851	FALSE	FALSE	FALSE	FALSE	FALSE	FALSE	Sensitivity estimate under random gene loss: min(100, observed gene-set coverage / MAG completeness fraction)
SY366YB-0-4_bin3	Nitrogen	Dissimilatory nitrate reduction, nitrate => ammonia	Previous algorithm: distinct-gene set coverage	9	2	22.2222222222222	FALSE	FALSE	IS	58.36	3.361	multi-gene partial reconstruction	1.71350239890336	38.0778310867413	FALSE	FALSE	FALSE	FALSE	FALSE	FALSE	Sensitivity estimate under random gene loss: min(100, observed gene-set coverage / MAG completeness fraction)
SY366YB-0-4_bin3	Nitrogen	Nitrate assimilation	Previous algorithm: distinct-gene set coverage	1	0	0	FALSE	FALSE	IS	58.36	3.361	multi-gene partial reconstruction	1.71350239890336	0	FALSE	FALSE	FALSE	FALSE	FALSE	FALSE	Sensitivity estimate under random gene loss: min(100, observed gene-set coverage / MAG completeness fraction)
SY366YB-0-4_bin3	Nitrogen	Nitrification, ammonia => nitrite	Previous algorithm: distinct-gene set coverage	8	0	0	FALSE	FALSE	IS	58.36	3.361	multi-gene partial reconstruction	1.71350239890336	0	FALSE	FALSE	FALSE	FALSE	FALSE	FALSE	Sensitivity estimate under random gene loss: min(100, observed gene-set coverage / MAG completeness fraction)
SY366YB-0-4_bin3	Nitrogen	Nitrogen fixation, nitrogen => ammonia	Previous algorithm: distinct-gene set coverage	8	0	0	FALSE	FALSE	IS	58.36	3.361	multi-gene partial reconstruction	1.71350239890336	0	FALSE	FALSE	FALSE	FALSE	FALSE	FALSE	Sensitivity estimate under random gene loss: min(100, observed gene-set coverage / MAG completeness fraction)
SY366YB-0-4_bin3	Nitrogen	nitrite + ammonia => nitrogen	Previous algorithm: distinct-gene set coverage	9	0	0	FALSE	FALSE	IS	58.36	3.361	multi-gene partial reconstruction	1.71350239890336	0	FALSE	FALSE	FALSE	FALSE	FALSE	FALSE	Sensitivity estimate under random gene loss: min(100, observed gene-set coverage / MAG completeness fraction)
SY366YB-0-4_bin3	Sulfur	Assimilatory sulfate reduction, sulfate => H2S	Previous algorithm: distinct-gene set coverage	10	1	10	FALSE	FALSE	IS	58.36	3.361	multi-gene partial reconstruction	1.71350239890336	17.1350239890336	FALSE	FALSE	FALSE	FALSE	FALSE	FALSE	Sensitivity estimate under random gene loss: min(100, observed gene-set coverage / MAG completeness fraction)
SY366YB-0-4_bin3	Sulfur	Dissimilatory sulfate reduction, sulfate => H2S	Previous algorithm: distinct-gene set coverage	7	2	28.5714285714286	FALSE	FALSE	IS	58.36	3.361	multi-gene partial reconstruction	1.71350239890336	48.9572113972389	FALSE	FALSE	FALSE	FALSE	FALSE	FALSE	Sensitivity estimate under random gene loss: min(100, observed gene-set coverage / MAG completeness fraction)
SY366YB-0-4_bin3	Sulfur	Thiosulfate oxidation by SOX complex, thiosulfate => sulfate	Previous algorithm: distinct-gene set coverage	7	1	14.2857142857143	FALSE	FALSE	IS	58.36	3.361	multi-gene partial reconstruction	1.71350239890336	24.4786056986194	FALSE	FALSE	FALSE	FALSE	FALSE	FALSE	Sensitivity estimate under random gene loss: min(100, observed gene-set coverage / MAG completeness fraction)
SY366YB-0-4_bin3	Nitrogen	Urea cycle	Previous algorithm: distinct-gene set coverage	6	3	50	TRUE	FALSE	IS	58.36	3.361	multi-gene partial reconstruction	1.71350239890336	85.6751199451679	TRUE	TRUE	FALSE	FALSE	TRUE	TRUE	Sensitivity estimate under random gene loss: min(100, observed gene-set coverage / MAG completeness fraction)
SY366YB-0-4_bin3	Nitrogen	Urea transport system	Previous algorithm: distinct-gene set coverage	5	0	0	FALSE	FALSE	IS	58.36	3.361	multi-gene partial reconstruction	1.71350239890336	0	FALSE	FALSE	FALSE	FALSE	FALSE	FALSE	Sensitivity estimate under random gene loss: min(100, observed gene-set coverage / MAG completeness fraction)
SY366YB-0-4_bin3	Sulfur	Sulfate/thiosulfate transport system	Previous algorithm: distinct-gene set coverage	5	0	0	FALSE	FALSE	IS	58.36	3.361	multi-gene partial reconstruction	1.71350239890336	0	FALSE	FALSE	FALSE	FALSE	FALSE	FALSE	Sensitivity estimate under random gene loss: min(100, observed gene-set coverage / MAG completeness fraction)
SY366YB-0-4_bin3	Sulfur	Sulfonate transport system	Previous algorithm: distinct-gene set coverage	3	0	0	FALSE	FALSE	IS	58.36	3.361	multi-gene partial reconstruction	1.71350239890336	0	FALSE	FALSE	FALSE	FALSE	FALSE	FALSE	Sensitivity estimate under random gene loss: min(100, observed gene-set coverage / MAG completeness fraction)
SY366YB-0-4_bin3	Vitamin B12	Cobalamin salvage	Previous algorithm: distinct-gene set coverage	4	0	0	FALSE	FALSE	IS	58.36	3.361	multi-gene partial reconstruction	1.71350239890336	0	FALSE	FALSE	FALSE	FALSE	FALSE	FALSE	Sensitivity estimate under random gene loss: min(100, observed gene-set coverage / MAG completeness fraction)
SY366YB-0-4_bin3	Vitamin B12	Vitamin B12 transport system	Previous algorithm: distinct-gene set coverage	3	0	0	FALSE	FALSE	IS	58.36	3.361	multi-gene partial reconstruction	1.71350239890336	0	FALSE	FALSE	FALSE	FALSE	FALSE	FALSE	Sensitivity estimate under random gene loss: min(100, observed gene-set coverage / MAG completeness fraction)
SY366YB-0-4_bin3	Carbon	Citrate cycle (TCA cycle, Krebs cycle)	Previous algorithm: distinct-gene set coverage	40	10	25	FALSE	FALSE	IS	58.36	3.361	multi-gene partial reconstruction	1.71350239890336	42.837559972584	FALSE	FALSE	FALSE	FALSE	FALSE	FALSE	Sensitivity estimate under random gene loss: min(100, observed gene-set coverage / MAG completeness fraction)
SY366YB-0-4_bin3	Carbon	Citrate cycle, first carbon oxidation, oxaloacetate => 2-oxoglutarate	Previous algorithm: distinct-gene set coverage	6	0	0	FALSE	FALSE	IS	58.36	3.361	multi-gene partial reconstruction	1.71350239890336	0	FALSE	FALSE	FALSE	FALSE	FALSE	FALSE	Sensitivity estimate under random gene loss: min(100, observed gene-set coverage / MAG completeness fraction)
SY366YB-0-4_bin3	Carbon	Citrate cycle, second carbon oxidation, 2-oxoglutarate => oxaloacetate	Previous algorithm: distinct-gene set coverage	34	10	29.4117647058824	FALSE	FALSE	IS	58.36	3.361	multi-gene partial reconstruction	1.71350239890336	50.3971293795106	FALSE	TRUE	TRUE	FALSE	FALSE	FALSE	Sensitivity estimate under random gene loss: min(100, observed gene-set coverage / MAG completeness fraction)
SY366YB-0-4_bin3	Carbon	Glycolysis (Embden-Meyerhof pathway), glucose => pyruvate	Previous algorithm: distinct-gene set coverage	29	6	20.6896551724138	FALSE	FALSE	IS	58.36	3.361	multi-gene partial reconstruction	1.71350239890336	35.4517737704143	FALSE	FALSE	FALSE	FALSE	FALSE	FALSE	Sensitivity estimate under random gene loss: min(100, observed gene-set coverage / MAG completeness fraction)
SY366YB-0-4_bin3	Carbon	Glycolysis, core module involving three-carbon compounds	Previous algorithm: distinct-gene set coverage	12	5	41.6666666666667	FALSE	FALSE	IS	58.36	3.361	multi-gene partial reconstruction	1.71350239890336	71.39593328764	FALSE	TRUE	TRUE	FALSE	FALSE	FALSE	Sensitivity estimate under random gene loss: min(100, observed gene-set coverage / MAG completeness fraction)
SY366YB-0-4_bin3	Carbon	Incomplete reductive citrate cycle, acetyl-CoA => oxoglutarate	Previous algorithm: distinct-gene set coverage	17	5	29.4117647058824	FALSE	FALSE	IS	58.36	3.361	multi-gene partial reconstruction	1.71350239890336	50.3971293795106	FALSE	TRUE	TRUE	FALSE	FALSE	FALSE	Sensitivity estimate under random gene loss: min(100, observed gene-set coverage / MAG completeness fraction)
SY366YB-0-4_bin3	Carbon	Pyruvate oxidation, pyruvate => acetyl-CoA	Previous algorithm: distinct-gene set coverage	11	2	18.1818181818182	FALSE	FALSE	IS	58.36	3.361	multi-gene partial reconstruction	1.71350239890336	31.1545890709702	FALSE	FALSE	FALSE	FALSE	FALSE	FALSE	Sensitivity estimate under random gene loss: min(100, observed gene-set coverage / MAG completeness fraction)
SY366YB-0-4_bin3	Carbon	TCA /Reductive TCA	Previous algorithm: distinct-gene set coverage	1	0	0	FALSE	FALSE	IS	58.36	3.361	multi-gene partial reconstruction	1.71350239890336	0	FALSE	FALSE	FALSE	FALSE	FALSE	FALSE	Sensitivity estimate under random gene loss: min(100, observed gene-set coverage / MAG completeness fraction)
SY366YB-0-4_bin5	Motility	Flagellar Assembly (partial 36-KO reconstruction)	Previous algorithm: distinct-gene set coverage	36	21	58.3333333333333	TRUE	FALSE	IS	71.3	5.933	multi-gene partial reconstruction	1.40252454417952	81.8139317438055	TRUE	TRUE	FALSE	FALSE	TRUE	TRUE	Sensitivity estimate under random gene loss: min(100, observed gene-set coverage / MAG completeness fraction)
SY366YB-0-4_bin5	Vitamin B12	Cobalamin biosynthesis, cobinamide => cobalamin	Previous algorithm: distinct-gene set coverage	8	4	50	TRUE	FALSE	IS	71.3	5.933	multi-gene partial reconstruction	1.40252454417952	70.1262272089762	TRUE	TRUE	FALSE	FALSE	FALSE	FALSE	Sensitivity estimate under random gene loss: min(100, observed gene-set coverage / MAG completeness fraction)
SY366YB-0-4_bin5	Vitamin B12	Cobalamin biosynthesis, precorrin2 => cobinamide	Previous algorithm: distinct-gene set coverage	25	10	40	FALSE	FALSE	IS	71.3	5.933	multi-gene partial reconstruction	1.40252454417952	56.1009817671809	FALSE	TRUE	TRUE	FALSE	FALSE	FALSE	Sensitivity estimate under random gene loss: min(100, observed gene-set coverage / MAG completeness fraction)
SY366YB-0-4_bin5	Carbon	Acetyl-CoA pathway, CO2 => acetyl-CoA	Previous algorithm: distinct-gene set coverage	5	0	0	FALSE	FALSE	IS	71.3	5.933	multi-gene partial reconstruction	1.40252454417952	0	FALSE	FALSE	FALSE	FALSE	FALSE	FALSE	Sensitivity estimate under random gene loss: min(100, observed gene-set coverage / MAG completeness fraction)
SY366YB-0-4_bin5	Carbon	Methane oxidation, methanotroph, methane => formaldehyde	Previous algorithm: distinct-gene set coverage	12	0	0	FALSE	FALSE	IS	71.3	5.933	multi-gene partial reconstruction	1.40252454417952	0	FALSE	FALSE	FALSE	FALSE	FALSE	FALSE	Sensitivity estimate under random gene loss: min(100, observed gene-set coverage / MAG completeness fraction)
SY366YB-0-4_bin5	Carbon	Methanogenesis, CO2 => methane	Previous algorithm: distinct-gene set coverage	37	0	0	FALSE	FALSE	IS	71.3	5.933	multi-gene partial reconstruction	1.40252454417952	0	FALSE	FALSE	FALSE	FALSE	FALSE	FALSE	Sensitivity estimate under random gene loss: min(100, observed gene-set coverage / MAG completeness fraction)
SY366YB-0-4_bin5	Carbon	Methanogenesis, acetate => methane	Previous algorithm: distinct-gene set coverage	31	1	3.2258064516129	FALSE	FALSE	IS	71.3	5.933	multi-gene partial reconstruction	1.40252454417952	4.52427272315975	FALSE	FALSE	FALSE	FALSE	FALSE	FALSE	Sensitivity estimate under random gene loss: min(100, observed gene-set coverage / MAG completeness fraction)
SY366YB-0-4_bin5	Carbon	Methanogenesis, methanethiol => methane	Previous algorithm: distinct-gene set coverage	1	0	0	FALSE	FALSE	IS	71.3	5.933	multi-gene partial reconstruction	1.40252454417952	0	FALSE	FALSE	FALSE	FALSE	FALSE	FALSE	Sensitivity estimate under random gene loss: min(100, observed gene-set coverage / MAG completeness fraction)
SY366YB-0-4_bin5	Carbon	Methanogenesis, methanol => methane	Previous algorithm: distinct-gene set coverage	19	0	0	FALSE	FALSE	IS	71.3	5.933	multi-gene partial reconstruction	1.40252454417952	0	FALSE	FALSE	FALSE	FALSE	FALSE	FALSE	Sensitivity estimate under random gene loss: min(100, observed gene-set coverage / MAG completeness fraction)
SY366YB-0-4_bin5	Carbon	Methanogenesis, methylamine/dimethylamine/trimethylamine => methane	Previous algorithm: distinct-gene set coverage	23	1	4.34782608695652	FALSE	FALSE	IS	71.3	5.933	multi-gene partial reconstruction	1.40252454417952	6.09793280078053	FALSE	FALSE	FALSE	FALSE	FALSE	FALSE	Sensitivity estimate under random gene loss: min(100, observed gene-set coverage / MAG completeness fraction)
SY366YB-0-4_bin5	Carbon	Reductive acetyl-CoA pathway (Wood-Ljungdahl pathway)	Previous algorithm: distinct-gene set coverage	10	3	30	FALSE	FALSE	IS	71.3	5.933	multi-gene partial reconstruction	1.40252454417952	42.0757363253857	FALSE	FALSE	FALSE	FALSE	FALSE	FALSE	Sensitivity estimate under random gene loss: min(100, observed gene-set coverage / MAG completeness fraction)
SY366YB-0-4_bin5	Carbon	Reductive citrate cycle (Arnon-Buchanan cycle)	Previous algorithm: distinct-gene set coverage	43	12	27.906976744186	FALSE	FALSE	IS	71.3	5.933	multi-gene partial reconstruction	1.40252454417952	39.140219837568	FALSE	FALSE	FALSE	FALSE	FALSE	FALSE	Sensitivity estimate under random gene loss: min(100, observed gene-set coverage / MAG completeness fraction)
SY366YB-0-4_bin5	Nitrogen	Assimilatory nitrate reduction, nitrate => ammonia	Previous algorithm: distinct-gene set coverage	6	0	0	FALSE	FALSE	IS	71.3	5.933	multi-gene partial reconstruction	1.40252454417952	0	FALSE	FALSE	FALSE	FALSE	FALSE	FALSE	Sensitivity estimate under random gene loss: min(100, observed gene-set coverage / MAG completeness fraction)
SY366YB-0-4_bin5	Nitrogen	Complete nitrification, comammox, ammonia => nitrite => nitrate	Previous algorithm: distinct-gene set coverage	6	0	0	FALSE	FALSE	IS	71.3	5.933	multi-gene partial reconstruction	1.40252454417952	0	FALSE	FALSE	FALSE	FALSE	FALSE	FALSE	Sensitivity estimate under random gene loss: min(100, observed gene-set coverage / MAG completeness fraction)
SY366YB-0-4_bin5	Nitrogen	Denitrification, nitrate => nitrogen	Previous algorithm: distinct-gene set coverage	11	1	9.09090909090909	FALSE	FALSE	IS	71.3	5.933	multi-gene partial reconstruction	1.40252454417952	12.7502231289048	FALSE	FALSE	FALSE	FALSE	FALSE	FALSE	Sensitivity estimate under random gene loss: min(100, observed gene-set coverage / MAG completeness fraction)
SY366YB-0-4_bin5	Nitrogen	Dissimilatory nitrate reduction, nitrate => ammonia	Previous algorithm: distinct-gene set coverage	9	3	33.3333333333333	FALSE	FALSE	IS	71.3	5.933	multi-gene partial reconstruction	1.40252454417952	46.7508181393174	FALSE	FALSE	FALSE	FALSE	FALSE	FALSE	Sensitivity estimate under random gene loss: min(100, observed gene-set coverage / MAG completeness fraction)
SY366YB-0-4_bin5	Nitrogen	Nitrate assimilation	Previous algorithm: distinct-gene set coverage	1	0	0	FALSE	FALSE	IS	71.3	5.933	multi-gene partial reconstruction	1.40252454417952	0	FALSE	FALSE	FALSE	FALSE	FALSE	FALSE	Sensitivity estimate under random gene loss: min(100, observed gene-set coverage / MAG completeness fraction)
SY366YB-0-4_bin5	Nitrogen	Nitrification, ammonia => nitrite	Previous algorithm: distinct-gene set coverage	8	0	0	FALSE	FALSE	IS	71.3	5.933	multi-gene partial reconstruction	1.40252454417952	0	FALSE	FALSE	FALSE	FALSE	FALSE	FALSE	Sensitivity estimate under random gene loss: min(100, observed gene-set coverage / MAG completeness fraction)
SY366YB-0-4_bin5	Nitrogen	Nitrogen fixation, nitrogen => ammonia	Previous algorithm: distinct-gene set coverage	8	0	0	FALSE	FALSE	IS	71.3	5.933	multi-gene partial reconstruction	1.40252454417952	0	FALSE	FALSE	FALSE	FALSE	FALSE	FALSE	Sensitivity estimate under random gene loss: min(100, observed gene-set coverage / MAG completeness fraction)
SY366YB-0-4_bin5	Nitrogen	nitrite + ammonia => nitrogen	Previous algorithm: distinct-gene set coverage	9	0	0	FALSE	FALSE	IS	71.3	5.933	multi-gene partial reconstruction	1.40252454417952	0	FALSE	FALSE	FALSE	FALSE	FALSE	FALSE	Sensitivity estimate under random gene loss: min(100, observed gene-set coverage / MAG completeness fraction)
SY366YB-0-4_bin5	Sulfur	Assimilatory sulfate reduction, sulfate => H2S	Previous algorithm: distinct-gene set coverage	10	3	30	FALSE	FALSE	IS	71.3	5.933	multi-gene partial reconstruction	1.40252454417952	42.0757363253857	FALSE	FALSE	FALSE	FALSE	FALSE	FALSE	Sensitivity estimate under random gene loss: min(100, observed gene-set coverage / MAG completeness fraction)
SY366YB-0-4_bin5	Sulfur	Dissimilatory sulfate reduction, sulfate => H2S	Previous algorithm: distinct-gene set coverage	7	1	14.2857142857143	FALSE	FALSE	IS	71.3	5.933	multi-gene partial reconstruction	1.40252454417952	20.0360649168503	FALSE	FALSE	FALSE	FALSE	FALSE	FALSE	Sensitivity estimate under random gene loss: min(100, observed gene-set coverage / MAG completeness fraction)
SY366YB-0-4_bin5	Sulfur	Thiosulfate oxidation by SOX complex, thiosulfate => sulfate	Previous algorithm: distinct-gene set coverage	7	4	57.1428571428571	TRUE	FALSE	IS	71.3	5.933	multi-gene partial reconstruction	1.40252454417952	80.1442596674013	TRUE	TRUE	FALSE	FALSE	TRUE	TRUE	Sensitivity estimate under random gene loss: min(100, observed gene-set coverage / MAG completeness fraction)
SY366YB-0-4_bin5	Nitrogen	Urea cycle	Previous algorithm: distinct-gene set coverage	6	3	50	TRUE	FALSE	IS	71.3	5.933	multi-gene partial reconstruction	1.40252454417952	70.1262272089762	TRUE	TRUE	FALSE	FALSE	FALSE	FALSE	Sensitivity estimate under random gene loss: min(100, observed gene-set coverage / MAG completeness fraction)
SY366YB-0-4_bin5	Nitrogen	Urea transport system	Previous algorithm: distinct-gene set coverage	5	0	0	FALSE	FALSE	IS	71.3	5.933	multi-gene partial reconstruction	1.40252454417952	0	FALSE	FALSE	FALSE	FALSE	FALSE	FALSE	Sensitivity estimate under random gene loss: min(100, observed gene-set coverage / MAG completeness fraction)
SY366YB-0-4_bin5	Sulfur	Sulfate/thiosulfate transport system	Previous algorithm: distinct-gene set coverage	5	0	0	FALSE	FALSE	IS	71.3	5.933	multi-gene partial reconstruction	1.40252454417952	0	FALSE	FALSE	FALSE	FALSE	FALSE	FALSE	Sensitivity estimate under random gene loss: min(100, observed gene-set coverage / MAG completeness fraction)
SY366YB-0-4_bin5	Sulfur	Sulfonate transport system	Previous algorithm: distinct-gene set coverage	3	1	33.3333333333333	FALSE	FALSE	IS	71.3	5.933	multi-gene partial reconstruction	1.40252454417952	46.7508181393174	FALSE	FALSE	FALSE	FALSE	FALSE	FALSE	Sensitivity estimate under random gene loss: min(100, observed gene-set coverage / MAG completeness fraction)
SY366YB-0-4_bin5	Vitamin B12	Cobalamin salvage	Previous algorithm: distinct-gene set coverage	4	0	0	FALSE	FALSE	IS	71.3	5.933	multi-gene partial reconstruction	1.40252454417952	0	FALSE	FALSE	FALSE	FALSE	FALSE	FALSE	Sensitivity estimate under random gene loss: min(100, observed gene-set coverage / MAG completeness fraction)
SY366YB-0-4_bin5	Vitamin B12	Vitamin B12 transport system	Previous algorithm: distinct-gene set coverage	3	0	0	FALSE	FALSE	IS	71.3	5.933	multi-gene partial reconstruction	1.40252454417952	0	FALSE	FALSE	FALSE	FALSE	FALSE	FALSE	Sensitivity estimate under random gene loss: min(100, observed gene-set coverage / MAG completeness fraction)
SY366YB-0-4_bin5	Carbon	Citrate cycle (TCA cycle, Krebs cycle)	Previous algorithm: distinct-gene set coverage	40	10	25	FALSE	FALSE	IS	71.3	5.933	multi-gene partial reconstruction	1.40252454417952	35.0631136044881	FALSE	FALSE	FALSE	FALSE	FALSE	FALSE	Sensitivity estimate under random gene loss: min(100, observed gene-set coverage / MAG completeness fraction)
SY366YB-0-4_bin5	Carbon	Citrate cycle, first carbon oxidation, oxaloacetate => 2-oxoglutarate	Previous algorithm: distinct-gene set coverage	6	2	33.3333333333333	FALSE	FALSE	IS	71.3	5.933	multi-gene partial reconstruction	1.40252454417952	46.7508181393174	FALSE	FALSE	FALSE	FALSE	FALSE	FALSE	Sensitivity estimate under random gene loss: min(100, observed gene-set coverage / MAG completeness fraction)
SY366YB-0-4_bin5	Carbon	Citrate cycle, second carbon oxidation, 2-oxoglutarate => oxaloacetate	Previous algorithm: distinct-gene set coverage	34	8	23.5294117647059	FALSE	FALSE	IS	71.3	5.933	multi-gene partial reconstruction	1.40252454417952	33.0005775101064	FALSE	FALSE	FALSE	FALSE	FALSE	FALSE	Sensitivity estimate under random gene loss: min(100, observed gene-set coverage / MAG completeness fraction)
SY366YB-0-4_bin5	Carbon	Glycolysis (Embden-Meyerhof pathway), glucose => pyruvate	Previous algorithm: distinct-gene set coverage	29	6	20.6896551724138	FALSE	FALSE	IS	71.3	5.933	multi-gene partial reconstruction	1.40252454417952	29.0177491899212	FALSE	FALSE	FALSE	FALSE	FALSE	FALSE	Sensitivity estimate under random gene loss: min(100, observed gene-set coverage / MAG completeness fraction)
SY366YB-0-4_bin5	Carbon	Glycolysis, core module involving three-carbon compounds	Previous algorithm: distinct-gene set coverage	12	4	33.3333333333333	FALSE	FALSE	IS	71.3	5.933	multi-gene partial reconstruction	1.40252454417952	46.7508181393174	FALSE	FALSE	FALSE	FALSE	FALSE	FALSE	Sensitivity estimate under random gene loss: min(100, observed gene-set coverage / MAG completeness fraction)
SY366YB-0-4_bin5	Carbon	Incomplete reductive citrate cycle, acetyl-CoA => oxoglutarate	Previous algorithm: distinct-gene set coverage	17	3	17.6470588235294	FALSE	FALSE	IS	71.3	5.933	multi-gene partial reconstruction	1.40252454417952	24.7504331325798	FALSE	FALSE	FALSE	FALSE	FALSE	FALSE	Sensitivity estimate under random gene loss: min(100, observed gene-set coverage / MAG completeness fraction)
SY366YB-0-4_bin5	Carbon	Pyruvate oxidation, pyruvate => acetyl-CoA	Previous algorithm: distinct-gene set coverage	11	6	54.5454545454545	TRUE	FALSE	IS	71.3	5.933	multi-gene partial reconstruction	1.40252454417952	76.5013387734285	TRUE	TRUE	FALSE	FALSE	TRUE	TRUE	Sensitivity estimate under random gene loss: min(100, observed gene-set coverage / MAG completeness fraction)
SY366YB-0-4_bin5	Carbon	TCA /Reductive TCA	Previous algorithm: distinct-gene set coverage	1	0	0	FALSE	FALSE	IS	71.3	5.933	multi-gene partial reconstruction	1.40252454417952	0	FALSE	FALSE	FALSE	FALSE	FALSE	FALSE	Sensitivity estimate under random gene loss: min(100, observed gene-set coverage / MAG completeness fraction)
SY366YW-0-4_bin2	Motility	Flagellar Assembly (partial 36-KO reconstruction)	Previous algorithm: distinct-gene set coverage	36	0	0	FALSE	FALSE	IS	52.68	7.692	multi-gene partial reconstruction	1.89825360668185	0	FALSE	FALSE	FALSE	FALSE	FALSE	FALSE	Sensitivity estimate under random gene loss: min(100, observed gene-set coverage / MAG completeness fraction)
SY366YW-0-4_bin2	Vitamin B12	Cobalamin biosynthesis, cobinamide => cobalamin	Previous algorithm: distinct-gene set coverage	8	1	12.5	FALSE	FALSE	IS	52.68	7.692	multi-gene partial reconstruction	1.89825360668185	23.7281700835232	FALSE	FALSE	FALSE	FALSE	FALSE	FALSE	Sensitivity estimate under random gene loss: min(100, observed gene-set coverage / MAG completeness fraction)
SY366YW-0-4_bin2	Vitamin B12	Cobalamin biosynthesis, precorrin2 => cobinamide	Previous algorithm: distinct-gene set coverage	25	0	0	FALSE	FALSE	IS	52.68	7.692	multi-gene partial reconstruction	1.89825360668185	0	FALSE	FALSE	FALSE	FALSE	FALSE	FALSE	Sensitivity estimate under random gene loss: min(100, observed gene-set coverage / MAG completeness fraction)
SY366YW-0-4_bin2	Carbon	Acetyl-CoA pathway, CO2 => acetyl-CoA	Previous algorithm: distinct-gene set coverage	5	0	0	FALSE	FALSE	IS	52.68	7.692	multi-gene partial reconstruction	1.89825360668185	0	FALSE	FALSE	FALSE	FALSE	FALSE	FALSE	Sensitivity estimate under random gene loss: min(100, observed gene-set coverage / MAG completeness fraction)
SY366YW-0-4_bin2	Carbon	Methane oxidation, methanotroph, methane => formaldehyde	Previous algorithm: distinct-gene set coverage	12	0	0	FALSE	FALSE	IS	52.68	7.692	multi-gene partial reconstruction	1.89825360668185	0	FALSE	FALSE	FALSE	FALSE	FALSE	FALSE	Sensitivity estimate under random gene loss: min(100, observed gene-set coverage / MAG completeness fraction)
SY366YW-0-4_bin2	Carbon	Methanogenesis, CO2 => methane	Previous algorithm: distinct-gene set coverage	37	1	2.7027027027027	FALSE	FALSE	IS	52.68	7.692	multi-gene partial reconstruction	1.89825360668185	5.13041515319419	FALSE	FALSE	FALSE	FALSE	FALSE	FALSE	Sensitivity estimate under random gene loss: min(100, observed gene-set coverage / MAG completeness fraction)
SY366YW-0-4_bin2	Carbon	Methanogenesis, acetate => methane	Previous algorithm: distinct-gene set coverage	31	0	0	FALSE	FALSE	IS	52.68	7.692	multi-gene partial reconstruction	1.89825360668185	0	FALSE	FALSE	FALSE	FALSE	FALSE	FALSE	Sensitivity estimate under random gene loss: min(100, observed gene-set coverage / MAG completeness fraction)
SY366YW-0-4_bin2	Carbon	Methanogenesis, methanethiol => methane	Previous algorithm: distinct-gene set coverage	1	0	0	FALSE	FALSE	IS	52.68	7.692	multi-gene partial reconstruction	1.89825360668185	0	FALSE	FALSE	FALSE	FALSE	FALSE	FALSE	Sensitivity estimate under random gene loss: min(100, observed gene-set coverage / MAG completeness fraction)
SY366YW-0-4_bin2	Carbon	Methanogenesis, methanol => methane	Previous algorithm: distinct-gene set coverage	19	0	0	FALSE	FALSE	IS	52.68	7.692	multi-gene partial reconstruction	1.89825360668185	0	FALSE	FALSE	FALSE	FALSE	FALSE	FALSE	Sensitivity estimate under random gene loss: min(100, observed gene-set coverage / MAG completeness fraction)
SY366YW-0-4_bin2	Carbon	Methanogenesis, methylamine/dimethylamine/trimethylamine => methane	Previous algorithm: distinct-gene set coverage	23	0	0	FALSE	FALSE	IS	52.68	7.692	multi-gene partial reconstruction	1.89825360668185	0	FALSE	FALSE	FALSE	FALSE	FALSE	FALSE	Sensitivity estimate under random gene loss: min(100, observed gene-set coverage / MAG completeness fraction)
SY366YW-0-4_bin2	Carbon	Reductive acetyl-CoA pathway (Wood-Ljungdahl pathway)	Previous algorithm: distinct-gene set coverage	10	0	0	FALSE	FALSE	IS	52.68	7.692	multi-gene partial reconstruction	1.89825360668185	0	FALSE	FALSE	FALSE	FALSE	FALSE	FALSE	Sensitivity estimate under random gene loss: min(100, observed gene-set coverage / MAG completeness fraction)
SY366YW-0-4_bin2	Carbon	Reductive citrate cycle (Arnon-Buchanan cycle)	Previous algorithm: distinct-gene set coverage	43	7	16.2790697674419	FALSE	FALSE	IS	52.68	7.692	multi-gene partial reconstruction	1.89825360668185	30.9018028994721	FALSE	FALSE	FALSE	FALSE	FALSE	FALSE	Sensitivity estimate under random gene loss: min(100, observed gene-set coverage / MAG completeness fraction)
SY366YW-0-4_bin2	Nitrogen	Assimilatory nitrate reduction, nitrate => ammonia	Previous algorithm: distinct-gene set coverage	6	0	0	FALSE	FALSE	IS	52.68	7.692	multi-gene partial reconstruction	1.89825360668185	0	FALSE	FALSE	FALSE	FALSE	FALSE	FALSE	Sensitivity estimate under random gene loss: min(100, observed gene-set coverage / MAG completeness fraction)
SY366YW-0-4_bin2	Nitrogen	Complete nitrification, comammox, ammonia => nitrite => nitrate	Previous algorithm: distinct-gene set coverage	6	1	16.6666666666667	FALSE	FALSE	IS	52.68	7.692	multi-gene partial reconstruction	1.89825360668185	31.6375601113643	FALSE	FALSE	FALSE	FALSE	FALSE	FALSE	Sensitivity estimate under random gene loss: min(100, observed gene-set coverage / MAG completeness fraction)
SY366YW-0-4_bin2	Nitrogen	Denitrification, nitrate => nitrogen	Previous algorithm: distinct-gene set coverage	11	1	9.09090909090909	FALSE	FALSE	IS	52.68	7.692	multi-gene partial reconstruction	1.89825360668185	17.256850969835	FALSE	FALSE	FALSE	FALSE	FALSE	FALSE	Sensitivity estimate under random gene loss: min(100, observed gene-set coverage / MAG completeness fraction)
SY366YW-0-4_bin2	Nitrogen	Dissimilatory nitrate reduction, nitrate => ammonia	Previous algorithm: distinct-gene set coverage	9	1	11.1111111111111	FALSE	FALSE	IS	52.68	7.692	multi-gene partial reconstruction	1.89825360668185	21.0917067409095	FALSE	FALSE	FALSE	FALSE	FALSE	FALSE	Sensitivity estimate under random gene loss: min(100, observed gene-set coverage / MAG completeness fraction)
SY366YW-0-4_bin2	Nitrogen	Nitrate assimilation	Previous algorithm: distinct-gene set coverage	1	0	0	FALSE	FALSE	IS	52.68	7.692	multi-gene partial reconstruction	1.89825360668185	0	FALSE	FALSE	FALSE	FALSE	FALSE	FALSE	Sensitivity estimate under random gene loss: min(100, observed gene-set coverage / MAG completeness fraction)
SY366YW-0-4_bin2	Nitrogen	Nitrification, ammonia => nitrite	Previous algorithm: distinct-gene set coverage	8	0	0	FALSE	FALSE	IS	52.68	7.692	multi-gene partial reconstruction	1.89825360668185	0	FALSE	FALSE	FALSE	FALSE	FALSE	FALSE	Sensitivity estimate under random gene loss: min(100, observed gene-set coverage / MAG completeness fraction)
SY366YW-0-4_bin2	Nitrogen	Nitrogen fixation, nitrogen => ammonia	Previous algorithm: distinct-gene set coverage	8	0	0	FALSE	FALSE	IS	52.68	7.692	multi-gene partial reconstruction	1.89825360668185	0	FALSE	FALSE	FALSE	FALSE	FALSE	FALSE	Sensitivity estimate under random gene loss: min(100, observed gene-set coverage / MAG completeness fraction)
SY366YW-0-4_bin2	Nitrogen	nitrite + ammonia => nitrogen	Previous algorithm: distinct-gene set coverage	9	1	11.1111111111111	FALSE	FALSE	IS	52.68	7.692	multi-gene partial reconstruction	1.89825360668185	21.0917067409095	FALSE	FALSE	FALSE	FALSE	FALSE	FALSE	Sensitivity estimate under random gene loss: min(100, observed gene-set coverage / MAG completeness fraction)
SY366YW-0-4_bin2	Sulfur	Assimilatory sulfate reduction, sulfate => H2S	Previous algorithm: distinct-gene set coverage	10	1	10	FALSE	FALSE	IS	52.68	7.692	multi-gene partial reconstruction	1.89825360668185	18.9825360668185	FALSE	FALSE	FALSE	FALSE	FALSE	FALSE	Sensitivity estimate under random gene loss: min(100, observed gene-set coverage / MAG completeness fraction)
SY366YW-0-4_bin2	Sulfur	Dissimilatory sulfate reduction, sulfate => H2S	Previous algorithm: distinct-gene set coverage	7	1	14.2857142857143	FALSE	FALSE	IS	52.68	7.692	multi-gene partial reconstruction	1.89825360668185	27.1179086668836	FALSE	FALSE	FALSE	FALSE	FALSE	FALSE	Sensitivity estimate under random gene loss: min(100, observed gene-set coverage / MAG completeness fraction)
SY366YW-0-4_bin2	Sulfur	Thiosulfate oxidation by SOX complex, thiosulfate => sulfate	Previous algorithm: distinct-gene set coverage	7	0	0	FALSE	FALSE	IS	52.68	7.692	multi-gene partial reconstruction	1.89825360668185	0	FALSE	FALSE	FALSE	FALSE	FALSE	FALSE	Sensitivity estimate under random gene loss: min(100, observed gene-set coverage / MAG completeness fraction)
SY366YW-0-4_bin2	Nitrogen	Urea cycle	Previous algorithm: distinct-gene set coverage	6	1	16.6666666666667	FALSE	FALSE	IS	52.68	7.692	multi-gene partial reconstruction	1.89825360668185	31.6375601113643	FALSE	FALSE	FALSE	FALSE	FALSE	FALSE	Sensitivity estimate under random gene loss: min(100, observed gene-set coverage / MAG completeness fraction)
SY366YW-0-4_bin2	Nitrogen	Urea transport system	Previous algorithm: distinct-gene set coverage	5	0	0	FALSE	FALSE	IS	52.68	7.692	multi-gene partial reconstruction	1.89825360668185	0	FALSE	FALSE	FALSE	FALSE	FALSE	FALSE	Sensitivity estimate under random gene loss: min(100, observed gene-set coverage / MAG completeness fraction)
SY366YW-0-4_bin2	Sulfur	Sulfate/thiosulfate transport system	Previous algorithm: distinct-gene set coverage	5	0	0	FALSE	FALSE	IS	52.68	7.692	multi-gene partial reconstruction	1.89825360668185	0	FALSE	FALSE	FALSE	FALSE	FALSE	FALSE	Sensitivity estimate under random gene loss: min(100, observed gene-set coverage / MAG completeness fraction)
SY366YW-0-4_bin2	Sulfur	Sulfonate transport system	Previous algorithm: distinct-gene set coverage	3	0	0	FALSE	FALSE	IS	52.68	7.692	multi-gene partial reconstruction	1.89825360668185	0	FALSE	FALSE	FALSE	FALSE	FALSE	FALSE	Sensitivity estimate under random gene loss: min(100, observed gene-set coverage / MAG completeness fraction)
SY366YW-0-4_bin2	Vitamin B12	Cobalamin salvage	Previous algorithm: distinct-gene set coverage	4	0	0	FALSE	FALSE	IS	52.68	7.692	multi-gene partial reconstruction	1.89825360668185	0	FALSE	FALSE	FALSE	FALSE	FALSE	FALSE	Sensitivity estimate under random gene loss: min(100, observed gene-set coverage / MAG completeness fraction)
SY366YW-0-4_bin2	Vitamin B12	Vitamin B12 transport system	Previous algorithm: distinct-gene set coverage	3	0	0	FALSE	FALSE	IS	52.68	7.692	multi-gene partial reconstruction	1.89825360668185	0	FALSE	FALSE	FALSE	FALSE	FALSE	FALSE	Sensitivity estimate under random gene loss: min(100, observed gene-set coverage / MAG completeness fraction)
SY366YW-0-4_bin2	Carbon	Citrate cycle (TCA cycle, Krebs cycle)	Previous algorithm: distinct-gene set coverage	40	6	15	FALSE	FALSE	IS	52.68	7.692	multi-gene partial reconstruction	1.89825360668185	28.4738041002278	FALSE	FALSE	FALSE	FALSE	FALSE	FALSE	Sensitivity estimate under random gene loss: min(100, observed gene-set coverage / MAG completeness fraction)
SY366YW-0-4_bin2	Carbon	Citrate cycle, first carbon oxidation, oxaloacetate => 2-oxoglutarate	Previous algorithm: distinct-gene set coverage	6	1	16.6666666666667	FALSE	FALSE	IS	52.68	7.692	multi-gene partial reconstruction	1.89825360668185	31.6375601113643	FALSE	FALSE	FALSE	FALSE	FALSE	FALSE	Sensitivity estimate under random gene loss: min(100, observed gene-set coverage / MAG completeness fraction)
SY366YW-0-4_bin2	Carbon	Citrate cycle, second carbon oxidation, 2-oxoglutarate => oxaloacetate	Previous algorithm: distinct-gene set coverage	34	5	14.7058823529412	FALSE	FALSE	IS	52.68	7.692	multi-gene partial reconstruction	1.89825360668185	27.9154942159096	FALSE	FALSE	FALSE	FALSE	FALSE	FALSE	Sensitivity estimate under random gene loss: min(100, observed gene-set coverage / MAG completeness fraction)
SY366YW-0-4_bin2	Carbon	Glycolysis (Embden-Meyerhof pathway), glucose => pyruvate	Previous algorithm: distinct-gene set coverage	29	7	24.1379310344828	FALSE	FALSE	IS	52.68	7.692	multi-gene partial reconstruction	1.89825360668185	45.8199146440448	FALSE	FALSE	FALSE	FALSE	FALSE	FALSE	Sensitivity estimate under random gene loss: min(100, observed gene-set coverage / MAG completeness fraction)
SY366YW-0-4_bin2	Carbon	Glycolysis, core module involving three-carbon compounds	Previous algorithm: distinct-gene set coverage	12	5	41.6666666666667	FALSE	FALSE	IS	52.68	7.692	multi-gene partial reconstruction	1.89825360668185	79.0939002784106	FALSE	TRUE	TRUE	FALSE	TRUE	TRUE	Sensitivity estimate under random gene loss: min(100, observed gene-set coverage / MAG completeness fraction)
SY366YW-0-4_bin2	Carbon	Incomplete reductive citrate cycle, acetyl-CoA => oxoglutarate	Previous algorithm: distinct-gene set coverage	17	3	17.6470588235294	FALSE	FALSE	IS	52.68	7.692	multi-gene partial reconstruction	1.89825360668185	33.4985930590915	FALSE	FALSE	FALSE	FALSE	FALSE	FALSE	Sensitivity estimate under random gene loss: min(100, observed gene-set coverage / MAG completeness fraction)
SY366YW-0-4_bin2	Carbon	Pyruvate oxidation, pyruvate => acetyl-CoA	Previous algorithm: distinct-gene set coverage	11	2	18.1818181818182	FALSE	FALSE	IS	52.68	7.692	multi-gene partial reconstruction	1.89825360668185	34.5137019396701	FALSE	FALSE	FALSE	FALSE	FALSE	FALSE	Sensitivity estimate under random gene loss: min(100, observed gene-set coverage / MAG completeness fraction)
SY366YW-0-4_bin2	Carbon	TCA /Reductive TCA	Previous algorithm: distinct-gene set coverage	1	0	0	FALSE	FALSE	IS	52.68	7.692	multi-gene partial reconstruction	1.89825360668185	0	FALSE	FALSE	FALSE	FALSE	FALSE	FALSE	Sensitivity estimate under random gene loss: min(100, observed gene-set coverage / MAG completeness fraction)
SY366YW-0-4_bin34	Motility	Flagellar Assembly (partial 36-KO reconstruction)	Previous algorithm: distinct-gene set coverage	36	26	72.2222222222222	TRUE	FALSE	IS	95.86	1.956	multi-gene partial reconstruction	1.04318798247444	75.3413542898208	TRUE	TRUE	FALSE	FALSE	TRUE	TRUE	Sensitivity estimate under random gene loss: min(100, observed gene-set coverage / MAG completeness fraction)
SY366YW-0-4_bin34	Vitamin B12	Cobalamin biosynthesis, cobinamide => cobalamin	Previous algorithm: distinct-gene set coverage	8	7	87.5	TRUE	TRUE	IS	95.86	1.956	multi-gene partial reconstruction	1.04318798247444	91.2789484665137	TRUE	TRUE	FALSE	TRUE	TRUE	FALSE	Sensitivity estimate under random gene loss: min(100, observed gene-set coverage / MAG completeness fraction)
SY366YW-0-4_bin34	Vitamin B12	Cobalamin biosynthesis, precorrin2 => cobinamide	Previous algorithm: distinct-gene set coverage	25	13	52	TRUE	FALSE	IS	95.86	1.956	multi-gene partial reconstruction	1.04318798247444	54.245775088671	TRUE	TRUE	FALSE	FALSE	FALSE	FALSE	Sensitivity estimate under random gene loss: min(100, observed gene-set coverage / MAG completeness fraction)
SY366YW-0-4_bin34	Carbon	Acetyl-CoA pathway, CO2 => acetyl-CoA	Previous algorithm: distinct-gene set coverage	5	0	0	FALSE	FALSE	IS	95.86	1.956	multi-gene partial reconstruction	1.04318798247444	0	FALSE	FALSE	FALSE	FALSE	FALSE	FALSE	Sensitivity estimate under random gene loss: min(100, observed gene-set coverage / MAG completeness fraction)
SY366YW-0-4_bin34	Carbon	Methane oxidation, methanotroph, methane => formaldehyde	Previous algorithm: distinct-gene set coverage	12	0	0	FALSE	FALSE	IS	95.86	1.956	multi-gene partial reconstruction	1.04318798247444	0	FALSE	FALSE	FALSE	FALSE	FALSE	FALSE	Sensitivity estimate under random gene loss: min(100, observed gene-set coverage / MAG completeness fraction)
SY366YW-0-4_bin34	Carbon	Methanogenesis, CO2 => methane	Previous algorithm: distinct-gene set coverage	37	0	0	FALSE	FALSE	IS	95.86	1.956	multi-gene partial reconstruction	1.04318798247444	0	FALSE	FALSE	FALSE	FALSE	FALSE	FALSE	Sensitivity estimate under random gene loss: min(100, observed gene-set coverage / MAG completeness fraction)
SY366YW-0-4_bin34	Carbon	Methanogenesis, acetate => methane	Previous algorithm: distinct-gene set coverage	31	1	3.2258064516129	FALSE	FALSE	IS	95.86	1.956	multi-gene partial reconstruction	1.04318798247444	3.3651225241111	FALSE	FALSE	FALSE	FALSE	FALSE	FALSE	Sensitivity estimate under random gene loss: min(100, observed gene-set coverage / MAG completeness fraction)
SY366YW-0-4_bin34	Carbon	Methanogenesis, methanethiol => methane	Previous algorithm: distinct-gene set coverage	1	0	0	FALSE	FALSE	IS	95.86	1.956	multi-gene partial reconstruction	1.04318798247444	0	FALSE	FALSE	FALSE	FALSE	FALSE	FALSE	Sensitivity estimate under random gene loss: min(100, observed gene-set coverage / MAG completeness fraction)
SY366YW-0-4_bin34	Carbon	Methanogenesis, methanol => methane	Previous algorithm: distinct-gene set coverage	19	0	0	FALSE	FALSE	IS	95.86	1.956	multi-gene partial reconstruction	1.04318798247444	0	FALSE	FALSE	FALSE	FALSE	FALSE	FALSE	Sensitivity estimate under random gene loss: min(100, observed gene-set coverage / MAG completeness fraction)
SY366YW-0-4_bin34	Carbon	Methanogenesis, methylamine/dimethylamine/trimethylamine => methane	Previous algorithm: distinct-gene set coverage	23	1	4.34782608695652	FALSE	FALSE	IS	95.86	1.956	multi-gene partial reconstruction	1.04318798247444	4.53559992380192	FALSE	FALSE	FALSE	FALSE	FALSE	FALSE	Sensitivity estimate under random gene loss: min(100, observed gene-set coverage / MAG completeness fraction)
SY366YW-0-4_bin34	Carbon	Reductive acetyl-CoA pathway (Wood-Ljungdahl pathway)	Previous algorithm: distinct-gene set coverage	10	3	30	FALSE	FALSE	IS	95.86	1.956	multi-gene partial reconstruction	1.04318798247444	31.2956394742333	FALSE	FALSE	FALSE	FALSE	FALSE	FALSE	Sensitivity estimate under random gene loss: min(100, observed gene-set coverage / MAG completeness fraction)
SY366YW-0-4_bin34	Carbon	Reductive citrate cycle (Arnon-Buchanan cycle)	Previous algorithm: distinct-gene set coverage	43	16	37.2093023255814	FALSE	FALSE	IS	95.86	1.956	multi-gene partial reconstruction	1.04318798247444	38.8162970223048	FALSE	FALSE	FALSE	FALSE	FALSE	FALSE	Sensitivity estimate under random gene loss: min(100, observed gene-set coverage / MAG completeness fraction)
SY366YW-0-4_bin34	Nitrogen	Assimilatory nitrate reduction, nitrate => ammonia	Previous algorithm: distinct-gene set coverage	6	0	0	FALSE	FALSE	IS	95.86	1.956	multi-gene partial reconstruction	1.04318798247444	0	FALSE	FALSE	FALSE	FALSE	FALSE	FALSE	Sensitivity estimate under random gene loss: min(100, observed gene-set coverage / MAG completeness fraction)
SY366YW-0-4_bin34	Nitrogen	Complete nitrification, comammox, ammonia => nitrite => nitrate	Previous algorithm: distinct-gene set coverage	6	0	0	FALSE	FALSE	IS	95.86	1.956	multi-gene partial reconstruction	1.04318798247444	0	FALSE	FALSE	FALSE	FALSE	FALSE	FALSE	Sensitivity estimate under random gene loss: min(100, observed gene-set coverage / MAG completeness fraction)
SY366YW-0-4_bin34	Nitrogen	Denitrification, nitrate => nitrogen	Previous algorithm: distinct-gene set coverage	11	6	54.5454545454545	TRUE	FALSE	IS	95.86	1.956	multi-gene partial reconstruction	1.04318798247444	56.901162680424	TRUE	TRUE	FALSE	FALSE	FALSE	FALSE	Sensitivity estimate under random gene loss: min(100, observed gene-set coverage / MAG completeness fraction)
SY366YW-0-4_bin34	Nitrogen	Dissimilatory nitrate reduction, nitrate => ammonia	Previous algorithm: distinct-gene set coverage	9	2	22.2222222222222	FALSE	FALSE	IS	95.86	1.956	multi-gene partial reconstruction	1.04318798247444	23.1819551660987	FALSE	FALSE	FALSE	FALSE	FALSE	FALSE	Sensitivity estimate under random gene loss: min(100, observed gene-set coverage / MAG completeness fraction)
SY366YW-0-4_bin34	Nitrogen	Nitrate assimilation	Previous algorithm: distinct-gene set coverage	1	0	0	FALSE	FALSE	IS	95.86	1.956	multi-gene partial reconstruction	1.04318798247444	0	FALSE	FALSE	FALSE	FALSE	FALSE	FALSE	Sensitivity estimate under random gene loss: min(100, observed gene-set coverage / MAG completeness fraction)
SY366YW-0-4_bin34	Nitrogen	Nitrification, ammonia => nitrite	Previous algorithm: distinct-gene set coverage	8	0	0	FALSE	FALSE	IS	95.86	1.956	multi-gene partial reconstruction	1.04318798247444	0	FALSE	FALSE	FALSE	FALSE	FALSE	FALSE	Sensitivity estimate under random gene loss: min(100, observed gene-set coverage / MAG completeness fraction)
SY366YW-0-4_bin34	Nitrogen	Nitrogen fixation, nitrogen => ammonia	Previous algorithm: distinct-gene set coverage	8	0	0	FALSE	FALSE	IS	95.86	1.956	multi-gene partial reconstruction	1.04318798247444	0	FALSE	FALSE	FALSE	FALSE	FALSE	FALSE	Sensitivity estimate under random gene loss: min(100, observed gene-set coverage / MAG completeness fraction)
SY366YW-0-4_bin34	Nitrogen	nitrite + ammonia => nitrogen	Previous algorithm: distinct-gene set coverage	9	1	11.1111111111111	FALSE	FALSE	IS	95.86	1.956	multi-gene partial reconstruction	1.04318798247444	11.5909775830493	FALSE	FALSE	FALSE	FALSE	FALSE	FALSE	Sensitivity estimate under random gene loss: min(100, observed gene-set coverage / MAG completeness fraction)
SY366YW-0-4_bin34	Sulfur	Assimilatory sulfate reduction, sulfate => H2S	Previous algorithm: distinct-gene set coverage	10	5	50	TRUE	FALSE	IS	95.86	1.956	multi-gene partial reconstruction	1.04318798247444	52.1593991237221	TRUE	TRUE	FALSE	FALSE	FALSE	FALSE	Sensitivity estimate under random gene loss: min(100, observed gene-set coverage / MAG completeness fraction)
SY366YW-0-4_bin34	Sulfur	Dissimilatory sulfate reduction, sulfate => H2S	Previous algorithm: distinct-gene set coverage	7	2	28.5714285714286	FALSE	FALSE	IS	95.86	1.956	multi-gene partial reconstruction	1.04318798247444	29.8053709278412	FALSE	FALSE	FALSE	FALSE	FALSE	FALSE	Sensitivity estimate under random gene loss: min(100, observed gene-set coverage / MAG completeness fraction)
SY366YW-0-4_bin34	Sulfur	Thiosulfate oxidation by SOX complex, thiosulfate => sulfate	Previous algorithm: distinct-gene set coverage	7	0	0	FALSE	FALSE	IS	95.86	1.956	multi-gene partial reconstruction	1.04318798247444	0	FALSE	FALSE	FALSE	FALSE	FALSE	FALSE	Sensitivity estimate under random gene loss: min(100, observed gene-set coverage / MAG completeness fraction)
SY366YW-0-4_bin34	Nitrogen	Urea cycle	Previous algorithm: distinct-gene set coverage	6	4	66.6666666666667	TRUE	FALSE	IS	95.86	1.956	multi-gene partial reconstruction	1.04318798247444	69.5458654982962	TRUE	TRUE	FALSE	FALSE	FALSE	FALSE	Sensitivity estimate under random gene loss: min(100, observed gene-set coverage / MAG completeness fraction)
SY366YW-0-4_bin34	Nitrogen	Urea transport system	Previous algorithm: distinct-gene set coverage	5	4	80	TRUE	TRUE	IS	95.86	1.956	multi-gene partial reconstruction	1.04318798247444	83.4550385979554	TRUE	TRUE	FALSE	TRUE	TRUE	FALSE	Sensitivity estimate under random gene loss: min(100, observed gene-set coverage / MAG completeness fraction)
SY366YW-0-4_bin34	Sulfur	Sulfate/thiosulfate transport system	Previous algorithm: distinct-gene set coverage	5	0	0	FALSE	FALSE	IS	95.86	1.956	multi-gene partial reconstruction	1.04318798247444	0	FALSE	FALSE	FALSE	FALSE	FALSE	FALSE	Sensitivity estimate under random gene loss: min(100, observed gene-set coverage / MAG completeness fraction)
SY366YW-0-4_bin34	Sulfur	Sulfonate transport system	Previous algorithm: distinct-gene set coverage	3	0	0	FALSE	FALSE	IS	95.86	1.956	multi-gene partial reconstruction	1.04318798247444	0	FALSE	FALSE	FALSE	FALSE	FALSE	FALSE	Sensitivity estimate under random gene loss: min(100, observed gene-set coverage / MAG completeness fraction)
SY366YW-0-4_bin34	Vitamin B12	Cobalamin salvage	Previous algorithm: distinct-gene set coverage	4	0	0	FALSE	FALSE	IS	95.86	1.956	multi-gene partial reconstruction	1.04318798247444	0	FALSE	FALSE	FALSE	FALSE	FALSE	FALSE	Sensitivity estimate under random gene loss: min(100, observed gene-set coverage / MAG completeness fraction)
SY366YW-0-4_bin34	Vitamin B12	Vitamin B12 transport system	Previous algorithm: distinct-gene set coverage	3	0	0	FALSE	FALSE	IS	95.86	1.956	multi-gene partial reconstruction	1.04318798247444	0	FALSE	FALSE	FALSE	FALSE	FALSE	FALSE	Sensitivity estimate under random gene loss: min(100, observed gene-set coverage / MAG completeness fraction)
SY366YW-0-4_bin34	Carbon	Citrate cycle (TCA cycle, Krebs cycle)	Previous algorithm: distinct-gene set coverage	40	18	45	FALSE	FALSE	IS	95.86	1.956	multi-gene partial reconstruction	1.04318798247444	46.9434592113499	FALSE	FALSE	FALSE	FALSE	FALSE	FALSE	Sensitivity estimate under random gene loss: min(100, observed gene-set coverage / MAG completeness fraction)
SY366YW-0-4_bin34	Carbon	Citrate cycle, first carbon oxidation, oxaloacetate => 2-oxoglutarate	Previous algorithm: distinct-gene set coverage	6	3	50	TRUE	FALSE	IS	95.86	1.956	multi-gene partial reconstruction	1.04318798247444	52.1593991237221	TRUE	TRUE	FALSE	FALSE	FALSE	FALSE	Sensitivity estimate under random gene loss: min(100, observed gene-set coverage / MAG completeness fraction)
SY366YW-0-4_bin34	Carbon	Citrate cycle, second carbon oxidation, 2-oxoglutarate => oxaloacetate	Previous algorithm: distinct-gene set coverage	34	15	44.1176470588235	FALSE	FALSE	IS	95.86	1.956	multi-gene partial reconstruction	1.04318798247444	46.0229992268136	FALSE	FALSE	FALSE	FALSE	FALSE	FALSE	Sensitivity estimate under random gene loss: min(100, observed gene-set coverage / MAG completeness fraction)
SY366YW-0-4_bin34	Carbon	Glycolysis (Embden-Meyerhof pathway), glucose => pyruvate	Previous algorithm: distinct-gene set coverage	29	8	27.5862068965517	FALSE	FALSE	IS	95.86	1.956	multi-gene partial reconstruction	1.04318798247444	28.7775995165363	FALSE	FALSE	FALSE	FALSE	FALSE	FALSE	Sensitivity estimate under random gene loss: min(100, observed gene-set coverage / MAG completeness fraction)
SY366YW-0-4_bin34	Carbon	Glycolysis, core module involving three-carbon compounds	Previous algorithm: distinct-gene set coverage	12	6	50	TRUE	FALSE	IS	95.86	1.956	multi-gene partial reconstruction	1.04318798247444	52.1593991237221	TRUE	TRUE	FALSE	FALSE	FALSE	FALSE	Sensitivity estimate under random gene loss: min(100, observed gene-set coverage / MAG completeness fraction)
SY366YW-0-4_bin34	Carbon	Incomplete reductive citrate cycle, acetyl-CoA => oxoglutarate	Previous algorithm: distinct-gene set coverage	17	7	41.1764705882353	FALSE	FALSE	IS	95.86	1.956	multi-gene partial reconstruction	1.04318798247444	42.9547992783594	FALSE	FALSE	FALSE	FALSE	FALSE	FALSE	Sensitivity estimate under random gene loss: min(100, observed gene-set coverage / MAG completeness fraction)
SY366YW-0-4_bin34	Carbon	Pyruvate oxidation, pyruvate => acetyl-CoA	Previous algorithm: distinct-gene set coverage	11	5	45.4545454545455	FALSE	FALSE	IS	95.86	1.956	multi-gene partial reconstruction	1.04318798247444	47.4176355670201	FALSE	FALSE	FALSE	FALSE	FALSE	FALSE	Sensitivity estimate under random gene loss: min(100, observed gene-set coverage / MAG completeness fraction)
SY366YW-0-4_bin34	Carbon	TCA /Reductive TCA	Previous algorithm: distinct-gene set coverage	1	0	0	FALSE	FALSE	IS	95.86	1.956	multi-gene partial reconstruction	1.04318798247444	0	FALSE	FALSE	FALSE	FALSE	FALSE	FALSE	Sensitivity estimate under random gene loss: min(100, observed gene-set coverage / MAG completeness fraction)
SY366YW-0-4_bin9	Motility	Flagellar Assembly (partial 36-KO reconstruction)	Previous algorithm: distinct-gene set coverage	36	25	69.4444444444444	TRUE	FALSE	IS	94.52	0.597	multi-gene partial reconstruction	1.05797714769361	73.4706352565006	TRUE	TRUE	FALSE	FALSE	FALSE	FALSE	Sensitivity estimate under random gene loss: min(100, observed gene-set coverage / MAG completeness fraction)
SY366YW-0-4_bin9	Vitamin B12	Cobalamin biosynthesis, cobinamide => cobalamin	Previous algorithm: distinct-gene set coverage	8	7	87.5	TRUE	TRUE	IS	94.52	0.597	multi-gene partial reconstruction	1.05797714769361	92.5730004231909	TRUE	TRUE	FALSE	TRUE	TRUE	FALSE	Sensitivity estimate under random gene loss: min(100, observed gene-set coverage / MAG completeness fraction)
SY366YW-0-4_bin9	Vitamin B12	Cobalamin biosynthesis, precorrin2 => cobinamide	Previous algorithm: distinct-gene set coverage	25	3	12	FALSE	FALSE	IS	94.52	0.597	multi-gene partial reconstruction	1.05797714769361	12.6957257723233	FALSE	FALSE	FALSE	FALSE	FALSE	FALSE	Sensitivity estimate under random gene loss: min(100, observed gene-set coverage / MAG completeness fraction)
SY366YW-0-4_bin9	Carbon	Acetyl-CoA pathway, CO2 => acetyl-CoA	Previous algorithm: distinct-gene set coverage	5	0	0	FALSE	FALSE	IS	94.52	0.597	multi-gene partial reconstruction	1.05797714769361	0	FALSE	FALSE	FALSE	FALSE	FALSE	FALSE	Sensitivity estimate under random gene loss: min(100, observed gene-set coverage / MAG completeness fraction)
SY366YW-0-4_bin9	Carbon	Methane oxidation, methanotroph, methane => formaldehyde	Previous algorithm: distinct-gene set coverage	12	0	0	FALSE	FALSE	IS	94.52	0.597	multi-gene partial reconstruction	1.05797714769361	0	FALSE	FALSE	FALSE	FALSE	FALSE	FALSE	Sensitivity estimate under random gene loss: min(100, observed gene-set coverage / MAG completeness fraction)
SY366YW-0-4_bin9	Carbon	Methanogenesis, CO2 => methane	Previous algorithm: distinct-gene set coverage	37	3	8.10810810810811	FALSE	FALSE	IS	94.52	0.597	multi-gene partial reconstruction	1.05797714769361	8.57819308940765	FALSE	FALSE	FALSE	FALSE	FALSE	FALSE	Sensitivity estimate under random gene loss: min(100, observed gene-set coverage / MAG completeness fraction)
SY366YW-0-4_bin9	Carbon	Methanogenesis, acetate => methane	Previous algorithm: distinct-gene set coverage	31	4	12.9032258064516	FALSE	FALSE	IS	94.52	0.597	multi-gene partial reconstruction	1.05797714769361	13.6513180347562	FALSE	FALSE	FALSE	FALSE	FALSE	FALSE	Sensitivity estimate under random gene loss: min(100, observed gene-set coverage / MAG completeness fraction)
SY366YW-0-4_bin9	Carbon	Methanogenesis, methanethiol => methane	Previous algorithm: distinct-gene set coverage	1	0	0	FALSE	FALSE	IS	94.52	0.597	multi-gene partial reconstruction	1.05797714769361	0	FALSE	FALSE	FALSE	FALSE	FALSE	FALSE	Sensitivity estimate under random gene loss: min(100, observed gene-set coverage / MAG completeness fraction)
SY366YW-0-4_bin9	Carbon	Methanogenesis, methanol => methane	Previous algorithm: distinct-gene set coverage	19	3	15.7894736842105	FALSE	FALSE	IS	94.52	0.597	multi-gene partial reconstruction	1.05797714769361	16.7049023320043	FALSE	FALSE	FALSE	FALSE	FALSE	FALSE	Sensitivity estimate under random gene loss: min(100, observed gene-set coverage / MAG completeness fraction)
SY366YW-0-4_bin9	Carbon	Methanogenesis, methylamine/dimethylamine/trimethylamine => methane	Previous algorithm: distinct-gene set coverage	23	4	17.3913043478261	FALSE	FALSE	IS	94.52	0.597	multi-gene partial reconstruction	1.05797714769361	18.3996025685845	FALSE	FALSE	FALSE	FALSE	FALSE	FALSE	Sensitivity estimate under random gene loss: min(100, observed gene-set coverage / MAG completeness fraction)
SY366YW-0-4_bin9	Carbon	Reductive acetyl-CoA pathway (Wood-Ljungdahl pathway)	Previous algorithm: distinct-gene set coverage	10	5	50	TRUE	FALSE	IS	94.52	0.597	multi-gene partial reconstruction	1.05797714769361	52.8988573846805	TRUE	TRUE	FALSE	FALSE	FALSE	FALSE	Sensitivity estimate under random gene loss: min(100, observed gene-set coverage / MAG completeness fraction)
SY366YW-0-4_bin9	Carbon	Reductive citrate cycle (Arnon-Buchanan cycle)	Previous algorithm: distinct-gene set coverage	43	16	37.2093023255814	FALSE	FALSE	IS	94.52	0.597	multi-gene partial reconstruction	1.05797714769361	39.3665915420878	FALSE	FALSE	FALSE	FALSE	FALSE	FALSE	Sensitivity estimate under random gene loss: min(100, observed gene-set coverage / MAG completeness fraction)
SY366YW-0-4_bin9	Nitrogen	Assimilatory nitrate reduction, nitrate => ammonia	Previous algorithm: distinct-gene set coverage	6	0	0	FALSE	FALSE	IS	94.52	0.597	multi-gene partial reconstruction	1.05797714769361	0	FALSE	FALSE	FALSE	FALSE	FALSE	FALSE	Sensitivity estimate under random gene loss: min(100, observed gene-set coverage / MAG completeness fraction)
SY366YW-0-4_bin9	Nitrogen	Complete nitrification, comammox, ammonia => nitrite => nitrate	Previous algorithm: distinct-gene set coverage	6	0	0	FALSE	FALSE	IS	94.52	0.597	multi-gene partial reconstruction	1.05797714769361	0	FALSE	FALSE	FALSE	FALSE	FALSE	FALSE	Sensitivity estimate under random gene loss: min(100, observed gene-set coverage / MAG completeness fraction)
SY366YW-0-4_bin9	Nitrogen	Denitrification, nitrate => nitrogen	Previous algorithm: distinct-gene set coverage	11	6	54.5454545454545	TRUE	FALSE	IS	94.52	0.597	multi-gene partial reconstruction	1.05797714769361	57.7078444196514	TRUE	TRUE	FALSE	FALSE	FALSE	FALSE	Sensitivity estimate under random gene loss: min(100, observed gene-set coverage / MAG completeness fraction)
SY366YW-0-4_bin9	Nitrogen	Dissimilatory nitrate reduction, nitrate => ammonia	Previous algorithm: distinct-gene set coverage	9	2	22.2222222222222	FALSE	FALSE	IS	94.52	0.597	multi-gene partial reconstruction	1.05797714769361	23.5106032820802	FALSE	FALSE	FALSE	FALSE	FALSE	FALSE	Sensitivity estimate under random gene loss: min(100, observed gene-set coverage / MAG completeness fraction)
SY366YW-0-4_bin9	Nitrogen	Nitrate assimilation	Previous algorithm: distinct-gene set coverage	1	0	0	FALSE	FALSE	IS	94.52	0.597	multi-gene partial reconstruction	1.05797714769361	0	FALSE	FALSE	FALSE	FALSE	FALSE	FALSE	Sensitivity estimate under random gene loss: min(100, observed gene-set coverage / MAG completeness fraction)
SY366YW-0-4_bin9	Nitrogen	Nitrification, ammonia => nitrite	Previous algorithm: distinct-gene set coverage	8	0	0	FALSE	FALSE	IS	94.52	0.597	multi-gene partial reconstruction	1.05797714769361	0	FALSE	FALSE	FALSE	FALSE	FALSE	FALSE	Sensitivity estimate under random gene loss: min(100, observed gene-set coverage / MAG completeness fraction)
SY366YW-0-4_bin9	Nitrogen	Nitrogen fixation, nitrogen => ammonia	Previous algorithm: distinct-gene set coverage	8	0	0	FALSE	FALSE	IS	94.52	0.597	multi-gene partial reconstruction	1.05797714769361	0	FALSE	FALSE	FALSE	FALSE	FALSE	FALSE	Sensitivity estimate under random gene loss: min(100, observed gene-set coverage / MAG completeness fraction)
SY366YW-0-4_bin9	Nitrogen	nitrite + ammonia => nitrogen	Previous algorithm: distinct-gene set coverage	9	1	11.1111111111111	FALSE	FALSE	IS	94.52	0.597	multi-gene partial reconstruction	1.05797714769361	11.7553016410401	FALSE	FALSE	FALSE	FALSE	FALSE	FALSE	Sensitivity estimate under random gene loss: min(100, observed gene-set coverage / MAG completeness fraction)
SY366YW-0-4_bin9	Sulfur	Assimilatory sulfate reduction, sulfate => H2S	Previous algorithm: distinct-gene set coverage	10	6	60	TRUE	FALSE	IS	94.52	0.597	multi-gene partial reconstruction	1.05797714769361	63.4786288616166	TRUE	TRUE	FALSE	FALSE	FALSE	FALSE	Sensitivity estimate under random gene loss: min(100, observed gene-set coverage / MAG completeness fraction)
SY366YW-0-4_bin9	Sulfur	Dissimilatory sulfate reduction, sulfate => H2S	Previous algorithm: distinct-gene set coverage	7	2	28.5714285714286	FALSE	FALSE	IS	94.52	0.597	multi-gene partial reconstruction	1.05797714769361	30.2279185055317	FALSE	FALSE	FALSE	FALSE	FALSE	FALSE	Sensitivity estimate under random gene loss: min(100, observed gene-set coverage / MAG completeness fraction)
SY366YW-0-4_bin9	Sulfur	Thiosulfate oxidation by SOX complex, thiosulfate => sulfate	Previous algorithm: distinct-gene set coverage	7	0	0	FALSE	FALSE	IS	94.52	0.597	multi-gene partial reconstruction	1.05797714769361	0	FALSE	FALSE	FALSE	FALSE	FALSE	FALSE	Sensitivity estimate under random gene loss: min(100, observed gene-set coverage / MAG completeness fraction)
SY366YW-0-4_bin9	Nitrogen	Urea cycle	Previous algorithm: distinct-gene set coverage	6	3	50	TRUE	FALSE	IS	94.52	0.597	multi-gene partial reconstruction	1.05797714769361	52.8988573846805	TRUE	TRUE	FALSE	FALSE	FALSE	FALSE	Sensitivity estimate under random gene loss: min(100, observed gene-set coverage / MAG completeness fraction)
SY366YW-0-4_bin9	Nitrogen	Urea transport system	Previous algorithm: distinct-gene set coverage	5	0	0	FALSE	FALSE	IS	94.52	0.597	multi-gene partial reconstruction	1.05797714769361	0	FALSE	FALSE	FALSE	FALSE	FALSE	FALSE	Sensitivity estimate under random gene loss: min(100, observed gene-set coverage / MAG completeness fraction)
SY366YW-0-4_bin9	Sulfur	Sulfate/thiosulfate transport system	Previous algorithm: distinct-gene set coverage	5	0	0	FALSE	FALSE	IS	94.52	0.597	multi-gene partial reconstruction	1.05797714769361	0	FALSE	FALSE	FALSE	FALSE	FALSE	FALSE	Sensitivity estimate under random gene loss: min(100, observed gene-set coverage / MAG completeness fraction)
SY366YW-0-4_bin9	Sulfur	Sulfonate transport system	Previous algorithm: distinct-gene set coverage	3	0	0	FALSE	FALSE	IS	94.52	0.597	multi-gene partial reconstruction	1.05797714769361	0	FALSE	FALSE	FALSE	FALSE	FALSE	FALSE	Sensitivity estimate under random gene loss: min(100, observed gene-set coverage / MAG completeness fraction)
SY366YW-0-4_bin9	Vitamin B12	Cobalamin salvage	Previous algorithm: distinct-gene set coverage	4	0	0	FALSE	FALSE	IS	94.52	0.597	multi-gene partial reconstruction	1.05797714769361	0	FALSE	FALSE	FALSE	FALSE	FALSE	FALSE	Sensitivity estimate under random gene loss: min(100, observed gene-set coverage / MAG completeness fraction)
SY366YW-0-4_bin9	Vitamin B12	Vitamin B12 transport system	Previous algorithm: distinct-gene set coverage	3	0	0	FALSE	FALSE	IS	94.52	0.597	multi-gene partial reconstruction	1.05797714769361	0	FALSE	FALSE	FALSE	FALSE	FALSE	FALSE	Sensitivity estimate under random gene loss: min(100, observed gene-set coverage / MAG completeness fraction)
SY366YW-0-4_bin9	Carbon	Citrate cycle (TCA cycle, Krebs cycle)	Previous algorithm: distinct-gene set coverage	40	16	40	FALSE	FALSE	IS	94.52	0.597	multi-gene partial reconstruction	1.05797714769361	42.3190859077444	FALSE	FALSE	FALSE	FALSE	FALSE	FALSE	Sensitivity estimate under random gene loss: min(100, observed gene-set coverage / MAG completeness fraction)
SY366YW-0-4_bin9	Carbon	Citrate cycle, first carbon oxidation, oxaloacetate => 2-oxoglutarate	Previous algorithm: distinct-gene set coverage	6	2	33.3333333333333	FALSE	FALSE	IS	94.52	0.597	multi-gene partial reconstruction	1.05797714769361	35.2659049231203	FALSE	FALSE	FALSE	FALSE	FALSE	FALSE	Sensitivity estimate under random gene loss: min(100, observed gene-set coverage / MAG completeness fraction)
SY366YW-0-4_bin9	Carbon	Citrate cycle, second carbon oxidation, 2-oxoglutarate => oxaloacetate	Previous algorithm: distinct-gene set coverage	34	14	41.1764705882353	FALSE	FALSE	IS	94.52	0.597	multi-gene partial reconstruction	1.05797714769361	43.563764905031	FALSE	FALSE	FALSE	FALSE	FALSE	FALSE	Sensitivity estimate under random gene loss: min(100, observed gene-set coverage / MAG completeness fraction)
SY366YW-0-4_bin9	Carbon	Glycolysis (Embden-Meyerhof pathway), glucose => pyruvate	Previous algorithm: distinct-gene set coverage	29	8	27.5862068965517	FALSE	FALSE	IS	94.52	0.597	multi-gene partial reconstruction	1.05797714769361	29.1855764880996	FALSE	FALSE	FALSE	FALSE	FALSE	FALSE	Sensitivity estimate under random gene loss: min(100, observed gene-set coverage / MAG completeness fraction)
SY366YW-0-4_bin9	Carbon	Glycolysis, core module involving three-carbon compounds	Previous algorithm: distinct-gene set coverage	12	6	50	TRUE	FALSE	IS	94.52	0.597	multi-gene partial reconstruction	1.05797714769361	52.8988573846805	TRUE	TRUE	FALSE	FALSE	FALSE	FALSE	Sensitivity estimate under random gene loss: min(100, observed gene-set coverage / MAG completeness fraction)
SY366YW-0-4_bin9	Carbon	Incomplete reductive citrate cycle, acetyl-CoA => oxoglutarate	Previous algorithm: distinct-gene set coverage	17	8	47.0588235294118	FALSE	FALSE	IS	94.52	0.597	multi-gene partial reconstruction	1.05797714769361	49.787159891464	FALSE	FALSE	FALSE	FALSE	FALSE	FALSE	Sensitivity estimate under random gene loss: min(100, observed gene-set coverage / MAG completeness fraction)
SY366YW-0-4_bin9	Carbon	Pyruvate oxidation, pyruvate => acetyl-CoA	Previous algorithm: distinct-gene set coverage	11	6	54.5454545454545	TRUE	FALSE	IS	94.52	0.597	multi-gene partial reconstruction	1.05797714769361	57.7078444196514	TRUE	TRUE	FALSE	FALSE	FALSE	FALSE	Sensitivity estimate under random gene loss: min(100, observed gene-set coverage / MAG completeness fraction)
SY366YW-0-4_bin9	Carbon	TCA /Reductive TCA	Previous algorithm: distinct-gene set coverage	1	0	0	FALSE	FALSE	IS	94.52	0.597	multi-gene partial reconstruction	1.05797714769361	0	FALSE	FALSE	FALSE	FALSE	FALSE	FALSE	Sensitivity estimate under random gene loss: min(100, observed gene-set coverage / MAG completeness fraction)
SY366YW-4-8_bin7	Motility	Flagellar Assembly (partial 36-KO reconstruction)	Previous algorithm: distinct-gene set coverage	36	33	91.6666666666667	TRUE	TRUE	IS	98.59	2.6	multi-gene partial reconstruction	1.01430165331169	92.9776515535721	TRUE	TRUE	FALSE	TRUE	TRUE	FALSE	Sensitivity estimate under random gene loss: min(100, observed gene-set coverage / MAG completeness fraction)
SY366YW-4-8_bin7	Vitamin B12	Cobalamin biosynthesis, cobinamide => cobalamin	Previous algorithm: distinct-gene set coverage	8	5	62.5	TRUE	FALSE	IS	98.59	2.6	multi-gene partial reconstruction	1.01430165331169	63.3938533319809	TRUE	TRUE	FALSE	FALSE	FALSE	FALSE	Sensitivity estimate under random gene loss: min(100, observed gene-set coverage / MAG completeness fraction)
SY366YW-4-8_bin7	Vitamin B12	Cobalamin biosynthesis, precorrin2 => cobinamide	Previous algorithm: distinct-gene set coverage	25	1	4	FALSE	FALSE	IS	98.59	2.6	multi-gene partial reconstruction	1.01430165331169	4.05720661324678	FALSE	FALSE	FALSE	FALSE	FALSE	FALSE	Sensitivity estimate under random gene loss: min(100, observed gene-set coverage / MAG completeness fraction)
SY366YW-4-8_bin7	Carbon	Acetyl-CoA pathway, CO2 => acetyl-CoA	Previous algorithm: distinct-gene set coverage	5	0	0	FALSE	FALSE	IS	98.59	2.6	multi-gene partial reconstruction	1.01430165331169	0	FALSE	FALSE	FALSE	FALSE	FALSE	FALSE	Sensitivity estimate under random gene loss: min(100, observed gene-set coverage / MAG completeness fraction)
SY366YW-4-8_bin7	Carbon	Methane oxidation, methanotroph, methane => formaldehyde	Previous algorithm: distinct-gene set coverage	12	0	0	FALSE	FALSE	IS	98.59	2.6	multi-gene partial reconstruction	1.01430165331169	0	FALSE	FALSE	FALSE	FALSE	FALSE	FALSE	Sensitivity estimate under random gene loss: min(100, observed gene-set coverage / MAG completeness fraction)
SY366YW-4-8_bin7	Carbon	Methanogenesis, CO2 => methane	Previous algorithm: distinct-gene set coverage	37	0	0	FALSE	FALSE	IS	98.59	2.6	multi-gene partial reconstruction	1.01430165331169	0	FALSE	FALSE	FALSE	FALSE	FALSE	FALSE	Sensitivity estimate under random gene loss: min(100, observed gene-set coverage / MAG completeness fraction)
SY366YW-4-8_bin7	Carbon	Methanogenesis, acetate => methane	Previous algorithm: distinct-gene set coverage	31	1	3.2258064516129	FALSE	FALSE	IS	98.59	2.6	multi-gene partial reconstruction	1.01430165331169	3.2719408171345	FALSE	FALSE	FALSE	FALSE	FALSE	FALSE	Sensitivity estimate under random gene loss: min(100, observed gene-set coverage / MAG completeness fraction)
SY366YW-4-8_bin7	Carbon	Methanogenesis, methanethiol => methane	Previous algorithm: distinct-gene set coverage	1	0	0	FALSE	FALSE	IS	98.59	2.6	multi-gene partial reconstruction	1.01430165331169	0	FALSE	FALSE	FALSE	FALSE	FALSE	FALSE	Sensitivity estimate under random gene loss: min(100, observed gene-set coverage / MAG completeness fraction)
SY366YW-4-8_bin7	Carbon	Methanogenesis, methanol => methane	Previous algorithm: distinct-gene set coverage	19	0	0	FALSE	FALSE	IS	98.59	2.6	multi-gene partial reconstruction	1.01430165331169	0	FALSE	FALSE	FALSE	FALSE	FALSE	FALSE	Sensitivity estimate under random gene loss: min(100, observed gene-set coverage / MAG completeness fraction)
SY366YW-4-8_bin7	Carbon	Methanogenesis, methylamine/dimethylamine/trimethylamine => methane	Previous algorithm: distinct-gene set coverage	23	0	0	FALSE	FALSE	IS	98.59	2.6	multi-gene partial reconstruction	1.01430165331169	0	FALSE	FALSE	FALSE	FALSE	FALSE	FALSE	Sensitivity estimate under random gene loss: min(100, observed gene-set coverage / MAG completeness fraction)
SY366YW-4-8_bin7	Carbon	Reductive acetyl-CoA pathway (Wood-Ljungdahl pathway)	Previous algorithm: distinct-gene set coverage	10	2	20	FALSE	FALSE	IS	98.59	2.6	multi-gene partial reconstruction	1.01430165331169	20.2860330662339	FALSE	FALSE	FALSE	FALSE	FALSE	FALSE	Sensitivity estimate under random gene loss: min(100, observed gene-set coverage / MAG completeness fraction)
SY366YW-4-8_bin7	Carbon	Reductive citrate cycle (Arnon-Buchanan cycle)	Previous algorithm: distinct-gene set coverage	43	14	32.5581395348837	FALSE	FALSE	IS	98.59	2.6	multi-gene partial reconstruction	1.01430165331169	33.0237747589854	FALSE	FALSE	FALSE	FALSE	FALSE	FALSE	Sensitivity estimate under random gene loss: min(100, observed gene-set coverage / MAG completeness fraction)
SY366YW-4-8_bin7	Nitrogen	Assimilatory nitrate reduction, nitrate => ammonia	Previous algorithm: distinct-gene set coverage	6	1	16.6666666666667	FALSE	FALSE	IS	98.59	2.6	multi-gene partial reconstruction	1.01430165331169	16.9050275551949	FALSE	FALSE	FALSE	FALSE	FALSE	FALSE	Sensitivity estimate under random gene loss: min(100, observed gene-set coverage / MAG completeness fraction)
SY366YW-4-8_bin7	Nitrogen	Complete nitrification, comammox, ammonia => nitrite => nitrate	Previous algorithm: distinct-gene set coverage	6	0	0	FALSE	FALSE	IS	98.59	2.6	multi-gene partial reconstruction	1.01430165331169	0	FALSE	FALSE	FALSE	FALSE	FALSE	FALSE	Sensitivity estimate under random gene loss: min(100, observed gene-set coverage / MAG completeness fraction)
SY366YW-4-8_bin7	Nitrogen	Denitrification, nitrate => nitrogen	Previous algorithm: distinct-gene set coverage	11	4	36.3636363636364	FALSE	FALSE	IS	98.59	2.6	multi-gene partial reconstruction	1.01430165331169	36.8836964840617	FALSE	FALSE	FALSE	FALSE	FALSE	FALSE	Sensitivity estimate under random gene loss: min(100, observed gene-set coverage / MAG completeness fraction)
SY366YW-4-8_bin7	Nitrogen	Dissimilatory nitrate reduction, nitrate => ammonia	Previous algorithm: distinct-gene set coverage	9	3	33.3333333333333	FALSE	FALSE	IS	98.59	2.6	multi-gene partial reconstruction	1.01430165331169	33.8100551103898	FALSE	FALSE	FALSE	FALSE	FALSE	FALSE	Sensitivity estimate under random gene loss: min(100, observed gene-set coverage / MAG completeness fraction)
SY366YW-4-8_bin7	Nitrogen	Nitrate assimilation	Previous algorithm: distinct-gene set coverage	1	1	100	TRUE	TRUE	IS	98.59	2.6	multi-gene partial reconstruction	1.01430165331169	100	TRUE	TRUE	FALSE	TRUE	TRUE	FALSE	Sensitivity estimate under random gene loss: min(100, observed gene-set coverage / MAG completeness fraction)
SY366YW-4-8_bin7	Nitrogen	Nitrification, ammonia => nitrite	Previous algorithm: distinct-gene set coverage	8	0	0	FALSE	FALSE	IS	98.59	2.6	multi-gene partial reconstruction	1.01430165331169	0	FALSE	FALSE	FALSE	FALSE	FALSE	FALSE	Sensitivity estimate under random gene loss: min(100, observed gene-set coverage / MAG completeness fraction)
SY366YW-4-8_bin7	Nitrogen	Nitrogen fixation, nitrogen => ammonia	Previous algorithm: distinct-gene set coverage	8	0	0	FALSE	FALSE	IS	98.59	2.6	multi-gene partial reconstruction	1.01430165331169	0	FALSE	FALSE	FALSE	FALSE	FALSE	FALSE	Sensitivity estimate under random gene loss: min(100, observed gene-set coverage / MAG completeness fraction)
SY366YW-4-8_bin7	Nitrogen	nitrite + ammonia => nitrogen	Previous algorithm: distinct-gene set coverage	9	0	0	FALSE	FALSE	IS	98.59	2.6	multi-gene partial reconstruction	1.01430165331169	0	FALSE	FALSE	FALSE	FALSE	FALSE	FALSE	Sensitivity estimate under random gene loss: min(100, observed gene-set coverage / MAG completeness fraction)
SY366YW-4-8_bin7	Sulfur	Assimilatory sulfate reduction, sulfate => H2S	Previous algorithm: distinct-gene set coverage	10	3	30	FALSE	FALSE	IS	98.59	2.6	multi-gene partial reconstruction	1.01430165331169	30.4290495993508	FALSE	FALSE	FALSE	FALSE	FALSE	FALSE	Sensitivity estimate under random gene loss: min(100, observed gene-set coverage / MAG completeness fraction)
SY366YW-4-8_bin7	Sulfur	Dissimilatory sulfate reduction, sulfate => H2S	Previous algorithm: distinct-gene set coverage	7	2	28.5714285714286	FALSE	FALSE	IS	98.59	2.6	multi-gene partial reconstruction	1.01430165331169	28.980047237477	FALSE	FALSE	FALSE	FALSE	FALSE	FALSE	Sensitivity estimate under random gene loss: min(100, observed gene-set coverage / MAG completeness fraction)
SY366YW-4-8_bin7	Sulfur	Thiosulfate oxidation by SOX complex, thiosulfate => sulfate	Previous algorithm: distinct-gene set coverage	7	1	14.2857142857143	FALSE	FALSE	IS	98.59	2.6	multi-gene partial reconstruction	1.01430165331169	14.4900236187385	FALSE	FALSE	FALSE	FALSE	FALSE	FALSE	Sensitivity estimate under random gene loss: min(100, observed gene-set coverage / MAG completeness fraction)
SY366YW-4-8_bin7	Nitrogen	Urea cycle	Previous algorithm: distinct-gene set coverage	6	3	50	TRUE	FALSE	IS	98.59	2.6	multi-gene partial reconstruction	1.01430165331169	50.7150826655847	TRUE	TRUE	FALSE	FALSE	FALSE	FALSE	Sensitivity estimate under random gene loss: min(100, observed gene-set coverage / MAG completeness fraction)
SY366YW-4-8_bin7	Nitrogen	Urea transport system	Previous algorithm: distinct-gene set coverage	5	5	100	TRUE	TRUE	IS	98.59	2.6	multi-gene partial reconstruction	1.01430165331169	100	TRUE	TRUE	FALSE	TRUE	TRUE	FALSE	Sensitivity estimate under random gene loss: min(100, observed gene-set coverage / MAG completeness fraction)
SY366YW-4-8_bin7	Sulfur	Sulfate/thiosulfate transport system	Previous algorithm: distinct-gene set coverage	5	4	80	TRUE	TRUE	IS	98.59	2.6	multi-gene partial reconstruction	1.01430165331169	81.1441322649356	TRUE	TRUE	FALSE	TRUE	TRUE	FALSE	Sensitivity estimate under random gene loss: min(100, observed gene-set coverage / MAG completeness fraction)
SY366YW-4-8_bin7	Sulfur	Sulfonate transport system	Previous algorithm: distinct-gene set coverage	3	0	0	FALSE	FALSE	IS	98.59	2.6	multi-gene partial reconstruction	1.01430165331169	0	FALSE	FALSE	FALSE	FALSE	FALSE	FALSE	Sensitivity estimate under random gene loss: min(100, observed gene-set coverage / MAG completeness fraction)
SY366YW-4-8_bin7	Vitamin B12	Cobalamin salvage	Previous algorithm: distinct-gene set coverage	4	1	25	FALSE	FALSE	IS	98.59	2.6	multi-gene partial reconstruction	1.01430165331169	25.3575413327924	FALSE	FALSE	FALSE	FALSE	FALSE	FALSE	Sensitivity estimate under random gene loss: min(100, observed gene-set coverage / MAG completeness fraction)
SY366YW-4-8_bin7	Vitamin B12	Vitamin B12 transport system	Previous algorithm: distinct-gene set coverage	3	0	0	FALSE	FALSE	IS	98.59	2.6	multi-gene partial reconstruction	1.01430165331169	0	FALSE	FALSE	FALSE	FALSE	FALSE	FALSE	Sensitivity estimate under random gene loss: min(100, observed gene-set coverage / MAG completeness fraction)
SY366YW-4-8_bin7	Carbon	Citrate cycle (TCA cycle, Krebs cycle)	Previous algorithm: distinct-gene set coverage	40	18	45	FALSE	FALSE	IS	98.59	2.6	multi-gene partial reconstruction	1.01430165331169	45.6435743990263	FALSE	FALSE	FALSE	FALSE	FALSE	FALSE	Sensitivity estimate under random gene loss: min(100, observed gene-set coverage / MAG completeness fraction)
SY366YW-4-8_bin7	Carbon	Citrate cycle, first carbon oxidation, oxaloacetate => 2-oxoglutarate	Previous algorithm: distinct-gene set coverage	6	3	50	TRUE	FALSE	IS	98.59	2.6	multi-gene partial reconstruction	1.01430165331169	50.7150826655847	TRUE	TRUE	FALSE	FALSE	FALSE	FALSE	Sensitivity estimate under random gene loss: min(100, observed gene-set coverage / MAG completeness fraction)
SY366YW-4-8_bin7	Carbon	Citrate cycle, second carbon oxidation, 2-oxoglutarate => oxaloacetate	Previous algorithm: distinct-gene set coverage	34	15	44.1176470588235	FALSE	FALSE	IS	98.59	2.6	multi-gene partial reconstruction	1.01430165331169	44.7486023519865	FALSE	FALSE	FALSE	FALSE	FALSE	FALSE	Sensitivity estimate under random gene loss: min(100, observed gene-set coverage / MAG completeness fraction)
SY366YW-4-8_bin7	Carbon	Glycolysis (Embden-Meyerhof pathway), glucose => pyruvate	Previous algorithm: distinct-gene set coverage	29	10	34.4827586206897	FALSE	FALSE	IS	98.59	2.6	multi-gene partial reconstruction	1.01430165331169	34.9759190797137	FALSE	FALSE	FALSE	FALSE	FALSE	FALSE	Sensitivity estimate under random gene loss: min(100, observed gene-set coverage / MAG completeness fraction)
SY366YW-4-8_bin7	Carbon	Glycolysis, core module involving three-carbon compounds	Previous algorithm: distinct-gene set coverage	12	6	50	TRUE	FALSE	IS	98.59	2.6	multi-gene partial reconstruction	1.01430165331169	50.7150826655847	TRUE	TRUE	FALSE	FALSE	FALSE	FALSE	Sensitivity estimate under random gene loss: min(100, observed gene-set coverage / MAG completeness fraction)
SY366YW-4-8_bin7	Carbon	Incomplete reductive citrate cycle, acetyl-CoA => oxoglutarate	Previous algorithm: distinct-gene set coverage	17	3	17.6470588235294	FALSE	FALSE	IS	98.59	2.6	multi-gene partial reconstruction	1.01430165331169	17.8994409407946	FALSE	FALSE	FALSE	FALSE	FALSE	FALSE	Sensitivity estimate under random gene loss: min(100, observed gene-set coverage / MAG completeness fraction)
SY366YW-4-8_bin7	Carbon	Pyruvate oxidation, pyruvate => acetyl-CoA	Previous algorithm: distinct-gene set coverage	11	3	27.2727272727273	FALSE	FALSE	IS	98.59	2.6	multi-gene partial reconstruction	1.01430165331169	27.6627723630462	FALSE	FALSE	FALSE	FALSE	FALSE	FALSE	Sensitivity estimate under random gene loss: min(100, observed gene-set coverage / MAG completeness fraction)
SY366YW-4-8_bin7	Carbon	TCA /Reductive TCA	Previous algorithm: distinct-gene set coverage	1	1	100	TRUE	TRUE	IS	98.59	2.6	multi-gene partial reconstruction	1.01430165331169	100	TRUE	TRUE	FALSE	TRUE	TRUE	FALSE	Sensitivity estimate under random gene loss: min(100, observed gene-set coverage / MAG completeness fraction)
SY366YW-8-12_bin2	Motility	Flagellar Assembly (partial 36-KO reconstruction)	Previous algorithm: distinct-gene set coverage	36	21	58.3333333333333	TRUE	FALSE	IS	97.87	1.367	multi-gene partial reconstruction	1.02176356391131	59.6028745614931	TRUE	TRUE	FALSE	FALSE	FALSE	FALSE	Sensitivity estimate under random gene loss: min(100, observed gene-set coverage / MAG completeness fraction)
SY366YW-8-12_bin2	Vitamin B12	Cobalamin biosynthesis, cobinamide => cobalamin	Previous algorithm: distinct-gene set coverage	8	7	87.5	TRUE	TRUE	IS	97.87	1.367	multi-gene partial reconstruction	1.02176356391131	89.4043118422397	TRUE	TRUE	FALSE	TRUE	TRUE	FALSE	Sensitivity estimate under random gene loss: min(100, observed gene-set coverage / MAG completeness fraction)
SY366YW-8-12_bin2	Vitamin B12	Cobalamin biosynthesis, precorrin2 => cobinamide	Previous algorithm: distinct-gene set coverage	25	13	52	TRUE	FALSE	IS	97.87	1.367	multi-gene partial reconstruction	1.02176356391131	53.1317053233882	TRUE	TRUE	FALSE	FALSE	FALSE	FALSE	Sensitivity estimate under random gene loss: min(100, observed gene-set coverage / MAG completeness fraction)
SY366YW-8-12_bin2	Carbon	Acetyl-CoA pathway, CO2 => acetyl-CoA	Previous algorithm: distinct-gene set coverage	5	0	0	FALSE	FALSE	IS	97.87	1.367	multi-gene partial reconstruction	1.02176356391131	0	FALSE	FALSE	FALSE	FALSE	FALSE	FALSE	Sensitivity estimate under random gene loss: min(100, observed gene-set coverage / MAG completeness fraction)
SY366YW-8-12_bin2	Carbon	Methane oxidation, methanotroph, methane => formaldehyde	Previous algorithm: distinct-gene set coverage	12	0	0	FALSE	FALSE	IS	97.87	1.367	multi-gene partial reconstruction	1.02176356391131	0	FALSE	FALSE	FALSE	FALSE	FALSE	FALSE	Sensitivity estimate under random gene loss: min(100, observed gene-set coverage / MAG completeness fraction)
SY366YW-8-12_bin2	Carbon	Methanogenesis, CO2 => methane	Previous algorithm: distinct-gene set coverage	37	0	0	FALSE	FALSE	IS	97.87	1.367	multi-gene partial reconstruction	1.02176356391131	0	FALSE	FALSE	FALSE	FALSE	FALSE	FALSE	Sensitivity estimate under random gene loss: min(100, observed gene-set coverage / MAG completeness fraction)
SY366YW-8-12_bin2	Carbon	Methanogenesis, acetate => methane	Previous algorithm: distinct-gene set coverage	31	1	3.2258064516129	FALSE	FALSE	IS	97.87	1.367	multi-gene partial reconstruction	1.02176356391131	3.2960114964881	FALSE	FALSE	FALSE	FALSE	FALSE	FALSE	Sensitivity estimate under random gene loss: min(100, observed gene-set coverage / MAG completeness fraction)
SY366YW-8-12_bin2	Carbon	Methanogenesis, methanethiol => methane	Previous algorithm: distinct-gene set coverage	1	0	0	FALSE	FALSE	IS	97.87	1.367	multi-gene partial reconstruction	1.02176356391131	0	FALSE	FALSE	FALSE	FALSE	FALSE	FALSE	Sensitivity estimate under random gene loss: min(100, observed gene-set coverage / MAG completeness fraction)
SY366YW-8-12_bin2	Carbon	Methanogenesis, methanol => methane	Previous algorithm: distinct-gene set coverage	19	0	0	FALSE	FALSE	IS	97.87	1.367	multi-gene partial reconstruction	1.02176356391131	0	FALSE	FALSE	FALSE	FALSE	FALSE	FALSE	Sensitivity estimate under random gene loss: min(100, observed gene-set coverage / MAG completeness fraction)
SY366YW-8-12_bin2	Carbon	Methanogenesis, methylamine/dimethylamine/trimethylamine => methane	Previous algorithm: distinct-gene set coverage	23	1	4.34782608695652	FALSE	FALSE	IS	97.87	1.367	multi-gene partial reconstruction	1.02176356391131	4.44245027787526	FALSE	FALSE	FALSE	FALSE	FALSE	FALSE	Sensitivity estimate under random gene loss: min(100, observed gene-set coverage / MAG completeness fraction)
SY366YW-8-12_bin2	Carbon	Reductive acetyl-CoA pathway (Wood-Ljungdahl pathway)	Previous algorithm: distinct-gene set coverage	10	3	30	FALSE	FALSE	IS	97.87	1.367	multi-gene partial reconstruction	1.02176356391131	30.6529069173393	FALSE	FALSE	FALSE	FALSE	FALSE	FALSE	Sensitivity estimate under random gene loss: min(100, observed gene-set coverage / MAG completeness fraction)
SY366YW-8-12_bin2	Carbon	Reductive citrate cycle (Arnon-Buchanan cycle)	Previous algorithm: distinct-gene set coverage	43	13	30.2325581395349	FALSE	FALSE	IS	97.87	1.367	multi-gene partial reconstruction	1.02176356391131	30.8905263508071	FALSE	FALSE	FALSE	FALSE	FALSE	FALSE	Sensitivity estimate under random gene loss: min(100, observed gene-set coverage / MAG completeness fraction)
SY366YW-8-12_bin2	Nitrogen	Assimilatory nitrate reduction, nitrate => ammonia	Previous algorithm: distinct-gene set coverage	6	0	0	FALSE	FALSE	IS	97.87	1.367	multi-gene partial reconstruction	1.02176356391131	0	FALSE	FALSE	FALSE	FALSE	FALSE	FALSE	Sensitivity estimate under random gene loss: min(100, observed gene-set coverage / MAG completeness fraction)
SY366YW-8-12_bin2	Nitrogen	Complete nitrification, comammox, ammonia => nitrite => nitrate	Previous algorithm: distinct-gene set coverage	6	0	0	FALSE	FALSE	IS	97.87	1.367	multi-gene partial reconstruction	1.02176356391131	0	FALSE	FALSE	FALSE	FALSE	FALSE	FALSE	Sensitivity estimate under random gene loss: min(100, observed gene-set coverage / MAG completeness fraction)
SY366YW-8-12_bin2	Nitrogen	Denitrification, nitrate => nitrogen	Previous algorithm: distinct-gene set coverage	11	1	9.09090909090909	FALSE	FALSE	IS	97.87	1.367	multi-gene partial reconstruction	1.02176356391131	9.28875967192101	FALSE	FALSE	FALSE	FALSE	FALSE	FALSE	Sensitivity estimate under random gene loss: min(100, observed gene-set coverage / MAG completeness fraction)
SY366YW-8-12_bin2	Nitrogen	Dissimilatory nitrate reduction, nitrate => ammonia	Previous algorithm: distinct-gene set coverage	9	1	11.1111111111111	FALSE	FALSE	IS	97.87	1.367	multi-gene partial reconstruction	1.02176356391131	11.3529284879034	FALSE	FALSE	FALSE	FALSE	FALSE	FALSE	Sensitivity estimate under random gene loss: min(100, observed gene-set coverage / MAG completeness fraction)
SY366YW-8-12_bin2	Nitrogen	Nitrate assimilation	Previous algorithm: distinct-gene set coverage	1	1	100	TRUE	TRUE	IS	97.87	1.367	multi-gene partial reconstruction	1.02176356391131	100	TRUE	TRUE	FALSE	TRUE	TRUE	FALSE	Sensitivity estimate under random gene loss: min(100, observed gene-set coverage / MAG completeness fraction)
SY366YW-8-12_bin2	Nitrogen	Nitrification, ammonia => nitrite	Previous algorithm: distinct-gene set coverage	8	0	0	FALSE	FALSE	IS	97.87	1.367	multi-gene partial reconstruction	1.02176356391131	0	FALSE	FALSE	FALSE	FALSE	FALSE	FALSE	Sensitivity estimate under random gene loss: min(100, observed gene-set coverage / MAG completeness fraction)
SY366YW-8-12_bin2	Nitrogen	Nitrogen fixation, nitrogen => ammonia	Previous algorithm: distinct-gene set coverage	8	0	0	FALSE	FALSE	IS	97.87	1.367	multi-gene partial reconstruction	1.02176356391131	0	FALSE	FALSE	FALSE	FALSE	FALSE	FALSE	Sensitivity estimate under random gene loss: min(100, observed gene-set coverage / MAG completeness fraction)
SY366YW-8-12_bin2	Nitrogen	nitrite + ammonia => nitrogen	Previous algorithm: distinct-gene set coverage	9	0	0	FALSE	FALSE	IS	97.87	1.367	multi-gene partial reconstruction	1.02176356391131	0	FALSE	FALSE	FALSE	FALSE	FALSE	FALSE	Sensitivity estimate under random gene loss: min(100, observed gene-set coverage / MAG completeness fraction)
SY366YW-8-12_bin2	Sulfur	Assimilatory sulfate reduction, sulfate => H2S	Previous algorithm: distinct-gene set coverage	10	3	30	FALSE	FALSE	IS	97.87	1.367	multi-gene partial reconstruction	1.02176356391131	30.6529069173393	FALSE	FALSE	FALSE	FALSE	FALSE	FALSE	Sensitivity estimate under random gene loss: min(100, observed gene-set coverage / MAG completeness fraction)
SY366YW-8-12_bin2	Sulfur	Dissimilatory sulfate reduction, sulfate => H2S	Previous algorithm: distinct-gene set coverage	7	1	14.2857142857143	FALSE	FALSE	IS	97.87	1.367	multi-gene partial reconstruction	1.02176356391131	14.5966223415902	FALSE	FALSE	FALSE	FALSE	FALSE	FALSE	Sensitivity estimate under random gene loss: min(100, observed gene-set coverage / MAG completeness fraction)
SY366YW-8-12_bin2	Sulfur	Thiosulfate oxidation by SOX complex, thiosulfate => sulfate	Previous algorithm: distinct-gene set coverage	7	6	85.7142857142857	TRUE	TRUE	IS	97.87	1.367	multi-gene partial reconstruction	1.02176356391131	87.5797340495409	TRUE	TRUE	FALSE	TRUE	TRUE	FALSE	Sensitivity estimate under random gene loss: min(100, observed gene-set coverage / MAG completeness fraction)
SY366YW-8-12_bin2	Nitrogen	Urea cycle	Previous algorithm: distinct-gene set coverage	6	4	66.6666666666667	TRUE	FALSE	IS	97.87	1.367	multi-gene partial reconstruction	1.02176356391131	68.1175709274208	TRUE	TRUE	FALSE	FALSE	FALSE	FALSE	Sensitivity estimate under random gene loss: min(100, observed gene-set coverage / MAG completeness fraction)
SY366YW-8-12_bin2	Nitrogen	Urea transport system	Previous algorithm: distinct-gene set coverage	5	0	0	FALSE	FALSE	IS	97.87	1.367	multi-gene partial reconstruction	1.02176356391131	0	FALSE	FALSE	FALSE	FALSE	FALSE	FALSE	Sensitivity estimate under random gene loss: min(100, observed gene-set coverage / MAG completeness fraction)
SY366YW-8-12_bin2	Sulfur	Sulfate/thiosulfate transport system	Previous algorithm: distinct-gene set coverage	5	0	0	FALSE	FALSE	IS	97.87	1.367	multi-gene partial reconstruction	1.02176356391131	0	FALSE	FALSE	FALSE	FALSE	FALSE	FALSE	Sensitivity estimate under random gene loss: min(100, observed gene-set coverage / MAG completeness fraction)
SY366YW-8-12_bin2	Sulfur	Sulfonate transport system	Previous algorithm: distinct-gene set coverage	3	1	33.3333333333333	FALSE	FALSE	IS	97.87	1.367	multi-gene partial reconstruction	1.02176356391131	34.0587854637103	FALSE	FALSE	FALSE	FALSE	FALSE	FALSE	Sensitivity estimate under random gene loss: min(100, observed gene-set coverage / MAG completeness fraction)
SY366YW-8-12_bin2	Vitamin B12	Cobalamin salvage	Previous algorithm: distinct-gene set coverage	4	0	0	FALSE	FALSE	IS	97.87	1.367	multi-gene partial reconstruction	1.02176356391131	0	FALSE	FALSE	FALSE	FALSE	FALSE	FALSE	Sensitivity estimate under random gene loss: min(100, observed gene-set coverage / MAG completeness fraction)
SY366YW-8-12_bin2	Vitamin B12	Vitamin B12 transport system	Previous algorithm: distinct-gene set coverage	3	0	0	FALSE	FALSE	IS	97.87	1.367	multi-gene partial reconstruction	1.02176356391131	0	FALSE	FALSE	FALSE	FALSE	FALSE	FALSE	Sensitivity estimate under random gene loss: min(100, observed gene-set coverage / MAG completeness fraction)
SY366YW-8-12_bin2	Carbon	Citrate cycle (TCA cycle, Krebs cycle)	Previous algorithm: distinct-gene set coverage	40	15	37.5	FALSE	FALSE	IS	97.87	1.367	multi-gene partial reconstruction	1.02176356391131	38.3161336466742	FALSE	FALSE	FALSE	FALSE	FALSE	FALSE	Sensitivity estimate under random gene loss: min(100, observed gene-set coverage / MAG completeness fraction)
SY366YW-8-12_bin2	Carbon	Citrate cycle, first carbon oxidation, oxaloacetate => 2-oxoglutarate	Previous algorithm: distinct-gene set coverage	6	2	33.3333333333333	FALSE	FALSE	IS	97.87	1.367	multi-gene partial reconstruction	1.02176356391131	34.0587854637103	FALSE	FALSE	FALSE	FALSE	FALSE	FALSE	Sensitivity estimate under random gene loss: min(100, observed gene-set coverage / MAG completeness fraction)
SY366YW-8-12_bin2	Carbon	Citrate cycle, second carbon oxidation, 2-oxoglutarate => oxaloacetate	Previous algorithm: distinct-gene set coverage	34	13	38.2352941176471	FALSE	FALSE	IS	97.87	1.367	multi-gene partial reconstruction	1.02176356391131	39.0674303848443	FALSE	FALSE	FALSE	FALSE	FALSE	FALSE	Sensitivity estimate under random gene loss: min(100, observed gene-set coverage / MAG completeness fraction)
SY366YW-8-12_bin2	Carbon	Glycolysis (Embden-Meyerhof pathway), glucose => pyruvate	Previous algorithm: distinct-gene set coverage	29	9	31.0344827586207	FALSE	FALSE	IS	97.87	1.367	multi-gene partial reconstruction	1.02176356391131	31.7099037075924	FALSE	FALSE	FALSE	FALSE	FALSE	FALSE	Sensitivity estimate under random gene loss: min(100, observed gene-set coverage / MAG completeness fraction)
SY366YW-8-12_bin2	Carbon	Glycolysis, core module involving three-carbon compounds	Previous algorithm: distinct-gene set coverage	12	6	50	TRUE	FALSE	IS	97.87	1.367	multi-gene partial reconstruction	1.02176356391131	51.0881781955655	TRUE	TRUE	FALSE	FALSE	FALSE	FALSE	Sensitivity estimate under random gene loss: min(100, observed gene-set coverage / MAG completeness fraction)
SY366YW-8-12_bin2	Carbon	Incomplete reductive citrate cycle, acetyl-CoA => oxoglutarate	Previous algorithm: distinct-gene set coverage	17	3	17.6470588235294	FALSE	FALSE	IS	97.87	1.367	multi-gene partial reconstruction	1.02176356391131	18.0311217160819	FALSE	FALSE	FALSE	FALSE	FALSE	FALSE	Sensitivity estimate under random gene loss: min(100, observed gene-set coverage / MAG completeness fraction)
SY366YW-8-12_bin2	Carbon	Pyruvate oxidation, pyruvate => acetyl-CoA	Previous algorithm: distinct-gene set coverage	11	5	45.4545454545455	FALSE	FALSE	IS	97.87	1.367	multi-gene partial reconstruction	1.02176356391131	46.4437983596051	FALSE	FALSE	FALSE	FALSE	FALSE	FALSE	Sensitivity estimate under random gene loss: min(100, observed gene-set coverage / MAG completeness fraction)
SY366YW-8-12_bin2	Carbon	TCA /Reductive TCA	Previous algorithm: distinct-gene set coverage	1	0	0	FALSE	FALSE	IS	97.87	1.367	multi-gene partial reconstruction	1.02176356391131	0	FALSE	FALSE	FALSE	FALSE	FALSE	FALSE	Sensitivity estimate under random gene loss: min(100, observed gene-set coverage / MAG completeness fraction)
SY368YW-4-8_bin24	Motility	Flagellar Assembly (partial 36-KO reconstruction)	Previous algorithm: distinct-gene set coverage	36	16	44.4444444444444	FALSE	FALSE	IS	68.96	0	multi-gene partial reconstruction	1.45011600928074	64.4496004124774	FALSE	TRUE	TRUE	FALSE	FALSE	FALSE	Sensitivity estimate under random gene loss: min(100, observed gene-set coverage / MAG completeness fraction)
SY368YW-4-8_bin24	Vitamin B12	Cobalamin biosynthesis, cobinamide => cobalamin	Previous algorithm: distinct-gene set coverage	8	7	87.5	TRUE	TRUE	IS	68.96	0	multi-gene partial reconstruction	1.45011600928074	100	TRUE	TRUE	FALSE	TRUE	TRUE	FALSE	Sensitivity estimate under random gene loss: min(100, observed gene-set coverage / MAG completeness fraction)
SY368YW-4-8_bin24	Vitamin B12	Cobalamin biosynthesis, precorrin2 => cobinamide	Previous algorithm: distinct-gene set coverage	25	10	40	FALSE	FALSE	IS	68.96	0	multi-gene partial reconstruction	1.45011600928074	58.0046403712297	FALSE	TRUE	TRUE	FALSE	FALSE	FALSE	Sensitivity estimate under random gene loss: min(100, observed gene-set coverage / MAG completeness fraction)
SY368YW-4-8_bin24	Carbon	Acetyl-CoA pathway, CO2 => acetyl-CoA	Previous algorithm: distinct-gene set coverage	5	0	0	FALSE	FALSE	IS	68.96	0	multi-gene partial reconstruction	1.45011600928074	0	FALSE	FALSE	FALSE	FALSE	FALSE	FALSE	Sensitivity estimate under random gene loss: min(100, observed gene-set coverage / MAG completeness fraction)
SY368YW-4-8_bin24	Carbon	Methane oxidation, methanotroph, methane => formaldehyde	Previous algorithm: distinct-gene set coverage	12	0	0	FALSE	FALSE	IS	68.96	0	multi-gene partial reconstruction	1.45011600928074	0	FALSE	FALSE	FALSE	FALSE	FALSE	FALSE	Sensitivity estimate under random gene loss: min(100, observed gene-set coverage / MAG completeness fraction)
SY368YW-4-8_bin24	Carbon	Methanogenesis, CO2 => methane	Previous algorithm: distinct-gene set coverage	37	0	0	FALSE	FALSE	IS	68.96	0	multi-gene partial reconstruction	1.45011600928074	0	FALSE	FALSE	FALSE	FALSE	FALSE	FALSE	Sensitivity estimate under random gene loss: min(100, observed gene-set coverage / MAG completeness fraction)
SY368YW-4-8_bin24	Carbon	Methanogenesis, acetate => methane	Previous algorithm: distinct-gene set coverage	31	2	6.45161290322581	FALSE	FALSE	IS	68.96	0	multi-gene partial reconstruction	1.45011600928074	9.35558715664996	FALSE	FALSE	FALSE	FALSE	FALSE	FALSE	Sensitivity estimate under random gene loss: min(100, observed gene-set coverage / MAG completeness fraction)
SY368YW-4-8_bin24	Carbon	Methanogenesis, methanethiol => methane	Previous algorithm: distinct-gene set coverage	1	0	0	FALSE	FALSE	IS	68.96	0	multi-gene partial reconstruction	1.45011600928074	0	FALSE	FALSE	FALSE	FALSE	FALSE	FALSE	Sensitivity estimate under random gene loss: min(100, observed gene-set coverage / MAG completeness fraction)
SY368YW-4-8_bin24	Carbon	Methanogenesis, methanol => methane	Previous algorithm: distinct-gene set coverage	19	0	0	FALSE	FALSE	IS	68.96	0	multi-gene partial reconstruction	1.45011600928074	0	FALSE	FALSE	FALSE	FALSE	FALSE	FALSE	Sensitivity estimate under random gene loss: min(100, observed gene-set coverage / MAG completeness fraction)
SY368YW-4-8_bin24	Carbon	Methanogenesis, methylamine/dimethylamine/trimethylamine => methane	Previous algorithm: distinct-gene set coverage	23	1	4.34782608695652	FALSE	FALSE	IS	68.96	0	multi-gene partial reconstruction	1.45011600928074	6.3048522142641	FALSE	FALSE	FALSE	FALSE	FALSE	FALSE	Sensitivity estimate under random gene loss: min(100, observed gene-set coverage / MAG completeness fraction)
SY368YW-4-8_bin24	Carbon	Reductive acetyl-CoA pathway (Wood-Ljungdahl pathway)	Previous algorithm: distinct-gene set coverage	10	1	10	FALSE	FALSE	IS	68.96	0	multi-gene partial reconstruction	1.45011600928074	14.5011600928074	FALSE	FALSE	FALSE	FALSE	FALSE	FALSE	Sensitivity estimate under random gene loss: min(100, observed gene-set coverage / MAG completeness fraction)
SY368YW-4-8_bin24	Carbon	Reductive citrate cycle (Arnon-Buchanan cycle)	Previous algorithm: distinct-gene set coverage	43	10	23.2558139534884	FALSE	FALSE	IS	68.96	0	multi-gene partial reconstruction	1.45011600928074	33.723628122808	FALSE	FALSE	FALSE	FALSE	FALSE	FALSE	Sensitivity estimate under random gene loss: min(100, observed gene-set coverage / MAG completeness fraction)
SY368YW-4-8_bin24	Nitrogen	Assimilatory nitrate reduction, nitrate => ammonia	Previous algorithm: distinct-gene set coverage	6	0	0	FALSE	FALSE	IS	68.96	0	multi-gene partial reconstruction	1.45011600928074	0	FALSE	FALSE	FALSE	FALSE	FALSE	FALSE	Sensitivity estimate under random gene loss: min(100, observed gene-set coverage / MAG completeness fraction)
SY368YW-4-8_bin24	Nitrogen	Complete nitrification, comammox, ammonia => nitrite => nitrate	Previous algorithm: distinct-gene set coverage	6	0	0	FALSE	FALSE	IS	68.96	0	multi-gene partial reconstruction	1.45011600928074	0	FALSE	FALSE	FALSE	FALSE	FALSE	FALSE	Sensitivity estimate under random gene loss: min(100, observed gene-set coverage / MAG completeness fraction)
SY368YW-4-8_bin24	Nitrogen	Denitrification, nitrate => nitrogen	Previous algorithm: distinct-gene set coverage	11	2	18.1818181818182	FALSE	FALSE	IS	68.96	0	multi-gene partial reconstruction	1.45011600928074	26.3657456232863	FALSE	FALSE	FALSE	FALSE	FALSE	FALSE	Sensitivity estimate under random gene loss: min(100, observed gene-set coverage / MAG completeness fraction)
SY368YW-4-8_bin24	Nitrogen	Dissimilatory nitrate reduction, nitrate => ammonia	Previous algorithm: distinct-gene set coverage	9	1	11.1111111111111	FALSE	FALSE	IS	68.96	0	multi-gene partial reconstruction	1.45011600928074	16.1124001031193	FALSE	FALSE	FALSE	FALSE	FALSE	FALSE	Sensitivity estimate under random gene loss: min(100, observed gene-set coverage / MAG completeness fraction)
SY368YW-4-8_bin24	Nitrogen	Nitrate assimilation	Previous algorithm: distinct-gene set coverage	1	1	100	TRUE	TRUE	IS	68.96	0	multi-gene partial reconstruction	1.45011600928074	100	TRUE	TRUE	FALSE	TRUE	TRUE	FALSE	Sensitivity estimate under random gene loss: min(100, observed gene-set coverage / MAG completeness fraction)
SY368YW-4-8_bin24	Nitrogen	Nitrification, ammonia => nitrite	Previous algorithm: distinct-gene set coverage	8	0	0	FALSE	FALSE	IS	68.96	0	multi-gene partial reconstruction	1.45011600928074	0	FALSE	FALSE	FALSE	FALSE	FALSE	FALSE	Sensitivity estimate under random gene loss: min(100, observed gene-set coverage / MAG completeness fraction)
SY368YW-4-8_bin24	Nitrogen	Nitrogen fixation, nitrogen => ammonia	Previous algorithm: distinct-gene set coverage	8	0	0	FALSE	FALSE	IS	68.96	0	multi-gene partial reconstruction	1.45011600928074	0	FALSE	FALSE	FALSE	FALSE	FALSE	FALSE	Sensitivity estimate under random gene loss: min(100, observed gene-set coverage / MAG completeness fraction)
SY368YW-4-8_bin24	Nitrogen	nitrite + ammonia => nitrogen	Previous algorithm: distinct-gene set coverage	9	0	0	FALSE	FALSE	IS	68.96	0	multi-gene partial reconstruction	1.45011600928074	0	FALSE	FALSE	FALSE	FALSE	FALSE	FALSE	Sensitivity estimate under random gene loss: min(100, observed gene-set coverage / MAG completeness fraction)
SY368YW-4-8_bin24	Sulfur	Assimilatory sulfate reduction, sulfate => H2S	Previous algorithm: distinct-gene set coverage	10	2	20	FALSE	FALSE	IS	68.96	0	multi-gene partial reconstruction	1.45011600928074	29.0023201856149	FALSE	FALSE	FALSE	FALSE	FALSE	FALSE	Sensitivity estimate under random gene loss: min(100, observed gene-set coverage / MAG completeness fraction)
SY368YW-4-8_bin24	Sulfur	Dissimilatory sulfate reduction, sulfate => H2S	Previous algorithm: distinct-gene set coverage	7	1	14.2857142857143	FALSE	FALSE	IS	68.96	0	multi-gene partial reconstruction	1.45011600928074	20.7159429897249	FALSE	FALSE	FALSE	FALSE	FALSE	FALSE	Sensitivity estimate under random gene loss: min(100, observed gene-set coverage / MAG completeness fraction)
SY368YW-4-8_bin24	Sulfur	Thiosulfate oxidation by SOX complex, thiosulfate => sulfate	Previous algorithm: distinct-gene set coverage	7	7	100	TRUE	TRUE	IS	68.96	0	multi-gene partial reconstruction	1.45011600928074	100	TRUE	TRUE	FALSE	TRUE	TRUE	FALSE	Sensitivity estimate under random gene loss: min(100, observed gene-set coverage / MAG completeness fraction)
SY368YW-4-8_bin24	Nitrogen	Urea cycle	Previous algorithm: distinct-gene set coverage	6	4	66.6666666666667	TRUE	FALSE	IS	68.96	0	multi-gene partial reconstruction	1.45011600928074	96.6744006187162	TRUE	TRUE	FALSE	FALSE	TRUE	TRUE	Sensitivity estimate under random gene loss: min(100, observed gene-set coverage / MAG completeness fraction)
SY368YW-4-8_bin24	Nitrogen	Urea transport system	Previous algorithm: distinct-gene set coverage	5	0	0	FALSE	FALSE	IS	68.96	0	multi-gene partial reconstruction	1.45011600928074	0	FALSE	FALSE	FALSE	FALSE	FALSE	FALSE	Sensitivity estimate under random gene loss: min(100, observed gene-set coverage / MAG completeness fraction)
SY368YW-4-8_bin24	Sulfur	Sulfate/thiosulfate transport system	Previous algorithm: distinct-gene set coverage	5	0	0	FALSE	FALSE	IS	68.96	0	multi-gene partial reconstruction	1.45011600928074	0	FALSE	FALSE	FALSE	FALSE	FALSE	FALSE	Sensitivity estimate under random gene loss: min(100, observed gene-set coverage / MAG completeness fraction)
SY368YW-4-8_bin24	Sulfur	Sulfonate transport system	Previous algorithm: distinct-gene set coverage	3	0	0	FALSE	FALSE	IS	68.96	0	multi-gene partial reconstruction	1.45011600928074	0	FALSE	FALSE	FALSE	FALSE	FALSE	FALSE	Sensitivity estimate under random gene loss: min(100, observed gene-set coverage / MAG completeness fraction)
SY368YW-4-8_bin24	Vitamin B12	Cobalamin salvage	Previous algorithm: distinct-gene set coverage	4	0	0	FALSE	FALSE	IS	68.96	0	multi-gene partial reconstruction	1.45011600928074	0	FALSE	FALSE	FALSE	FALSE	FALSE	FALSE	Sensitivity estimate under random gene loss: min(100, observed gene-set coverage / MAG completeness fraction)
SY368YW-4-8_bin24	Vitamin B12	Vitamin B12 transport system	Previous algorithm: distinct-gene set coverage	3	0	0	FALSE	FALSE	IS	68.96	0	multi-gene partial reconstruction	1.45011600928074	0	FALSE	FALSE	FALSE	FALSE	FALSE	FALSE	Sensitivity estimate under random gene loss: min(100, observed gene-set coverage / MAG completeness fraction)
SY368YW-4-8_bin24	Carbon	Citrate cycle (TCA cycle, Krebs cycle)	Previous algorithm: distinct-gene set coverage	40	12	30	FALSE	FALSE	IS	68.96	0	multi-gene partial reconstruction	1.45011600928074	43.5034802784223	FALSE	FALSE	FALSE	FALSE	FALSE	FALSE	Sensitivity estimate under random gene loss: min(100, observed gene-set coverage / MAG completeness fraction)
SY368YW-4-8_bin24	Carbon	Citrate cycle, first carbon oxidation, oxaloacetate => 2-oxoglutarate	Previous algorithm: distinct-gene set coverage	6	2	33.3333333333333	FALSE	FALSE	IS	68.96	0	multi-gene partial reconstruction	1.45011600928074	48.337200309358	FALSE	FALSE	FALSE	FALSE	FALSE	FALSE	Sensitivity estimate under random gene loss: min(100, observed gene-set coverage / MAG completeness fraction)
SY368YW-4-8_bin24	Carbon	Citrate cycle, second carbon oxidation, 2-oxoglutarate => oxaloacetate	Previous algorithm: distinct-gene set coverage	34	10	29.4117647058824	FALSE	FALSE	IS	68.96	0	multi-gene partial reconstruction	1.45011600928074	42.6504708611984	FALSE	FALSE	FALSE	FALSE	FALSE	FALSE	Sensitivity estimate under random gene loss: min(100, observed gene-set coverage / MAG completeness fraction)
SY368YW-4-8_bin24	Carbon	Glycolysis (Embden-Meyerhof pathway), glucose => pyruvate	Previous algorithm: distinct-gene set coverage	29	11	37.9310344827586	FALSE	FALSE	IS	68.96	0	multi-gene partial reconstruction	1.45011600928074	55.0044003520281	FALSE	TRUE	TRUE	FALSE	FALSE	FALSE	Sensitivity estimate under random gene loss: min(100, observed gene-set coverage / MAG completeness fraction)
SY368YW-4-8_bin24	Carbon	Glycolysis, core module involving three-carbon compounds	Previous algorithm: distinct-gene set coverage	12	6	50	TRUE	FALSE	IS	68.96	0	multi-gene partial reconstruction	1.45011600928074	72.5058004640371	TRUE	TRUE	FALSE	FALSE	FALSE	FALSE	Sensitivity estimate under random gene loss: min(100, observed gene-set coverage / MAG completeness fraction)
SY368YW-4-8_bin24	Carbon	Incomplete reductive citrate cycle, acetyl-CoA => oxoglutarate	Previous algorithm: distinct-gene set coverage	17	2	11.7647058823529	FALSE	FALSE	IS	68.96	0	multi-gene partial reconstruction	1.45011600928074	17.0601883444793	FALSE	FALSE	FALSE	FALSE	FALSE	FALSE	Sensitivity estimate under random gene loss: min(100, observed gene-set coverage / MAG completeness fraction)
SY368YW-4-8_bin24	Carbon	Pyruvate oxidation, pyruvate => acetyl-CoA	Previous algorithm: distinct-gene set coverage	11	4	36.3636363636364	FALSE	FALSE	IS	68.96	0	multi-gene partial reconstruction	1.45011600928074	52.7314912465725	FALSE	TRUE	TRUE	FALSE	FALSE	FALSE	Sensitivity estimate under random gene loss: min(100, observed gene-set coverage / MAG completeness fraction)
SY368YW-4-8_bin24	Carbon	TCA /Reductive TCA	Previous algorithm: distinct-gene set coverage	1	0	0	FALSE	FALSE	IS	68.96	0	multi-gene partial reconstruction	1.45011600928074	0	FALSE	FALSE	FALSE	FALSE	FALSE	FALSE	Sensitivity estimate under random gene loss: min(100, observed gene-set coverage / MAG completeness fraction)
SY368YW-8-12_bin14	Motility	Flagellar Assembly (partial 36-KO reconstruction)	Previous algorithm: distinct-gene set coverage	36	0	0	FALSE	FALSE	IS	65.87	2.136	multi-gene partial reconstruction	1.5181417944436	0	FALSE	FALSE	FALSE	FALSE	FALSE	FALSE	Sensitivity estimate under random gene loss: min(100, observed gene-set coverage / MAG completeness fraction)
SY368YW-8-12_bin14	Vitamin B12	Cobalamin biosynthesis, cobinamide => cobalamin	Previous algorithm: distinct-gene set coverage	8	1	12.5	FALSE	FALSE	IS	65.87	2.136	multi-gene partial reconstruction	1.5181417944436	18.976772430545	FALSE	FALSE	FALSE	FALSE	FALSE	FALSE	Sensitivity estimate under random gene loss: min(100, observed gene-set coverage / MAG completeness fraction)
SY368YW-8-12_bin14	Vitamin B12	Cobalamin biosynthesis, precorrin2 => cobinamide	Previous algorithm: distinct-gene set coverage	25	0	0	FALSE	FALSE	IS	65.87	2.136	multi-gene partial reconstruction	1.5181417944436	0	FALSE	FALSE	FALSE	FALSE	FALSE	FALSE	Sensitivity estimate under random gene loss: min(100, observed gene-set coverage / MAG completeness fraction)
SY368YW-8-12_bin14	Carbon	Acetyl-CoA pathway, CO2 => acetyl-CoA	Previous algorithm: distinct-gene set coverage	5	0	0	FALSE	FALSE	IS	65.87	2.136	multi-gene partial reconstruction	1.5181417944436	0	FALSE	FALSE	FALSE	FALSE	FALSE	FALSE	Sensitivity estimate under random gene loss: min(100, observed gene-set coverage / MAG completeness fraction)
SY368YW-8-12_bin14	Carbon	Methane oxidation, methanotroph, methane => formaldehyde	Previous algorithm: distinct-gene set coverage	12	0	0	FALSE	FALSE	IS	65.87	2.136	multi-gene partial reconstruction	1.5181417944436	0	FALSE	FALSE	FALSE	FALSE	FALSE	FALSE	Sensitivity estimate under random gene loss: min(100, observed gene-set coverage / MAG completeness fraction)
SY368YW-8-12_bin14	Carbon	Methanogenesis, CO2 => methane	Previous algorithm: distinct-gene set coverage	37	2	5.4054054054054	FALSE	FALSE	IS	65.87	2.136	multi-gene partial reconstruction	1.5181417944436	8.20617186185729	FALSE	FALSE	FALSE	FALSE	FALSE	FALSE	Sensitivity estimate under random gene loss: min(100, observed gene-set coverage / MAG completeness fraction)
SY368YW-8-12_bin14	Carbon	Methanogenesis, acetate => methane	Previous algorithm: distinct-gene set coverage	31	2	6.45161290322581	FALSE	FALSE	IS	65.87	2.136	multi-gene partial reconstruction	1.5181417944436	9.79446318995872	FALSE	FALSE	FALSE	FALSE	FALSE	FALSE	Sensitivity estimate under random gene loss: min(100, observed gene-set coverage / MAG completeness fraction)
SY368YW-8-12_bin14	Carbon	Methanogenesis, methanethiol => methane	Previous algorithm: distinct-gene set coverage	1	0	0	FALSE	FALSE	IS	65.87	2.136	multi-gene partial reconstruction	1.5181417944436	0	FALSE	FALSE	FALSE	FALSE	FALSE	FALSE	Sensitivity estimate under random gene loss: min(100, observed gene-set coverage / MAG completeness fraction)
SY368YW-8-12_bin14	Carbon	Methanogenesis, methanol => methane	Previous algorithm: distinct-gene set coverage	19	1	5.26315789473684	FALSE	FALSE	IS	65.87	2.136	multi-gene partial reconstruction	1.5181417944436	7.99021997075579	FALSE	FALSE	FALSE	FALSE	FALSE	FALSE	Sensitivity estimate under random gene loss: min(100, observed gene-set coverage / MAG completeness fraction)
SY368YW-8-12_bin14	Carbon	Methanogenesis, methylamine/dimethylamine/trimethylamine => methane	Previous algorithm: distinct-gene set coverage	23	1	4.34782608695652	FALSE	FALSE	IS	65.87	2.136	multi-gene partial reconstruction	1.5181417944436	6.60061649758087	FALSE	FALSE	FALSE	FALSE	FALSE	FALSE	Sensitivity estimate under random gene loss: min(100, observed gene-set coverage / MAG completeness fraction)
SY368YW-8-12_bin14	Carbon	Reductive acetyl-CoA pathway (Wood-Ljungdahl pathway)	Previous algorithm: distinct-gene set coverage	10	1	10	FALSE	FALSE	IS	65.87	2.136	multi-gene partial reconstruction	1.5181417944436	15.181417944436	FALSE	FALSE	FALSE	FALSE	FALSE	FALSE	Sensitivity estimate under random gene loss: min(100, observed gene-set coverage / MAG completeness fraction)
SY368YW-8-12_bin14	Carbon	Reductive citrate cycle (Arnon-Buchanan cycle)	Previous algorithm: distinct-gene set coverage	43	10	23.2558139534884	FALSE	FALSE	IS	65.87	2.136	multi-gene partial reconstruction	1.5181417944436	35.3056231265954	FALSE	FALSE	FALSE	FALSE	FALSE	FALSE	Sensitivity estimate under random gene loss: min(100, observed gene-set coverage / MAG completeness fraction)
SY368YW-8-12_bin14	Nitrogen	Assimilatory nitrate reduction, nitrate => ammonia	Previous algorithm: distinct-gene set coverage	6	0	0	FALSE	FALSE	IS	65.87	2.136	multi-gene partial reconstruction	1.5181417944436	0	FALSE	FALSE	FALSE	FALSE	FALSE	FALSE	Sensitivity estimate under random gene loss: min(100, observed gene-set coverage / MAG completeness fraction)
SY368YW-8-12_bin14	Nitrogen	Complete nitrification, comammox, ammonia => nitrite => nitrate	Previous algorithm: distinct-gene set coverage	6	0	0	FALSE	FALSE	IS	65.87	2.136	multi-gene partial reconstruction	1.5181417944436	0	FALSE	FALSE	FALSE	FALSE	FALSE	FALSE	Sensitivity estimate under random gene loss: min(100, observed gene-set coverage / MAG completeness fraction)
SY368YW-8-12_bin14	Nitrogen	Denitrification, nitrate => nitrogen	Previous algorithm: distinct-gene set coverage	11	2	18.1818181818182	FALSE	FALSE	IS	65.87	2.136	multi-gene partial reconstruction	1.5181417944436	27.6025780807928	FALSE	FALSE	FALSE	FALSE	FALSE	FALSE	Sensitivity estimate under random gene loss: min(100, observed gene-set coverage / MAG completeness fraction)
SY368YW-8-12_bin14	Nitrogen	Dissimilatory nitrate reduction, nitrate => ammonia	Previous algorithm: distinct-gene set coverage	9	0	0	FALSE	FALSE	IS	65.87	2.136	multi-gene partial reconstruction	1.5181417944436	0	FALSE	FALSE	FALSE	FALSE	FALSE	FALSE	Sensitivity estimate under random gene loss: min(100, observed gene-set coverage / MAG completeness fraction)
SY368YW-8-12_bin14	Nitrogen	Nitrate assimilation	Previous algorithm: distinct-gene set coverage	1	0	0	FALSE	FALSE	IS	65.87	2.136	multi-gene partial reconstruction	1.5181417944436	0	FALSE	FALSE	FALSE	FALSE	FALSE	FALSE	Sensitivity estimate under random gene loss: min(100, observed gene-set coverage / MAG completeness fraction)
SY368YW-8-12_bin14	Nitrogen	Nitrification, ammonia => nitrite	Previous algorithm: distinct-gene set coverage	8	0	0	FALSE	FALSE	IS	65.87	2.136	multi-gene partial reconstruction	1.5181417944436	0	FALSE	FALSE	FALSE	FALSE	FALSE	FALSE	Sensitivity estimate under random gene loss: min(100, observed gene-set coverage / MAG completeness fraction)
SY368YW-8-12_bin14	Nitrogen	Nitrogen fixation, nitrogen => ammonia	Previous algorithm: distinct-gene set coverage	8	0	0	FALSE	FALSE	IS	65.87	2.136	multi-gene partial reconstruction	1.5181417944436	0	FALSE	FALSE	FALSE	FALSE	FALSE	FALSE	Sensitivity estimate under random gene loss: min(100, observed gene-set coverage / MAG completeness fraction)
SY368YW-8-12_bin14	Nitrogen	nitrite + ammonia => nitrogen	Previous algorithm: distinct-gene set coverage	9	1	11.1111111111111	FALSE	FALSE	IS	65.87	2.136	multi-gene partial reconstruction	1.5181417944436	16.8682421604844	FALSE	FALSE	FALSE	FALSE	FALSE	FALSE	Sensitivity estimate under random gene loss: min(100, observed gene-set coverage / MAG completeness fraction)
SY368YW-8-12_bin14	Sulfur	Assimilatory sulfate reduction, sulfate => H2S	Previous algorithm: distinct-gene set coverage	10	0	0	FALSE	FALSE	IS	65.87	2.136	multi-gene partial reconstruction	1.5181417944436	0	FALSE	FALSE	FALSE	FALSE	FALSE	FALSE	Sensitivity estimate under random gene loss: min(100, observed gene-set coverage / MAG completeness fraction)
SY368YW-8-12_bin14	Sulfur	Dissimilatory sulfate reduction, sulfate => H2S	Previous algorithm: distinct-gene set coverage	7	0	0	FALSE	FALSE	IS	65.87	2.136	multi-gene partial reconstruction	1.5181417944436	0	FALSE	FALSE	FALSE	FALSE	FALSE	FALSE	Sensitivity estimate under random gene loss: min(100, observed gene-set coverage / MAG completeness fraction)
SY368YW-8-12_bin14	Sulfur	Thiosulfate oxidation by SOX complex, thiosulfate => sulfate	Previous algorithm: distinct-gene set coverage	7	0	0	FALSE	FALSE	IS	65.87	2.136	multi-gene partial reconstruction	1.5181417944436	0	FALSE	FALSE	FALSE	FALSE	FALSE	FALSE	Sensitivity estimate under random gene loss: min(100, observed gene-set coverage / MAG completeness fraction)
SY368YW-8-12_bin14	Nitrogen	Urea cycle	Previous algorithm: distinct-gene set coverage	6	2	33.3333333333333	FALSE	FALSE	IS	65.87	2.136	multi-gene partial reconstruction	1.5181417944436	50.6047264814533	FALSE	TRUE	TRUE	FALSE	FALSE	FALSE	Sensitivity estimate under random gene loss: min(100, observed gene-set coverage / MAG completeness fraction)
SY368YW-8-12_bin14	Nitrogen	Urea transport system	Previous algorithm: distinct-gene set coverage	5	0	0	FALSE	FALSE	IS	65.87	2.136	multi-gene partial reconstruction	1.5181417944436	0	FALSE	FALSE	FALSE	FALSE	FALSE	FALSE	Sensitivity estimate under random gene loss: min(100, observed gene-set coverage / MAG completeness fraction)
SY368YW-8-12_bin14	Sulfur	Sulfate/thiosulfate transport system	Previous algorithm: distinct-gene set coverage	5	0	0	FALSE	FALSE	IS	65.87	2.136	multi-gene partial reconstruction	1.5181417944436	0	FALSE	FALSE	FALSE	FALSE	FALSE	FALSE	Sensitivity estimate under random gene loss: min(100, observed gene-set coverage / MAG completeness fraction)
SY368YW-8-12_bin14	Sulfur	Sulfonate transport system	Previous algorithm: distinct-gene set coverage	3	0	0	FALSE	FALSE	IS	65.87	2.136	multi-gene partial reconstruction	1.5181417944436	0	FALSE	FALSE	FALSE	FALSE	FALSE	FALSE	Sensitivity estimate under random gene loss: min(100, observed gene-set coverage / MAG completeness fraction)
SY368YW-8-12_bin14	Vitamin B12	Cobalamin salvage	Previous algorithm: distinct-gene set coverage	4	0	0	FALSE	FALSE	IS	65.87	2.136	multi-gene partial reconstruction	1.5181417944436	0	FALSE	FALSE	FALSE	FALSE	FALSE	FALSE	Sensitivity estimate under random gene loss: min(100, observed gene-set coverage / MAG completeness fraction)
SY368YW-8-12_bin14	Vitamin B12	Vitamin B12 transport system	Previous algorithm: distinct-gene set coverage	3	0	0	FALSE	FALSE	IS	65.87	2.136	multi-gene partial reconstruction	1.5181417944436	0	FALSE	FALSE	FALSE	FALSE	FALSE	FALSE	Sensitivity estimate under random gene loss: min(100, observed gene-set coverage / MAG completeness fraction)
SY368YW-8-12_bin14	Carbon	Citrate cycle (TCA cycle, Krebs cycle)	Previous algorithm: distinct-gene set coverage	40	7	17.5	FALSE	FALSE	IS	65.87	2.136	multi-gene partial reconstruction	1.5181417944436	26.567481402763	FALSE	FALSE	FALSE	FALSE	FALSE	FALSE	Sensitivity estimate under random gene loss: min(100, observed gene-set coverage / MAG completeness fraction)
SY368YW-8-12_bin14	Carbon	Citrate cycle, first carbon oxidation, oxaloacetate => 2-oxoglutarate	Previous algorithm: distinct-gene set coverage	6	1	16.6666666666667	FALSE	FALSE	IS	65.87	2.136	multi-gene partial reconstruction	1.5181417944436	25.3023632407267	FALSE	FALSE	FALSE	FALSE	FALSE	FALSE	Sensitivity estimate under random gene loss: min(100, observed gene-set coverage / MAG completeness fraction)
SY368YW-8-12_bin14	Carbon	Citrate cycle, second carbon oxidation, 2-oxoglutarate => oxaloacetate	Previous algorithm: distinct-gene set coverage	34	6	17.6470588235294	FALSE	FALSE	IS	65.87	2.136	multi-gene partial reconstruction	1.5181417944436	26.7907375490047	FALSE	FALSE	FALSE	FALSE	FALSE	FALSE	Sensitivity estimate under random gene loss: min(100, observed gene-set coverage / MAG completeness fraction)
SY368YW-8-12_bin14	Carbon	Glycolysis (Embden-Meyerhof pathway), glucose => pyruvate	Previous algorithm: distinct-gene set coverage	29	7	24.1379310344828	FALSE	FALSE	IS	65.87	2.136	multi-gene partial reconstruction	1.5181417944436	36.6448019348456	FALSE	FALSE	FALSE	FALSE	FALSE	FALSE	Sensitivity estimate under random gene loss: min(100, observed gene-set coverage / MAG completeness fraction)
SY368YW-8-12_bin14	Carbon	Glycolysis, core module involving three-carbon compounds	Previous algorithm: distinct-gene set coverage	12	6	50	TRUE	FALSE	IS	65.87	2.136	multi-gene partial reconstruction	1.5181417944436	75.90708972218	TRUE	TRUE	FALSE	FALSE	TRUE	TRUE	Sensitivity estimate under random gene loss: min(100, observed gene-set coverage / MAG completeness fraction)
SY368YW-8-12_bin14	Carbon	Incomplete reductive citrate cycle, acetyl-CoA => oxoglutarate	Previous algorithm: distinct-gene set coverage	17	3	17.6470588235294	FALSE	FALSE	IS	65.87	2.136	multi-gene partial reconstruction	1.5181417944436	26.7907375490047	FALSE	FALSE	FALSE	FALSE	FALSE	FALSE	Sensitivity estimate under random gene loss: min(100, observed gene-set coverage / MAG completeness fraction)
SY368YW-8-12_bin14	Carbon	Pyruvate oxidation, pyruvate => acetyl-CoA	Previous algorithm: distinct-gene set coverage	11	2	18.1818181818182	FALSE	FALSE	IS	65.87	2.136	multi-gene partial reconstruction	1.5181417944436	27.6025780807928	FALSE	FALSE	FALSE	FALSE	FALSE	FALSE	Sensitivity estimate under random gene loss: min(100, observed gene-set coverage / MAG completeness fraction)
SY368YW-8-12_bin14	Carbon	TCA /Reductive TCA	Previous algorithm: distinct-gene set coverage	1	0	0	FALSE	FALSE	IS	65.87	2.136	multi-gene partial reconstruction	1.5181417944436	0	FALSE	FALSE	FALSE	FALSE	FALSE	FALSE	Sensitivity estimate under random gene loss: min(100, observed gene-set coverage / MAG completeness fraction)
SY368YW-8-12_bin16	Motility	Flagellar Assembly (partial 36-KO reconstruction)	Previous algorithm: distinct-gene set coverage	36	0	0	FALSE	FALSE	IS	68.01	4.487	multi-gene partial reconstruction	1.47037200411704	0	FALSE	FALSE	FALSE	FALSE	FALSE	FALSE	Sensitivity estimate under random gene loss: min(100, observed gene-set coverage / MAG completeness fraction)
SY368YW-8-12_bin16	Vitamin B12	Cobalamin biosynthesis, cobinamide => cobalamin	Previous algorithm: distinct-gene set coverage	8	1	12.5	FALSE	FALSE	IS	68.01	4.487	multi-gene partial reconstruction	1.47037200411704	18.379650051463	FALSE	FALSE	FALSE	FALSE	FALSE	FALSE	Sensitivity estimate under random gene loss: min(100, observed gene-set coverage / MAG completeness fraction)
SY368YW-8-12_bin16	Vitamin B12	Cobalamin biosynthesis, precorrin2 => cobinamide	Previous algorithm: distinct-gene set coverage	25	0	0	FALSE	FALSE	IS	68.01	4.487	multi-gene partial reconstruction	1.47037200411704	0	FALSE	FALSE	FALSE	FALSE	FALSE	FALSE	Sensitivity estimate under random gene loss: min(100, observed gene-set coverage / MAG completeness fraction)
SY368YW-8-12_bin16	Carbon	Acetyl-CoA pathway, CO2 => acetyl-CoA	Previous algorithm: distinct-gene set coverage	5	0	0	FALSE	FALSE	IS	68.01	4.487	multi-gene partial reconstruction	1.47037200411704	0	FALSE	FALSE	FALSE	FALSE	FALSE	FALSE	Sensitivity estimate under random gene loss: min(100, observed gene-set coverage / MAG completeness fraction)
SY368YW-8-12_bin16	Carbon	Methane oxidation, methanotroph, methane => formaldehyde	Previous algorithm: distinct-gene set coverage	12	0	0	FALSE	FALSE	IS	68.01	4.487	multi-gene partial reconstruction	1.47037200411704	0	FALSE	FALSE	FALSE	FALSE	FALSE	FALSE	Sensitivity estimate under random gene loss: min(100, observed gene-set coverage / MAG completeness fraction)
SY368YW-8-12_bin16	Carbon	Methanogenesis, CO2 => methane	Previous algorithm: distinct-gene set coverage	37	3	8.10810810810811	FALSE	FALSE	IS	68.01	4.487	multi-gene partial reconstruction	1.47037200411704	11.9219351685166	FALSE	FALSE	FALSE	FALSE	FALSE	FALSE	Sensitivity estimate under random gene loss: min(100, observed gene-set coverage / MAG completeness fraction)
SY368YW-8-12_bin16	Carbon	Methanogenesis, acetate => methane	Previous algorithm: distinct-gene set coverage	31	3	9.67741935483871	FALSE	FALSE	IS	68.01	4.487	multi-gene partial reconstruction	1.47037200411704	14.2294064914552	FALSE	FALSE	FALSE	FALSE	FALSE	FALSE	Sensitivity estimate under random gene loss: min(100, observed gene-set coverage / MAG completeness fraction)
SY368YW-8-12_bin16	Carbon	Methanogenesis, methanethiol => methane	Previous algorithm: distinct-gene set coverage	1	0	0	FALSE	FALSE	IS	68.01	4.487	multi-gene partial reconstruction	1.47037200411704	0	FALSE	FALSE	FALSE	FALSE	FALSE	FALSE	Sensitivity estimate under random gene loss: min(100, observed gene-set coverage / MAG completeness fraction)
SY368YW-8-12_bin16	Carbon	Methanogenesis, methanol => methane	Previous algorithm: distinct-gene set coverage	19	2	10.5263157894737	FALSE	FALSE	IS	68.01	4.487	multi-gene partial reconstruction	1.47037200411704	15.4776000433373	FALSE	FALSE	FALSE	FALSE	FALSE	FALSE	Sensitivity estimate under random gene loss: min(100, observed gene-set coverage / MAG completeness fraction)
SY368YW-8-12_bin16	Carbon	Methanogenesis, methylamine/dimethylamine/trimethylamine => methane	Previous algorithm: distinct-gene set coverage	23	2	8.69565217391304	FALSE	FALSE	IS	68.01	4.487	multi-gene partial reconstruction	1.47037200411704	12.7858435140612	FALSE	FALSE	FALSE	FALSE	FALSE	FALSE	Sensitivity estimate under random gene loss: min(100, observed gene-set coverage / MAG completeness fraction)
SY368YW-8-12_bin16	Carbon	Reductive acetyl-CoA pathway (Wood-Ljungdahl pathway)	Previous algorithm: distinct-gene set coverage	10	1	10	FALSE	FALSE	IS	68.01	4.487	multi-gene partial reconstruction	1.47037200411704	14.7037200411704	FALSE	FALSE	FALSE	FALSE	FALSE	FALSE	Sensitivity estimate under random gene loss: min(100, observed gene-set coverage / MAG completeness fraction)
SY368YW-8-12_bin16	Carbon	Reductive citrate cycle (Arnon-Buchanan cycle)	Previous algorithm: distinct-gene set coverage	43	14	32.5581395348837	FALSE	FALSE	IS	68.01	4.487	multi-gene partial reconstruction	1.47037200411704	47.8725768782292	FALSE	FALSE	FALSE	FALSE	FALSE	FALSE	Sensitivity estimate under random gene loss: min(100, observed gene-set coverage / MAG completeness fraction)
SY368YW-8-12_bin16	Nitrogen	Assimilatory nitrate reduction, nitrate => ammonia	Previous algorithm: distinct-gene set coverage	6	0	0	FALSE	FALSE	IS	68.01	4.487	multi-gene partial reconstruction	1.47037200411704	0	FALSE	FALSE	FALSE	FALSE	FALSE	FALSE	Sensitivity estimate under random gene loss: min(100, observed gene-set coverage / MAG completeness fraction)
SY368YW-8-12_bin16	Nitrogen	Complete nitrification, comammox, ammonia => nitrite => nitrate	Previous algorithm: distinct-gene set coverage	6	0	0	FALSE	FALSE	IS	68.01	4.487	multi-gene partial reconstruction	1.47037200411704	0	FALSE	FALSE	FALSE	FALSE	FALSE	FALSE	Sensitivity estimate under random gene loss: min(100, observed gene-set coverage / MAG completeness fraction)
SY368YW-8-12_bin16	Nitrogen	Denitrification, nitrate => nitrogen	Previous algorithm: distinct-gene set coverage	11	2	18.1818181818182	FALSE	FALSE	IS	68.01	4.487	multi-gene partial reconstruction	1.47037200411704	26.7340364384917	FALSE	FALSE	FALSE	FALSE	FALSE	FALSE	Sensitivity estimate under random gene loss: min(100, observed gene-set coverage / MAG completeness fraction)
SY368YW-8-12_bin16	Nitrogen	Dissimilatory nitrate reduction, nitrate => ammonia	Previous algorithm: distinct-gene set coverage	9	1	11.1111111111111	FALSE	FALSE	IS	68.01	4.487	multi-gene partial reconstruction	1.47037200411704	16.3374667124116	FALSE	FALSE	FALSE	FALSE	FALSE	FALSE	Sensitivity estimate under random gene loss: min(100, observed gene-set coverage / MAG completeness fraction)
SY368YW-8-12_bin16	Nitrogen	Nitrate assimilation	Previous algorithm: distinct-gene set coverage	1	1	100	TRUE	TRUE	IS	68.01	4.487	multi-gene partial reconstruction	1.47037200411704	100	TRUE	TRUE	FALSE	TRUE	TRUE	FALSE	Sensitivity estimate under random gene loss: min(100, observed gene-set coverage / MAG completeness fraction)
SY368YW-8-12_bin16	Nitrogen	Nitrification, ammonia => nitrite	Previous algorithm: distinct-gene set coverage	8	0	0	FALSE	FALSE	IS	68.01	4.487	multi-gene partial reconstruction	1.47037200411704	0	FALSE	FALSE	FALSE	FALSE	FALSE	FALSE	Sensitivity estimate under random gene loss: min(100, observed gene-set coverage / MAG completeness fraction)
SY368YW-8-12_bin16	Nitrogen	Nitrogen fixation, nitrogen => ammonia	Previous algorithm: distinct-gene set coverage	8	0	0	FALSE	FALSE	IS	68.01	4.487	multi-gene partial reconstruction	1.47037200411704	0	FALSE	FALSE	FALSE	FALSE	FALSE	FALSE	Sensitivity estimate under random gene loss: min(100, observed gene-set coverage / MAG completeness fraction)
SY368YW-8-12_bin16	Nitrogen	nitrite + ammonia => nitrogen	Previous algorithm: distinct-gene set coverage	9	0	0	FALSE	FALSE	IS	68.01	4.487	multi-gene partial reconstruction	1.47037200411704	0	FALSE	FALSE	FALSE	FALSE	FALSE	FALSE	Sensitivity estimate under random gene loss: min(100, observed gene-set coverage / MAG completeness fraction)
SY368YW-8-12_bin16	Sulfur	Assimilatory sulfate reduction, sulfate => H2S	Previous algorithm: distinct-gene set coverage	10	0	0	FALSE	FALSE	IS	68.01	4.487	multi-gene partial reconstruction	1.47037200411704	0	FALSE	FALSE	FALSE	FALSE	FALSE	FALSE	Sensitivity estimate under random gene loss: min(100, observed gene-set coverage / MAG completeness fraction)
SY368YW-8-12_bin16	Sulfur	Dissimilatory sulfate reduction, sulfate => H2S	Previous algorithm: distinct-gene set coverage	7	0	0	FALSE	FALSE	IS	68.01	4.487	multi-gene partial reconstruction	1.47037200411704	0	FALSE	FALSE	FALSE	FALSE	FALSE	FALSE	Sensitivity estimate under random gene loss: min(100, observed gene-set coverage / MAG completeness fraction)
SY368YW-8-12_bin16	Sulfur	Thiosulfate oxidation by SOX complex, thiosulfate => sulfate	Previous algorithm: distinct-gene set coverage	7	0	0	FALSE	FALSE	IS	68.01	4.487	multi-gene partial reconstruction	1.47037200411704	0	FALSE	FALSE	FALSE	FALSE	FALSE	FALSE	Sensitivity estimate under random gene loss: min(100, observed gene-set coverage / MAG completeness fraction)
SY368YW-8-12_bin16	Nitrogen	Urea cycle	Previous algorithm: distinct-gene set coverage	6	2	33.3333333333333	FALSE	FALSE	IS	68.01	4.487	multi-gene partial reconstruction	1.47037200411704	49.0124001372347	FALSE	FALSE	FALSE	FALSE	FALSE	FALSE	Sensitivity estimate under random gene loss: min(100, observed gene-set coverage / MAG completeness fraction)
SY368YW-8-12_bin16	Nitrogen	Urea transport system	Previous algorithm: distinct-gene set coverage	5	0	0	FALSE	FALSE	IS	68.01	4.487	multi-gene partial reconstruction	1.47037200411704	0	FALSE	FALSE	FALSE	FALSE	FALSE	FALSE	Sensitivity estimate under random gene loss: min(100, observed gene-set coverage / MAG completeness fraction)
SY368YW-8-12_bin16	Sulfur	Sulfate/thiosulfate transport system	Previous algorithm: distinct-gene set coverage	5	0	0	FALSE	FALSE	IS	68.01	4.487	multi-gene partial reconstruction	1.47037200411704	0	FALSE	FALSE	FALSE	FALSE	FALSE	FALSE	Sensitivity estimate under random gene loss: min(100, observed gene-set coverage / MAG completeness fraction)
SY368YW-8-12_bin16	Sulfur	Sulfonate transport system	Previous algorithm: distinct-gene set coverage	3	0	0	FALSE	FALSE	IS	68.01	4.487	multi-gene partial reconstruction	1.47037200411704	0	FALSE	FALSE	FALSE	FALSE	FALSE	FALSE	Sensitivity estimate under random gene loss: min(100, observed gene-set coverage / MAG completeness fraction)
SY368YW-8-12_bin16	Vitamin B12	Cobalamin salvage	Previous algorithm: distinct-gene set coverage	4	0	0	FALSE	FALSE	IS	68.01	4.487	multi-gene partial reconstruction	1.47037200411704	0	FALSE	FALSE	FALSE	FALSE	FALSE	FALSE	Sensitivity estimate under random gene loss: min(100, observed gene-set coverage / MAG completeness fraction)
SY368YW-8-12_bin16	Vitamin B12	Vitamin B12 transport system	Previous algorithm: distinct-gene set coverage	3	0	0	FALSE	FALSE	IS	68.01	4.487	multi-gene partial reconstruction	1.47037200411704	0	FALSE	FALSE	FALSE	FALSE	FALSE	FALSE	Sensitivity estimate under random gene loss: min(100, observed gene-set coverage / MAG completeness fraction)
SY368YW-8-12_bin16	Carbon	Citrate cycle (TCA cycle, Krebs cycle)	Previous algorithm: distinct-gene set coverage	40	13	32.5	FALSE	FALSE	IS	68.01	4.487	multi-gene partial reconstruction	1.47037200411704	47.7870901338039	FALSE	FALSE	FALSE	FALSE	FALSE	FALSE	Sensitivity estimate under random gene loss: min(100, observed gene-set coverage / MAG completeness fraction)
SY368YW-8-12_bin16	Carbon	Citrate cycle, first carbon oxidation, oxaloacetate => 2-oxoglutarate	Previous algorithm: distinct-gene set coverage	6	2	33.3333333333333	FALSE	FALSE	IS	68.01	4.487	multi-gene partial reconstruction	1.47037200411704	49.0124001372347	FALSE	FALSE	FALSE	FALSE	FALSE	FALSE	Sensitivity estimate under random gene loss: min(100, observed gene-set coverage / MAG completeness fraction)
SY368YW-8-12_bin16	Carbon	Citrate cycle, second carbon oxidation, 2-oxoglutarate => oxaloacetate	Previous algorithm: distinct-gene set coverage	34	11	32.3529411764706	FALSE	FALSE	IS	68.01	4.487	multi-gene partial reconstruction	1.47037200411704	47.5708589567278	FALSE	FALSE	FALSE	FALSE	FALSE	FALSE	Sensitivity estimate under random gene loss: min(100, observed gene-set coverage / MAG completeness fraction)
SY368YW-8-12_bin16	Carbon	Glycolysis (Embden-Meyerhof pathway), glucose => pyruvate	Previous algorithm: distinct-gene set coverage	29	7	24.1379310344828	FALSE	FALSE	IS	68.01	4.487	multi-gene partial reconstruction	1.47037200411704	35.4917380304114	FALSE	FALSE	FALSE	FALSE	FALSE	FALSE	Sensitivity estimate under random gene loss: min(100, observed gene-set coverage / MAG completeness fraction)
SY368YW-8-12_bin16	Carbon	Glycolysis, core module involving three-carbon compounds	Previous algorithm: distinct-gene set coverage	12	4	33.3333333333333	FALSE	FALSE	IS	68.01	4.487	multi-gene partial reconstruction	1.47037200411704	49.0124001372347	FALSE	FALSE	FALSE	FALSE	FALSE	FALSE	Sensitivity estimate under random gene loss: min(100, observed gene-set coverage / MAG completeness fraction)
SY368YW-8-12_bin16	Carbon	Incomplete reductive citrate cycle, acetyl-CoA => oxoglutarate	Previous algorithm: distinct-gene set coverage	17	4	23.5294117647059	FALSE	FALSE	IS	68.01	4.487	multi-gene partial reconstruction	1.47037200411704	34.5969883321657	FALSE	FALSE	FALSE	FALSE	FALSE	FALSE	Sensitivity estimate under random gene loss: min(100, observed gene-set coverage / MAG completeness fraction)
SY368YW-8-12_bin16	Carbon	Pyruvate oxidation, pyruvate => acetyl-CoA	Previous algorithm: distinct-gene set coverage	11	2	18.1818181818182	FALSE	FALSE	IS	68.01	4.487	multi-gene partial reconstruction	1.47037200411704	26.7340364384917	FALSE	FALSE	FALSE	FALSE	FALSE	FALSE	Sensitivity estimate under random gene loss: min(100, observed gene-set coverage / MAG completeness fraction)
SY368YW-8-12_bin16	Carbon	TCA /Reductive TCA	Previous algorithm: distinct-gene set coverage	1	0	0	FALSE	FALSE	IS	68.01	4.487	multi-gene partial reconstruction	1.47037200411704	0	FALSE	FALSE	FALSE	FALSE	FALSE	FALSE	Sensitivity estimate under random gene loss: min(100, observed gene-set coverage / MAG completeness fraction)
SY368YW-8-12_bin33	Motility	Flagellar Assembly (partial 36-KO reconstruction)	Previous algorithm: distinct-gene set coverage	36	3	8.33333333333333	FALSE	FALSE	IS	86.01	0.658	multi-gene partial reconstruction	1.16265550517382	9.68879587644847	FALSE	FALSE	FALSE	FALSE	FALSE	FALSE	Sensitivity estimate under random gene loss: min(100, observed gene-set coverage / MAG completeness fraction)
SY368YW-8-12_bin33	Vitamin B12	Cobalamin biosynthesis, cobinamide => cobalamin	Previous algorithm: distinct-gene set coverage	8	4	50	TRUE	FALSE	IS	86.01	0.658	multi-gene partial reconstruction	1.16265550517382	58.1327752586908	TRUE	TRUE	FALSE	FALSE	FALSE	FALSE	Sensitivity estimate under random gene loss: min(100, observed gene-set coverage / MAG completeness fraction)
SY368YW-8-12_bin33	Vitamin B12	Cobalamin biosynthesis, precorrin2 => cobinamide	Previous algorithm: distinct-gene set coverage	25	6	24	FALSE	FALSE	IS	86.01	0.658	multi-gene partial reconstruction	1.16265550517382	27.9037321241716	FALSE	FALSE	FALSE	FALSE	FALSE	FALSE	Sensitivity estimate under random gene loss: min(100, observed gene-set coverage / MAG completeness fraction)
SY368YW-8-12_bin33	Carbon	Acetyl-CoA pathway, CO2 => acetyl-CoA	Previous algorithm: distinct-gene set coverage	5	0	0	FALSE	FALSE	IS	86.01	0.658	multi-gene partial reconstruction	1.16265550517382	0	FALSE	FALSE	FALSE	FALSE	FALSE	FALSE	Sensitivity estimate under random gene loss: min(100, observed gene-set coverage / MAG completeness fraction)
SY368YW-8-12_bin33	Carbon	Methane oxidation, methanotroph, methane => formaldehyde	Previous algorithm: distinct-gene set coverage	12	0	0	FALSE	FALSE	IS	86.01	0.658	multi-gene partial reconstruction	1.16265550517382	0	FALSE	FALSE	FALSE	FALSE	FALSE	FALSE	Sensitivity estimate under random gene loss: min(100, observed gene-set coverage / MAG completeness fraction)
SY368YW-8-12_bin33	Carbon	Methanogenesis, CO2 => methane	Previous algorithm: distinct-gene set coverage	37	0	0	FALSE	FALSE	IS	86.01	0.658	multi-gene partial reconstruction	1.16265550517382	0	FALSE	FALSE	FALSE	FALSE	FALSE	FALSE	Sensitivity estimate under random gene loss: min(100, observed gene-set coverage / MAG completeness fraction)
SY368YW-8-12_bin33	Carbon	Methanogenesis, acetate => methane	Previous algorithm: distinct-gene set coverage	31	1	3.2258064516129	FALSE	FALSE	IS	86.01	0.658	multi-gene partial reconstruction	1.16265550517382	3.75050162959295	FALSE	FALSE	FALSE	FALSE	FALSE	FALSE	Sensitivity estimate under random gene loss: min(100, observed gene-set coverage / MAG completeness fraction)
SY368YW-8-12_bin33	Carbon	Methanogenesis, methanethiol => methane	Previous algorithm: distinct-gene set coverage	1	0	0	FALSE	FALSE	IS	86.01	0.658	multi-gene partial reconstruction	1.16265550517382	0	FALSE	FALSE	FALSE	FALSE	FALSE	FALSE	Sensitivity estimate under random gene loss: min(100, observed gene-set coverage / MAG completeness fraction)
SY368YW-8-12_bin33	Carbon	Methanogenesis, methanol => methane	Previous algorithm: distinct-gene set coverage	19	0	0	FALSE	FALSE	IS	86.01	0.658	multi-gene partial reconstruction	1.16265550517382	0	FALSE	FALSE	FALSE	FALSE	FALSE	FALSE	Sensitivity estimate under random gene loss: min(100, observed gene-set coverage / MAG completeness fraction)
SY368YW-8-12_bin33	Carbon	Methanogenesis, methylamine/dimethylamine/trimethylamine => methane	Previous algorithm: distinct-gene set coverage	23	1	4.34782608695652	FALSE	FALSE	IS	86.01	0.658	multi-gene partial reconstruction	1.16265550517382	5.05502393553833	FALSE	FALSE	FALSE	FALSE	FALSE	FALSE	Sensitivity estimate under random gene loss: min(100, observed gene-set coverage / MAG completeness fraction)
SY368YW-8-12_bin33	Carbon	Reductive acetyl-CoA pathway (Wood-Ljungdahl pathway)	Previous algorithm: distinct-gene set coverage	10	3	30	FALSE	FALSE	IS	86.01	0.658	multi-gene partial reconstruction	1.16265550517382	34.8796651552145	FALSE	FALSE	FALSE	FALSE	FALSE	FALSE	Sensitivity estimate under random gene loss: min(100, observed gene-set coverage / MAG completeness fraction)
SY368YW-8-12_bin33	Carbon	Reductive citrate cycle (Arnon-Buchanan cycle)	Previous algorithm: distinct-gene set coverage	43	15	34.8837209302326	FALSE	FALSE	IS	86.01	0.658	multi-gene partial reconstruction	1.16265550517382	40.557750180482	FALSE	FALSE	FALSE	FALSE	FALSE	FALSE	Sensitivity estimate under random gene loss: min(100, observed gene-set coverage / MAG completeness fraction)
SY368YW-8-12_bin33	Nitrogen	Assimilatory nitrate reduction, nitrate => ammonia	Previous algorithm: distinct-gene set coverage	6	0	0	FALSE	FALSE	IS	86.01	0.658	multi-gene partial reconstruction	1.16265550517382	0	FALSE	FALSE	FALSE	FALSE	FALSE	FALSE	Sensitivity estimate under random gene loss: min(100, observed gene-set coverage / MAG completeness fraction)
SY368YW-8-12_bin33	Nitrogen	Complete nitrification, comammox, ammonia => nitrite => nitrate	Previous algorithm: distinct-gene set coverage	6	0	0	FALSE	FALSE	IS	86.01	0.658	multi-gene partial reconstruction	1.16265550517382	0	FALSE	FALSE	FALSE	FALSE	FALSE	FALSE	Sensitivity estimate under random gene loss: min(100, observed gene-set coverage / MAG completeness fraction)
SY368YW-8-12_bin33	Nitrogen	Denitrification, nitrate => nitrogen	Previous algorithm: distinct-gene set coverage	11	1	9.09090909090909	FALSE	FALSE	IS	86.01	0.658	multi-gene partial reconstruction	1.16265550517382	10.5695955015802	FALSE	FALSE	FALSE	FALSE	FALSE	FALSE	Sensitivity estimate under random gene loss: min(100, observed gene-set coverage / MAG completeness fraction)
SY368YW-8-12_bin33	Nitrogen	Dissimilatory nitrate reduction, nitrate => ammonia	Previous algorithm: distinct-gene set coverage	9	2	22.2222222222222	FALSE	FALSE	IS	86.01	0.658	multi-gene partial reconstruction	1.16265550517382	25.8367890038626	FALSE	FALSE	FALSE	FALSE	FALSE	FALSE	Sensitivity estimate under random gene loss: min(100, observed gene-set coverage / MAG completeness fraction)
SY368YW-8-12_bin33	Nitrogen	Nitrate assimilation	Previous algorithm: distinct-gene set coverage	1	0	0	FALSE	FALSE	IS	86.01	0.658	multi-gene partial reconstruction	1.16265550517382	0	FALSE	FALSE	FALSE	FALSE	FALSE	FALSE	Sensitivity estimate under random gene loss: min(100, observed gene-set coverage / MAG completeness fraction)
SY368YW-8-12_bin33	Nitrogen	Nitrification, ammonia => nitrite	Previous algorithm: distinct-gene set coverage	8	0	0	FALSE	FALSE	IS	86.01	0.658	multi-gene partial reconstruction	1.16265550517382	0	FALSE	FALSE	FALSE	FALSE	FALSE	FALSE	Sensitivity estimate under random gene loss: min(100, observed gene-set coverage / MAG completeness fraction)
SY368YW-8-12_bin33	Nitrogen	Nitrogen fixation, nitrogen => ammonia	Previous algorithm: distinct-gene set coverage	8	0	0	FALSE	FALSE	IS	86.01	0.658	multi-gene partial reconstruction	1.16265550517382	0	FALSE	FALSE	FALSE	FALSE	FALSE	FALSE	Sensitivity estimate under random gene loss: min(100, observed gene-set coverage / MAG completeness fraction)
SY368YW-8-12_bin33	Nitrogen	nitrite + ammonia => nitrogen	Previous algorithm: distinct-gene set coverage	9	0	0	FALSE	FALSE	IS	86.01	0.658	multi-gene partial reconstruction	1.16265550517382	0	FALSE	FALSE	FALSE	FALSE	FALSE	FALSE	Sensitivity estimate under random gene loss: min(100, observed gene-set coverage / MAG completeness fraction)
SY368YW-8-12_bin33	Sulfur	Assimilatory sulfate reduction, sulfate => H2S	Previous algorithm: distinct-gene set coverage	10	1	10	FALSE	FALSE	IS	86.01	0.658	multi-gene partial reconstruction	1.16265550517382	11.6265550517382	FALSE	FALSE	FALSE	FALSE	FALSE	FALSE	Sensitivity estimate under random gene loss: min(100, observed gene-set coverage / MAG completeness fraction)
SY368YW-8-12_bin33	Sulfur	Dissimilatory sulfate reduction, sulfate => H2S	Previous algorithm: distinct-gene set coverage	7	3	42.8571428571429	FALSE	FALSE	IS	86.01	0.658	multi-gene partial reconstruction	1.16265550517382	49.8280930788779	FALSE	FALSE	FALSE	FALSE	FALSE	FALSE	Sensitivity estimate under random gene loss: min(100, observed gene-set coverage / MAG completeness fraction)
SY368YW-8-12_bin33	Sulfur	Thiosulfate oxidation by SOX complex, thiosulfate => sulfate	Previous algorithm: distinct-gene set coverage	7	5	71.4285714285714	TRUE	FALSE	IS	86.01	0.658	multi-gene partial reconstruction	1.16265550517382	83.0468217981298	TRUE	TRUE	FALSE	FALSE	TRUE	TRUE	Sensitivity estimate under random gene loss: min(100, observed gene-set coverage / MAG completeness fraction)
SY368YW-8-12_bin33	Nitrogen	Urea cycle	Previous algorithm: distinct-gene set coverage	6	2	33.3333333333333	FALSE	FALSE	IS	86.01	0.658	multi-gene partial reconstruction	1.16265550517382	38.7551835057939	FALSE	FALSE	FALSE	FALSE	FALSE	FALSE	Sensitivity estimate under random gene loss: min(100, observed gene-set coverage / MAG completeness fraction)
SY368YW-8-12_bin33	Nitrogen	Urea transport system	Previous algorithm: distinct-gene set coverage	5	0	0	FALSE	FALSE	IS	86.01	0.658	multi-gene partial reconstruction	1.16265550517382	0	FALSE	FALSE	FALSE	FALSE	FALSE	FALSE	Sensitivity estimate under random gene loss: min(100, observed gene-set coverage / MAG completeness fraction)
SY368YW-8-12_bin33	Sulfur	Sulfate/thiosulfate transport system	Previous algorithm: distinct-gene set coverage	5	0	0	FALSE	FALSE	IS	86.01	0.658	multi-gene partial reconstruction	1.16265550517382	0	FALSE	FALSE	FALSE	FALSE	FALSE	FALSE	Sensitivity estimate under random gene loss: min(100, observed gene-set coverage / MAG completeness fraction)
SY368YW-8-12_bin33	Sulfur	Sulfonate transport system	Previous algorithm: distinct-gene set coverage	3	1	33.3333333333333	FALSE	FALSE	IS	86.01	0.658	multi-gene partial reconstruction	1.16265550517382	38.7551835057939	FALSE	FALSE	FALSE	FALSE	FALSE	FALSE	Sensitivity estimate under random gene loss: min(100, observed gene-set coverage / MAG completeness fraction)
SY368YW-8-12_bin33	Vitamin B12	Cobalamin salvage	Previous algorithm: distinct-gene set coverage	4	0	0	FALSE	FALSE	IS	86.01	0.658	multi-gene partial reconstruction	1.16265550517382	0	FALSE	FALSE	FALSE	FALSE	FALSE	FALSE	Sensitivity estimate under random gene loss: min(100, observed gene-set coverage / MAG completeness fraction)
SY368YW-8-12_bin33	Vitamin B12	Vitamin B12 transport system	Previous algorithm: distinct-gene set coverage	3	0	0	FALSE	FALSE	IS	86.01	0.658	multi-gene partial reconstruction	1.16265550517382	0	FALSE	FALSE	FALSE	FALSE	FALSE	FALSE	Sensitivity estimate under random gene loss: min(100, observed gene-set coverage / MAG completeness fraction)
SY368YW-8-12_bin33	Carbon	Citrate cycle (TCA cycle, Krebs cycle)	Previous algorithm: distinct-gene set coverage	40	16	40	FALSE	FALSE	IS	86.01	0.658	multi-gene partial reconstruction	1.16265550517382	46.5062202069527	FALSE	FALSE	FALSE	FALSE	FALSE	FALSE	Sensitivity estimate under random gene loss: min(100, observed gene-set coverage / MAG completeness fraction)
SY368YW-8-12_bin33	Carbon	Citrate cycle, first carbon oxidation, oxaloacetate => 2-oxoglutarate	Previous algorithm: distinct-gene set coverage	6	2	33.3333333333333	FALSE	FALSE	IS	86.01	0.658	multi-gene partial reconstruction	1.16265550517382	38.7551835057939	FALSE	FALSE	FALSE	FALSE	FALSE	FALSE	Sensitivity estimate under random gene loss: min(100, observed gene-set coverage / MAG completeness fraction)
SY368YW-8-12_bin33	Carbon	Citrate cycle, second carbon oxidation, 2-oxoglutarate => oxaloacetate	Previous algorithm: distinct-gene set coverage	34	14	41.1764705882353	FALSE	FALSE	IS	86.01	0.658	multi-gene partial reconstruction	1.16265550517382	47.8740502130395	FALSE	FALSE	FALSE	FALSE	FALSE	FALSE	Sensitivity estimate under random gene loss: min(100, observed gene-set coverage / MAG completeness fraction)
SY368YW-8-12_bin33	Carbon	Glycolysis (Embden-Meyerhof pathway), glucose => pyruvate	Previous algorithm: distinct-gene set coverage	29	8	27.5862068965517	FALSE	FALSE	IS	86.01	0.658	multi-gene partial reconstruction	1.16265550517382	32.0732553151398	FALSE	FALSE	FALSE	FALSE	FALSE	FALSE	Sensitivity estimate under random gene loss: min(100, observed gene-set coverage / MAG completeness fraction)
SY368YW-8-12_bin33	Carbon	Glycolysis, core module involving three-carbon compounds	Previous algorithm: distinct-gene set coverage	12	5	41.6666666666667	FALSE	FALSE	IS	86.01	0.658	multi-gene partial reconstruction	1.16265550517382	48.4439793822424	FALSE	FALSE	FALSE	FALSE	FALSE	FALSE	Sensitivity estimate under random gene loss: min(100, observed gene-set coverage / MAG completeness fraction)
SY368YW-8-12_bin33	Carbon	Incomplete reductive citrate cycle, acetyl-CoA => oxoglutarate	Previous algorithm: distinct-gene set coverage	17	7	41.1764705882353	FALSE	FALSE	IS	86.01	0.658	multi-gene partial reconstruction	1.16265550517382	47.8740502130395	FALSE	FALSE	FALSE	FALSE	FALSE	FALSE	Sensitivity estimate under random gene loss: min(100, observed gene-set coverage / MAG completeness fraction)
SY368YW-8-12_bin33	Carbon	Pyruvate oxidation, pyruvate => acetyl-CoA	Previous algorithm: distinct-gene set coverage	11	4	36.3636363636364	FALSE	FALSE	IS	86.01	0.658	multi-gene partial reconstruction	1.16265550517382	42.2783820063207	FALSE	FALSE	FALSE	FALSE	FALSE	FALSE	Sensitivity estimate under random gene loss: min(100, observed gene-set coverage / MAG completeness fraction)
SY368YW-8-12_bin33	Carbon	TCA /Reductive TCA	Previous algorithm: distinct-gene set coverage	1	0	0	FALSE	FALSE	IS	86.01	0.658	multi-gene partial reconstruction	1.16265550517382	0	FALSE	FALSE	FALSE	FALSE	FALSE	FALSE	Sensitivity estimate under random gene loss: min(100, observed gene-set coverage / MAG completeness fraction)
SY456YB-0-4_bin8	Motility	Flagellar Assembly (partial 36-KO reconstruction)	Previous algorithm: distinct-gene set coverage	36	19	52.7777777777778	TRUE	FALSE	IS	97.72	8.262	multi-gene partial reconstruction	1.02333196889071	54.0091872470096	TRUE	TRUE	FALSE	FALSE	FALSE	FALSE	Sensitivity estimate under random gene loss: min(100, observed gene-set coverage / MAG completeness fraction)
SY456YB-0-4_bin8	Vitamin B12	Cobalamin biosynthesis, cobinamide => cobalamin	Previous algorithm: distinct-gene set coverage	8	7	87.5	TRUE	TRUE	IS	97.72	8.262	multi-gene partial reconstruction	1.02333196889071	89.541547277937	TRUE	TRUE	FALSE	TRUE	TRUE	FALSE	Sensitivity estimate under random gene loss: min(100, observed gene-set coverage / MAG completeness fraction)
SY456YB-0-4_bin8	Vitamin B12	Cobalamin biosynthesis, precorrin2 => cobinamide	Previous algorithm: distinct-gene set coverage	25	14	56	TRUE	FALSE	IS	97.72	8.262	multi-gene partial reconstruction	1.02333196889071	57.3065902578797	TRUE	TRUE	FALSE	FALSE	FALSE	FALSE	Sensitivity estimate under random gene loss: min(100, observed gene-set coverage / MAG completeness fraction)
SY456YB-0-4_bin8	Carbon	Acetyl-CoA pathway, CO2 => acetyl-CoA	Previous algorithm: distinct-gene set coverage	5	0	0	FALSE	FALSE	IS	97.72	8.262	multi-gene partial reconstruction	1.02333196889071	0	FALSE	FALSE	FALSE	FALSE	FALSE	FALSE	Sensitivity estimate under random gene loss: min(100, observed gene-set coverage / MAG completeness fraction)
SY456YB-0-4_bin8	Carbon	Methane oxidation, methanotroph, methane => formaldehyde	Previous algorithm: distinct-gene set coverage	12	0	0	FALSE	FALSE	IS	97.72	8.262	multi-gene partial reconstruction	1.02333196889071	0	FALSE	FALSE	FALSE	FALSE	FALSE	FALSE	Sensitivity estimate under random gene loss: min(100, observed gene-set coverage / MAG completeness fraction)
SY456YB-0-4_bin8	Carbon	Methanogenesis, CO2 => methane	Previous algorithm: distinct-gene set coverage	37	0	0	FALSE	FALSE	IS	97.72	8.262	multi-gene partial reconstruction	1.02333196889071	0	FALSE	FALSE	FALSE	FALSE	FALSE	FALSE	Sensitivity estimate under random gene loss: min(100, observed gene-set coverage / MAG completeness fraction)
SY456YB-0-4_bin8	Carbon	Methanogenesis, acetate => methane	Previous algorithm: distinct-gene set coverage	31	1	3.2258064516129	FALSE	FALSE	IS	97.72	8.262	multi-gene partial reconstruction	1.02333196889071	3.30107086738938	FALSE	FALSE	FALSE	FALSE	FALSE	FALSE	Sensitivity estimate under random gene loss: min(100, observed gene-set coverage / MAG completeness fraction)
SY456YB-0-4_bin8	Carbon	Methanogenesis, methanethiol => methane	Previous algorithm: distinct-gene set coverage	1	0	0	FALSE	FALSE	IS	97.72	8.262	multi-gene partial reconstruction	1.02333196889071	0	FALSE	FALSE	FALSE	FALSE	FALSE	FALSE	Sensitivity estimate under random gene loss: min(100, observed gene-set coverage / MAG completeness fraction)
SY456YB-0-4_bin8	Carbon	Methanogenesis, methanol => methane	Previous algorithm: distinct-gene set coverage	19	0	0	FALSE	FALSE	IS	97.72	8.262	multi-gene partial reconstruction	1.02333196889071	0	FALSE	FALSE	FALSE	FALSE	FALSE	FALSE	Sensitivity estimate under random gene loss: min(100, observed gene-set coverage / MAG completeness fraction)
SY456YB-0-4_bin8	Carbon	Methanogenesis, methylamine/dimethylamine/trimethylamine => methane	Previous algorithm: distinct-gene set coverage	23	1	4.34782608695652	FALSE	FALSE	IS	97.72	8.262	multi-gene partial reconstruction	1.02333196889071	4.4492694299596	FALSE	FALSE	FALSE	FALSE	FALSE	FALSE	Sensitivity estimate under random gene loss: min(100, observed gene-set coverage / MAG completeness fraction)
SY456YB-0-4_bin8	Carbon	Reductive acetyl-CoA pathway (Wood-Ljungdahl pathway)	Previous algorithm: distinct-gene set coverage	10	3	30	FALSE	FALSE	IS	97.72	8.262	multi-gene partial reconstruction	1.02333196889071	30.6999590667212	FALSE	FALSE	FALSE	FALSE	FALSE	FALSE	Sensitivity estimate under random gene loss: min(100, observed gene-set coverage / MAG completeness fraction)
SY456YB-0-4_bin8	Carbon	Reductive citrate cycle (Arnon-Buchanan cycle)	Previous algorithm: distinct-gene set coverage	43	18	41.8604651162791	FALSE	FALSE	IS	97.72	8.262	multi-gene partial reconstruction	1.02333196889071	42.8371521861227	FALSE	FALSE	FALSE	FALSE	FALSE	FALSE	Sensitivity estimate under random gene loss: min(100, observed gene-set coverage / MAG completeness fraction)
SY456YB-0-4_bin8	Nitrogen	Assimilatory nitrate reduction, nitrate => ammonia	Previous algorithm: distinct-gene set coverage	6	0	0	FALSE	FALSE	IS	97.72	8.262	multi-gene partial reconstruction	1.02333196889071	0	FALSE	FALSE	FALSE	FALSE	FALSE	FALSE	Sensitivity estimate under random gene loss: min(100, observed gene-set coverage / MAG completeness fraction)
SY456YB-0-4_bin8	Nitrogen	Complete nitrification, comammox, ammonia => nitrite => nitrate	Previous algorithm: distinct-gene set coverage	6	0	0	FALSE	FALSE	IS	97.72	8.262	multi-gene partial reconstruction	1.02333196889071	0	FALSE	FALSE	FALSE	FALSE	FALSE	FALSE	Sensitivity estimate under random gene loss: min(100, observed gene-set coverage / MAG completeness fraction)
SY456YB-0-4_bin8	Nitrogen	Denitrification, nitrate => nitrogen	Previous algorithm: distinct-gene set coverage	11	5	45.4545454545455	FALSE	FALSE	IS	97.72	8.262	multi-gene partial reconstruction	1.02333196889071	46.5150894950322	FALSE	FALSE	FALSE	FALSE	FALSE	FALSE	Sensitivity estimate under random gene loss: min(100, observed gene-set coverage / MAG completeness fraction)
SY456YB-0-4_bin8	Nitrogen	Dissimilatory nitrate reduction, nitrate => ammonia	Previous algorithm: distinct-gene set coverage	9	0	0	FALSE	FALSE	IS	97.72	8.262	multi-gene partial reconstruction	1.02333196889071	0	FALSE	FALSE	FALSE	FALSE	FALSE	FALSE	Sensitivity estimate under random gene loss: min(100, observed gene-set coverage / MAG completeness fraction)
SY456YB-0-4_bin8	Nitrogen	Nitrate assimilation	Previous algorithm: distinct-gene set coverage	1	0	0	FALSE	FALSE	IS	97.72	8.262	multi-gene partial reconstruction	1.02333196889071	0	FALSE	FALSE	FALSE	FALSE	FALSE	FALSE	Sensitivity estimate under random gene loss: min(100, observed gene-set coverage / MAG completeness fraction)
SY456YB-0-4_bin8	Nitrogen	Nitrification, ammonia => nitrite	Previous algorithm: distinct-gene set coverage	8	0	0	FALSE	FALSE	IS	97.72	8.262	multi-gene partial reconstruction	1.02333196889071	0	FALSE	FALSE	FALSE	FALSE	FALSE	FALSE	Sensitivity estimate under random gene loss: min(100, observed gene-set coverage / MAG completeness fraction)
SY456YB-0-4_bin8	Nitrogen	Nitrogen fixation, nitrogen => ammonia	Previous algorithm: distinct-gene set coverage	8	0	0	FALSE	FALSE	IS	97.72	8.262	multi-gene partial reconstruction	1.02333196889071	0	FALSE	FALSE	FALSE	FALSE	FALSE	FALSE	Sensitivity estimate under random gene loss: min(100, observed gene-set coverage / MAG completeness fraction)
SY456YB-0-4_bin8	Nitrogen	nitrite + ammonia => nitrogen	Previous algorithm: distinct-gene set coverage	9	2	22.2222222222222	FALSE	FALSE	IS	97.72	8.262	multi-gene partial reconstruction	1.02333196889071	22.7407104197935	FALSE	FALSE	FALSE	FALSE	FALSE	FALSE	Sensitivity estimate under random gene loss: min(100, observed gene-set coverage / MAG completeness fraction)
SY456YB-0-4_bin8	Sulfur	Assimilatory sulfate reduction, sulfate => H2S	Previous algorithm: distinct-gene set coverage	10	3	30	FALSE	FALSE	IS	97.72	8.262	multi-gene partial reconstruction	1.02333196889071	30.6999590667212	FALSE	FALSE	FALSE	FALSE	FALSE	FALSE	Sensitivity estimate under random gene loss: min(100, observed gene-set coverage / MAG completeness fraction)
SY456YB-0-4_bin8	Sulfur	Dissimilatory sulfate reduction, sulfate => H2S	Previous algorithm: distinct-gene set coverage	7	3	42.8571428571429	FALSE	FALSE	IS	97.72	8.262	multi-gene partial reconstruction	1.02333196889071	43.8570843810304	FALSE	FALSE	FALSE	FALSE	FALSE	FALSE	Sensitivity estimate under random gene loss: min(100, observed gene-set coverage / MAG completeness fraction)
SY456YB-0-4_bin8	Sulfur	Thiosulfate oxidation by SOX complex, thiosulfate => sulfate	Previous algorithm: distinct-gene set coverage	7	7	100	TRUE	TRUE	IS	97.72	8.262	multi-gene partial reconstruction	1.02333196889071	100	TRUE	TRUE	FALSE	TRUE	TRUE	FALSE	Sensitivity estimate under random gene loss: min(100, observed gene-set coverage / MAG completeness fraction)
SY456YB-0-4_bin8	Nitrogen	Urea cycle	Previous algorithm: distinct-gene set coverage	6	3	50	TRUE	FALSE	IS	97.72	8.262	multi-gene partial reconstruction	1.02333196889071	51.1665984445354	TRUE	TRUE	FALSE	FALSE	FALSE	FALSE	Sensitivity estimate under random gene loss: min(100, observed gene-set coverage / MAG completeness fraction)
SY456YB-0-4_bin8	Nitrogen	Urea transport system	Previous algorithm: distinct-gene set coverage	5	1	20	FALSE	FALSE	IS	97.72	8.262	multi-gene partial reconstruction	1.02333196889071	20.4666393778142	FALSE	FALSE	FALSE	FALSE	FALSE	FALSE	Sensitivity estimate under random gene loss: min(100, observed gene-set coverage / MAG completeness fraction)
SY456YB-0-4_bin8	Sulfur	Sulfate/thiosulfate transport system	Previous algorithm: distinct-gene set coverage	5	0	0	FALSE	FALSE	IS	97.72	8.262	multi-gene partial reconstruction	1.02333196889071	0	FALSE	FALSE	FALSE	FALSE	FALSE	FALSE	Sensitivity estimate under random gene loss: min(100, observed gene-set coverage / MAG completeness fraction)
SY456YB-0-4_bin8	Sulfur	Sulfonate transport system	Previous algorithm: distinct-gene set coverage	3	0	0	FALSE	FALSE	IS	97.72	8.262	multi-gene partial reconstruction	1.02333196889071	0	FALSE	FALSE	FALSE	FALSE	FALSE	FALSE	Sensitivity estimate under random gene loss: min(100, observed gene-set coverage / MAG completeness fraction)
SY456YB-0-4_bin8	Vitamin B12	Cobalamin salvage	Previous algorithm: distinct-gene set coverage	4	0	0	FALSE	FALSE	IS	97.72	8.262	multi-gene partial reconstruction	1.02333196889071	0	FALSE	FALSE	FALSE	FALSE	FALSE	FALSE	Sensitivity estimate under random gene loss: min(100, observed gene-set coverage / MAG completeness fraction)
SY456YB-0-4_bin8	Vitamin B12	Vitamin B12 transport system	Previous algorithm: distinct-gene set coverage	3	0	0	FALSE	FALSE	IS	97.72	8.262	multi-gene partial reconstruction	1.02333196889071	0	FALSE	FALSE	FALSE	FALSE	FALSE	FALSE	Sensitivity estimate under random gene loss: min(100, observed gene-set coverage / MAG completeness fraction)
SY456YB-0-4_bin8	Carbon	Citrate cycle (TCA cycle, Krebs cycle)	Previous algorithm: distinct-gene set coverage	40	17	42.5	FALSE	FALSE	IS	97.72	8.262	multi-gene partial reconstruction	1.02333196889071	43.4916086778551	FALSE	FALSE	FALSE	FALSE	FALSE	FALSE	Sensitivity estimate under random gene loss: min(100, observed gene-set coverage / MAG completeness fraction)
SY456YB-0-4_bin8	Carbon	Citrate cycle, first carbon oxidation, oxaloacetate => 2-oxoglutarate	Previous algorithm: distinct-gene set coverage	6	2	33.3333333333333	FALSE	FALSE	IS	97.72	8.262	multi-gene partial reconstruction	1.02333196889071	34.1110656296902	FALSE	FALSE	FALSE	FALSE	FALSE	FALSE	Sensitivity estimate under random gene loss: min(100, observed gene-set coverage / MAG completeness fraction)
SY456YB-0-4_bin8	Carbon	Citrate cycle, second carbon oxidation, 2-oxoglutarate => oxaloacetate	Previous algorithm: distinct-gene set coverage	34	15	44.1176470588235	FALSE	FALSE	IS	97.72	8.262	multi-gene partial reconstruction	1.02333196889071	45.1469986275312	FALSE	FALSE	FALSE	FALSE	FALSE	FALSE	Sensitivity estimate under random gene loss: min(100, observed gene-set coverage / MAG completeness fraction)
SY456YB-0-4_bin8	Carbon	Glycolysis (Embden-Meyerhof pathway), glucose => pyruvate	Previous algorithm: distinct-gene set coverage	29	10	34.4827586206897	FALSE	FALSE	IS	97.72	8.262	multi-gene partial reconstruction	1.02333196889071	35.2873092720934	FALSE	FALSE	FALSE	FALSE	FALSE	FALSE	Sensitivity estimate under random gene loss: min(100, observed gene-set coverage / MAG completeness fraction)
SY456YB-0-4_bin8	Carbon	Glycolysis, core module involving three-carbon compounds	Previous algorithm: distinct-gene set coverage	12	6	50	TRUE	FALSE	IS	97.72	8.262	multi-gene partial reconstruction	1.02333196889071	51.1665984445354	TRUE	TRUE	FALSE	FALSE	FALSE	FALSE	Sensitivity estimate under random gene loss: min(100, observed gene-set coverage / MAG completeness fraction)
SY456YB-0-4_bin8	Carbon	Incomplete reductive citrate cycle, acetyl-CoA => oxoglutarate	Previous algorithm: distinct-gene set coverage	17	10	58.8235294117647	TRUE	FALSE	IS	97.72	8.262	multi-gene partial reconstruction	1.02333196889071	60.1959981700416	TRUE	TRUE	FALSE	FALSE	FALSE	FALSE	Sensitivity estimate under random gene loss: min(100, observed gene-set coverage / MAG completeness fraction)
SY456YB-0-4_bin8	Carbon	Pyruvate oxidation, pyruvate => acetyl-CoA	Previous algorithm: distinct-gene set coverage	11	7	63.6363636363636	TRUE	FALSE	IS	97.72	8.262	multi-gene partial reconstruction	1.02333196889071	65.121125293045	TRUE	TRUE	FALSE	FALSE	FALSE	FALSE	Sensitivity estimate under random gene loss: min(100, observed gene-set coverage / MAG completeness fraction)
SY456YB-0-4_bin8	Carbon	TCA /Reductive TCA	Previous algorithm: distinct-gene set coverage	1	0	0	FALSE	FALSE	IS	97.72	8.262	multi-gene partial reconstruction	1.02333196889071	0	FALSE	FALSE	FALSE	FALSE	FALSE	FALSE	Sensitivity estimate under random gene loss: min(100, observed gene-set coverage / MAG completeness fraction)
SY456YB-4-8_bin24	Motility	Flagellar Assembly (partial 36-KO reconstruction)	Previous algorithm: distinct-gene set coverage	36	0	0	FALSE	FALSE	IS	95.8	1.853	multi-gene partial reconstruction	1.04384133611691	0	FALSE	FALSE	FALSE	FALSE	FALSE	FALSE	Sensitivity estimate under random gene loss: min(100, observed gene-set coverage / MAG completeness fraction)
SY456YB-4-8_bin24	Vitamin B12	Cobalamin biosynthesis, cobinamide => cobalamin	Previous algorithm: distinct-gene set coverage	8	1	12.5	FALSE	FALSE	IS	95.8	1.853	multi-gene partial reconstruction	1.04384133611691	13.0480167014614	FALSE	FALSE	FALSE	FALSE	FALSE	FALSE	Sensitivity estimate under random gene loss: min(100, observed gene-set coverage / MAG completeness fraction)
SY456YB-4-8_bin24	Vitamin B12	Cobalamin biosynthesis, precorrin2 => cobinamide	Previous algorithm: distinct-gene set coverage	25	3	12	FALSE	FALSE	IS	95.8	1.853	multi-gene partial reconstruction	1.04384133611691	12.5260960334029	FALSE	FALSE	FALSE	FALSE	FALSE	FALSE	Sensitivity estimate under random gene loss: min(100, observed gene-set coverage / MAG completeness fraction)
SY456YB-4-8_bin24	Carbon	Acetyl-CoA pathway, CO2 => acetyl-CoA	Previous algorithm: distinct-gene set coverage	5	0	0	FALSE	FALSE	IS	95.8	1.853	multi-gene partial reconstruction	1.04384133611691	0	FALSE	FALSE	FALSE	FALSE	FALSE	FALSE	Sensitivity estimate under random gene loss: min(100, observed gene-set coverage / MAG completeness fraction)
SY456YB-4-8_bin24	Carbon	Methane oxidation, methanotroph, methane => formaldehyde	Previous algorithm: distinct-gene set coverage	12	4	33.3333333333333	FALSE	FALSE	IS	95.8	1.853	multi-gene partial reconstruction	1.04384133611691	34.794711203897	FALSE	FALSE	FALSE	FALSE	FALSE	FALSE	Sensitivity estimate under random gene loss: min(100, observed gene-set coverage / MAG completeness fraction)
SY456YB-4-8_bin24	Carbon	Methanogenesis, CO2 => methane	Previous algorithm: distinct-gene set coverage	37	0	0	FALSE	FALSE	IS	95.8	1.853	multi-gene partial reconstruction	1.04384133611691	0	FALSE	FALSE	FALSE	FALSE	FALSE	FALSE	Sensitivity estimate under random gene loss: min(100, observed gene-set coverage / MAG completeness fraction)
SY456YB-4-8_bin24	Carbon	Methanogenesis, acetate => methane	Previous algorithm: distinct-gene set coverage	31	2	6.45161290322581	FALSE	FALSE	IS	95.8	1.853	multi-gene partial reconstruction	1.04384133611691	6.73446023301233	FALSE	FALSE	FALSE	FALSE	FALSE	FALSE	Sensitivity estimate under random gene loss: min(100, observed gene-set coverage / MAG completeness fraction)
SY456YB-4-8_bin24	Carbon	Methanogenesis, methanethiol => methane	Previous algorithm: distinct-gene set coverage	1	0	0	FALSE	FALSE	IS	95.8	1.853	multi-gene partial reconstruction	1.04384133611691	0	FALSE	FALSE	FALSE	FALSE	FALSE	FALSE	Sensitivity estimate under random gene loss: min(100, observed gene-set coverage / MAG completeness fraction)
SY456YB-4-8_bin24	Carbon	Methanogenesis, methanol => methane	Previous algorithm: distinct-gene set coverage	19	0	0	FALSE	FALSE	IS	95.8	1.853	multi-gene partial reconstruction	1.04384133611691	0	FALSE	FALSE	FALSE	FALSE	FALSE	FALSE	Sensitivity estimate under random gene loss: min(100, observed gene-set coverage / MAG completeness fraction)
SY456YB-4-8_bin24	Carbon	Methanogenesis, methylamine/dimethylamine/trimethylamine => methane	Previous algorithm: distinct-gene set coverage	23	0	0	FALSE	FALSE	IS	95.8	1.853	multi-gene partial reconstruction	1.04384133611691	0	FALSE	FALSE	FALSE	FALSE	FALSE	FALSE	Sensitivity estimate under random gene loss: min(100, observed gene-set coverage / MAG completeness fraction)
SY456YB-4-8_bin24	Carbon	Reductive acetyl-CoA pathway (Wood-Ljungdahl pathway)	Previous algorithm: distinct-gene set coverage	10	2	20	FALSE	FALSE	IS	95.8	1.853	multi-gene partial reconstruction	1.04384133611691	20.8768267223382	FALSE	FALSE	FALSE	FALSE	FALSE	FALSE	Sensitivity estimate under random gene loss: min(100, observed gene-set coverage / MAG completeness fraction)
SY456YB-4-8_bin24	Carbon	Reductive citrate cycle (Arnon-Buchanan cycle)	Previous algorithm: distinct-gene set coverage	43	13	30.2325581395349	FALSE	FALSE	IS	95.8	1.853	multi-gene partial reconstruction	1.04384133611691	31.5579938826043	FALSE	FALSE	FALSE	FALSE	FALSE	FALSE	Sensitivity estimate under random gene loss: min(100, observed gene-set coverage / MAG completeness fraction)
SY456YB-4-8_bin24	Nitrogen	Assimilatory nitrate reduction, nitrate => ammonia	Previous algorithm: distinct-gene set coverage	6	0	0	FALSE	FALSE	IS	95.8	1.853	multi-gene partial reconstruction	1.04384133611691	0	FALSE	FALSE	FALSE	FALSE	FALSE	FALSE	Sensitivity estimate under random gene loss: min(100, observed gene-set coverage / MAG completeness fraction)
SY456YB-4-8_bin24	Nitrogen	Complete nitrification, comammox, ammonia => nitrite => nitrate	Previous algorithm: distinct-gene set coverage	6	4	66.6666666666667	TRUE	FALSE	IS	95.8	1.853	multi-gene partial reconstruction	1.04384133611691	69.5894224077941	TRUE	TRUE	FALSE	FALSE	FALSE	FALSE	Sensitivity estimate under random gene loss: min(100, observed gene-set coverage / MAG completeness fraction)
SY456YB-4-8_bin24	Nitrogen	Denitrification, nitrate => nitrogen	Previous algorithm: distinct-gene set coverage	11	7	63.6363636363636	TRUE	FALSE	IS	95.8	1.853	multi-gene partial reconstruction	1.04384133611691	66.4262668438033	TRUE	TRUE	FALSE	FALSE	FALSE	FALSE	Sensitivity estimate under random gene loss: min(100, observed gene-set coverage / MAG completeness fraction)
SY456YB-4-8_bin24	Nitrogen	Dissimilatory nitrate reduction, nitrate => ammonia	Previous algorithm: distinct-gene set coverage	9	2	22.2222222222222	FALSE	FALSE	IS	95.8	1.853	multi-gene partial reconstruction	1.04384133611691	23.1964741359313	FALSE	FALSE	FALSE	FALSE	FALSE	FALSE	Sensitivity estimate under random gene loss: min(100, observed gene-set coverage / MAG completeness fraction)
SY456YB-4-8_bin24	Nitrogen	Nitrate assimilation	Previous algorithm: distinct-gene set coverage	1	0	0	FALSE	FALSE	IS	95.8	1.853	multi-gene partial reconstruction	1.04384133611691	0	FALSE	FALSE	FALSE	FALSE	FALSE	FALSE	Sensitivity estimate under random gene loss: min(100, observed gene-set coverage / MAG completeness fraction)
SY456YB-4-8_bin24	Nitrogen	Nitrification, ammonia => nitrite	Previous algorithm: distinct-gene set coverage	8	4	50	TRUE	FALSE	IS	95.8	1.853	multi-gene partial reconstruction	1.04384133611691	52.1920668058455	TRUE	TRUE	FALSE	FALSE	FALSE	FALSE	Sensitivity estimate under random gene loss: min(100, observed gene-set coverage / MAG completeness fraction)
SY456YB-4-8_bin24	Nitrogen	Nitrogen fixation, nitrogen => ammonia	Previous algorithm: distinct-gene set coverage	8	0	0	FALSE	FALSE	IS	95.8	1.853	multi-gene partial reconstruction	1.04384133611691	0	FALSE	FALSE	FALSE	FALSE	FALSE	FALSE	Sensitivity estimate under random gene loss: min(100, observed gene-set coverage / MAG completeness fraction)
SY456YB-4-8_bin24	Nitrogen	nitrite + ammonia => nitrogen	Previous algorithm: distinct-gene set coverage	9	3	33.3333333333333	FALSE	FALSE	IS	95.8	1.853	multi-gene partial reconstruction	1.04384133611691	34.794711203897	FALSE	FALSE	FALSE	FALSE	FALSE	FALSE	Sensitivity estimate under random gene loss: min(100, observed gene-set coverage / MAG completeness fraction)
SY456YB-4-8_bin24	Sulfur	Assimilatory sulfate reduction, sulfate => H2S	Previous algorithm: distinct-gene set coverage	10	1	10	FALSE	FALSE	IS	95.8	1.853	multi-gene partial reconstruction	1.04384133611691	10.4384133611691	FALSE	FALSE	FALSE	FALSE	FALSE	FALSE	Sensitivity estimate under random gene loss: min(100, observed gene-set coverage / MAG completeness fraction)
SY456YB-4-8_bin24	Sulfur	Dissimilatory sulfate reduction, sulfate => H2S	Previous algorithm: distinct-gene set coverage	7	5	71.4285714285714	TRUE	FALSE	IS	95.8	1.853	multi-gene partial reconstruction	1.04384133611691	74.5600954369221	TRUE	TRUE	FALSE	FALSE	FALSE	FALSE	Sensitivity estimate under random gene loss: min(100, observed gene-set coverage / MAG completeness fraction)
SY456YB-4-8_bin24	Sulfur	Thiosulfate oxidation by SOX complex, thiosulfate => sulfate	Previous algorithm: distinct-gene set coverage	7	5	71.4285714285714	TRUE	FALSE	IS	95.8	1.853	multi-gene partial reconstruction	1.04384133611691	74.5600954369221	TRUE	TRUE	FALSE	FALSE	FALSE	FALSE	Sensitivity estimate under random gene loss: min(100, observed gene-set coverage / MAG completeness fraction)
SY456YB-4-8_bin24	Nitrogen	Urea cycle	Previous algorithm: distinct-gene set coverage	6	3	50	TRUE	FALSE	IS	95.8	1.853	multi-gene partial reconstruction	1.04384133611691	52.1920668058455	TRUE	TRUE	FALSE	FALSE	FALSE	FALSE	Sensitivity estimate under random gene loss: min(100, observed gene-set coverage / MAG completeness fraction)
SY456YB-4-8_bin24	Nitrogen	Urea transport system	Previous algorithm: distinct-gene set coverage	5	0	0	FALSE	FALSE	IS	95.8	1.853	multi-gene partial reconstruction	1.04384133611691	0	FALSE	FALSE	FALSE	FALSE	FALSE	FALSE	Sensitivity estimate under random gene loss: min(100, observed gene-set coverage / MAG completeness fraction)
SY456YB-4-8_bin24	Sulfur	Sulfate/thiosulfate transport system	Previous algorithm: distinct-gene set coverage	5	0	0	FALSE	FALSE	IS	95.8	1.853	multi-gene partial reconstruction	1.04384133611691	0	FALSE	FALSE	FALSE	FALSE	FALSE	FALSE	Sensitivity estimate under random gene loss: min(100, observed gene-set coverage / MAG completeness fraction)
SY456YB-4-8_bin24	Sulfur	Sulfonate transport system	Previous algorithm: distinct-gene set coverage	3	1	33.3333333333333	FALSE	FALSE	IS	95.8	1.853	multi-gene partial reconstruction	1.04384133611691	34.794711203897	FALSE	FALSE	FALSE	FALSE	FALSE	FALSE	Sensitivity estimate under random gene loss: min(100, observed gene-set coverage / MAG completeness fraction)
SY456YB-4-8_bin24	Vitamin B12	Cobalamin salvage	Previous algorithm: distinct-gene set coverage	4	1	25	FALSE	FALSE	IS	95.8	1.853	multi-gene partial reconstruction	1.04384133611691	26.0960334029228	FALSE	FALSE	FALSE	FALSE	FALSE	FALSE	Sensitivity estimate under random gene loss: min(100, observed gene-set coverage / MAG completeness fraction)
SY456YB-4-8_bin24	Vitamin B12	Vitamin B12 transport system	Previous algorithm: distinct-gene set coverage	3	0	0	FALSE	FALSE	IS	95.8	1.853	multi-gene partial reconstruction	1.04384133611691	0	FALSE	FALSE	FALSE	FALSE	FALSE	FALSE	Sensitivity estimate under random gene loss: min(100, observed gene-set coverage / MAG completeness fraction)
SY456YB-4-8_bin24	Carbon	Citrate cycle (TCA cycle, Krebs cycle)	Previous algorithm: distinct-gene set coverage	40	14	35	FALSE	FALSE	IS	95.8	1.853	multi-gene partial reconstruction	1.04384133611691	36.5344467640919	FALSE	FALSE	FALSE	FALSE	FALSE	FALSE	Sensitivity estimate under random gene loss: min(100, observed gene-set coverage / MAG completeness fraction)
SY456YB-4-8_bin24	Carbon	Citrate cycle, first carbon oxidation, oxaloacetate => 2-oxoglutarate	Previous algorithm: distinct-gene set coverage	6	3	50	TRUE	FALSE	IS	95.8	1.853	multi-gene partial reconstruction	1.04384133611691	52.1920668058455	TRUE	TRUE	FALSE	FALSE	FALSE	FALSE	Sensitivity estimate under random gene loss: min(100, observed gene-set coverage / MAG completeness fraction)
SY456YB-4-8_bin24	Carbon	Citrate cycle, second carbon oxidation, 2-oxoglutarate => oxaloacetate	Previous algorithm: distinct-gene set coverage	34	11	32.3529411764706	FALSE	FALSE	IS	95.8	1.853	multi-gene partial reconstruction	1.04384133611691	33.7713373449589	FALSE	FALSE	FALSE	FALSE	FALSE	FALSE	Sensitivity estimate under random gene loss: min(100, observed gene-set coverage / MAG completeness fraction)
SY456YB-4-8_bin24	Carbon	Glycolysis (Embden-Meyerhof pathway), glucose => pyruvate	Previous algorithm: distinct-gene set coverage	29	9	31.0344827586207	FALSE	FALSE	IS	95.8	1.853	multi-gene partial reconstruction	1.04384133611691	32.3950759484558	FALSE	FALSE	FALSE	FALSE	FALSE	FALSE	Sensitivity estimate under random gene loss: min(100, observed gene-set coverage / MAG completeness fraction)
SY456YB-4-8_bin24	Carbon	Glycolysis, core module involving three-carbon compounds	Previous algorithm: distinct-gene set coverage	12	6	50	TRUE	FALSE	IS	95.8	1.853	multi-gene partial reconstruction	1.04384133611691	52.1920668058455	TRUE	TRUE	FALSE	FALSE	FALSE	FALSE	Sensitivity estimate under random gene loss: min(100, observed gene-set coverage / MAG completeness fraction)
SY456YB-4-8_bin24	Carbon	Incomplete reductive citrate cycle, acetyl-CoA => oxoglutarate	Previous algorithm: distinct-gene set coverage	17	2	11.7647058823529	FALSE	FALSE	IS	95.8	1.853	multi-gene partial reconstruction	1.04384133611691	12.2804863072577	FALSE	FALSE	FALSE	FALSE	FALSE	FALSE	Sensitivity estimate under random gene loss: min(100, observed gene-set coverage / MAG completeness fraction)
SY456YB-4-8_bin24	Carbon	Pyruvate oxidation, pyruvate => acetyl-CoA	Previous algorithm: distinct-gene set coverage	11	4	36.3636363636364	FALSE	FALSE	IS	95.8	1.853	multi-gene partial reconstruction	1.04384133611691	37.9578667678877	FALSE	FALSE	FALSE	FALSE	FALSE	FALSE	Sensitivity estimate under random gene loss: min(100, observed gene-set coverage / MAG completeness fraction)
SY456YB-4-8_bin24	Carbon	TCA /Reductive TCA	Previous algorithm: distinct-gene set coverage	1	0	0	FALSE	FALSE	IS	95.8	1.853	multi-gene partial reconstruction	1.04384133611691	0	FALSE	FALSE	FALSE	FALSE	FALSE	FALSE	Sensitivity estimate under random gene loss: min(100, observed gene-set coverage / MAG completeness fraction)
SY456YB-8-12_bin27	Motility	Flagellar Assembly (partial 36-KO reconstruction)	Previous algorithm: distinct-gene set coverage	36	0	0	FALSE	FALSE	IS	95.39	3.794	multi-gene partial reconstruction	1.04832791697243	0	FALSE	FALSE	FALSE	FALSE	FALSE	FALSE	Sensitivity estimate under random gene loss: min(100, observed gene-set coverage / MAG completeness fraction)
SY456YB-8-12_bin27	Vitamin B12	Cobalamin biosynthesis, cobinamide => cobalamin	Previous algorithm: distinct-gene set coverage	8	7	87.5	TRUE	TRUE	IS	95.39	3.794	multi-gene partial reconstruction	1.04832791697243	91.7286927350875	TRUE	TRUE	FALSE	TRUE	TRUE	FALSE	Sensitivity estimate under random gene loss: min(100, observed gene-set coverage / MAG completeness fraction)
SY456YB-8-12_bin27	Vitamin B12	Cobalamin biosynthesis, precorrin2 => cobinamide	Previous algorithm: distinct-gene set coverage	25	13	52	TRUE	FALSE	IS	95.39	3.794	multi-gene partial reconstruction	1.04832791697243	54.5130516825663	TRUE	TRUE	FALSE	FALSE	FALSE	FALSE	Sensitivity estimate under random gene loss: min(100, observed gene-set coverage / MAG completeness fraction)
SY456YB-8-12_bin27	Carbon	Acetyl-CoA pathway, CO2 => acetyl-CoA	Previous algorithm: distinct-gene set coverage	5	0	0	FALSE	FALSE	IS	95.39	3.794	multi-gene partial reconstruction	1.04832791697243	0	FALSE	FALSE	FALSE	FALSE	FALSE	FALSE	Sensitivity estimate under random gene loss: min(100, observed gene-set coverage / MAG completeness fraction)
SY456YB-8-12_bin27	Carbon	Methane oxidation, methanotroph, methane => formaldehyde	Previous algorithm: distinct-gene set coverage	12	0	0	FALSE	FALSE	IS	95.39	3.794	multi-gene partial reconstruction	1.04832791697243	0	FALSE	FALSE	FALSE	FALSE	FALSE	FALSE	Sensitivity estimate under random gene loss: min(100, observed gene-set coverage / MAG completeness fraction)
SY456YB-8-12_bin27	Carbon	Methanogenesis, CO2 => methane	Previous algorithm: distinct-gene set coverage	37	0	0	FALSE	FALSE	IS	95.39	3.794	multi-gene partial reconstruction	1.04832791697243	0	FALSE	FALSE	FALSE	FALSE	FALSE	FALSE	Sensitivity estimate under random gene loss: min(100, observed gene-set coverage / MAG completeness fraction)
SY456YB-8-12_bin27	Carbon	Methanogenesis, acetate => methane	Previous algorithm: distinct-gene set coverage	31	1	3.2258064516129	FALSE	FALSE	IS	95.39	3.794	multi-gene partial reconstruction	1.04832791697243	3.38170295797557	FALSE	FALSE	FALSE	FALSE	FALSE	FALSE	Sensitivity estimate under random gene loss: min(100, observed gene-set coverage / MAG completeness fraction)
SY456YB-8-12_bin27	Carbon	Methanogenesis, methanethiol => methane	Previous algorithm: distinct-gene set coverage	1	0	0	FALSE	FALSE	IS	95.39	3.794	multi-gene partial reconstruction	1.04832791697243	0	FALSE	FALSE	FALSE	FALSE	FALSE	FALSE	Sensitivity estimate under random gene loss: min(100, observed gene-set coverage / MAG completeness fraction)
SY456YB-8-12_bin27	Carbon	Methanogenesis, methanol => methane	Previous algorithm: distinct-gene set coverage	19	0	0	FALSE	FALSE	IS	95.39	3.794	multi-gene partial reconstruction	1.04832791697243	0	FALSE	FALSE	FALSE	FALSE	FALSE	FALSE	Sensitivity estimate under random gene loss: min(100, observed gene-set coverage / MAG completeness fraction)
SY456YB-8-12_bin27	Carbon	Methanogenesis, methylamine/dimethylamine/trimethylamine => methane	Previous algorithm: distinct-gene set coverage	23	1	4.34782608695652	FALSE	FALSE	IS	95.39	3.794	multi-gene partial reconstruction	1.04832791697243	4.55794746509751	FALSE	FALSE	FALSE	FALSE	FALSE	FALSE	Sensitivity estimate under random gene loss: min(100, observed gene-set coverage / MAG completeness fraction)
SY456YB-8-12_bin27	Carbon	Reductive acetyl-CoA pathway (Wood-Ljungdahl pathway)	Previous algorithm: distinct-gene set coverage	10	3	30	FALSE	FALSE	IS	95.39	3.794	multi-gene partial reconstruction	1.04832791697243	31.4498375091729	FALSE	FALSE	FALSE	FALSE	FALSE	FALSE	Sensitivity estimate under random gene loss: min(100, observed gene-set coverage / MAG completeness fraction)
SY456YB-8-12_bin27	Carbon	Reductive citrate cycle (Arnon-Buchanan cycle)	Previous algorithm: distinct-gene set coverage	43	11	25.5813953488372	FALSE	FALSE	IS	95.39	3.794	multi-gene partial reconstruction	1.04832791697243	26.8176908992947	FALSE	FALSE	FALSE	FALSE	FALSE	FALSE	Sensitivity estimate under random gene loss: min(100, observed gene-set coverage / MAG completeness fraction)
SY456YB-8-12_bin27	Nitrogen	Assimilatory nitrate reduction, nitrate => ammonia	Previous algorithm: distinct-gene set coverage	6	0	0	FALSE	FALSE	IS	95.39	3.794	multi-gene partial reconstruction	1.04832791697243	0	FALSE	FALSE	FALSE	FALSE	FALSE	FALSE	Sensitivity estimate under random gene loss: min(100, observed gene-set coverage / MAG completeness fraction)
SY456YB-8-12_bin27	Nitrogen	Complete nitrification, comammox, ammonia => nitrite => nitrate	Previous algorithm: distinct-gene set coverage	6	0	0	FALSE	FALSE	IS	95.39	3.794	multi-gene partial reconstruction	1.04832791697243	0	FALSE	FALSE	FALSE	FALSE	FALSE	FALSE	Sensitivity estimate under random gene loss: min(100, observed gene-set coverage / MAG completeness fraction)
SY456YB-8-12_bin27	Nitrogen	Denitrification, nitrate => nitrogen	Previous algorithm: distinct-gene set coverage	11	5	45.4545454545455	FALSE	FALSE	IS	95.39	3.794	multi-gene partial reconstruction	1.04832791697243	47.6512689532923	FALSE	FALSE	FALSE	FALSE	FALSE	FALSE	Sensitivity estimate under random gene loss: min(100, observed gene-set coverage / MAG completeness fraction)
SY456YB-8-12_bin27	Nitrogen	Dissimilatory nitrate reduction, nitrate => ammonia	Previous algorithm: distinct-gene set coverage	9	1	11.1111111111111	FALSE	FALSE	IS	95.39	3.794	multi-gene partial reconstruction	1.04832791697243	11.6480879663603	FALSE	FALSE	FALSE	FALSE	FALSE	FALSE	Sensitivity estimate under random gene loss: min(100, observed gene-set coverage / MAG completeness fraction)
SY456YB-8-12_bin27	Nitrogen	Nitrate assimilation	Previous algorithm: distinct-gene set coverage	1	1	100	TRUE	TRUE	IS	95.39	3.794	multi-gene partial reconstruction	1.04832791697243	100	TRUE	TRUE	FALSE	TRUE	TRUE	FALSE	Sensitivity estimate under random gene loss: min(100, observed gene-set coverage / MAG completeness fraction)
SY456YB-8-12_bin27	Nitrogen	Nitrification, ammonia => nitrite	Previous algorithm: distinct-gene set coverage	8	0	0	FALSE	FALSE	IS	95.39	3.794	multi-gene partial reconstruction	1.04832791697243	0	FALSE	FALSE	FALSE	FALSE	FALSE	FALSE	Sensitivity estimate under random gene loss: min(100, observed gene-set coverage / MAG completeness fraction)
SY456YB-8-12_bin27	Nitrogen	Nitrogen fixation, nitrogen => ammonia	Previous algorithm: distinct-gene set coverage	8	0	0	FALSE	FALSE	IS	95.39	3.794	multi-gene partial reconstruction	1.04832791697243	0	FALSE	FALSE	FALSE	FALSE	FALSE	FALSE	Sensitivity estimate under random gene loss: min(100, observed gene-set coverage / MAG completeness fraction)
SY456YB-8-12_bin27	Nitrogen	nitrite + ammonia => nitrogen	Previous algorithm: distinct-gene set coverage	9	1	11.1111111111111	FALSE	FALSE	IS	95.39	3.794	multi-gene partial reconstruction	1.04832791697243	11.6480879663603	FALSE	FALSE	FALSE	FALSE	FALSE	FALSE	Sensitivity estimate under random gene loss: min(100, observed gene-set coverage / MAG completeness fraction)
SY456YB-8-12_bin27	Sulfur	Assimilatory sulfate reduction, sulfate => H2S	Previous algorithm: distinct-gene set coverage	10	3	30	FALSE	FALSE	IS	95.39	3.794	multi-gene partial reconstruction	1.04832791697243	31.4498375091729	FALSE	FALSE	FALSE	FALSE	FALSE	FALSE	Sensitivity estimate under random gene loss: min(100, observed gene-set coverage / MAG completeness fraction)
SY456YB-8-12_bin27	Sulfur	Dissimilatory sulfate reduction, sulfate => H2S	Previous algorithm: distinct-gene set coverage	7	1	14.2857142857143	FALSE	FALSE	IS	95.39	3.794	multi-gene partial reconstruction	1.04832791697243	14.9761130996061	FALSE	FALSE	FALSE	FALSE	FALSE	FALSE	Sensitivity estimate under random gene loss: min(100, observed gene-set coverage / MAG completeness fraction)
SY456YB-8-12_bin27	Sulfur	Thiosulfate oxidation by SOX complex, thiosulfate => sulfate	Previous algorithm: distinct-gene set coverage	7	5	71.4285714285714	TRUE	FALSE	IS	95.39	3.794	multi-gene partial reconstruction	1.04832791697243	74.8805654980306	TRUE	TRUE	FALSE	FALSE	FALSE	FALSE	Sensitivity estimate under random gene loss: min(100, observed gene-set coverage / MAG completeness fraction)
SY456YB-8-12_bin27	Nitrogen	Urea cycle	Previous algorithm: distinct-gene set coverage	6	4	66.6666666666667	TRUE	FALSE	IS	95.39	3.794	multi-gene partial reconstruction	1.04832791697243	69.888527798162	TRUE	TRUE	FALSE	FALSE	FALSE	FALSE	Sensitivity estimate under random gene loss: min(100, observed gene-set coverage / MAG completeness fraction)
SY456YB-8-12_bin27	Nitrogen	Urea transport system	Previous algorithm: distinct-gene set coverage	5	0	0	FALSE	FALSE	IS	95.39	3.794	multi-gene partial reconstruction	1.04832791697243	0	FALSE	FALSE	FALSE	FALSE	FALSE	FALSE	Sensitivity estimate under random gene loss: min(100, observed gene-set coverage / MAG completeness fraction)
SY456YB-8-12_bin27	Sulfur	Sulfate/thiosulfate transport system	Previous algorithm: distinct-gene set coverage	5	0	0	FALSE	FALSE	IS	95.39	3.794	multi-gene partial reconstruction	1.04832791697243	0	FALSE	FALSE	FALSE	FALSE	FALSE	FALSE	Sensitivity estimate under random gene loss: min(100, observed gene-set coverage / MAG completeness fraction)
SY456YB-8-12_bin27	Sulfur	Sulfonate transport system	Previous algorithm: distinct-gene set coverage	3	0	0	FALSE	FALSE	IS	95.39	3.794	multi-gene partial reconstruction	1.04832791697243	0	FALSE	FALSE	FALSE	FALSE	FALSE	FALSE	Sensitivity estimate under random gene loss: min(100, observed gene-set coverage / MAG completeness fraction)
SY456YB-8-12_bin27	Vitamin B12	Cobalamin salvage	Previous algorithm: distinct-gene set coverage	4	0	0	FALSE	FALSE	IS	95.39	3.794	multi-gene partial reconstruction	1.04832791697243	0	FALSE	FALSE	FALSE	FALSE	FALSE	FALSE	Sensitivity estimate under random gene loss: min(100, observed gene-set coverage / MAG completeness fraction)
SY456YB-8-12_bin27	Vitamin B12	Vitamin B12 transport system	Previous algorithm: distinct-gene set coverage	3	0	0	FALSE	FALSE	IS	95.39	3.794	multi-gene partial reconstruction	1.04832791697243	0	FALSE	FALSE	FALSE	FALSE	FALSE	FALSE	Sensitivity estimate under random gene loss: min(100, observed gene-set coverage / MAG completeness fraction)
SY456YB-8-12_bin27	Carbon	Citrate cycle (TCA cycle, Krebs cycle)	Previous algorithm: distinct-gene set coverage	40	13	32.5	FALSE	FALSE	IS	95.39	3.794	multi-gene partial reconstruction	1.04832791697243	34.0706573016039	FALSE	FALSE	FALSE	FALSE	FALSE	FALSE	Sensitivity estimate under random gene loss: min(100, observed gene-set coverage / MAG completeness fraction)
SY456YB-8-12_bin27	Carbon	Citrate cycle, first carbon oxidation, oxaloacetate => 2-oxoglutarate	Previous algorithm: distinct-gene set coverage	6	2	33.3333333333333	FALSE	FALSE	IS	95.39	3.794	multi-gene partial reconstruction	1.04832791697243	34.9442638990809	FALSE	FALSE	FALSE	FALSE	FALSE	FALSE	Sensitivity estimate under random gene loss: min(100, observed gene-set coverage / MAG completeness fraction)
SY456YB-8-12_bin27	Carbon	Citrate cycle, second carbon oxidation, 2-oxoglutarate => oxaloacetate	Previous algorithm: distinct-gene set coverage	34	11	32.3529411764706	FALSE	FALSE	IS	95.39	3.794	multi-gene partial reconstruction	1.04832791697243	33.916491431461	FALSE	FALSE	FALSE	FALSE	FALSE	FALSE	Sensitivity estimate under random gene loss: min(100, observed gene-set coverage / MAG completeness fraction)
SY456YB-8-12_bin27	Carbon	Glycolysis (Embden-Meyerhof pathway), glucose => pyruvate	Previous algorithm: distinct-gene set coverage	29	8	27.5862068965517	FALSE	FALSE	IS	95.39	3.794	multi-gene partial reconstruction	1.04832791697243	28.9193908130325	FALSE	FALSE	FALSE	FALSE	FALSE	FALSE	Sensitivity estimate under random gene loss: min(100, observed gene-set coverage / MAG completeness fraction)
SY456YB-8-12_bin27	Carbon	Glycolysis, core module involving three-carbon compounds	Previous algorithm: distinct-gene set coverage	12	6	50	TRUE	FALSE	IS	95.39	3.794	multi-gene partial reconstruction	1.04832791697243	52.4163958486214	TRUE	TRUE	FALSE	FALSE	FALSE	FALSE	Sensitivity estimate under random gene loss: min(100, observed gene-set coverage / MAG completeness fraction)
SY456YB-8-12_bin27	Carbon	Incomplete reductive citrate cycle, acetyl-CoA => oxoglutarate	Previous algorithm: distinct-gene set coverage	17	3	17.6470588235294	FALSE	FALSE	IS	95.39	3.794	multi-gene partial reconstruction	1.04832791697243	18.4999044171605	FALSE	FALSE	FALSE	FALSE	FALSE	FALSE	Sensitivity estimate under random gene loss: min(100, observed gene-set coverage / MAG completeness fraction)
SY456YB-8-12_bin27	Carbon	Pyruvate oxidation, pyruvate => acetyl-CoA	Previous algorithm: distinct-gene set coverage	11	4	36.3636363636364	FALSE	FALSE	IS	95.39	3.794	multi-gene partial reconstruction	1.04832791697243	38.1210151626338	FALSE	FALSE	FALSE	FALSE	FALSE	FALSE	Sensitivity estimate under random gene loss: min(100, observed gene-set coverage / MAG completeness fraction)
SY456YB-8-12_bin27	Carbon	TCA /Reductive TCA	Previous algorithm: distinct-gene set coverage	1	0	0	FALSE	FALSE	IS	95.39	3.794	multi-gene partial reconstruction	1.04832791697243	0	FALSE	FALSE	FALSE	FALSE	FALSE	FALSE	Sensitivity estimate under random gene loss: min(100, observed gene-set coverage / MAG completeness fraction)
SY456YB-8-12_bin34	Motility	Flagellar Assembly (partial 36-KO reconstruction)	Previous algorithm: distinct-gene set coverage	36	10	27.7777777777778	FALSE	FALSE	IS	55.32	1.724	multi-gene partial reconstruction	1.80766449746927	50.2129027074798	FALSE	TRUE	TRUE	FALSE	FALSE	FALSE	Sensitivity estimate under random gene loss: min(100, observed gene-set coverage / MAG completeness fraction)
SY456YB-8-12_bin34	Vitamin B12	Cobalamin biosynthesis, cobinamide => cobalamin	Previous algorithm: distinct-gene set coverage	8	7	87.5	TRUE	TRUE	IS	55.32	1.724	multi-gene partial reconstruction	1.80766449746927	100	TRUE	TRUE	FALSE	TRUE	TRUE	FALSE	Sensitivity estimate under random gene loss: min(100, observed gene-set coverage / MAG completeness fraction)
SY456YB-8-12_bin34	Vitamin B12	Cobalamin biosynthesis, precorrin2 => cobinamide	Previous algorithm: distinct-gene set coverage	25	13	52	TRUE	FALSE	IS	55.32	1.724	multi-gene partial reconstruction	1.80766449746927	93.998553868402	TRUE	TRUE	FALSE	FALSE	TRUE	TRUE	Sensitivity estimate under random gene loss: min(100, observed gene-set coverage / MAG completeness fraction)
SY456YB-8-12_bin34	Carbon	Acetyl-CoA pathway, CO2 => acetyl-CoA	Previous algorithm: distinct-gene set coverage	5	0	0	FALSE	FALSE	IS	55.32	1.724	multi-gene partial reconstruction	1.80766449746927	0	FALSE	FALSE	FALSE	FALSE	FALSE	FALSE	Sensitivity estimate under random gene loss: min(100, observed gene-set coverage / MAG completeness fraction)
SY456YB-8-12_bin34	Carbon	Methane oxidation, methanotroph, methane => formaldehyde	Previous algorithm: distinct-gene set coverage	12	0	0	FALSE	FALSE	IS	55.32	1.724	multi-gene partial reconstruction	1.80766449746927	0	FALSE	FALSE	FALSE	FALSE	FALSE	FALSE	Sensitivity estimate under random gene loss: min(100, observed gene-set coverage / MAG completeness fraction)
SY456YB-8-12_bin34	Carbon	Methanogenesis, CO2 => methane	Previous algorithm: distinct-gene set coverage	37	0	0	FALSE	FALSE	IS	55.32	1.724	multi-gene partial reconstruction	1.80766449746927	0	FALSE	FALSE	FALSE	FALSE	FALSE	FALSE	Sensitivity estimate under random gene loss: min(100, observed gene-set coverage / MAG completeness fraction)
SY456YB-8-12_bin34	Carbon	Methanogenesis, acetate => methane	Previous algorithm: distinct-gene set coverage	31	1	3.2258064516129	FALSE	FALSE	IS	55.32	1.724	multi-gene partial reconstruction	1.80766449746927	5.83117579828796	FALSE	FALSE	FALSE	FALSE	FALSE	FALSE	Sensitivity estimate under random gene loss: min(100, observed gene-set coverage / MAG completeness fraction)
SY456YB-8-12_bin34	Carbon	Methanogenesis, methanethiol => methane	Previous algorithm: distinct-gene set coverage	1	0	0	FALSE	FALSE	IS	55.32	1.724	multi-gene partial reconstruction	1.80766449746927	0	FALSE	FALSE	FALSE	FALSE	FALSE	FALSE	Sensitivity estimate under random gene loss: min(100, observed gene-set coverage / MAG completeness fraction)
SY456YB-8-12_bin34	Carbon	Methanogenesis, methanol => methane	Previous algorithm: distinct-gene set coverage	19	0	0	FALSE	FALSE	IS	55.32	1.724	multi-gene partial reconstruction	1.80766449746927	0	FALSE	FALSE	FALSE	FALSE	FALSE	FALSE	Sensitivity estimate under random gene loss: min(100, observed gene-set coverage / MAG completeness fraction)
SY456YB-8-12_bin34	Carbon	Methanogenesis, methylamine/dimethylamine/trimethylamine => methane	Previous algorithm: distinct-gene set coverage	23	1	4.34782608695652	FALSE	FALSE	IS	55.32	1.724	multi-gene partial reconstruction	1.80766449746927	7.85941085856204	FALSE	FALSE	FALSE	FALSE	FALSE	FALSE	Sensitivity estimate under random gene loss: min(100, observed gene-set coverage / MAG completeness fraction)
SY456YB-8-12_bin34	Carbon	Reductive acetyl-CoA pathway (Wood-Ljungdahl pathway)	Previous algorithm: distinct-gene set coverage	10	1	10	FALSE	FALSE	IS	55.32	1.724	multi-gene partial reconstruction	1.80766449746927	18.0766449746927	FALSE	FALSE	FALSE	FALSE	FALSE	FALSE	Sensitivity estimate under random gene loss: min(100, observed gene-set coverage / MAG completeness fraction)
SY456YB-8-12_bin34	Carbon	Reductive citrate cycle (Arnon-Buchanan cycle)	Previous algorithm: distinct-gene set coverage	43	12	27.906976744186	FALSE	FALSE	IS	55.32	1.724	multi-gene partial reconstruction	1.80766449746927	50.4464510921656	FALSE	TRUE	TRUE	FALSE	FALSE	FALSE	Sensitivity estimate under random gene loss: min(100, observed gene-set coverage / MAG completeness fraction)
SY456YB-8-12_bin34	Nitrogen	Assimilatory nitrate reduction, nitrate => ammonia	Previous algorithm: distinct-gene set coverage	6	0	0	FALSE	FALSE	IS	55.32	1.724	multi-gene partial reconstruction	1.80766449746927	0	FALSE	FALSE	FALSE	FALSE	FALSE	FALSE	Sensitivity estimate under random gene loss: min(100, observed gene-set coverage / MAG completeness fraction)
SY456YB-8-12_bin34	Nitrogen	Complete nitrification, comammox, ammonia => nitrite => nitrate	Previous algorithm: distinct-gene set coverage	6	0	0	FALSE	FALSE	IS	55.32	1.724	multi-gene partial reconstruction	1.80766449746927	0	FALSE	FALSE	FALSE	FALSE	FALSE	FALSE	Sensitivity estimate under random gene loss: min(100, observed gene-set coverage / MAG completeness fraction)
SY456YB-8-12_bin34	Nitrogen	Denitrification, nitrate => nitrogen	Previous algorithm: distinct-gene set coverage	11	1	9.09090909090909	FALSE	FALSE	IS	55.32	1.724	multi-gene partial reconstruction	1.80766449746927	16.433313613357	FALSE	FALSE	FALSE	FALSE	FALSE	FALSE	Sensitivity estimate under random gene loss: min(100, observed gene-set coverage / MAG completeness fraction)
SY456YB-8-12_bin34	Nitrogen	Dissimilatory nitrate reduction, nitrate => ammonia	Previous algorithm: distinct-gene set coverage	9	1	11.1111111111111	FALSE	FALSE	IS	55.32	1.724	multi-gene partial reconstruction	1.80766449746927	20.0851610829919	FALSE	FALSE	FALSE	FALSE	FALSE	FALSE	Sensitivity estimate under random gene loss: min(100, observed gene-set coverage / MAG completeness fraction)
SY456YB-8-12_bin34	Nitrogen	Nitrate assimilation	Previous algorithm: distinct-gene set coverage	1	1	100	TRUE	TRUE	IS	55.32	1.724	multi-gene partial reconstruction	1.80766449746927	100	TRUE	TRUE	FALSE	TRUE	TRUE	FALSE	Sensitivity estimate under random gene loss: min(100, observed gene-set coverage / MAG completeness fraction)
SY456YB-8-12_bin34	Nitrogen	Nitrification, ammonia => nitrite	Previous algorithm: distinct-gene set coverage	8	0	0	FALSE	FALSE	IS	55.32	1.724	multi-gene partial reconstruction	1.80766449746927	0	FALSE	FALSE	FALSE	FALSE	FALSE	FALSE	Sensitivity estimate under random gene loss: min(100, observed gene-set coverage / MAG completeness fraction)
SY456YB-8-12_bin34	Nitrogen	Nitrogen fixation, nitrogen => ammonia	Previous algorithm: distinct-gene set coverage	8	0	0	FALSE	FALSE	IS	55.32	1.724	multi-gene partial reconstruction	1.80766449746927	0	FALSE	FALSE	FALSE	FALSE	FALSE	FALSE	Sensitivity estimate under random gene loss: min(100, observed gene-set coverage / MAG completeness fraction)
SY456YB-8-12_bin34	Nitrogen	nitrite + ammonia => nitrogen	Previous algorithm: distinct-gene set coverage	9	0	0	FALSE	FALSE	IS	55.32	1.724	multi-gene partial reconstruction	1.80766449746927	0	FALSE	FALSE	FALSE	FALSE	FALSE	FALSE	Sensitivity estimate under random gene loss: min(100, observed gene-set coverage / MAG completeness fraction)
SY456YB-8-12_bin34	Sulfur	Assimilatory sulfate reduction, sulfate => H2S	Previous algorithm: distinct-gene set coverage	10	3	30	FALSE	FALSE	IS	55.32	1.724	multi-gene partial reconstruction	1.80766449746927	54.2299349240781	FALSE	TRUE	TRUE	FALSE	FALSE	FALSE	Sensitivity estimate under random gene loss: min(100, observed gene-set coverage / MAG completeness fraction)
SY456YB-8-12_bin34	Sulfur	Dissimilatory sulfate reduction, sulfate => H2S	Previous algorithm: distinct-gene set coverage	7	1	14.2857142857143	FALSE	FALSE	IS	55.32	1.724	multi-gene partial reconstruction	1.80766449746927	25.8237785352753	FALSE	FALSE	FALSE	FALSE	FALSE	FALSE	Sensitivity estimate under random gene loss: min(100, observed gene-set coverage / MAG completeness fraction)
SY456YB-8-12_bin34	Sulfur	Thiosulfate oxidation by SOX complex, thiosulfate => sulfate	Previous algorithm: distinct-gene set coverage	7	5	71.4285714285714	TRUE	FALSE	IS	55.32	1.724	multi-gene partial reconstruction	1.80766449746927	100	TRUE	TRUE	FALSE	FALSE	TRUE	TRUE	Sensitivity estimate under random gene loss: min(100, observed gene-set coverage / MAG completeness fraction)
SY456YB-8-12_bin34	Nitrogen	Urea cycle	Previous algorithm: distinct-gene set coverage	6	2	33.3333333333333	FALSE	FALSE	IS	55.32	1.724	multi-gene partial reconstruction	1.80766449746927	60.2554832489756	FALSE	TRUE	TRUE	FALSE	FALSE	FALSE	Sensitivity estimate under random gene loss: min(100, observed gene-set coverage / MAG completeness fraction)
SY456YB-8-12_bin34	Nitrogen	Urea transport system	Previous algorithm: distinct-gene set coverage	5	0	0	FALSE	FALSE	IS	55.32	1.724	multi-gene partial reconstruction	1.80766449746927	0	FALSE	FALSE	FALSE	FALSE	FALSE	FALSE	Sensitivity estimate under random gene loss: min(100, observed gene-set coverage / MAG completeness fraction)
SY456YB-8-12_bin34	Sulfur	Sulfate/thiosulfate transport system	Previous algorithm: distinct-gene set coverage	5	0	0	FALSE	FALSE	IS	55.32	1.724	multi-gene partial reconstruction	1.80766449746927	0	FALSE	FALSE	FALSE	FALSE	FALSE	FALSE	Sensitivity estimate under random gene loss: min(100, observed gene-set coverage / MAG completeness fraction)
SY456YB-8-12_bin34	Sulfur	Sulfonate transport system	Previous algorithm: distinct-gene set coverage	3	1	33.3333333333333	FALSE	FALSE	IS	55.32	1.724	multi-gene partial reconstruction	1.80766449746927	60.2554832489756	FALSE	TRUE	TRUE	FALSE	FALSE	FALSE	Sensitivity estimate under random gene loss: min(100, observed gene-set coverage / MAG completeness fraction)
SY456YB-8-12_bin34	Vitamin B12	Cobalamin salvage	Previous algorithm: distinct-gene set coverage	4	0	0	FALSE	FALSE	IS	55.32	1.724	multi-gene partial reconstruction	1.80766449746927	0	FALSE	FALSE	FALSE	FALSE	FALSE	FALSE	Sensitivity estimate under random gene loss: min(100, observed gene-set coverage / MAG completeness fraction)
SY456YB-8-12_bin34	Vitamin B12	Vitamin B12 transport system	Previous algorithm: distinct-gene set coverage	3	0	0	FALSE	FALSE	IS	55.32	1.724	multi-gene partial reconstruction	1.80766449746927	0	FALSE	FALSE	FALSE	FALSE	FALSE	FALSE	Sensitivity estimate under random gene loss: min(100, observed gene-set coverage / MAG completeness fraction)
SY456YB-8-12_bin34	Carbon	Citrate cycle (TCA cycle, Krebs cycle)	Previous algorithm: distinct-gene set coverage	40	14	35	FALSE	FALSE	IS	55.32	1.724	multi-gene partial reconstruction	1.80766449746927	63.2682574114244	FALSE	TRUE	TRUE	FALSE	FALSE	FALSE	Sensitivity estimate under random gene loss: min(100, observed gene-set coverage / MAG completeness fraction)
SY456YB-8-12_bin34	Carbon	Citrate cycle, first carbon oxidation, oxaloacetate => 2-oxoglutarate	Previous algorithm: distinct-gene set coverage	6	1	16.6666666666667	FALSE	FALSE	IS	55.32	1.724	multi-gene partial reconstruction	1.80766449746927	30.1277416244879	FALSE	FALSE	FALSE	FALSE	FALSE	FALSE	Sensitivity estimate under random gene loss: min(100, observed gene-set coverage / MAG completeness fraction)
SY456YB-8-12_bin34	Carbon	Citrate cycle, second carbon oxidation, 2-oxoglutarate => oxaloacetate	Previous algorithm: distinct-gene set coverage	34	13	38.2352941176471	FALSE	FALSE	IS	55.32	1.724	multi-gene partial reconstruction	1.80766449746927	69.1165837267663	FALSE	TRUE	TRUE	FALSE	FALSE	FALSE	Sensitivity estimate under random gene loss: min(100, observed gene-set coverage / MAG completeness fraction)
SY456YB-8-12_bin34	Carbon	Glycolysis (Embden-Meyerhof pathway), glucose => pyruvate	Previous algorithm: distinct-gene set coverage	29	10	34.4827586206897	FALSE	FALSE	IS	55.32	1.724	multi-gene partial reconstruction	1.80766449746927	62.3332585334232	FALSE	TRUE	TRUE	FALSE	FALSE	FALSE	Sensitivity estimate under random gene loss: min(100, observed gene-set coverage / MAG completeness fraction)
SY456YB-8-12_bin34	Carbon	Glycolysis, core module involving three-carbon compounds	Previous algorithm: distinct-gene set coverage	12	6	50	TRUE	FALSE	IS	55.32	1.724	multi-gene partial reconstruction	1.80766449746927	90.3832248734635	TRUE	TRUE	FALSE	FALSE	TRUE	TRUE	Sensitivity estimate under random gene loss: min(100, observed gene-set coverage / MAG completeness fraction)
SY456YB-8-12_bin34	Carbon	Incomplete reductive citrate cycle, acetyl-CoA => oxoglutarate	Previous algorithm: distinct-gene set coverage	17	5	29.4117647058824	FALSE	FALSE	IS	55.32	1.724	multi-gene partial reconstruction	1.80766449746927	53.1666028667433	FALSE	TRUE	TRUE	FALSE	FALSE	FALSE	Sensitivity estimate under random gene loss: min(100, observed gene-set coverage / MAG completeness fraction)
SY456YB-8-12_bin34	Carbon	Pyruvate oxidation, pyruvate => acetyl-CoA	Previous algorithm: distinct-gene set coverage	11	4	36.3636363636364	FALSE	FALSE	IS	55.32	1.724	multi-gene partial reconstruction	1.80766449746927	65.7332544534281	FALSE	TRUE	TRUE	FALSE	FALSE	FALSE	Sensitivity estimate under random gene loss: min(100, observed gene-set coverage / MAG completeness fraction)
SY456YB-8-12_bin34	Carbon	TCA /Reductive TCA	Previous algorithm: distinct-gene set coverage	1	0	0	FALSE	FALSE	IS	55.32	1.724	multi-gene partial reconstruction	1.80766449746927	0	FALSE	FALSE	FALSE	FALSE	FALSE	FALSE	Sensitivity estimate under random gene loss: min(100, observed gene-set coverage / MAG completeness fraction)
SY456YB-8-12_bin4	Motility	Flagellar Assembly (partial 36-KO reconstruction)	Previous algorithm: distinct-gene set coverage	36	22	61.1111111111111	TRUE	FALSE	IS	96.08	0.434	multi-gene partial reconstruction	1.04079933388843	63.604403737626	TRUE	TRUE	FALSE	FALSE	FALSE	FALSE	Sensitivity estimate under random gene loss: min(100, observed gene-set coverage / MAG completeness fraction)
SY456YB-8-12_bin4	Vitamin B12	Cobalamin biosynthesis, cobinamide => cobalamin	Previous algorithm: distinct-gene set coverage	8	6	75	TRUE	TRUE	IS	96.08	0.434	multi-gene partial reconstruction	1.04079933388843	78.059950041632	TRUE	TRUE	FALSE	TRUE	TRUE	FALSE	Sensitivity estimate under random gene loss: min(100, observed gene-set coverage / MAG completeness fraction)
SY456YB-8-12_bin4	Vitamin B12	Cobalamin biosynthesis, precorrin2 => cobinamide	Previous algorithm: distinct-gene set coverage	25	14	56	TRUE	FALSE	IS	96.08	0.434	multi-gene partial reconstruction	1.04079933388843	58.2847626977519	TRUE	TRUE	FALSE	FALSE	FALSE	FALSE	Sensitivity estimate under random gene loss: min(100, observed gene-set coverage / MAG completeness fraction)
SY456YB-8-12_bin4	Carbon	Acetyl-CoA pathway, CO2 => acetyl-CoA	Previous algorithm: distinct-gene set coverage	5	0	0	FALSE	FALSE	IS	96.08	0.434	multi-gene partial reconstruction	1.04079933388843	0	FALSE	FALSE	FALSE	FALSE	FALSE	FALSE	Sensitivity estimate under random gene loss: min(100, observed gene-set coverage / MAG completeness fraction)
SY456YB-8-12_bin4	Carbon	Methane oxidation, methanotroph, methane => formaldehyde	Previous algorithm: distinct-gene set coverage	12	0	0	FALSE	FALSE	IS	96.08	0.434	multi-gene partial reconstruction	1.04079933388843	0	FALSE	FALSE	FALSE	FALSE	FALSE	FALSE	Sensitivity estimate under random gene loss: min(100, observed gene-set coverage / MAG completeness fraction)
SY456YB-8-12_bin4	Carbon	Methanogenesis, CO2 => methane	Previous algorithm: distinct-gene set coverage	37	2	5.4054054054054	FALSE	FALSE	IS	96.08	0.434	multi-gene partial reconstruction	1.04079933388843	5.62594234534284	FALSE	FALSE	FALSE	FALSE	FALSE	FALSE	Sensitivity estimate under random gene loss: min(100, observed gene-set coverage / MAG completeness fraction)
SY456YB-8-12_bin4	Carbon	Methanogenesis, acetate => methane	Previous algorithm: distinct-gene set coverage	31	4	12.9032258064516	FALSE	FALSE	IS	96.08	0.434	multi-gene partial reconstruction	1.04079933388843	13.4296688243668	FALSE	FALSE	FALSE	FALSE	FALSE	FALSE	Sensitivity estimate under random gene loss: min(100, observed gene-set coverage / MAG completeness fraction)
SY456YB-8-12_bin4	Carbon	Methanogenesis, methanethiol => methane	Previous algorithm: distinct-gene set coverage	1	0	0	FALSE	FALSE	IS	96.08	0.434	multi-gene partial reconstruction	1.04079933388843	0	FALSE	FALSE	FALSE	FALSE	FALSE	FALSE	Sensitivity estimate under random gene loss: min(100, observed gene-set coverage / MAG completeness fraction)
SY456YB-8-12_bin4	Carbon	Methanogenesis, methanol => methane	Previous algorithm: distinct-gene set coverage	19	2	10.5263157894737	FALSE	FALSE	IS	96.08	0.434	multi-gene partial reconstruction	1.04079933388843	10.9557824619834	FALSE	FALSE	FALSE	FALSE	FALSE	FALSE	Sensitivity estimate under random gene loss: min(100, observed gene-set coverage / MAG completeness fraction)
SY456YB-8-12_bin4	Carbon	Methanogenesis, methylamine/dimethylamine/trimethylamine => methane	Previous algorithm: distinct-gene set coverage	23	3	13.0434782608696	FALSE	FALSE	IS	96.08	0.434	multi-gene partial reconstruction	1.04079933388843	13.5756434855012	FALSE	FALSE	FALSE	FALSE	FALSE	FALSE	Sensitivity estimate under random gene loss: min(100, observed gene-set coverage / MAG completeness fraction)
SY456YB-8-12_bin4	Carbon	Reductive acetyl-CoA pathway (Wood-Ljungdahl pathway)	Previous algorithm: distinct-gene set coverage	10	3	30	FALSE	FALSE	IS	96.08	0.434	multi-gene partial reconstruction	1.04079933388843	31.2239800166528	FALSE	FALSE	FALSE	FALSE	FALSE	FALSE	Sensitivity estimate under random gene loss: min(100, observed gene-set coverage / MAG completeness fraction)
SY456YB-8-12_bin4	Carbon	Reductive citrate cycle (Arnon-Buchanan cycle)	Previous algorithm: distinct-gene set coverage	43	18	41.8604651162791	FALSE	FALSE	IS	96.08	0.434	multi-gene partial reconstruction	1.04079933388843	43.568344209283	FALSE	FALSE	FALSE	FALSE	FALSE	FALSE	Sensitivity estimate under random gene loss: min(100, observed gene-set coverage / MAG completeness fraction)
SY456YB-8-12_bin4	Nitrogen	Assimilatory nitrate reduction, nitrate => ammonia	Previous algorithm: distinct-gene set coverage	6	0	0	FALSE	FALSE	IS	96.08	0.434	multi-gene partial reconstruction	1.04079933388843	0	FALSE	FALSE	FALSE	FALSE	FALSE	FALSE	Sensitivity estimate under random gene loss: min(100, observed gene-set coverage / MAG completeness fraction)
SY456YB-8-12_bin4	Nitrogen	Complete nitrification, comammox, ammonia => nitrite => nitrate	Previous algorithm: distinct-gene set coverage	6	0	0	FALSE	FALSE	IS	96.08	0.434	multi-gene partial reconstruction	1.04079933388843	0	FALSE	FALSE	FALSE	FALSE	FALSE	FALSE	Sensitivity estimate under random gene loss: min(100, observed gene-set coverage / MAG completeness fraction)
SY456YB-8-12_bin4	Nitrogen	Denitrification, nitrate => nitrogen	Previous algorithm: distinct-gene set coverage	11	7	63.6363636363636	TRUE	FALSE	IS	96.08	0.434	multi-gene partial reconstruction	1.04079933388843	66.2326848838089	TRUE	TRUE	FALSE	FALSE	FALSE	FALSE	Sensitivity estimate under random gene loss: min(100, observed gene-set coverage / MAG completeness fraction)
SY456YB-8-12_bin4	Nitrogen	Dissimilatory nitrate reduction, nitrate => ammonia	Previous algorithm: distinct-gene set coverage	9	2	22.2222222222222	FALSE	FALSE	IS	96.08	0.434	multi-gene partial reconstruction	1.04079933388843	23.1288740864094	FALSE	FALSE	FALSE	FALSE	FALSE	FALSE	Sensitivity estimate under random gene loss: min(100, observed gene-set coverage / MAG completeness fraction)
SY456YB-8-12_bin4	Nitrogen	Nitrate assimilation	Previous algorithm: distinct-gene set coverage	1	0	0	FALSE	FALSE	IS	96.08	0.434	multi-gene partial reconstruction	1.04079933388843	0	FALSE	FALSE	FALSE	FALSE	FALSE	FALSE	Sensitivity estimate under random gene loss: min(100, observed gene-set coverage / MAG completeness fraction)
SY456YB-8-12_bin4	Nitrogen	Nitrification, ammonia => nitrite	Previous algorithm: distinct-gene set coverage	8	0	0	FALSE	FALSE	IS	96.08	0.434	multi-gene partial reconstruction	1.04079933388843	0	FALSE	FALSE	FALSE	FALSE	FALSE	FALSE	Sensitivity estimate under random gene loss: min(100, observed gene-set coverage / MAG completeness fraction)
SY456YB-8-12_bin4	Nitrogen	Nitrogen fixation, nitrogen => ammonia	Previous algorithm: distinct-gene set coverage	8	0	0	FALSE	FALSE	IS	96.08	0.434	multi-gene partial reconstruction	1.04079933388843	0	FALSE	FALSE	FALSE	FALSE	FALSE	FALSE	Sensitivity estimate under random gene loss: min(100, observed gene-set coverage / MAG completeness fraction)
SY456YB-8-12_bin4	Nitrogen	nitrite + ammonia => nitrogen	Previous algorithm: distinct-gene set coverage	9	2	22.2222222222222	FALSE	FALSE	IS	96.08	0.434	multi-gene partial reconstruction	1.04079933388843	23.1288740864094	FALSE	FALSE	FALSE	FALSE	FALSE	FALSE	Sensitivity estimate under random gene loss: min(100, observed gene-set coverage / MAG completeness fraction)
SY456YB-8-12_bin4	Sulfur	Assimilatory sulfate reduction, sulfate => H2S	Previous algorithm: distinct-gene set coverage	10	4	40	FALSE	FALSE	IS	96.08	0.434	multi-gene partial reconstruction	1.04079933388843	41.631973355537	FALSE	FALSE	FALSE	FALSE	FALSE	FALSE	Sensitivity estimate under random gene loss: min(100, observed gene-set coverage / MAG completeness fraction)
SY456YB-8-12_bin4	Sulfur	Dissimilatory sulfate reduction, sulfate => H2S	Previous algorithm: distinct-gene set coverage	7	5	71.4285714285714	TRUE	FALSE	IS	96.08	0.434	multi-gene partial reconstruction	1.04079933388843	74.342809563459	TRUE	TRUE	FALSE	FALSE	FALSE	FALSE	Sensitivity estimate under random gene loss: min(100, observed gene-set coverage / MAG completeness fraction)
SY456YB-8-12_bin4	Sulfur	Thiosulfate oxidation by SOX complex, thiosulfate => sulfate	Previous algorithm: distinct-gene set coverage	7	4	57.1428571428571	TRUE	FALSE	IS	96.08	0.434	multi-gene partial reconstruction	1.04079933388843	59.4742476507672	TRUE	TRUE	FALSE	FALSE	FALSE	FALSE	Sensitivity estimate under random gene loss: min(100, observed gene-set coverage / MAG completeness fraction)
SY456YB-8-12_bin4	Nitrogen	Urea cycle	Previous algorithm: distinct-gene set coverage	6	3	50	TRUE	FALSE	IS	96.08	0.434	multi-gene partial reconstruction	1.04079933388843	52.0399666944213	TRUE	TRUE	FALSE	FALSE	FALSE	FALSE	Sensitivity estimate under random gene loss: min(100, observed gene-set coverage / MAG completeness fraction)
SY456YB-8-12_bin4	Nitrogen	Urea transport system	Previous algorithm: distinct-gene set coverage	5	0	0	FALSE	FALSE	IS	96.08	0.434	multi-gene partial reconstruction	1.04079933388843	0	FALSE	FALSE	FALSE	FALSE	FALSE	FALSE	Sensitivity estimate under random gene loss: min(100, observed gene-set coverage / MAG completeness fraction)
SY456YB-8-12_bin4	Sulfur	Sulfate/thiosulfate transport system	Previous algorithm: distinct-gene set coverage	5	0	0	FALSE	FALSE	IS	96.08	0.434	multi-gene partial reconstruction	1.04079933388843	0	FALSE	FALSE	FALSE	FALSE	FALSE	FALSE	Sensitivity estimate under random gene loss: min(100, observed gene-set coverage / MAG completeness fraction)
SY456YB-8-12_bin4	Sulfur	Sulfonate transport system	Previous algorithm: distinct-gene set coverage	3	2	66.6666666666667	TRUE	FALSE	IS	96.08	0.434	multi-gene partial reconstruction	1.04079933388843	69.3866222592284	TRUE	TRUE	FALSE	FALSE	FALSE	FALSE	Sensitivity estimate under random gene loss: min(100, observed gene-set coverage / MAG completeness fraction)
SY456YB-8-12_bin4	Vitamin B12	Cobalamin salvage	Previous algorithm: distinct-gene set coverage	4	0	0	FALSE	FALSE	IS	96.08	0.434	multi-gene partial reconstruction	1.04079933388843	0	FALSE	FALSE	FALSE	FALSE	FALSE	FALSE	Sensitivity estimate under random gene loss: min(100, observed gene-set coverage / MAG completeness fraction)
SY456YB-8-12_bin4	Vitamin B12	Vitamin B12 transport system	Previous algorithm: distinct-gene set coverage	3	0	0	FALSE	FALSE	IS	96.08	0.434	multi-gene partial reconstruction	1.04079933388843	0	FALSE	FALSE	FALSE	FALSE	FALSE	FALSE	Sensitivity estimate under random gene loss: min(100, observed gene-set coverage / MAG completeness fraction)
SY456YB-8-12_bin4	Carbon	Citrate cycle (TCA cycle, Krebs cycle)	Previous algorithm: distinct-gene set coverage	40	20	50	TRUE	FALSE	IS	96.08	0.434	multi-gene partial reconstruction	1.04079933388843	52.0399666944213	TRUE	TRUE	FALSE	FALSE	FALSE	FALSE	Sensitivity estimate under random gene loss: min(100, observed gene-set coverage / MAG completeness fraction)
SY456YB-8-12_bin4	Carbon	Citrate cycle, first carbon oxidation, oxaloacetate => 2-oxoglutarate	Previous algorithm: distinct-gene set coverage	6	2	33.3333333333333	FALSE	FALSE	IS	96.08	0.434	multi-gene partial reconstruction	1.04079933388843	34.6933111296142	FALSE	FALSE	FALSE	FALSE	FALSE	FALSE	Sensitivity estimate under random gene loss: min(100, observed gene-set coverage / MAG completeness fraction)
SY456YB-8-12_bin4	Carbon	Citrate cycle, second carbon oxidation, 2-oxoglutarate => oxaloacetate	Previous algorithm: distinct-gene set coverage	34	18	52.9411764705882	TRUE	FALSE	IS	96.08	0.434	multi-gene partial reconstruction	1.04079933388843	55.1011412058578	TRUE	TRUE	FALSE	FALSE	FALSE	FALSE	Sensitivity estimate under random gene loss: min(100, observed gene-set coverage / MAG completeness fraction)
SY456YB-8-12_bin4	Carbon	Glycolysis (Embden-Meyerhof pathway), glucose => pyruvate	Previous algorithm: distinct-gene set coverage	29	8	27.5862068965517	FALSE	FALSE	IS	96.08	0.434	multi-gene partial reconstruction	1.04079933388843	28.7117057624393	FALSE	FALSE	FALSE	FALSE	FALSE	FALSE	Sensitivity estimate under random gene loss: min(100, observed gene-set coverage / MAG completeness fraction)
SY456YB-8-12_bin4	Carbon	Glycolysis, core module involving three-carbon compounds	Previous algorithm: distinct-gene set coverage	12	6	50	TRUE	FALSE	IS	96.08	0.434	multi-gene partial reconstruction	1.04079933388843	52.0399666944213	TRUE	TRUE	FALSE	FALSE	FALSE	FALSE	Sensitivity estimate under random gene loss: min(100, observed gene-set coverage / MAG completeness fraction)
SY456YB-8-12_bin4	Carbon	Incomplete reductive citrate cycle, acetyl-CoA => oxoglutarate	Previous algorithm: distinct-gene set coverage	17	7	41.1764705882353	FALSE	FALSE	IS	96.08	0.434	multi-gene partial reconstruction	1.04079933388843	42.8564431601117	FALSE	FALSE	FALSE	FALSE	FALSE	FALSE	Sensitivity estimate under random gene loss: min(100, observed gene-set coverage / MAG completeness fraction)
SY456YB-8-12_bin4	Carbon	Pyruvate oxidation, pyruvate => acetyl-CoA	Previous algorithm: distinct-gene set coverage	11	5	45.4545454545455	FALSE	FALSE	IS	96.08	0.434	multi-gene partial reconstruction	1.04079933388843	47.3090606312922	FALSE	FALSE	FALSE	FALSE	FALSE	FALSE	Sensitivity estimate under random gene loss: min(100, observed gene-set coverage / MAG completeness fraction)
SY456YB-8-12_bin4	Carbon	TCA /Reductive TCA	Previous algorithm: distinct-gene set coverage	1	0	0	FALSE	FALSE	IS	96.08	0.434	multi-gene partial reconstruction	1.04079933388843	0	FALSE	FALSE	FALSE	FALSE	FALSE	FALSE	Sensitivity estimate under random gene loss: min(100, observed gene-set coverage / MAG completeness fraction)
SY456YB-8-12_bin5	Motility	Flagellar Assembly (partial 36-KO reconstruction)	Previous algorithm: distinct-gene set coverage	36	17	47.2222222222222	FALSE	FALSE	IS	54.24	0.625	multi-gene partial reconstruction	1.84365781710914	87.0616191412651	FALSE	TRUE	TRUE	FALSE	TRUE	TRUE	Sensitivity estimate under random gene loss: min(100, observed gene-set coverage / MAG completeness fraction)
SY456YB-8-12_bin5	Vitamin B12	Cobalamin biosynthesis, cobinamide => cobalamin	Previous algorithm: distinct-gene set coverage	8	5	62.5	TRUE	FALSE	IS	54.24	0.625	multi-gene partial reconstruction	1.84365781710914	100	TRUE	TRUE	FALSE	FALSE	TRUE	TRUE	Sensitivity estimate under random gene loss: min(100, observed gene-set coverage / MAG completeness fraction)
SY456YB-8-12_bin5	Vitamin B12	Cobalamin biosynthesis, precorrin2 => cobinamide	Previous algorithm: distinct-gene set coverage	25	3	12	FALSE	FALSE	IS	54.24	0.625	multi-gene partial reconstruction	1.84365781710914	22.1238938053097	FALSE	FALSE	FALSE	FALSE	FALSE	FALSE	Sensitivity estimate under random gene loss: min(100, observed gene-set coverage / MAG completeness fraction)
SY456YB-8-12_bin5	Carbon	Acetyl-CoA pathway, CO2 => acetyl-CoA	Previous algorithm: distinct-gene set coverage	5	0	0	FALSE	FALSE	IS	54.24	0.625	multi-gene partial reconstruction	1.84365781710914	0	FALSE	FALSE	FALSE	FALSE	FALSE	FALSE	Sensitivity estimate under random gene loss: min(100, observed gene-set coverage / MAG completeness fraction)
SY456YB-8-12_bin5	Carbon	Methane oxidation, methanotroph, methane => formaldehyde	Previous algorithm: distinct-gene set coverage	12	0	0	FALSE	FALSE	IS	54.24	0.625	multi-gene partial reconstruction	1.84365781710914	0	FALSE	FALSE	FALSE	FALSE	FALSE	FALSE	Sensitivity estimate under random gene loss: min(100, observed gene-set coverage / MAG completeness fraction)
SY456YB-8-12_bin5	Carbon	Methanogenesis, CO2 => methane	Previous algorithm: distinct-gene set coverage	37	0	0	FALSE	FALSE	IS	54.24	0.625	multi-gene partial reconstruction	1.84365781710914	0	FALSE	FALSE	FALSE	FALSE	FALSE	FALSE	Sensitivity estimate under random gene loss: min(100, observed gene-set coverage / MAG completeness fraction)
SY456YB-8-12_bin5	Carbon	Methanogenesis, acetate => methane	Previous algorithm: distinct-gene set coverage	31	1	3.2258064516129	FALSE	FALSE	IS	54.24	0.625	multi-gene partial reconstruction	1.84365781710914	5.94728328099723	FALSE	FALSE	FALSE	FALSE	FALSE	FALSE	Sensitivity estimate under random gene loss: min(100, observed gene-set coverage / MAG completeness fraction)
SY456YB-8-12_bin5	Carbon	Methanogenesis, methanethiol => methane	Previous algorithm: distinct-gene set coverage	1	0	0	FALSE	FALSE	IS	54.24	0.625	multi-gene partial reconstruction	1.84365781710914	0	FALSE	FALSE	FALSE	FALSE	FALSE	FALSE	Sensitivity estimate under random gene loss: min(100, observed gene-set coverage / MAG completeness fraction)
SY456YB-8-12_bin5	Carbon	Methanogenesis, methanol => methane	Previous algorithm: distinct-gene set coverage	19	0	0	FALSE	FALSE	IS	54.24	0.625	multi-gene partial reconstruction	1.84365781710914	0	FALSE	FALSE	FALSE	FALSE	FALSE	FALSE	Sensitivity estimate under random gene loss: min(100, observed gene-set coverage / MAG completeness fraction)
SY456YB-8-12_bin5	Carbon	Methanogenesis, methylamine/dimethylamine/trimethylamine => methane	Previous algorithm: distinct-gene set coverage	23	1	4.34782608695652	FALSE	FALSE	IS	54.24	0.625	multi-gene partial reconstruction	1.84365781710914	8.01590355264845	FALSE	FALSE	FALSE	FALSE	FALSE	FALSE	Sensitivity estimate under random gene loss: min(100, observed gene-set coverage / MAG completeness fraction)
SY456YB-8-12_bin5	Carbon	Reductive acetyl-CoA pathway (Wood-Ljungdahl pathway)	Previous algorithm: distinct-gene set coverage	10	2	20	FALSE	FALSE	IS	54.24	0.625	multi-gene partial reconstruction	1.84365781710914	36.8731563421829	FALSE	FALSE	FALSE	FALSE	FALSE	FALSE	Sensitivity estimate under random gene loss: min(100, observed gene-set coverage / MAG completeness fraction)
SY456YB-8-12_bin5	Carbon	Reductive citrate cycle (Arnon-Buchanan cycle)	Previous algorithm: distinct-gene set coverage	43	14	32.5581395348837	FALSE	FALSE	IS	54.24	0.625	multi-gene partial reconstruction	1.84365781710914	60.0260684640186	FALSE	TRUE	TRUE	FALSE	FALSE	FALSE	Sensitivity estimate under random gene loss: min(100, observed gene-set coverage / MAG completeness fraction)
SY456YB-8-12_bin5	Nitrogen	Assimilatory nitrate reduction, nitrate => ammonia	Previous algorithm: distinct-gene set coverage	6	0	0	FALSE	FALSE	IS	54.24	0.625	multi-gene partial reconstruction	1.84365781710914	0	FALSE	FALSE	FALSE	FALSE	FALSE	FALSE	Sensitivity estimate under random gene loss: min(100, observed gene-set coverage / MAG completeness fraction)
SY456YB-8-12_bin5	Nitrogen	Complete nitrification, comammox, ammonia => nitrite => nitrate	Previous algorithm: distinct-gene set coverage	6	0	0	FALSE	FALSE	IS	54.24	0.625	multi-gene partial reconstruction	1.84365781710914	0	FALSE	FALSE	FALSE	FALSE	FALSE	FALSE	Sensitivity estimate under random gene loss: min(100, observed gene-set coverage / MAG completeness fraction)
SY456YB-8-12_bin5	Nitrogen	Denitrification, nitrate => nitrogen	Previous algorithm: distinct-gene set coverage	11	3	27.2727272727273	FALSE	FALSE	IS	54.24	0.625	multi-gene partial reconstruction	1.84365781710914	50.2815768302494	FALSE	TRUE	TRUE	FALSE	FALSE	FALSE	Sensitivity estimate under random gene loss: min(100, observed gene-set coverage / MAG completeness fraction)
SY456YB-8-12_bin5	Nitrogen	Dissimilatory nitrate reduction, nitrate => ammonia	Previous algorithm: distinct-gene set coverage	9	1	11.1111111111111	FALSE	FALSE	IS	54.24	0.625	multi-gene partial reconstruction	1.84365781710914	20.4850868567683	FALSE	FALSE	FALSE	FALSE	FALSE	FALSE	Sensitivity estimate under random gene loss: min(100, observed gene-set coverage / MAG completeness fraction)
SY456YB-8-12_bin5	Nitrogen	Nitrate assimilation	Previous algorithm: distinct-gene set coverage	1	0	0	FALSE	FALSE	IS	54.24	0.625	multi-gene partial reconstruction	1.84365781710914	0	FALSE	FALSE	FALSE	FALSE	FALSE	FALSE	Sensitivity estimate under random gene loss: min(100, observed gene-set coverage / MAG completeness fraction)
SY456YB-8-12_bin5	Nitrogen	Nitrification, ammonia => nitrite	Previous algorithm: distinct-gene set coverage	8	0	0	FALSE	FALSE	IS	54.24	0.625	multi-gene partial reconstruction	1.84365781710914	0	FALSE	FALSE	FALSE	FALSE	FALSE	FALSE	Sensitivity estimate under random gene loss: min(100, observed gene-set coverage / MAG completeness fraction)
SY456YB-8-12_bin5	Nitrogen	Nitrogen fixation, nitrogen => ammonia	Previous algorithm: distinct-gene set coverage	8	0	0	FALSE	FALSE	IS	54.24	0.625	multi-gene partial reconstruction	1.84365781710914	0	FALSE	FALSE	FALSE	FALSE	FALSE	FALSE	Sensitivity estimate under random gene loss: min(100, observed gene-set coverage / MAG completeness fraction)
SY456YB-8-12_bin5	Nitrogen	nitrite + ammonia => nitrogen	Previous algorithm: distinct-gene set coverage	9	1	11.1111111111111	FALSE	FALSE	IS	54.24	0.625	multi-gene partial reconstruction	1.84365781710914	20.4850868567683	FALSE	FALSE	FALSE	FALSE	FALSE	FALSE	Sensitivity estimate under random gene loss: min(100, observed gene-set coverage / MAG completeness fraction)
SY456YB-8-12_bin5	Sulfur	Assimilatory sulfate reduction, sulfate => H2S	Previous algorithm: distinct-gene set coverage	10	0	0	FALSE	FALSE	IS	54.24	0.625	multi-gene partial reconstruction	1.84365781710914	0	FALSE	FALSE	FALSE	FALSE	FALSE	FALSE	Sensitivity estimate under random gene loss: min(100, observed gene-set coverage / MAG completeness fraction)
SY456YB-8-12_bin5	Sulfur	Dissimilatory sulfate reduction, sulfate => H2S	Previous algorithm: distinct-gene set coverage	7	0	0	FALSE	FALSE	IS	54.24	0.625	multi-gene partial reconstruction	1.84365781710914	0	FALSE	FALSE	FALSE	FALSE	FALSE	FALSE	Sensitivity estimate under random gene loss: min(100, observed gene-set coverage / MAG completeness fraction)
SY456YB-8-12_bin5	Sulfur	Thiosulfate oxidation by SOX complex, thiosulfate => sulfate	Previous algorithm: distinct-gene set coverage	7	7	100	TRUE	TRUE	IS	54.24	0.625	multi-gene partial reconstruction	1.84365781710914	100	TRUE	TRUE	FALSE	TRUE	TRUE	FALSE	Sensitivity estimate under random gene loss: min(100, observed gene-set coverage / MAG completeness fraction)
SY456YB-8-12_bin5	Nitrogen	Urea cycle	Previous algorithm: distinct-gene set coverage	6	1	16.6666666666667	FALSE	FALSE	IS	54.24	0.625	multi-gene partial reconstruction	1.84365781710914	30.7276302851525	FALSE	FALSE	FALSE	FALSE	FALSE	FALSE	Sensitivity estimate under random gene loss: min(100, observed gene-set coverage / MAG completeness fraction)
SY456YB-8-12_bin5	Nitrogen	Urea transport system	Previous algorithm: distinct-gene set coverage	5	0	0	FALSE	FALSE	IS	54.24	0.625	multi-gene partial reconstruction	1.84365781710914	0	FALSE	FALSE	FALSE	FALSE	FALSE	FALSE	Sensitivity estimate under random gene loss: min(100, observed gene-set coverage / MAG completeness fraction)
SY456YB-8-12_bin5	Sulfur	Sulfate/thiosulfate transport system	Previous algorithm: distinct-gene set coverage	5	0	0	FALSE	FALSE	IS	54.24	0.625	multi-gene partial reconstruction	1.84365781710914	0	FALSE	FALSE	FALSE	FALSE	FALSE	FALSE	Sensitivity estimate under random gene loss: min(100, observed gene-set coverage / MAG completeness fraction)
SY456YB-8-12_bin5	Sulfur	Sulfonate transport system	Previous algorithm: distinct-gene set coverage	3	0	0	FALSE	FALSE	IS	54.24	0.625	multi-gene partial reconstruction	1.84365781710914	0	FALSE	FALSE	FALSE	FALSE	FALSE	FALSE	Sensitivity estimate under random gene loss: min(100, observed gene-set coverage / MAG completeness fraction)
SY456YB-8-12_bin5	Vitamin B12	Cobalamin salvage	Previous algorithm: distinct-gene set coverage	4	0	0	FALSE	FALSE	IS	54.24	0.625	multi-gene partial reconstruction	1.84365781710914	0	FALSE	FALSE	FALSE	FALSE	FALSE	FALSE	Sensitivity estimate under random gene loss: min(100, observed gene-set coverage / MAG completeness fraction)
SY456YB-8-12_bin5	Vitamin B12	Vitamin B12 transport system	Previous algorithm: distinct-gene set coverage	3	0	0	FALSE	FALSE	IS	54.24	0.625	multi-gene partial reconstruction	1.84365781710914	0	FALSE	FALSE	FALSE	FALSE	FALSE	FALSE	Sensitivity estimate under random gene loss: min(100, observed gene-set coverage / MAG completeness fraction)
SY456YB-8-12_bin5	Carbon	Citrate cycle (TCA cycle, Krebs cycle)	Previous algorithm: distinct-gene set coverage	40	13	32.5	FALSE	FALSE	IS	54.24	0.625	multi-gene partial reconstruction	1.84365781710914	59.9188790560472	FALSE	TRUE	TRUE	FALSE	FALSE	FALSE	Sensitivity estimate under random gene loss: min(100, observed gene-set coverage / MAG completeness fraction)
SY456YB-8-12_bin5	Carbon	Citrate cycle, first carbon oxidation, oxaloacetate => 2-oxoglutarate	Previous algorithm: distinct-gene set coverage	6	1	16.6666666666667	FALSE	FALSE	IS	54.24	0.625	multi-gene partial reconstruction	1.84365781710914	30.7276302851525	FALSE	FALSE	FALSE	FALSE	FALSE	FALSE	Sensitivity estimate under random gene loss: min(100, observed gene-set coverage / MAG completeness fraction)
SY456YB-8-12_bin5	Carbon	Citrate cycle, second carbon oxidation, 2-oxoglutarate => oxaloacetate	Previous algorithm: distinct-gene set coverage	34	12	35.2941176470588	FALSE	FALSE	IS	54.24	0.625	multi-gene partial reconstruction	1.84365781710914	65.0702758979698	FALSE	TRUE	TRUE	FALSE	FALSE	FALSE	Sensitivity estimate under random gene loss: min(100, observed gene-set coverage / MAG completeness fraction)
SY456YB-8-12_bin5	Carbon	Glycolysis (Embden-Meyerhof pathway), glucose => pyruvate	Previous algorithm: distinct-gene set coverage	29	7	24.1379310344828	FALSE	FALSE	IS	54.24	0.625	multi-gene partial reconstruction	1.84365781710914	44.5020852405656	FALSE	FALSE	FALSE	FALSE	FALSE	FALSE	Sensitivity estimate under random gene loss: min(100, observed gene-set coverage / MAG completeness fraction)
SY456YB-8-12_bin5	Carbon	Glycolysis, core module involving three-carbon compounds	Previous algorithm: distinct-gene set coverage	12	5	41.6666666666667	FALSE	FALSE	IS	54.24	0.625	multi-gene partial reconstruction	1.84365781710914	76.8190757128811	FALSE	TRUE	TRUE	FALSE	TRUE	TRUE	Sensitivity estimate under random gene loss: min(100, observed gene-set coverage / MAG completeness fraction)
SY456YB-8-12_bin5	Carbon	Incomplete reductive citrate cycle, acetyl-CoA => oxoglutarate	Previous algorithm: distinct-gene set coverage	17	6	35.2941176470588	FALSE	FALSE	IS	54.24	0.625	multi-gene partial reconstruction	1.84365781710914	65.0702758979698	FALSE	TRUE	TRUE	FALSE	FALSE	FALSE	Sensitivity estimate under random gene loss: min(100, observed gene-set coverage / MAG completeness fraction)
SY456YB-8-12_bin5	Carbon	Pyruvate oxidation, pyruvate => acetyl-CoA	Previous algorithm: distinct-gene set coverage	11	3	27.2727272727273	FALSE	FALSE	IS	54.24	0.625	multi-gene partial reconstruction	1.84365781710914	50.2815768302494	FALSE	TRUE	TRUE	FALSE	FALSE	FALSE	Sensitivity estimate under random gene loss: min(100, observed gene-set coverage / MAG completeness fraction)
SY456YB-8-12_bin5	Carbon	TCA /Reductive TCA	Previous algorithm: distinct-gene set coverage	1	0	0	FALSE	FALSE	IS	54.24	0.625	multi-gene partial reconstruction	1.84365781710914	0	FALSE	FALSE	FALSE	FALSE	FALSE	FALSE	Sensitivity estimate under random gene loss: min(100, observed gene-set coverage / MAG completeness fraction)
SY457BB-0-4_bin2	Motility	Flagellar Assembly (partial 36-KO reconstruction)	Previous algorithm: distinct-gene set coverage	36	0	0	FALSE	FALSE	IS	96.64	2.388	multi-gene partial reconstruction	1.03476821192053	0	FALSE	FALSE	FALSE	FALSE	FALSE	FALSE	Sensitivity estimate under random gene loss: min(100, observed gene-set coverage / MAG completeness fraction)
SY457BB-0-4_bin2	Vitamin B12	Cobalamin biosynthesis, cobinamide => cobalamin	Previous algorithm: distinct-gene set coverage	8	5	62.5	TRUE	FALSE	IS	96.64	2.388	multi-gene partial reconstruction	1.03476821192053	64.6730132450331	TRUE	TRUE	FALSE	FALSE	FALSE	FALSE	Sensitivity estimate under random gene loss: min(100, observed gene-set coverage / MAG completeness fraction)
SY457BB-0-4_bin2	Vitamin B12	Cobalamin biosynthesis, precorrin2 => cobinamide	Previous algorithm: distinct-gene set coverage	25	2	8	FALSE	FALSE	IS	96.64	2.388	multi-gene partial reconstruction	1.03476821192053	8.27814569536424	FALSE	FALSE	FALSE	FALSE	FALSE	FALSE	Sensitivity estimate under random gene loss: min(100, observed gene-set coverage / MAG completeness fraction)
SY457BB-0-4_bin2	Carbon	Acetyl-CoA pathway, CO2 => acetyl-CoA	Previous algorithm: distinct-gene set coverage	5	0	0	FALSE	FALSE	IS	96.64	2.388	multi-gene partial reconstruction	1.03476821192053	0	FALSE	FALSE	FALSE	FALSE	FALSE	FALSE	Sensitivity estimate under random gene loss: min(100, observed gene-set coverage / MAG completeness fraction)
SY457BB-0-4_bin2	Carbon	Methane oxidation, methanotroph, methane => formaldehyde	Previous algorithm: distinct-gene set coverage	12	0	0	FALSE	FALSE	IS	96.64	2.388	multi-gene partial reconstruction	1.03476821192053	0	FALSE	FALSE	FALSE	FALSE	FALSE	FALSE	Sensitivity estimate under random gene loss: min(100, observed gene-set coverage / MAG completeness fraction)
SY457BB-0-4_bin2	Carbon	Methanogenesis, CO2 => methane	Previous algorithm: distinct-gene set coverage	37	0	0	FALSE	FALSE	IS	96.64	2.388	multi-gene partial reconstruction	1.03476821192053	0	FALSE	FALSE	FALSE	FALSE	FALSE	FALSE	Sensitivity estimate under random gene loss: min(100, observed gene-set coverage / MAG completeness fraction)
SY457BB-0-4_bin2	Carbon	Methanogenesis, acetate => methane	Previous algorithm: distinct-gene set coverage	31	1	3.2258064516129	FALSE	FALSE	IS	96.64	2.388	multi-gene partial reconstruction	1.03476821192053	3.33796197393719	FALSE	FALSE	FALSE	FALSE	FALSE	FALSE	Sensitivity estimate under random gene loss: min(100, observed gene-set coverage / MAG completeness fraction)
SY457BB-0-4_bin2	Carbon	Methanogenesis, methanethiol => methane	Previous algorithm: distinct-gene set coverage	1	0	0	FALSE	FALSE	IS	96.64	2.388	multi-gene partial reconstruction	1.03476821192053	0	FALSE	FALSE	FALSE	FALSE	FALSE	FALSE	Sensitivity estimate under random gene loss: min(100, observed gene-set coverage / MAG completeness fraction)
SY457BB-0-4_bin2	Carbon	Methanogenesis, methanol => methane	Previous algorithm: distinct-gene set coverage	19	0	0	FALSE	FALSE	IS	96.64	2.388	multi-gene partial reconstruction	1.03476821192053	0	FALSE	FALSE	FALSE	FALSE	FALSE	FALSE	Sensitivity estimate under random gene loss: min(100, observed gene-set coverage / MAG completeness fraction)
SY457BB-0-4_bin2	Carbon	Methanogenesis, methylamine/dimethylamine/trimethylamine => methane	Previous algorithm: distinct-gene set coverage	23	1	4.34782608695652	FALSE	FALSE	IS	96.64	2.388	multi-gene partial reconstruction	1.03476821192053	4.49899222574143	FALSE	FALSE	FALSE	FALSE	FALSE	FALSE	Sensitivity estimate under random gene loss: min(100, observed gene-set coverage / MAG completeness fraction)
SY457BB-0-4_bin2	Carbon	Reductive acetyl-CoA pathway (Wood-Ljungdahl pathway)	Previous algorithm: distinct-gene set coverage	10	3	30	FALSE	FALSE	IS	96.64	2.388	multi-gene partial reconstruction	1.03476821192053	31.0430463576159	FALSE	FALSE	FALSE	FALSE	FALSE	FALSE	Sensitivity estimate under random gene loss: min(100, observed gene-set coverage / MAG completeness fraction)
SY457BB-0-4_bin2	Carbon	Reductive citrate cycle (Arnon-Buchanan cycle)	Previous algorithm: distinct-gene set coverage	43	8	18.6046511627907	FALSE	FALSE	IS	96.64	2.388	multi-gene partial reconstruction	1.03476821192053	19.2515016171261	FALSE	FALSE	FALSE	FALSE	FALSE	FALSE	Sensitivity estimate under random gene loss: min(100, observed gene-set coverage / MAG completeness fraction)
SY457BB-0-4_bin2	Nitrogen	Assimilatory nitrate reduction, nitrate => ammonia	Previous algorithm: distinct-gene set coverage	6	0	0	FALSE	FALSE	IS	96.64	2.388	multi-gene partial reconstruction	1.03476821192053	0	FALSE	FALSE	FALSE	FALSE	FALSE	FALSE	Sensitivity estimate under random gene loss: min(100, observed gene-set coverage / MAG completeness fraction)
SY457BB-0-4_bin2	Nitrogen	Complete nitrification, comammox, ammonia => nitrite => nitrate	Previous algorithm: distinct-gene set coverage	6	0	0	FALSE	FALSE	IS	96.64	2.388	multi-gene partial reconstruction	1.03476821192053	0	FALSE	FALSE	FALSE	FALSE	FALSE	FALSE	Sensitivity estimate under random gene loss: min(100, observed gene-set coverage / MAG completeness fraction)
SY457BB-0-4_bin2	Nitrogen	Denitrification, nitrate => nitrogen	Previous algorithm: distinct-gene set coverage	11	4	36.3636363636364	FALSE	FALSE	IS	96.64	2.388	multi-gene partial reconstruction	1.03476821192053	37.6279349789284	FALSE	FALSE	FALSE	FALSE	FALSE	FALSE	Sensitivity estimate under random gene loss: min(100, observed gene-set coverage / MAG completeness fraction)
SY457BB-0-4_bin2	Nitrogen	Dissimilatory nitrate reduction, nitrate => ammonia	Previous algorithm: distinct-gene set coverage	9	3	33.3333333333333	FALSE	FALSE	IS	96.64	2.388	multi-gene partial reconstruction	1.03476821192053	34.4922737306843	FALSE	FALSE	FALSE	FALSE	FALSE	FALSE	Sensitivity estimate under random gene loss: min(100, observed gene-set coverage / MAG completeness fraction)
SY457BB-0-4_bin2	Nitrogen	Nitrate assimilation	Previous algorithm: distinct-gene set coverage	1	1	100	TRUE	TRUE	IS	96.64	2.388	multi-gene partial reconstruction	1.03476821192053	100	TRUE	TRUE	FALSE	TRUE	TRUE	FALSE	Sensitivity estimate under random gene loss: min(100, observed gene-set coverage / MAG completeness fraction)
SY457BB-0-4_bin2	Nitrogen	Nitrification, ammonia => nitrite	Previous algorithm: distinct-gene set coverage	8	0	0	FALSE	FALSE	IS	96.64	2.388	multi-gene partial reconstruction	1.03476821192053	0	FALSE	FALSE	FALSE	FALSE	FALSE	FALSE	Sensitivity estimate under random gene loss: min(100, observed gene-set coverage / MAG completeness fraction)
SY457BB-0-4_bin2	Nitrogen	Nitrogen fixation, nitrogen => ammonia	Previous algorithm: distinct-gene set coverage	8	0	0	FALSE	FALSE	IS	96.64	2.388	multi-gene partial reconstruction	1.03476821192053	0	FALSE	FALSE	FALSE	FALSE	FALSE	FALSE	Sensitivity estimate under random gene loss: min(100, observed gene-set coverage / MAG completeness fraction)
SY457BB-0-4_bin2	Nitrogen	nitrite + ammonia => nitrogen	Previous algorithm: distinct-gene set coverage	9	1	11.1111111111111	FALSE	FALSE	IS	96.64	2.388	multi-gene partial reconstruction	1.03476821192053	11.4974245768948	FALSE	FALSE	FALSE	FALSE	FALSE	FALSE	Sensitivity estimate under random gene loss: min(100, observed gene-set coverage / MAG completeness fraction)
SY457BB-0-4_bin2	Sulfur	Assimilatory sulfate reduction, sulfate => H2S	Previous algorithm: distinct-gene set coverage	10	1	10	FALSE	FALSE	IS	96.64	2.388	multi-gene partial reconstruction	1.03476821192053	10.3476821192053	FALSE	FALSE	FALSE	FALSE	FALSE	FALSE	Sensitivity estimate under random gene loss: min(100, observed gene-set coverage / MAG completeness fraction)
SY457BB-0-4_bin2	Sulfur	Dissimilatory sulfate reduction, sulfate => H2S	Previous algorithm: distinct-gene set coverage	7	5	71.4285714285714	TRUE	FALSE	IS	96.64	2.388	multi-gene partial reconstruction	1.03476821192053	73.9120151371807	TRUE	TRUE	FALSE	FALSE	FALSE	FALSE	Sensitivity estimate under random gene loss: min(100, observed gene-set coverage / MAG completeness fraction)
SY457BB-0-4_bin2	Sulfur	Thiosulfate oxidation by SOX complex, thiosulfate => sulfate	Previous algorithm: distinct-gene set coverage	7	1	14.2857142857143	FALSE	FALSE	IS	96.64	2.388	multi-gene partial reconstruction	1.03476821192053	14.7824030274362	FALSE	FALSE	FALSE	FALSE	FALSE	FALSE	Sensitivity estimate under random gene loss: min(100, observed gene-set coverage / MAG completeness fraction)
SY457BB-0-4_bin2	Nitrogen	Urea cycle	Previous algorithm: distinct-gene set coverage	6	3	50	TRUE	FALSE	IS	96.64	2.388	multi-gene partial reconstruction	1.03476821192053	51.7384105960265	TRUE	TRUE	FALSE	FALSE	FALSE	FALSE	Sensitivity estimate under random gene loss: min(100, observed gene-set coverage / MAG completeness fraction)
SY457BB-0-4_bin2	Nitrogen	Urea transport system	Previous algorithm: distinct-gene set coverage	5	0	0	FALSE	FALSE	IS	96.64	2.388	multi-gene partial reconstruction	1.03476821192053	0	FALSE	FALSE	FALSE	FALSE	FALSE	FALSE	Sensitivity estimate under random gene loss: min(100, observed gene-set coverage / MAG completeness fraction)
SY457BB-0-4_bin2	Sulfur	Sulfate/thiosulfate transport system	Previous algorithm: distinct-gene set coverage	5	0	0	FALSE	FALSE	IS	96.64	2.388	multi-gene partial reconstruction	1.03476821192053	0	FALSE	FALSE	FALSE	FALSE	FALSE	FALSE	Sensitivity estimate under random gene loss: min(100, observed gene-set coverage / MAG completeness fraction)
SY457BB-0-4_bin2	Sulfur	Sulfonate transport system	Previous algorithm: distinct-gene set coverage	3	0	0	FALSE	FALSE	IS	96.64	2.388	multi-gene partial reconstruction	1.03476821192053	0	FALSE	FALSE	FALSE	FALSE	FALSE	FALSE	Sensitivity estimate under random gene loss: min(100, observed gene-set coverage / MAG completeness fraction)
SY457BB-0-4_bin2	Vitamin B12	Cobalamin salvage	Previous algorithm: distinct-gene set coverage	4	1	25	FALSE	FALSE	IS	96.64	2.388	multi-gene partial reconstruction	1.03476821192053	25.8692052980132	FALSE	FALSE	FALSE	FALSE	FALSE	FALSE	Sensitivity estimate under random gene loss: min(100, observed gene-set coverage / MAG completeness fraction)
SY457BB-0-4_bin2	Vitamin B12	Vitamin B12 transport system	Previous algorithm: distinct-gene set coverage	3	0	0	FALSE	FALSE	IS	96.64	2.388	multi-gene partial reconstruction	1.03476821192053	0	FALSE	FALSE	FALSE	FALSE	FALSE	FALSE	Sensitivity estimate under random gene loss: min(100, observed gene-set coverage / MAG completeness fraction)
SY457BB-0-4_bin2	Carbon	Citrate cycle (TCA cycle, Krebs cycle)	Previous algorithm: distinct-gene set coverage	40	10	25	FALSE	FALSE	IS	96.64	2.388	multi-gene partial reconstruction	1.03476821192053	25.8692052980132	FALSE	FALSE	FALSE	FALSE	FALSE	FALSE	Sensitivity estimate under random gene loss: min(100, observed gene-set coverage / MAG completeness fraction)
SY457BB-0-4_bin2	Carbon	Citrate cycle, first carbon oxidation, oxaloacetate => 2-oxoglutarate	Previous algorithm: distinct-gene set coverage	6	2	33.3333333333333	FALSE	FALSE	IS	96.64	2.388	multi-gene partial reconstruction	1.03476821192053	34.4922737306843	FALSE	FALSE	FALSE	FALSE	FALSE	FALSE	Sensitivity estimate under random gene loss: min(100, observed gene-set coverage / MAG completeness fraction)
SY457BB-0-4_bin2	Carbon	Citrate cycle, second carbon oxidation, 2-oxoglutarate => oxaloacetate	Previous algorithm: distinct-gene set coverage	34	8	23.5294117647059	FALSE	FALSE	IS	96.64	2.388	multi-gene partial reconstruction	1.03476821192053	24.3474873393066	FALSE	FALSE	FALSE	FALSE	FALSE	FALSE	Sensitivity estimate under random gene loss: min(100, observed gene-set coverage / MAG completeness fraction)
SY457BB-0-4_bin2	Carbon	Glycolysis (Embden-Meyerhof pathway), glucose => pyruvate	Previous algorithm: distinct-gene set coverage	29	8	27.5862068965517	FALSE	FALSE	IS	96.64	2.388	multi-gene partial reconstruction	1.03476821192053	28.5453299840146	FALSE	FALSE	FALSE	FALSE	FALSE	FALSE	Sensitivity estimate under random gene loss: min(100, observed gene-set coverage / MAG completeness fraction)
SY457BB-0-4_bin2	Carbon	Glycolysis, core module involving three-carbon compounds	Previous algorithm: distinct-gene set coverage	12	6	50	TRUE	FALSE	IS	96.64	2.388	multi-gene partial reconstruction	1.03476821192053	51.7384105960265	TRUE	TRUE	FALSE	FALSE	FALSE	FALSE	Sensitivity estimate under random gene loss: min(100, observed gene-set coverage / MAG completeness fraction)
SY457BB-0-4_bin2	Carbon	Incomplete reductive citrate cycle, acetyl-CoA => oxoglutarate	Previous algorithm: distinct-gene set coverage	17	0	0	FALSE	FALSE	IS	96.64	2.388	multi-gene partial reconstruction	1.03476821192053	0	FALSE	FALSE	FALSE	FALSE	FALSE	FALSE	Sensitivity estimate under random gene loss: min(100, observed gene-set coverage / MAG completeness fraction)
SY457BB-0-4_bin2	Carbon	Pyruvate oxidation, pyruvate => acetyl-CoA	Previous algorithm: distinct-gene set coverage	11	3	27.2727272727273	FALSE	FALSE	IS	96.64	2.388	multi-gene partial reconstruction	1.03476821192053	28.2209512341963	FALSE	FALSE	FALSE	FALSE	FALSE	FALSE	Sensitivity estimate under random gene loss: min(100, observed gene-set coverage / MAG completeness fraction)
SY457BB-0-4_bin2	Carbon	TCA /Reductive TCA	Previous algorithm: distinct-gene set coverage	1	0	0	FALSE	FALSE	IS	96.64	2.388	multi-gene partial reconstruction	1.03476821192053	0	FALSE	FALSE	FALSE	FALSE	FALSE	FALSE	Sensitivity estimate under random gene loss: min(100, observed gene-set coverage / MAG completeness fraction)
SY457BB-0-4_bin35	Motility	Flagellar Assembly (partial 36-KO reconstruction)	Previous algorithm: distinct-gene set coverage	36	13	36.1111111111111	FALSE	FALSE	IS	83.94	7.843	multi-gene partial reconstruction	1.19132713843221	43.0201466656077	FALSE	FALSE	FALSE	FALSE	FALSE	FALSE	Sensitivity estimate under random gene loss: min(100, observed gene-set coverage / MAG completeness fraction)
SY457BB-0-4_bin35	Vitamin B12	Cobalamin biosynthesis, cobinamide => cobalamin	Previous algorithm: distinct-gene set coverage	8	6	75	TRUE	TRUE	IS	83.94	7.843	multi-gene partial reconstruction	1.19132713843221	89.349535382416	TRUE	TRUE	FALSE	TRUE	TRUE	FALSE	Sensitivity estimate under random gene loss: min(100, observed gene-set coverage / MAG completeness fraction)
SY457BB-0-4_bin35	Vitamin B12	Cobalamin biosynthesis, precorrin2 => cobinamide	Previous algorithm: distinct-gene set coverage	25	11	44	FALSE	FALSE	IS	83.94	7.843	multi-gene partial reconstruction	1.19132713843221	52.4183940910174	FALSE	TRUE	TRUE	FALSE	FALSE	FALSE	Sensitivity estimate under random gene loss: min(100, observed gene-set coverage / MAG completeness fraction)
SY457BB-0-4_bin35	Carbon	Acetyl-CoA pathway, CO2 => acetyl-CoA	Previous algorithm: distinct-gene set coverage	5	0	0	FALSE	FALSE	IS	83.94	7.843	multi-gene partial reconstruction	1.19132713843221	0	FALSE	FALSE	FALSE	FALSE	FALSE	FALSE	Sensitivity estimate under random gene loss: min(100, observed gene-set coverage / MAG completeness fraction)
SY457BB-0-4_bin35	Carbon	Methane oxidation, methanotroph, methane => formaldehyde	Previous algorithm: distinct-gene set coverage	12	0	0	FALSE	FALSE	IS	83.94	7.843	multi-gene partial reconstruction	1.19132713843221	0	FALSE	FALSE	FALSE	FALSE	FALSE	FALSE	Sensitivity estimate under random gene loss: min(100, observed gene-set coverage / MAG completeness fraction)
SY457BB-0-4_bin35	Carbon	Methanogenesis, CO2 => methane	Previous algorithm: distinct-gene set coverage	37	0	0	FALSE	FALSE	IS	83.94	7.843	multi-gene partial reconstruction	1.19132713843221	0	FALSE	FALSE	FALSE	FALSE	FALSE	FALSE	Sensitivity estimate under random gene loss: min(100, observed gene-set coverage / MAG completeness fraction)
SY457BB-0-4_bin35	Carbon	Methanogenesis, acetate => methane	Previous algorithm: distinct-gene set coverage	31	1	3.2258064516129	FALSE	FALSE	IS	83.94	7.843	multi-gene partial reconstruction	1.19132713843221	3.84299076913617	FALSE	FALSE	FALSE	FALSE	FALSE	FALSE	Sensitivity estimate under random gene loss: min(100, observed gene-set coverage / MAG completeness fraction)
SY457BB-0-4_bin35	Carbon	Methanogenesis, methanethiol => methane	Previous algorithm: distinct-gene set coverage	1	0	0	FALSE	FALSE	IS	83.94	7.843	multi-gene partial reconstruction	1.19132713843221	0	FALSE	FALSE	FALSE	FALSE	FALSE	FALSE	Sensitivity estimate under random gene loss: min(100, observed gene-set coverage / MAG completeness fraction)
SY457BB-0-4_bin35	Carbon	Methanogenesis, methanol => methane	Previous algorithm: distinct-gene set coverage	19	0	0	FALSE	FALSE	IS	83.94	7.843	multi-gene partial reconstruction	1.19132713843221	0	FALSE	FALSE	FALSE	FALSE	FALSE	FALSE	Sensitivity estimate under random gene loss: min(100, observed gene-set coverage / MAG completeness fraction)
SY457BB-0-4_bin35	Carbon	Methanogenesis, methylamine/dimethylamine/trimethylamine => methane	Previous algorithm: distinct-gene set coverage	23	0	0	FALSE	FALSE	IS	83.94	7.843	multi-gene partial reconstruction	1.19132713843221	0	FALSE	FALSE	FALSE	FALSE	FALSE	FALSE	Sensitivity estimate under random gene loss: min(100, observed gene-set coverage / MAG completeness fraction)
SY457BB-0-4_bin35	Carbon	Reductive acetyl-CoA pathway (Wood-Ljungdahl pathway)	Previous algorithm: distinct-gene set coverage	10	2	20	FALSE	FALSE	IS	83.94	7.843	multi-gene partial reconstruction	1.19132713843221	23.8265427686443	FALSE	FALSE	FALSE	FALSE	FALSE	FALSE	Sensitivity estimate under random gene loss: min(100, observed gene-set coverage / MAG completeness fraction)
SY457BB-0-4_bin35	Carbon	Reductive citrate cycle (Arnon-Buchanan cycle)	Previous algorithm: distinct-gene set coverage	43	9	20.9302325581395	FALSE	FALSE	IS	83.94	7.843	multi-gene partial reconstruction	1.19132713843221	24.9347540602091	FALSE	FALSE	FALSE	FALSE	FALSE	FALSE	Sensitivity estimate under random gene loss: min(100, observed gene-set coverage / MAG completeness fraction)
SY457BB-0-4_bin35	Nitrogen	Assimilatory nitrate reduction, nitrate => ammonia	Previous algorithm: distinct-gene set coverage	6	0	0	FALSE	FALSE	IS	83.94	7.843	multi-gene partial reconstruction	1.19132713843221	0	FALSE	FALSE	FALSE	FALSE	FALSE	FALSE	Sensitivity estimate under random gene loss: min(100, observed gene-set coverage / MAG completeness fraction)
SY457BB-0-4_bin35	Nitrogen	Complete nitrification, comammox, ammonia => nitrite => nitrate	Previous algorithm: distinct-gene set coverage	6	0	0	FALSE	FALSE	IS	83.94	7.843	multi-gene partial reconstruction	1.19132713843221	0	FALSE	FALSE	FALSE	FALSE	FALSE	FALSE	Sensitivity estimate under random gene loss: min(100, observed gene-set coverage / MAG completeness fraction)
SY457BB-0-4_bin35	Nitrogen	Denitrification, nitrate => nitrogen	Previous algorithm: distinct-gene set coverage	11	4	36.3636363636364	FALSE	FALSE	IS	83.94	7.843	multi-gene partial reconstruction	1.19132713843221	43.3209868520805	FALSE	FALSE	FALSE	FALSE	FALSE	FALSE	Sensitivity estimate under random gene loss: min(100, observed gene-set coverage / MAG completeness fraction)
SY457BB-0-4_bin35	Nitrogen	Dissimilatory nitrate reduction, nitrate => ammonia	Previous algorithm: distinct-gene set coverage	9	2	22.2222222222222	FALSE	FALSE	IS	83.94	7.843	multi-gene partial reconstruction	1.19132713843221	26.4739364096047	FALSE	FALSE	FALSE	FALSE	FALSE	FALSE	Sensitivity estimate under random gene loss: min(100, observed gene-set coverage / MAG completeness fraction)
SY457BB-0-4_bin35	Nitrogen	Nitrate assimilation	Previous algorithm: distinct-gene set coverage	1	1	100	TRUE	TRUE	IS	83.94	7.843	multi-gene partial reconstruction	1.19132713843221	100	TRUE	TRUE	FALSE	TRUE	TRUE	FALSE	Sensitivity estimate under random gene loss: min(100, observed gene-set coverage / MAG completeness fraction)
SY457BB-0-4_bin35	Nitrogen	Nitrification, ammonia => nitrite	Previous algorithm: distinct-gene set coverage	8	0	0	FALSE	FALSE	IS	83.94	7.843	multi-gene partial reconstruction	1.19132713843221	0	FALSE	FALSE	FALSE	FALSE	FALSE	FALSE	Sensitivity estimate under random gene loss: min(100, observed gene-set coverage / MAG completeness fraction)
SY457BB-0-4_bin35	Nitrogen	Nitrogen fixation, nitrogen => ammonia	Previous algorithm: distinct-gene set coverage	8	0	0	FALSE	FALSE	IS	83.94	7.843	multi-gene partial reconstruction	1.19132713843221	0	FALSE	FALSE	FALSE	FALSE	FALSE	FALSE	Sensitivity estimate under random gene loss: min(100, observed gene-set coverage / MAG completeness fraction)
SY457BB-0-4_bin35	Nitrogen	nitrite + ammonia => nitrogen	Previous algorithm: distinct-gene set coverage	9	1	11.1111111111111	FALSE	FALSE	IS	83.94	7.843	multi-gene partial reconstruction	1.19132713843221	13.2369682048024	FALSE	FALSE	FALSE	FALSE	FALSE	FALSE	Sensitivity estimate under random gene loss: min(100, observed gene-set coverage / MAG completeness fraction)
SY457BB-0-4_bin35	Sulfur	Assimilatory sulfate reduction, sulfate => H2S	Previous algorithm: distinct-gene set coverage	10	2	20	FALSE	FALSE	IS	83.94	7.843	multi-gene partial reconstruction	1.19132713843221	23.8265427686443	FALSE	FALSE	FALSE	FALSE	FALSE	FALSE	Sensitivity estimate under random gene loss: min(100, observed gene-set coverage / MAG completeness fraction)
SY457BB-0-4_bin35	Sulfur	Dissimilatory sulfate reduction, sulfate => H2S	Previous algorithm: distinct-gene set coverage	7	1	14.2857142857143	FALSE	FALSE	IS	83.94	7.843	multi-gene partial reconstruction	1.19132713843221	17.0189591204602	FALSE	FALSE	FALSE	FALSE	FALSE	FALSE	Sensitivity estimate under random gene loss: min(100, observed gene-set coverage / MAG completeness fraction)
SY457BB-0-4_bin35	Sulfur	Thiosulfate oxidation by SOX complex, thiosulfate => sulfate	Previous algorithm: distinct-gene set coverage	7	0	0	FALSE	FALSE	IS	83.94	7.843	multi-gene partial reconstruction	1.19132713843221	0	FALSE	FALSE	FALSE	FALSE	FALSE	FALSE	Sensitivity estimate under random gene loss: min(100, observed gene-set coverage / MAG completeness fraction)
SY457BB-0-4_bin35	Nitrogen	Urea cycle	Previous algorithm: distinct-gene set coverage	6	3	50	TRUE	FALSE	IS	83.94	7.843	multi-gene partial reconstruction	1.19132713843221	59.5663569216107	TRUE	TRUE	FALSE	FALSE	FALSE	FALSE	Sensitivity estimate under random gene loss: min(100, observed gene-set coverage / MAG completeness fraction)
SY457BB-0-4_bin35	Nitrogen	Urea transport system	Previous algorithm: distinct-gene set coverage	5	0	0	FALSE	FALSE	IS	83.94	7.843	multi-gene partial reconstruction	1.19132713843221	0	FALSE	FALSE	FALSE	FALSE	FALSE	FALSE	Sensitivity estimate under random gene loss: min(100, observed gene-set coverage / MAG completeness fraction)
SY457BB-0-4_bin35	Sulfur	Sulfate/thiosulfate transport system	Previous algorithm: distinct-gene set coverage	5	0	0	FALSE	FALSE	IS	83.94	7.843	multi-gene partial reconstruction	1.19132713843221	0	FALSE	FALSE	FALSE	FALSE	FALSE	FALSE	Sensitivity estimate under random gene loss: min(100, observed gene-set coverage / MAG completeness fraction)
SY457BB-0-4_bin35	Sulfur	Sulfonate transport system	Previous algorithm: distinct-gene set coverage	3	1	33.3333333333333	FALSE	FALSE	IS	83.94	7.843	multi-gene partial reconstruction	1.19132713843221	39.7109046144071	FALSE	FALSE	FALSE	FALSE	FALSE	FALSE	Sensitivity estimate under random gene loss: min(100, observed gene-set coverage / MAG completeness fraction)
SY457BB-0-4_bin35	Vitamin B12	Cobalamin salvage	Previous algorithm: distinct-gene set coverage	4	0	0	FALSE	FALSE	IS	83.94	7.843	multi-gene partial reconstruction	1.19132713843221	0	FALSE	FALSE	FALSE	FALSE	FALSE	FALSE	Sensitivity estimate under random gene loss: min(100, observed gene-set coverage / MAG completeness fraction)
SY457BB-0-4_bin35	Vitamin B12	Vitamin B12 transport system	Previous algorithm: distinct-gene set coverage	3	0	0	FALSE	FALSE	IS	83.94	7.843	multi-gene partial reconstruction	1.19132713843221	0	FALSE	FALSE	FALSE	FALSE	FALSE	FALSE	Sensitivity estimate under random gene loss: min(100, observed gene-set coverage / MAG completeness fraction)
SY457BB-0-4_bin35	Carbon	Citrate cycle (TCA cycle, Krebs cycle)	Previous algorithm: distinct-gene set coverage	40	11	27.5	FALSE	FALSE	IS	83.94	7.843	multi-gene partial reconstruction	1.19132713843221	32.7614963068859	FALSE	FALSE	FALSE	FALSE	FALSE	FALSE	Sensitivity estimate under random gene loss: min(100, observed gene-set coverage / MAG completeness fraction)
SY457BB-0-4_bin35	Carbon	Citrate cycle, first carbon oxidation, oxaloacetate => 2-oxoglutarate	Previous algorithm: distinct-gene set coverage	6	1	16.6666666666667	FALSE	FALSE	IS	83.94	7.843	multi-gene partial reconstruction	1.19132713843221	19.8554523072036	FALSE	FALSE	FALSE	FALSE	FALSE	FALSE	Sensitivity estimate under random gene loss: min(100, observed gene-set coverage / MAG completeness fraction)
SY457BB-0-4_bin35	Carbon	Citrate cycle, second carbon oxidation, 2-oxoglutarate => oxaloacetate	Previous algorithm: distinct-gene set coverage	34	10	29.4117647058824	FALSE	FALSE	IS	83.94	7.843	multi-gene partial reconstruction	1.19132713843221	35.0390334833005	FALSE	FALSE	FALSE	FALSE	FALSE	FALSE	Sensitivity estimate under random gene loss: min(100, observed gene-set coverage / MAG completeness fraction)
SY457BB-0-4_bin35	Carbon	Glycolysis (Embden-Meyerhof pathway), glucose => pyruvate	Previous algorithm: distinct-gene set coverage	29	7	24.1379310344828	FALSE	FALSE	IS	83.94	7.843	multi-gene partial reconstruction	1.19132713843221	28.7561723069845	FALSE	FALSE	FALSE	FALSE	FALSE	FALSE	Sensitivity estimate under random gene loss: min(100, observed gene-set coverage / MAG completeness fraction)
SY457BB-0-4_bin35	Carbon	Glycolysis, core module involving three-carbon compounds	Previous algorithm: distinct-gene set coverage	12	5	41.6666666666667	FALSE	FALSE	IS	83.94	7.843	multi-gene partial reconstruction	1.19132713843221	49.6386307680089	FALSE	FALSE	FALSE	FALSE	FALSE	FALSE	Sensitivity estimate under random gene loss: min(100, observed gene-set coverage / MAG completeness fraction)
SY457BB-0-4_bin35	Carbon	Incomplete reductive citrate cycle, acetyl-CoA => oxoglutarate	Previous algorithm: distinct-gene set coverage	17	2	11.7647058823529	FALSE	FALSE	IS	83.94	7.843	multi-gene partial reconstruction	1.19132713843221	14.0156133933201	FALSE	FALSE	FALSE	FALSE	FALSE	FALSE	Sensitivity estimate under random gene loss: min(100, observed gene-set coverage / MAG completeness fraction)
SY457BB-0-4_bin35	Carbon	Pyruvate oxidation, pyruvate => acetyl-CoA	Previous algorithm: distinct-gene set coverage	11	3	27.2727272727273	FALSE	FALSE	IS	83.94	7.843	multi-gene partial reconstruction	1.19132713843221	32.4907401390604	FALSE	FALSE	FALSE	FALSE	FALSE	FALSE	Sensitivity estimate under random gene loss: min(100, observed gene-set coverage / MAG completeness fraction)
SY457BB-0-4_bin35	Carbon	TCA /Reductive TCA	Previous algorithm: distinct-gene set coverage	1	0	0	FALSE	FALSE	IS	83.94	7.843	multi-gene partial reconstruction	1.19132713843221	0	FALSE	FALSE	FALSE	FALSE	FALSE	FALSE	Sensitivity estimate under random gene loss: min(100, observed gene-set coverage / MAG completeness fraction)
SY457BB-0-4_bin6	Motility	Flagellar Assembly (partial 36-KO reconstruction)	Previous algorithm: distinct-gene set coverage	36	23	63.8888888888889	TRUE	FALSE	IS	98.47	1.727	multi-gene partial reconstruction	1.01553772722657	64.8815770172529	TRUE	TRUE	FALSE	FALSE	FALSE	FALSE	Sensitivity estimate under random gene loss: min(100, observed gene-set coverage / MAG completeness fraction)
SY457BB-0-4_bin6	Vitamin B12	Cobalamin biosynthesis, cobinamide => cobalamin	Previous algorithm: distinct-gene set coverage	8	6	75	TRUE	TRUE	IS	98.47	1.727	multi-gene partial reconstruction	1.01553772722657	76.1653295419925	TRUE	TRUE	FALSE	TRUE	TRUE	FALSE	Sensitivity estimate under random gene loss: min(100, observed gene-set coverage / MAG completeness fraction)
SY457BB-0-4_bin6	Vitamin B12	Cobalamin biosynthesis, precorrin2 => cobinamide	Previous algorithm: distinct-gene set coverage	25	14	56	TRUE	FALSE	IS	98.47	1.727	multi-gene partial reconstruction	1.01553772722657	56.8701127246877	TRUE	TRUE	FALSE	FALSE	FALSE	FALSE	Sensitivity estimate under random gene loss: min(100, observed gene-set coverage / MAG completeness fraction)
SY457BB-0-4_bin6	Carbon	Acetyl-CoA pathway, CO2 => acetyl-CoA	Previous algorithm: distinct-gene set coverage	5	0	0	FALSE	FALSE	IS	98.47	1.727	multi-gene partial reconstruction	1.01553772722657	0	FALSE	FALSE	FALSE	FALSE	FALSE	FALSE	Sensitivity estimate under random gene loss: min(100, observed gene-set coverage / MAG completeness fraction)
SY457BB-0-4_bin6	Carbon	Methane oxidation, methanotroph, methane => formaldehyde	Previous algorithm: distinct-gene set coverage	12	0	0	FALSE	FALSE	IS	98.47	1.727	multi-gene partial reconstruction	1.01553772722657	0	FALSE	FALSE	FALSE	FALSE	FALSE	FALSE	Sensitivity estimate under random gene loss: min(100, observed gene-set coverage / MAG completeness fraction)
SY457BB-0-4_bin6	Carbon	Methanogenesis, CO2 => methane	Previous algorithm: distinct-gene set coverage	37	0	0	FALSE	FALSE	IS	98.47	1.727	multi-gene partial reconstruction	1.01553772722657	0	FALSE	FALSE	FALSE	FALSE	FALSE	FALSE	Sensitivity estimate under random gene loss: min(100, observed gene-set coverage / MAG completeness fraction)
SY457BB-0-4_bin6	Carbon	Methanogenesis, acetate => methane	Previous algorithm: distinct-gene set coverage	31	2	6.45161290322581	FALSE	FALSE	IS	98.47	1.727	multi-gene partial reconstruction	1.01553772722657	6.55185630468753	FALSE	FALSE	FALSE	FALSE	FALSE	FALSE	Sensitivity estimate under random gene loss: min(100, observed gene-set coverage / MAG completeness fraction)
SY457BB-0-4_bin6	Carbon	Methanogenesis, methanethiol => methane	Previous algorithm: distinct-gene set coverage	1	0	0	FALSE	FALSE	IS	98.47	1.727	multi-gene partial reconstruction	1.01553772722657	0	FALSE	FALSE	FALSE	FALSE	FALSE	FALSE	Sensitivity estimate under random gene loss: min(100, observed gene-set coverage / MAG completeness fraction)
SY457BB-0-4_bin6	Carbon	Methanogenesis, methanol => methane	Previous algorithm: distinct-gene set coverage	19	0	0	FALSE	FALSE	IS	98.47	1.727	multi-gene partial reconstruction	1.01553772722657	0	FALSE	FALSE	FALSE	FALSE	FALSE	FALSE	Sensitivity estimate under random gene loss: min(100, observed gene-set coverage / MAG completeness fraction)
SY457BB-0-4_bin6	Carbon	Methanogenesis, methylamine/dimethylamine/trimethylamine => methane	Previous algorithm: distinct-gene set coverage	23	1	4.34782608695652	FALSE	FALSE	IS	98.47	1.727	multi-gene partial reconstruction	1.01553772722657	4.4153814227242	FALSE	FALSE	FALSE	FALSE	FALSE	FALSE	Sensitivity estimate under random gene loss: min(100, observed gene-set coverage / MAG completeness fraction)
SY457BB-0-4_bin6	Carbon	Reductive acetyl-CoA pathway (Wood-Ljungdahl pathway)	Previous algorithm: distinct-gene set coverage	10	3	30	FALSE	FALSE	IS	98.47	1.727	multi-gene partial reconstruction	1.01553772722657	30.466131816797	FALSE	FALSE	FALSE	FALSE	FALSE	FALSE	Sensitivity estimate under random gene loss: min(100, observed gene-set coverage / MAG completeness fraction)
SY457BB-0-4_bin6	Carbon	Reductive citrate cycle (Arnon-Buchanan cycle)	Previous algorithm: distinct-gene set coverage	43	15	34.8837209302326	FALSE	FALSE	IS	98.47	1.727	multi-gene partial reconstruction	1.01553772722657	35.4257346706942	FALSE	FALSE	FALSE	FALSE	FALSE	FALSE	Sensitivity estimate under random gene loss: min(100, observed gene-set coverage / MAG completeness fraction)
SY457BB-0-4_bin6	Nitrogen	Assimilatory nitrate reduction, nitrate => ammonia	Previous algorithm: distinct-gene set coverage	6	0	0	FALSE	FALSE	IS	98.47	1.727	multi-gene partial reconstruction	1.01553772722657	0	FALSE	FALSE	FALSE	FALSE	FALSE	FALSE	Sensitivity estimate under random gene loss: min(100, observed gene-set coverage / MAG completeness fraction)
SY457BB-0-4_bin6	Nitrogen	Complete nitrification, comammox, ammonia => nitrite => nitrate	Previous algorithm: distinct-gene set coverage	6	0	0	FALSE	FALSE	IS	98.47	1.727	multi-gene partial reconstruction	1.01553772722657	0	FALSE	FALSE	FALSE	FALSE	FALSE	FALSE	Sensitivity estimate under random gene loss: min(100, observed gene-set coverage / MAG completeness fraction)
SY457BB-0-4_bin6	Nitrogen	Denitrification, nitrate => nitrogen	Previous algorithm: distinct-gene set coverage	11	5	45.4545454545455	FALSE	FALSE	IS	98.47	1.727	multi-gene partial reconstruction	1.01553772722657	46.1608057830258	FALSE	FALSE	FALSE	FALSE	FALSE	FALSE	Sensitivity estimate under random gene loss: min(100, observed gene-set coverage / MAG completeness fraction)
SY457BB-0-4_bin6	Nitrogen	Dissimilatory nitrate reduction, nitrate => ammonia	Previous algorithm: distinct-gene set coverage	9	2	22.2222222222222	FALSE	FALSE	IS	98.47	1.727	multi-gene partial reconstruction	1.01553772722657	22.5675050494792	FALSE	FALSE	FALSE	FALSE	FALSE	FALSE	Sensitivity estimate under random gene loss: min(100, observed gene-set coverage / MAG completeness fraction)
SY457BB-0-4_bin6	Nitrogen	Nitrate assimilation	Previous algorithm: distinct-gene set coverage	1	1	100	TRUE	TRUE	IS	98.47	1.727	multi-gene partial reconstruction	1.01553772722657	100	TRUE	TRUE	FALSE	TRUE	TRUE	FALSE	Sensitivity estimate under random gene loss: min(100, observed gene-set coverage / MAG completeness fraction)
SY457BB-0-4_bin6	Nitrogen	Nitrification, ammonia => nitrite	Previous algorithm: distinct-gene set coverage	8	0	0	FALSE	FALSE	IS	98.47	1.727	multi-gene partial reconstruction	1.01553772722657	0	FALSE	FALSE	FALSE	FALSE	FALSE	FALSE	Sensitivity estimate under random gene loss: min(100, observed gene-set coverage / MAG completeness fraction)
SY457BB-0-4_bin6	Nitrogen	Nitrogen fixation, nitrogen => ammonia	Previous algorithm: distinct-gene set coverage	8	0	0	FALSE	FALSE	IS	98.47	1.727	multi-gene partial reconstruction	1.01553772722657	0	FALSE	FALSE	FALSE	FALSE	FALSE	FALSE	Sensitivity estimate under random gene loss: min(100, observed gene-set coverage / MAG completeness fraction)
SY457BB-0-4_bin6	Nitrogen	nitrite + ammonia => nitrogen	Previous algorithm: distinct-gene set coverage	9	1	11.1111111111111	FALSE	FALSE	IS	98.47	1.727	multi-gene partial reconstruction	1.01553772722657	11.2837525247396	FALSE	FALSE	FALSE	FALSE	FALSE	FALSE	Sensitivity estimate under random gene loss: min(100, observed gene-set coverage / MAG completeness fraction)
SY457BB-0-4_bin6	Sulfur	Assimilatory sulfate reduction, sulfate => H2S	Previous algorithm: distinct-gene set coverage	10	3	30	FALSE	FALSE	IS	98.47	1.727	multi-gene partial reconstruction	1.01553772722657	30.466131816797	FALSE	FALSE	FALSE	FALSE	FALSE	FALSE	Sensitivity estimate under random gene loss: min(100, observed gene-set coverage / MAG completeness fraction)
SY457BB-0-4_bin6	Sulfur	Dissimilatory sulfate reduction, sulfate => H2S	Previous algorithm: distinct-gene set coverage	7	3	42.8571428571429	FALSE	FALSE	IS	98.47	1.727	multi-gene partial reconstruction	1.01553772722657	43.5230454525672	FALSE	FALSE	FALSE	FALSE	FALSE	FALSE	Sensitivity estimate under random gene loss: min(100, observed gene-set coverage / MAG completeness fraction)
SY457BB-0-4_bin6	Sulfur	Thiosulfate oxidation by SOX complex, thiosulfate => sulfate	Previous algorithm: distinct-gene set coverage	7	0	0	FALSE	FALSE	IS	98.47	1.727	multi-gene partial reconstruction	1.01553772722657	0	FALSE	FALSE	FALSE	FALSE	FALSE	FALSE	Sensitivity estimate under random gene loss: min(100, observed gene-set coverage / MAG completeness fraction)
SY457BB-0-4_bin6	Nitrogen	Urea cycle	Previous algorithm: distinct-gene set coverage	6	4	66.6666666666667	TRUE	FALSE	IS	98.47	1.727	multi-gene partial reconstruction	1.01553772722657	67.7025151484378	TRUE	TRUE	FALSE	FALSE	FALSE	FALSE	Sensitivity estimate under random gene loss: min(100, observed gene-set coverage / MAG completeness fraction)
SY457BB-0-4_bin6	Nitrogen	Urea transport system	Previous algorithm: distinct-gene set coverage	5	0	0	FALSE	FALSE	IS	98.47	1.727	multi-gene partial reconstruction	1.01553772722657	0	FALSE	FALSE	FALSE	FALSE	FALSE	FALSE	Sensitivity estimate under random gene loss: min(100, observed gene-set coverage / MAG completeness fraction)
SY457BB-0-4_bin6	Sulfur	Sulfate/thiosulfate transport system	Previous algorithm: distinct-gene set coverage	5	0	0	FALSE	FALSE	IS	98.47	1.727	multi-gene partial reconstruction	1.01553772722657	0	FALSE	FALSE	FALSE	FALSE	FALSE	FALSE	Sensitivity estimate under random gene loss: min(100, observed gene-set coverage / MAG completeness fraction)
SY457BB-0-4_bin6	Sulfur	Sulfonate transport system	Previous algorithm: distinct-gene set coverage	3	0	0	FALSE	FALSE	IS	98.47	1.727	multi-gene partial reconstruction	1.01553772722657	0	FALSE	FALSE	FALSE	FALSE	FALSE	FALSE	Sensitivity estimate under random gene loss: min(100, observed gene-set coverage / MAG completeness fraction)
SY457BB-0-4_bin6	Vitamin B12	Cobalamin salvage	Previous algorithm: distinct-gene set coverage	4	0	0	FALSE	FALSE	IS	98.47	1.727	multi-gene partial reconstruction	1.01553772722657	0	FALSE	FALSE	FALSE	FALSE	FALSE	FALSE	Sensitivity estimate under random gene loss: min(100, observed gene-set coverage / MAG completeness fraction)
SY457BB-0-4_bin6	Vitamin B12	Vitamin B12 transport system	Previous algorithm: distinct-gene set coverage	3	0	0	FALSE	FALSE	IS	98.47	1.727	multi-gene partial reconstruction	1.01553772722657	0	FALSE	FALSE	FALSE	FALSE	FALSE	FALSE	Sensitivity estimate under random gene loss: min(100, observed gene-set coverage / MAG completeness fraction)
SY457BB-0-4_bin6	Carbon	Citrate cycle (TCA cycle, Krebs cycle)	Previous algorithm: distinct-gene set coverage	40	17	42.5	FALSE	FALSE	IS	98.47	1.727	multi-gene partial reconstruction	1.01553772722657	43.1603534071291	FALSE	FALSE	FALSE	FALSE	FALSE	FALSE	Sensitivity estimate under random gene loss: min(100, observed gene-set coverage / MAG completeness fraction)
SY457BB-0-4_bin6	Carbon	Citrate cycle, first carbon oxidation, oxaloacetate => 2-oxoglutarate	Previous algorithm: distinct-gene set coverage	6	2	33.3333333333333	FALSE	FALSE	IS	98.47	1.727	multi-gene partial reconstruction	1.01553772722657	33.8512575742188	FALSE	FALSE	FALSE	FALSE	FALSE	FALSE	Sensitivity estimate under random gene loss: min(100, observed gene-set coverage / MAG completeness fraction)
SY457BB-0-4_bin6	Carbon	Citrate cycle, second carbon oxidation, 2-oxoglutarate => oxaloacetate	Previous algorithm: distinct-gene set coverage	34	15	44.1176470588235	FALSE	FALSE	IS	98.47	1.727	multi-gene partial reconstruction	1.01553772722657	44.8031350247014	FALSE	FALSE	FALSE	FALSE	FALSE	FALSE	Sensitivity estimate under random gene loss: min(100, observed gene-set coverage / MAG completeness fraction)
SY457BB-0-4_bin6	Carbon	Glycolysis (Embden-Meyerhof pathway), glucose => pyruvate	Previous algorithm: distinct-gene set coverage	29	9	31.0344827586207	FALSE	FALSE	IS	98.47	1.727	multi-gene partial reconstruction	1.01553772722657	31.5166880863417	FALSE	FALSE	FALSE	FALSE	FALSE	FALSE	Sensitivity estimate under random gene loss: min(100, observed gene-set coverage / MAG completeness fraction)
SY457BB-0-4_bin6	Carbon	Glycolysis, core module involving three-carbon compounds	Previous algorithm: distinct-gene set coverage	12	6	50	TRUE	FALSE	IS	98.47	1.727	multi-gene partial reconstruction	1.01553772722657	50.7768863613283	TRUE	TRUE	FALSE	FALSE	FALSE	FALSE	Sensitivity estimate under random gene loss: min(100, observed gene-set coverage / MAG completeness fraction)
SY457BB-0-4_bin6	Carbon	Incomplete reductive citrate cycle, acetyl-CoA => oxoglutarate	Previous algorithm: distinct-gene set coverage	17	4	23.5294117647059	FALSE	FALSE	IS	98.47	1.727	multi-gene partial reconstruction	1.01553772722657	23.8950053465075	FALSE	FALSE	FALSE	FALSE	FALSE	FALSE	Sensitivity estimate under random gene loss: min(100, observed gene-set coverage / MAG completeness fraction)
SY457BB-0-4_bin6	Carbon	Pyruvate oxidation, pyruvate => acetyl-CoA	Previous algorithm: distinct-gene set coverage	11	4	36.3636363636364	FALSE	FALSE	IS	98.47	1.727	multi-gene partial reconstruction	1.01553772722657	36.9286446264206	FALSE	FALSE	FALSE	FALSE	FALSE	FALSE	Sensitivity estimate under random gene loss: min(100, observed gene-set coverage / MAG completeness fraction)
SY457BB-0-4_bin6	Carbon	TCA /Reductive TCA	Previous algorithm: distinct-gene set coverage	1	0	0	FALSE	FALSE	IS	98.47	1.727	multi-gene partial reconstruction	1.01553772722657	0	FALSE	FALSE	FALSE	FALSE	FALSE	FALSE	Sensitivity estimate under random gene loss: min(100, observed gene-set coverage / MAG completeness fraction)
SY457BB-4-8_bin29	Motility	Flagellar Assembly (partial 36-KO reconstruction)	Previous algorithm: distinct-gene set coverage	36	0	0	FALSE	FALSE	IS	81.09	3.292	multi-gene partial reconstruction	1.23319768158836	0	FALSE	FALSE	FALSE	FALSE	FALSE	FALSE	Sensitivity estimate under random gene loss: min(100, observed gene-set coverage / MAG completeness fraction)
SY457BB-4-8_bin29	Vitamin B12	Cobalamin biosynthesis, cobinamide => cobalamin	Previous algorithm: distinct-gene set coverage	8	6	75	TRUE	TRUE	IS	81.09	3.292	multi-gene partial reconstruction	1.23319768158836	92.4898261191269	TRUE	TRUE	FALSE	TRUE	TRUE	FALSE	Sensitivity estimate under random gene loss: min(100, observed gene-set coverage / MAG completeness fraction)
SY457BB-4-8_bin29	Vitamin B12	Cobalamin biosynthesis, precorrin2 => cobinamide	Previous algorithm: distinct-gene set coverage	25	9	36	FALSE	FALSE	IS	81.09	3.292	multi-gene partial reconstruction	1.23319768158836	44.3951165371809	FALSE	FALSE	FALSE	FALSE	FALSE	FALSE	Sensitivity estimate under random gene loss: min(100, observed gene-set coverage / MAG completeness fraction)
SY457BB-4-8_bin29	Carbon	Acetyl-CoA pathway, CO2 => acetyl-CoA	Previous algorithm: distinct-gene set coverage	5	0	0	FALSE	FALSE	IS	81.09	3.292	multi-gene partial reconstruction	1.23319768158836	0	FALSE	FALSE	FALSE	FALSE	FALSE	FALSE	Sensitivity estimate under random gene loss: min(100, observed gene-set coverage / MAG completeness fraction)
SY457BB-4-8_bin29	Carbon	Methane oxidation, methanotroph, methane => formaldehyde	Previous algorithm: distinct-gene set coverage	12	0	0	FALSE	FALSE	IS	81.09	3.292	multi-gene partial reconstruction	1.23319768158836	0	FALSE	FALSE	FALSE	FALSE	FALSE	FALSE	Sensitivity estimate under random gene loss: min(100, observed gene-set coverage / MAG completeness fraction)
SY457BB-4-8_bin29	Carbon	Methanogenesis, CO2 => methane	Previous algorithm: distinct-gene set coverage	37	0	0	FALSE	FALSE	IS	81.09	3.292	multi-gene partial reconstruction	1.23319768158836	0	FALSE	FALSE	FALSE	FALSE	FALSE	FALSE	Sensitivity estimate under random gene loss: min(100, observed gene-set coverage / MAG completeness fraction)
SY457BB-4-8_bin29	Carbon	Methanogenesis, acetate => methane	Previous algorithm: distinct-gene set coverage	31	1	3.2258064516129	FALSE	FALSE	IS	81.09	3.292	multi-gene partial reconstruction	1.23319768158836	3.9780570373818	FALSE	FALSE	FALSE	FALSE	FALSE	FALSE	Sensitivity estimate under random gene loss: min(100, observed gene-set coverage / MAG completeness fraction)
SY457BB-4-8_bin29	Carbon	Methanogenesis, methanethiol => methane	Previous algorithm: distinct-gene set coverage	1	0	0	FALSE	FALSE	IS	81.09	3.292	multi-gene partial reconstruction	1.23319768158836	0	FALSE	FALSE	FALSE	FALSE	FALSE	FALSE	Sensitivity estimate under random gene loss: min(100, observed gene-set coverage / MAG completeness fraction)
SY457BB-4-8_bin29	Carbon	Methanogenesis, methanol => methane	Previous algorithm: distinct-gene set coverage	19	0	0	FALSE	FALSE	IS	81.09	3.292	multi-gene partial reconstruction	1.23319768158836	0	FALSE	FALSE	FALSE	FALSE	FALSE	FALSE	Sensitivity estimate under random gene loss: min(100, observed gene-set coverage / MAG completeness fraction)
SY457BB-4-8_bin29	Carbon	Methanogenesis, methylamine/dimethylamine/trimethylamine => methane	Previous algorithm: distinct-gene set coverage	23	1	4.34782608695652	FALSE	FALSE	IS	81.09	3.292	multi-gene partial reconstruction	1.23319768158836	5.36172905038416	FALSE	FALSE	FALSE	FALSE	FALSE	FALSE	Sensitivity estimate under random gene loss: min(100, observed gene-set coverage / MAG completeness fraction)
SY457BB-4-8_bin29	Carbon	Reductive acetyl-CoA pathway (Wood-Ljungdahl pathway)	Previous algorithm: distinct-gene set coverage	10	3	30	FALSE	FALSE	IS	81.09	3.292	multi-gene partial reconstruction	1.23319768158836	36.9959304476508	FALSE	FALSE	FALSE	FALSE	FALSE	FALSE	Sensitivity estimate under random gene loss: min(100, observed gene-set coverage / MAG completeness fraction)
SY457BB-4-8_bin29	Carbon	Reductive citrate cycle (Arnon-Buchanan cycle)	Previous algorithm: distinct-gene set coverage	43	12	27.906976744186	FALSE	FALSE	IS	81.09	3.292	multi-gene partial reconstruction	1.23319768158836	34.4148190210704	FALSE	FALSE	FALSE	FALSE	FALSE	FALSE	Sensitivity estimate under random gene loss: min(100, observed gene-set coverage / MAG completeness fraction)
SY457BB-4-8_bin29	Nitrogen	Assimilatory nitrate reduction, nitrate => ammonia	Previous algorithm: distinct-gene set coverage	6	0	0	FALSE	FALSE	IS	81.09	3.292	multi-gene partial reconstruction	1.23319768158836	0	FALSE	FALSE	FALSE	FALSE	FALSE	FALSE	Sensitivity estimate under random gene loss: min(100, observed gene-set coverage / MAG completeness fraction)
SY457BB-4-8_bin29	Nitrogen	Complete nitrification, comammox, ammonia => nitrite => nitrate	Previous algorithm: distinct-gene set coverage	6	0	0	FALSE	FALSE	IS	81.09	3.292	multi-gene partial reconstruction	1.23319768158836	0	FALSE	FALSE	FALSE	FALSE	FALSE	FALSE	Sensitivity estimate under random gene loss: min(100, observed gene-set coverage / MAG completeness fraction)
SY457BB-4-8_bin29	Nitrogen	Denitrification, nitrate => nitrogen	Previous algorithm: distinct-gene set coverage	11	2	18.1818181818182	FALSE	FALSE	IS	81.09	3.292	multi-gene partial reconstruction	1.23319768158836	22.4217760288793	FALSE	FALSE	FALSE	FALSE	FALSE	FALSE	Sensitivity estimate under random gene loss: min(100, observed gene-set coverage / MAG completeness fraction)
SY457BB-4-8_bin29	Nitrogen	Dissimilatory nitrate reduction, nitrate => ammonia	Previous algorithm: distinct-gene set coverage	9	1	11.1111111111111	FALSE	FALSE	IS	81.09	3.292	multi-gene partial reconstruction	1.23319768158836	13.7021964620929	FALSE	FALSE	FALSE	FALSE	FALSE	FALSE	Sensitivity estimate under random gene loss: min(100, observed gene-set coverage / MAG completeness fraction)
SY457BB-4-8_bin29	Nitrogen	Nitrate assimilation	Previous algorithm: distinct-gene set coverage	1	1	100	TRUE	TRUE	IS	81.09	3.292	multi-gene partial reconstruction	1.23319768158836	100	TRUE	TRUE	FALSE	TRUE	TRUE	FALSE	Sensitivity estimate under random gene loss: min(100, observed gene-set coverage / MAG completeness fraction)
SY457BB-4-8_bin29	Nitrogen	Nitrification, ammonia => nitrite	Previous algorithm: distinct-gene set coverage	8	0	0	FALSE	FALSE	IS	81.09	3.292	multi-gene partial reconstruction	1.23319768158836	0	FALSE	FALSE	FALSE	FALSE	FALSE	FALSE	Sensitivity estimate under random gene loss: min(100, observed gene-set coverage / MAG completeness fraction)
SY457BB-4-8_bin29	Nitrogen	Nitrogen fixation, nitrogen => ammonia	Previous algorithm: distinct-gene set coverage	8	0	0	FALSE	FALSE	IS	81.09	3.292	multi-gene partial reconstruction	1.23319768158836	0	FALSE	FALSE	FALSE	FALSE	FALSE	FALSE	Sensitivity estimate under random gene loss: min(100, observed gene-set coverage / MAG completeness fraction)
SY457BB-4-8_bin29	Nitrogen	nitrite + ammonia => nitrogen	Previous algorithm: distinct-gene set coverage	9	0	0	FALSE	FALSE	IS	81.09	3.292	multi-gene partial reconstruction	1.23319768158836	0	FALSE	FALSE	FALSE	FALSE	FALSE	FALSE	Sensitivity estimate under random gene loss: min(100, observed gene-set coverage / MAG completeness fraction)
SY457BB-4-8_bin29	Sulfur	Assimilatory sulfate reduction, sulfate => H2S	Previous algorithm: distinct-gene set coverage	10	3	30	FALSE	FALSE	IS	81.09	3.292	multi-gene partial reconstruction	1.23319768158836	36.9959304476508	FALSE	FALSE	FALSE	FALSE	FALSE	FALSE	Sensitivity estimate under random gene loss: min(100, observed gene-set coverage / MAG completeness fraction)
SY457BB-4-8_bin29	Sulfur	Dissimilatory sulfate reduction, sulfate => H2S	Previous algorithm: distinct-gene set coverage	7	3	42.8571428571429	FALSE	FALSE	IS	81.09	3.292	multi-gene partial reconstruction	1.23319768158836	52.8513292109297	FALSE	TRUE	TRUE	FALSE	FALSE	FALSE	Sensitivity estimate under random gene loss: min(100, observed gene-set coverage / MAG completeness fraction)
SY457BB-4-8_bin29	Sulfur	Thiosulfate oxidation by SOX complex, thiosulfate => sulfate	Previous algorithm: distinct-gene set coverage	7	0	0	FALSE	FALSE	IS	81.09	3.292	multi-gene partial reconstruction	1.23319768158836	0	FALSE	FALSE	FALSE	FALSE	FALSE	FALSE	Sensitivity estimate under random gene loss: min(100, observed gene-set coverage / MAG completeness fraction)
SY457BB-4-8_bin29	Nitrogen	Urea cycle	Previous algorithm: distinct-gene set coverage	6	3	50	TRUE	FALSE	IS	81.09	3.292	multi-gene partial reconstruction	1.23319768158836	61.6598840794179	TRUE	TRUE	FALSE	FALSE	FALSE	FALSE	Sensitivity estimate under random gene loss: min(100, observed gene-set coverage / MAG completeness fraction)
SY457BB-4-8_bin29	Nitrogen	Urea transport system	Previous algorithm: distinct-gene set coverage	5	0	0	FALSE	FALSE	IS	81.09	3.292	multi-gene partial reconstruction	1.23319768158836	0	FALSE	FALSE	FALSE	FALSE	FALSE	FALSE	Sensitivity estimate under random gene loss: min(100, observed gene-set coverage / MAG completeness fraction)
SY457BB-4-8_bin29	Sulfur	Sulfate/thiosulfate transport system	Previous algorithm: distinct-gene set coverage	5	0	0	FALSE	FALSE	IS	81.09	3.292	multi-gene partial reconstruction	1.23319768158836	0	FALSE	FALSE	FALSE	FALSE	FALSE	FALSE	Sensitivity estimate under random gene loss: min(100, observed gene-set coverage / MAG completeness fraction)
SY457BB-4-8_bin29	Sulfur	Sulfonate transport system	Previous algorithm: distinct-gene set coverage	3	0	0	FALSE	FALSE	IS	81.09	3.292	multi-gene partial reconstruction	1.23319768158836	0	FALSE	FALSE	FALSE	FALSE	FALSE	FALSE	Sensitivity estimate under random gene loss: min(100, observed gene-set coverage / MAG completeness fraction)
SY457BB-4-8_bin29	Vitamin B12	Cobalamin salvage	Previous algorithm: distinct-gene set coverage	4	0	0	FALSE	FALSE	IS	81.09	3.292	multi-gene partial reconstruction	1.23319768158836	0	FALSE	FALSE	FALSE	FALSE	FALSE	FALSE	Sensitivity estimate under random gene loss: min(100, observed gene-set coverage / MAG completeness fraction)
SY457BB-4-8_bin29	Vitamin B12	Vitamin B12 transport system	Previous algorithm: distinct-gene set coverage	3	0	0	FALSE	FALSE	IS	81.09	3.292	multi-gene partial reconstruction	1.23319768158836	0	FALSE	FALSE	FALSE	FALSE	FALSE	FALSE	Sensitivity estimate under random gene loss: min(100, observed gene-set coverage / MAG completeness fraction)
SY457BB-4-8_bin29	Carbon	Citrate cycle (TCA cycle, Krebs cycle)	Previous algorithm: distinct-gene set coverage	40	15	37.5	FALSE	FALSE	IS	81.09	3.292	multi-gene partial reconstruction	1.23319768158836	46.2449130595634	FALSE	FALSE	FALSE	FALSE	FALSE	FALSE	Sensitivity estimate under random gene loss: min(100, observed gene-set coverage / MAG completeness fraction)
SY457BB-4-8_bin29	Carbon	Citrate cycle, first carbon oxidation, oxaloacetate => 2-oxoglutarate	Previous algorithm: distinct-gene set coverage	6	1	16.6666666666667	FALSE	FALSE	IS	81.09	3.292	multi-gene partial reconstruction	1.23319768158836	20.5532946931393	FALSE	FALSE	FALSE	FALSE	FALSE	FALSE	Sensitivity estimate under random gene loss: min(100, observed gene-set coverage / MAG completeness fraction)
SY457BB-4-8_bin29	Carbon	Citrate cycle, second carbon oxidation, 2-oxoglutarate => oxaloacetate	Previous algorithm: distinct-gene set coverage	34	14	41.1764705882353	FALSE	FALSE	IS	81.09	3.292	multi-gene partial reconstruction	1.23319768158836	50.778728065403	FALSE	TRUE	TRUE	FALSE	FALSE	FALSE	Sensitivity estimate under random gene loss: min(100, observed gene-set coverage / MAG completeness fraction)
SY457BB-4-8_bin29	Carbon	Glycolysis (Embden-Meyerhof pathway), glucose => pyruvate	Previous algorithm: distinct-gene set coverage	29	8	27.5862068965517	FALSE	FALSE	IS	81.09	3.292	multi-gene partial reconstruction	1.23319768158836	34.0192463886443	FALSE	FALSE	FALSE	FALSE	FALSE	FALSE	Sensitivity estimate under random gene loss: min(100, observed gene-set coverage / MAG completeness fraction)
SY457BB-4-8_bin29	Carbon	Glycolysis, core module involving three-carbon compounds	Previous algorithm: distinct-gene set coverage	12	6	50	TRUE	FALSE	IS	81.09	3.292	multi-gene partial reconstruction	1.23319768158836	61.6598840794179	TRUE	TRUE	FALSE	FALSE	FALSE	FALSE	Sensitivity estimate under random gene loss: min(100, observed gene-set coverage / MAG completeness fraction)
SY457BB-4-8_bin29	Carbon	Incomplete reductive citrate cycle, acetyl-CoA => oxoglutarate	Previous algorithm: distinct-gene set coverage	17	6	35.2941176470588	FALSE	FALSE	IS	81.09	3.292	multi-gene partial reconstruction	1.23319768158836	43.5246240560597	FALSE	FALSE	FALSE	FALSE	FALSE	FALSE	Sensitivity estimate under random gene loss: min(100, observed gene-set coverage / MAG completeness fraction)
SY457BB-4-8_bin29	Carbon	Pyruvate oxidation, pyruvate => acetyl-CoA	Previous algorithm: distinct-gene set coverage	11	2	18.1818181818182	FALSE	FALSE	IS	81.09	3.292	multi-gene partial reconstruction	1.23319768158836	22.4217760288793	FALSE	FALSE	FALSE	FALSE	FALSE	FALSE	Sensitivity estimate under random gene loss: min(100, observed gene-set coverage / MAG completeness fraction)
SY457BB-4-8_bin29	Carbon	TCA /Reductive TCA	Previous algorithm: distinct-gene set coverage	1	0	0	FALSE	FALSE	IS	81.09	3.292	multi-gene partial reconstruction	1.23319768158836	0	FALSE	FALSE	FALSE	FALSE	FALSE	FALSE	Sensitivity estimate under random gene loss: min(100, observed gene-set coverage / MAG completeness fraction)
SY457BB-4-8_bin33	Motility	Flagellar Assembly (partial 36-KO reconstruction)	Previous algorithm: distinct-gene set coverage	36	1	2.77777777777778	FALSE	FALSE	IS	98.53	3.138	multi-gene partial reconstruction	1.01491931391454	2.81922031642929	FALSE	FALSE	FALSE	FALSE	FALSE	FALSE	Sensitivity estimate under random gene loss: min(100, observed gene-set coverage / MAG completeness fraction)
SY457BB-4-8_bin33	Vitamin B12	Cobalamin biosynthesis, cobinamide => cobalamin	Previous algorithm: distinct-gene set coverage	8	7	87.5	TRUE	TRUE	IS	98.53	3.138	multi-gene partial reconstruction	1.01491931391454	88.8054399675226	TRUE	TRUE	FALSE	TRUE	TRUE	FALSE	Sensitivity estimate under random gene loss: min(100, observed gene-set coverage / MAG completeness fraction)
SY457BB-4-8_bin33	Vitamin B12	Cobalamin biosynthesis, precorrin2 => cobinamide	Previous algorithm: distinct-gene set coverage	25	14	56	TRUE	FALSE	IS	98.53	3.138	multi-gene partial reconstruction	1.01491931391454	56.8354815792145	TRUE	TRUE	FALSE	FALSE	FALSE	FALSE	Sensitivity estimate under random gene loss: min(100, observed gene-set coverage / MAG completeness fraction)
SY457BB-4-8_bin33	Carbon	Acetyl-CoA pathway, CO2 => acetyl-CoA	Previous algorithm: distinct-gene set coverage	5	0	0	FALSE	FALSE	IS	98.53	3.138	multi-gene partial reconstruction	1.01491931391454	0	FALSE	FALSE	FALSE	FALSE	FALSE	FALSE	Sensitivity estimate under random gene loss: min(100, observed gene-set coverage / MAG completeness fraction)
SY457BB-4-8_bin33	Carbon	Methane oxidation, methanotroph, methane => formaldehyde	Previous algorithm: distinct-gene set coverage	12	0	0	FALSE	FALSE	IS	98.53	3.138	multi-gene partial reconstruction	1.01491931391454	0	FALSE	FALSE	FALSE	FALSE	FALSE	FALSE	Sensitivity estimate under random gene loss: min(100, observed gene-set coverage / MAG completeness fraction)
SY457BB-4-8_bin33	Carbon	Methanogenesis, CO2 => methane	Previous algorithm: distinct-gene set coverage	37	0	0	FALSE	FALSE	IS	98.53	3.138	multi-gene partial reconstruction	1.01491931391454	0	FALSE	FALSE	FALSE	FALSE	FALSE	FALSE	Sensitivity estimate under random gene loss: min(100, observed gene-set coverage / MAG completeness fraction)
SY457BB-4-8_bin33	Carbon	Methanogenesis, acetate => methane	Previous algorithm: distinct-gene set coverage	31	2	6.45161290322581	FALSE	FALSE	IS	98.53	3.138	multi-gene partial reconstruction	1.01491931391454	6.54786654138416	FALSE	FALSE	FALSE	FALSE	FALSE	FALSE	Sensitivity estimate under random gene loss: min(100, observed gene-set coverage / MAG completeness fraction)
SY457BB-4-8_bin33	Carbon	Methanogenesis, methanethiol => methane	Previous algorithm: distinct-gene set coverage	1	0	0	FALSE	FALSE	IS	98.53	3.138	multi-gene partial reconstruction	1.01491931391454	0	FALSE	FALSE	FALSE	FALSE	FALSE	FALSE	Sensitivity estimate under random gene loss: min(100, observed gene-set coverage / MAG completeness fraction)
SY457BB-4-8_bin33	Carbon	Methanogenesis, methanol => methane	Previous algorithm: distinct-gene set coverage	19	0	0	FALSE	FALSE	IS	98.53	3.138	multi-gene partial reconstruction	1.01491931391454	0	FALSE	FALSE	FALSE	FALSE	FALSE	FALSE	Sensitivity estimate under random gene loss: min(100, observed gene-set coverage / MAG completeness fraction)
SY457BB-4-8_bin33	Carbon	Methanogenesis, methylamine/dimethylamine/trimethylamine => methane	Previous algorithm: distinct-gene set coverage	23	1	4.34782608695652	FALSE	FALSE	IS	98.53	3.138	multi-gene partial reconstruction	1.01491931391454	4.41269266919367	FALSE	FALSE	FALSE	FALSE	FALSE	FALSE	Sensitivity estimate under random gene loss: min(100, observed gene-set coverage / MAG completeness fraction)
SY457BB-4-8_bin33	Carbon	Reductive acetyl-CoA pathway (Wood-Ljungdahl pathway)	Previous algorithm: distinct-gene set coverage	10	3	30	FALSE	FALSE	IS	98.53	3.138	multi-gene partial reconstruction	1.01491931391454	30.4475794174363	FALSE	FALSE	FALSE	FALSE	FALSE	FALSE	Sensitivity estimate under random gene loss: min(100, observed gene-set coverage / MAG completeness fraction)
SY457BB-4-8_bin33	Carbon	Reductive citrate cycle (Arnon-Buchanan cycle)	Previous algorithm: distinct-gene set coverage	43	18	41.8604651162791	FALSE	FALSE	IS	98.53	3.138	multi-gene partial reconstruction	1.01491931391454	42.4849945359577	FALSE	FALSE	FALSE	FALSE	FALSE	FALSE	Sensitivity estimate under random gene loss: min(100, observed gene-set coverage / MAG completeness fraction)
SY457BB-4-8_bin33	Nitrogen	Assimilatory nitrate reduction, nitrate => ammonia	Previous algorithm: distinct-gene set coverage	6	0	0	FALSE	FALSE	IS	98.53	3.138	multi-gene partial reconstruction	1.01491931391454	0	FALSE	FALSE	FALSE	FALSE	FALSE	FALSE	Sensitivity estimate under random gene loss: min(100, observed gene-set coverage / MAG completeness fraction)
SY457BB-4-8_bin33	Nitrogen	Complete nitrification, comammox, ammonia => nitrite => nitrate	Previous algorithm: distinct-gene set coverage	6	0	0	FALSE	FALSE	IS	98.53	3.138	multi-gene partial reconstruction	1.01491931391454	0	FALSE	FALSE	FALSE	FALSE	FALSE	FALSE	Sensitivity estimate under random gene loss: min(100, observed gene-set coverage / MAG completeness fraction)
SY457BB-4-8_bin33	Nitrogen	Denitrification, nitrate => nitrogen	Previous algorithm: distinct-gene set coverage	11	4	36.3636363636364	FALSE	FALSE	IS	98.53	3.138	multi-gene partial reconstruction	1.01491931391454	36.9061568696198	FALSE	FALSE	FALSE	FALSE	FALSE	FALSE	Sensitivity estimate under random gene loss: min(100, observed gene-set coverage / MAG completeness fraction)
SY457BB-4-8_bin33	Nitrogen	Dissimilatory nitrate reduction, nitrate => ammonia	Previous algorithm: distinct-gene set coverage	9	0	0	FALSE	FALSE	IS	98.53	3.138	multi-gene partial reconstruction	1.01491931391454	0	FALSE	FALSE	FALSE	FALSE	FALSE	FALSE	Sensitivity estimate under random gene loss: min(100, observed gene-set coverage / MAG completeness fraction)
SY457BB-4-8_bin33	Nitrogen	Nitrate assimilation	Previous algorithm: distinct-gene set coverage	1	0	0	FALSE	FALSE	IS	98.53	3.138	multi-gene partial reconstruction	1.01491931391454	0	FALSE	FALSE	FALSE	FALSE	FALSE	FALSE	Sensitivity estimate under random gene loss: min(100, observed gene-set coverage / MAG completeness fraction)
SY457BB-4-8_bin33	Nitrogen	Nitrification, ammonia => nitrite	Previous algorithm: distinct-gene set coverage	8	0	0	FALSE	FALSE	IS	98.53	3.138	multi-gene partial reconstruction	1.01491931391454	0	FALSE	FALSE	FALSE	FALSE	FALSE	FALSE	Sensitivity estimate under random gene loss: min(100, observed gene-set coverage / MAG completeness fraction)
SY457BB-4-8_bin33	Nitrogen	Nitrogen fixation, nitrogen => ammonia	Previous algorithm: distinct-gene set coverage	8	0	0	FALSE	FALSE	IS	98.53	3.138	multi-gene partial reconstruction	1.01491931391454	0	FALSE	FALSE	FALSE	FALSE	FALSE	FALSE	Sensitivity estimate under random gene loss: min(100, observed gene-set coverage / MAG completeness fraction)
SY457BB-4-8_bin33	Nitrogen	nitrite + ammonia => nitrogen	Previous algorithm: distinct-gene set coverage	9	1	11.1111111111111	FALSE	FALSE	IS	98.53	3.138	multi-gene partial reconstruction	1.01491931391454	11.2768812657171	FALSE	FALSE	FALSE	FALSE	FALSE	FALSE	Sensitivity estimate under random gene loss: min(100, observed gene-set coverage / MAG completeness fraction)
SY457BB-4-8_bin33	Sulfur	Assimilatory sulfate reduction, sulfate => H2S	Previous algorithm: distinct-gene set coverage	10	3	30	FALSE	FALSE	IS	98.53	3.138	multi-gene partial reconstruction	1.01491931391454	30.4475794174363	FALSE	FALSE	FALSE	FALSE	FALSE	FALSE	Sensitivity estimate under random gene loss: min(100, observed gene-set coverage / MAG completeness fraction)
SY457BB-4-8_bin33	Sulfur	Dissimilatory sulfate reduction, sulfate => H2S	Previous algorithm: distinct-gene set coverage	7	3	42.8571428571429	FALSE	FALSE	IS	98.53	3.138	multi-gene partial reconstruction	1.01491931391454	43.4965420249091	FALSE	FALSE	FALSE	FALSE	FALSE	FALSE	Sensitivity estimate under random gene loss: min(100, observed gene-set coverage / MAG completeness fraction)
SY457BB-4-8_bin33	Sulfur	Thiosulfate oxidation by SOX complex, thiosulfate => sulfate	Previous algorithm: distinct-gene set coverage	7	0	0	FALSE	FALSE	IS	98.53	3.138	multi-gene partial reconstruction	1.01491931391454	0	FALSE	FALSE	FALSE	FALSE	FALSE	FALSE	Sensitivity estimate under random gene loss: min(100, observed gene-set coverage / MAG completeness fraction)
SY457BB-4-8_bin33	Nitrogen	Urea cycle	Previous algorithm: distinct-gene set coverage	6	3	50	TRUE	FALSE	IS	98.53	3.138	multi-gene partial reconstruction	1.01491931391454	50.7459656957272	TRUE	TRUE	FALSE	FALSE	FALSE	FALSE	Sensitivity estimate under random gene loss: min(100, observed gene-set coverage / MAG completeness fraction)
SY457BB-4-8_bin33	Nitrogen	Urea transport system	Previous algorithm: distinct-gene set coverage	5	0	0	FALSE	FALSE	IS	98.53	3.138	multi-gene partial reconstruction	1.01491931391454	0	FALSE	FALSE	FALSE	FALSE	FALSE	FALSE	Sensitivity estimate under random gene loss: min(100, observed gene-set coverage / MAG completeness fraction)
SY457BB-4-8_bin33	Sulfur	Sulfate/thiosulfate transport system	Previous algorithm: distinct-gene set coverage	5	0	0	FALSE	FALSE	IS	98.53	3.138	multi-gene partial reconstruction	1.01491931391454	0	FALSE	FALSE	FALSE	FALSE	FALSE	FALSE	Sensitivity estimate under random gene loss: min(100, observed gene-set coverage / MAG completeness fraction)
SY457BB-4-8_bin33	Sulfur	Sulfonate transport system	Previous algorithm: distinct-gene set coverage	3	1	33.3333333333333	FALSE	FALSE	IS	98.53	3.138	multi-gene partial reconstruction	1.01491931391454	33.8306437971514	FALSE	FALSE	FALSE	FALSE	FALSE	FALSE	Sensitivity estimate under random gene loss: min(100, observed gene-set coverage / MAG completeness fraction)
SY457BB-4-8_bin33	Vitamin B12	Cobalamin salvage	Previous algorithm: distinct-gene set coverage	4	0	0	FALSE	FALSE	IS	98.53	3.138	multi-gene partial reconstruction	1.01491931391454	0	FALSE	FALSE	FALSE	FALSE	FALSE	FALSE	Sensitivity estimate under random gene loss: min(100, observed gene-set coverage / MAG completeness fraction)
SY457BB-4-8_bin33	Vitamin B12	Vitamin B12 transport system	Previous algorithm: distinct-gene set coverage	3	0	0	FALSE	FALSE	IS	98.53	3.138	multi-gene partial reconstruction	1.01491931391454	0	FALSE	FALSE	FALSE	FALSE	FALSE	FALSE	Sensitivity estimate under random gene loss: min(100, observed gene-set coverage / MAG completeness fraction)
SY457BB-4-8_bin33	Carbon	Citrate cycle (TCA cycle, Krebs cycle)	Previous algorithm: distinct-gene set coverage	40	17	42.5	FALSE	FALSE	IS	98.53	3.138	multi-gene partial reconstruction	1.01491931391454	43.1340708413681	FALSE	FALSE	FALSE	FALSE	FALSE	FALSE	Sensitivity estimate under random gene loss: min(100, observed gene-set coverage / MAG completeness fraction)
SY457BB-4-8_bin33	Carbon	Citrate cycle, first carbon oxidation, oxaloacetate => 2-oxoglutarate	Previous algorithm: distinct-gene set coverage	6	2	33.3333333333333	FALSE	FALSE	IS	98.53	3.138	multi-gene partial reconstruction	1.01491931391454	33.8306437971514	FALSE	FALSE	FALSE	FALSE	FALSE	FALSE	Sensitivity estimate under random gene loss: min(100, observed gene-set coverage / MAG completeness fraction)
SY457BB-4-8_bin33	Carbon	Citrate cycle, second carbon oxidation, 2-oxoglutarate => oxaloacetate	Previous algorithm: distinct-gene set coverage	34	15	44.1176470588235	FALSE	FALSE	IS	98.53	3.138	multi-gene partial reconstruction	1.01491931391454	44.7758520844651	FALSE	FALSE	FALSE	FALSE	FALSE	FALSE	Sensitivity estimate under random gene loss: min(100, observed gene-set coverage / MAG completeness fraction)
SY457BB-4-8_bin33	Carbon	Glycolysis (Embden-Meyerhof pathway), glucose => pyruvate	Previous algorithm: distinct-gene set coverage	29	9	31.0344827586207	FALSE	FALSE	IS	98.53	3.138	multi-gene partial reconstruction	1.01491931391454	31.4974959490721	FALSE	FALSE	FALSE	FALSE	FALSE	FALSE	Sensitivity estimate under random gene loss: min(100, observed gene-set coverage / MAG completeness fraction)
SY457BB-4-8_bin33	Carbon	Glycolysis, core module involving three-carbon compounds	Previous algorithm: distinct-gene set coverage	12	6	50	TRUE	FALSE	IS	98.53	3.138	multi-gene partial reconstruction	1.01491931391454	50.7459656957272	TRUE	TRUE	FALSE	FALSE	FALSE	FALSE	Sensitivity estimate under random gene loss: min(100, observed gene-set coverage / MAG completeness fraction)
SY457BB-4-8_bin33	Carbon	Incomplete reductive citrate cycle, acetyl-CoA => oxoglutarate	Previous algorithm: distinct-gene set coverage	17	10	58.8235294117647	TRUE	FALSE	IS	98.53	3.138	multi-gene partial reconstruction	1.01491931391454	59.7011361126202	TRUE	TRUE	FALSE	FALSE	FALSE	FALSE	Sensitivity estimate under random gene loss: min(100, observed gene-set coverage / MAG completeness fraction)
SY457BB-4-8_bin33	Carbon	Pyruvate oxidation, pyruvate => acetyl-CoA	Previous algorithm: distinct-gene set coverage	11	7	63.6363636363636	TRUE	FALSE	IS	98.53	3.138	multi-gene partial reconstruction	1.01491931391454	64.5857745218346	TRUE	TRUE	FALSE	FALSE	FALSE	FALSE	Sensitivity estimate under random gene loss: min(100, observed gene-set coverage / MAG completeness fraction)
SY457BB-4-8_bin33	Carbon	TCA /Reductive TCA	Previous algorithm: distinct-gene set coverage	1	0	0	FALSE	FALSE	IS	98.53	3.138	multi-gene partial reconstruction	1.01491931391454	0	FALSE	FALSE	FALSE	FALSE	FALSE	FALSE	Sensitivity estimate under random gene loss: min(100, observed gene-set coverage / MAG completeness fraction)
SY457BB-8-12_bin10	Motility	Flagellar Assembly (partial 36-KO reconstruction)	Previous algorithm: distinct-gene set coverage	36	11	30.5555555555556	FALSE	FALSE	IS	66.24	0	multi-gene partial reconstruction	1.50966183574879	46.1285560923243	FALSE	FALSE	FALSE	FALSE	FALSE	FALSE	Sensitivity estimate under random gene loss: min(100, observed gene-set coverage / MAG completeness fraction)
SY457BB-8-12_bin10	Vitamin B12	Cobalamin biosynthesis, cobinamide => cobalamin	Previous algorithm: distinct-gene set coverage	8	6	75	TRUE	TRUE	IS	66.24	0	multi-gene partial reconstruction	1.50966183574879	100	TRUE	TRUE	FALSE	TRUE	TRUE	FALSE	Sensitivity estimate under random gene loss: min(100, observed gene-set coverage / MAG completeness fraction)
SY457BB-8-12_bin10	Vitamin B12	Cobalamin biosynthesis, precorrin2 => cobinamide	Previous algorithm: distinct-gene set coverage	25	13	52	TRUE	FALSE	IS	66.24	0	multi-gene partial reconstruction	1.50966183574879	78.5024154589372	TRUE	TRUE	FALSE	FALSE	TRUE	TRUE	Sensitivity estimate under random gene loss: min(100, observed gene-set coverage / MAG completeness fraction)
SY457BB-8-12_bin10	Carbon	Acetyl-CoA pathway, CO2 => acetyl-CoA	Previous algorithm: distinct-gene set coverage	5	0	0	FALSE	FALSE	IS	66.24	0	multi-gene partial reconstruction	1.50966183574879	0	FALSE	FALSE	FALSE	FALSE	FALSE	FALSE	Sensitivity estimate under random gene loss: min(100, observed gene-set coverage / MAG completeness fraction)
SY457BB-8-12_bin10	Carbon	Methane oxidation, methanotroph, methane => formaldehyde	Previous algorithm: distinct-gene set coverage	12	0	0	FALSE	FALSE	IS	66.24	0	multi-gene partial reconstruction	1.50966183574879	0	FALSE	FALSE	FALSE	FALSE	FALSE	FALSE	Sensitivity estimate under random gene loss: min(100, observed gene-set coverage / MAG completeness fraction)
SY457BB-8-12_bin10	Carbon	Methanogenesis, CO2 => methane	Previous algorithm: distinct-gene set coverage	37	0	0	FALSE	FALSE	IS	66.24	0	multi-gene partial reconstruction	1.50966183574879	0	FALSE	FALSE	FALSE	FALSE	FALSE	FALSE	Sensitivity estimate under random gene loss: min(100, observed gene-set coverage / MAG completeness fraction)
SY457BB-8-12_bin10	Carbon	Methanogenesis, acetate => methane	Previous algorithm: distinct-gene set coverage	31	2	6.45161290322581	FALSE	FALSE	IS	66.24	0	multi-gene partial reconstruction	1.50966183574879	9.73975377902447	FALSE	FALSE	FALSE	FALSE	FALSE	FALSE	Sensitivity estimate under random gene loss: min(100, observed gene-set coverage / MAG completeness fraction)
SY457BB-8-12_bin10	Carbon	Methanogenesis, methanethiol => methane	Previous algorithm: distinct-gene set coverage	1	0	0	FALSE	FALSE	IS	66.24	0	multi-gene partial reconstruction	1.50966183574879	0	FALSE	FALSE	FALSE	FALSE	FALSE	FALSE	Sensitivity estimate under random gene loss: min(100, observed gene-set coverage / MAG completeness fraction)
SY457BB-8-12_bin10	Carbon	Methanogenesis, methanol => methane	Previous algorithm: distinct-gene set coverage	19	0	0	FALSE	FALSE	IS	66.24	0	multi-gene partial reconstruction	1.50966183574879	0	FALSE	FALSE	FALSE	FALSE	FALSE	FALSE	Sensitivity estimate under random gene loss: min(100, observed gene-set coverage / MAG completeness fraction)
SY457BB-8-12_bin10	Carbon	Methanogenesis, methylamine/dimethylamine/trimethylamine => methane	Previous algorithm: distinct-gene set coverage	23	1	4.34782608695652	FALSE	FALSE	IS	66.24	0	multi-gene partial reconstruction	1.50966183574879	6.56374711195127	FALSE	FALSE	FALSE	FALSE	FALSE	FALSE	Sensitivity estimate under random gene loss: min(100, observed gene-set coverage / MAG completeness fraction)
SY457BB-8-12_bin10	Carbon	Reductive acetyl-CoA pathway (Wood-Ljungdahl pathway)	Previous algorithm: distinct-gene set coverage	10	3	30	FALSE	FALSE	IS	66.24	0	multi-gene partial reconstruction	1.50966183574879	45.2898550724638	FALSE	FALSE	FALSE	FALSE	FALSE	FALSE	Sensitivity estimate under random gene loss: min(100, observed gene-set coverage / MAG completeness fraction)
SY457BB-8-12_bin10	Carbon	Reductive citrate cycle (Arnon-Buchanan cycle)	Previous algorithm: distinct-gene set coverage	43	14	32.5581395348837	FALSE	FALSE	IS	66.24	0	multi-gene partial reconstruction	1.50966183574879	49.1517806987979	FALSE	FALSE	FALSE	FALSE	FALSE	FALSE	Sensitivity estimate under random gene loss: min(100, observed gene-set coverage / MAG completeness fraction)
SY457BB-8-12_bin10	Nitrogen	Assimilatory nitrate reduction, nitrate => ammonia	Previous algorithm: distinct-gene set coverage	6	0	0	FALSE	FALSE	IS	66.24	0	multi-gene partial reconstruction	1.50966183574879	0	FALSE	FALSE	FALSE	FALSE	FALSE	FALSE	Sensitivity estimate under random gene loss: min(100, observed gene-set coverage / MAG completeness fraction)
SY457BB-8-12_bin10	Nitrogen	Complete nitrification, comammox, ammonia => nitrite => nitrate	Previous algorithm: distinct-gene set coverage	6	0	0	FALSE	FALSE	IS	66.24	0	multi-gene partial reconstruction	1.50966183574879	0	FALSE	FALSE	FALSE	FALSE	FALSE	FALSE	Sensitivity estimate under random gene loss: min(100, observed gene-set coverage / MAG completeness fraction)
SY457BB-8-12_bin10	Nitrogen	Denitrification, nitrate => nitrogen	Previous algorithm: distinct-gene set coverage	11	1	9.09090909090909	FALSE	FALSE	IS	66.24	0	multi-gene partial reconstruction	1.50966183574879	13.7241985068072	FALSE	FALSE	FALSE	FALSE	FALSE	FALSE	Sensitivity estimate under random gene loss: min(100, observed gene-set coverage / MAG completeness fraction)
SY457BB-8-12_bin10	Nitrogen	Dissimilatory nitrate reduction, nitrate => ammonia	Previous algorithm: distinct-gene set coverage	9	0	0	FALSE	FALSE	IS	66.24	0	multi-gene partial reconstruction	1.50966183574879	0	FALSE	FALSE	FALSE	FALSE	FALSE	FALSE	Sensitivity estimate under random gene loss: min(100, observed gene-set coverage / MAG completeness fraction)
SY457BB-8-12_bin10	Nitrogen	Nitrate assimilation	Previous algorithm: distinct-gene set coverage	1	0	0	FALSE	FALSE	IS	66.24	0	multi-gene partial reconstruction	1.50966183574879	0	FALSE	FALSE	FALSE	FALSE	FALSE	FALSE	Sensitivity estimate under random gene loss: min(100, observed gene-set coverage / MAG completeness fraction)
SY457BB-8-12_bin10	Nitrogen	Nitrification, ammonia => nitrite	Previous algorithm: distinct-gene set coverage	8	0	0	FALSE	FALSE	IS	66.24	0	multi-gene partial reconstruction	1.50966183574879	0	FALSE	FALSE	FALSE	FALSE	FALSE	FALSE	Sensitivity estimate under random gene loss: min(100, observed gene-set coverage / MAG completeness fraction)
SY457BB-8-12_bin10	Nitrogen	Nitrogen fixation, nitrogen => ammonia	Previous algorithm: distinct-gene set coverage	8	0	0	FALSE	FALSE	IS	66.24	0	multi-gene partial reconstruction	1.50966183574879	0	FALSE	FALSE	FALSE	FALSE	FALSE	FALSE	Sensitivity estimate under random gene loss: min(100, observed gene-set coverage / MAG completeness fraction)
SY457BB-8-12_bin10	Nitrogen	nitrite + ammonia => nitrogen	Previous algorithm: distinct-gene set coverage	9	0	0	FALSE	FALSE	IS	66.24	0	multi-gene partial reconstruction	1.50966183574879	0	FALSE	FALSE	FALSE	FALSE	FALSE	FALSE	Sensitivity estimate under random gene loss: min(100, observed gene-set coverage / MAG completeness fraction)
SY457BB-8-12_bin10	Sulfur	Assimilatory sulfate reduction, sulfate => H2S	Previous algorithm: distinct-gene set coverage	10	1	10	FALSE	FALSE	IS	66.24	0	multi-gene partial reconstruction	1.50966183574879	15.0966183574879	FALSE	FALSE	FALSE	FALSE	FALSE	FALSE	Sensitivity estimate under random gene loss: min(100, observed gene-set coverage / MAG completeness fraction)
SY457BB-8-12_bin10	Sulfur	Dissimilatory sulfate reduction, sulfate => H2S	Previous algorithm: distinct-gene set coverage	7	3	42.8571428571429	FALSE	FALSE	IS	66.24	0	multi-gene partial reconstruction	1.50966183574879	64.6997929606626	FALSE	TRUE	TRUE	FALSE	FALSE	FALSE	Sensitivity estimate under random gene loss: min(100, observed gene-set coverage / MAG completeness fraction)
SY457BB-8-12_bin10	Sulfur	Thiosulfate oxidation by SOX complex, thiosulfate => sulfate	Previous algorithm: distinct-gene set coverage	7	5	71.4285714285714	TRUE	FALSE	IS	66.24	0	multi-gene partial reconstruction	1.50966183574879	100	TRUE	TRUE	FALSE	FALSE	TRUE	TRUE	Sensitivity estimate under random gene loss: min(100, observed gene-set coverage / MAG completeness fraction)
SY457BB-8-12_bin10	Nitrogen	Urea cycle	Previous algorithm: distinct-gene set coverage	6	2	33.3333333333333	FALSE	FALSE	IS	66.24	0	multi-gene partial reconstruction	1.50966183574879	50.3220611916264	FALSE	TRUE	TRUE	FALSE	FALSE	FALSE	Sensitivity estimate under random gene loss: min(100, observed gene-set coverage / MAG completeness fraction)
SY457BB-8-12_bin10	Nitrogen	Urea transport system	Previous algorithm: distinct-gene set coverage	5	0	0	FALSE	FALSE	IS	66.24	0	multi-gene partial reconstruction	1.50966183574879	0	FALSE	FALSE	FALSE	FALSE	FALSE	FALSE	Sensitivity estimate under random gene loss: min(100, observed gene-set coverage / MAG completeness fraction)
SY457BB-8-12_bin10	Sulfur	Sulfate/thiosulfate transport system	Previous algorithm: distinct-gene set coverage	5	0	0	FALSE	FALSE	IS	66.24	0	multi-gene partial reconstruction	1.50966183574879	0	FALSE	FALSE	FALSE	FALSE	FALSE	FALSE	Sensitivity estimate under random gene loss: min(100, observed gene-set coverage / MAG completeness fraction)
SY457BB-8-12_bin10	Sulfur	Sulfonate transport system	Previous algorithm: distinct-gene set coverage	3	0	0	FALSE	FALSE	IS	66.24	0	multi-gene partial reconstruction	1.50966183574879	0	FALSE	FALSE	FALSE	FALSE	FALSE	FALSE	Sensitivity estimate under random gene loss: min(100, observed gene-set coverage / MAG completeness fraction)
SY457BB-8-12_bin10	Vitamin B12	Cobalamin salvage	Previous algorithm: distinct-gene set coverage	4	0	0	FALSE	FALSE	IS	66.24	0	multi-gene partial reconstruction	1.50966183574879	0	FALSE	FALSE	FALSE	FALSE	FALSE	FALSE	Sensitivity estimate under random gene loss: min(100, observed gene-set coverage / MAG completeness fraction)
SY457BB-8-12_bin10	Vitamin B12	Vitamin B12 transport system	Previous algorithm: distinct-gene set coverage	3	0	0	FALSE	FALSE	IS	66.24	0	multi-gene partial reconstruction	1.50966183574879	0	FALSE	FALSE	FALSE	FALSE	FALSE	FALSE	Sensitivity estimate under random gene loss: min(100, observed gene-set coverage / MAG completeness fraction)
SY457BB-8-12_bin10	Carbon	Citrate cycle (TCA cycle, Krebs cycle)	Previous algorithm: distinct-gene set coverage	40	15	37.5	FALSE	FALSE	IS	66.24	0	multi-gene partial reconstruction	1.50966183574879	56.6123188405797	FALSE	TRUE	TRUE	FALSE	FALSE	FALSE	Sensitivity estimate under random gene loss: min(100, observed gene-set coverage / MAG completeness fraction)
SY457BB-8-12_bin10	Carbon	Citrate cycle, first carbon oxidation, oxaloacetate => 2-oxoglutarate	Previous algorithm: distinct-gene set coverage	6	1	16.6666666666667	FALSE	FALSE	IS	66.24	0	multi-gene partial reconstruction	1.50966183574879	25.1610305958133	FALSE	FALSE	FALSE	FALSE	FALSE	FALSE	Sensitivity estimate under random gene loss: min(100, observed gene-set coverage / MAG completeness fraction)
SY457BB-8-12_bin10	Carbon	Citrate cycle, second carbon oxidation, 2-oxoglutarate => oxaloacetate	Previous algorithm: distinct-gene set coverage	34	14	41.1764705882353	FALSE	FALSE	IS	66.24	0	multi-gene partial reconstruction	1.50966183574879	62.1625461778914	FALSE	TRUE	TRUE	FALSE	FALSE	FALSE	Sensitivity estimate under random gene loss: min(100, observed gene-set coverage / MAG completeness fraction)
SY457BB-8-12_bin10	Carbon	Glycolysis (Embden-Meyerhof pathway), glucose => pyruvate	Previous algorithm: distinct-gene set coverage	29	7	24.1379310344828	FALSE	FALSE	IS	66.24	0	multi-gene partial reconstruction	1.50966183574879	36.440113276695	FALSE	FALSE	FALSE	FALSE	FALSE	FALSE	Sensitivity estimate under random gene loss: min(100, observed gene-set coverage / MAG completeness fraction)
SY457BB-8-12_bin10	Carbon	Glycolysis, core module involving three-carbon compounds	Previous algorithm: distinct-gene set coverage	12	5	41.6666666666667	FALSE	FALSE	IS	66.24	0	multi-gene partial reconstruction	1.50966183574879	62.9025764895331	FALSE	TRUE	TRUE	FALSE	FALSE	FALSE	Sensitivity estimate under random gene loss: min(100, observed gene-set coverage / MAG completeness fraction)
SY457BB-8-12_bin10	Carbon	Incomplete reductive citrate cycle, acetyl-CoA => oxoglutarate	Previous algorithm: distinct-gene set coverage	17	7	41.1764705882353	FALSE	FALSE	IS	66.24	0	multi-gene partial reconstruction	1.50966183574879	62.1625461778914	FALSE	TRUE	TRUE	FALSE	FALSE	FALSE	Sensitivity estimate under random gene loss: min(100, observed gene-set coverage / MAG completeness fraction)
SY457BB-8-12_bin10	Carbon	Pyruvate oxidation, pyruvate => acetyl-CoA	Previous algorithm: distinct-gene set coverage	11	1	9.09090909090909	FALSE	FALSE	IS	66.24	0	multi-gene partial reconstruction	1.50966183574879	13.7241985068072	FALSE	FALSE	FALSE	FALSE	FALSE	FALSE	Sensitivity estimate under random gene loss: min(100, observed gene-set coverage / MAG completeness fraction)
SY457BB-8-12_bin10	Carbon	TCA /Reductive TCA	Previous algorithm: distinct-gene set coverage	1	0	0	FALSE	FALSE	IS	66.24	0	multi-gene partial reconstruction	1.50966183574879	0	FALSE	FALSE	FALSE	FALSE	FALSE	FALSE	Sensitivity estimate under random gene loss: min(100, observed gene-set coverage / MAG completeness fraction)
SY457BB-8-12_bin15	Motility	Flagellar Assembly (partial 36-KO reconstruction)	Previous algorithm: distinct-gene set coverage	36	22	61.1111111111111	TRUE	FALSE	IS	94.28	2.895	multi-gene partial reconstruction	1.06067034365719	64.818743223495	TRUE	TRUE	FALSE	FALSE	FALSE	FALSE	Sensitivity estimate under random gene loss: min(100, observed gene-set coverage / MAG completeness fraction)
SY457BB-8-12_bin15	Vitamin B12	Cobalamin biosynthesis, cobinamide => cobalamin	Previous algorithm: distinct-gene set coverage	8	7	87.5	TRUE	TRUE	IS	94.28	2.895	multi-gene partial reconstruction	1.06067034365719	92.8086550700042	TRUE	TRUE	FALSE	TRUE	TRUE	FALSE	Sensitivity estimate under random gene loss: min(100, observed gene-set coverage / MAG completeness fraction)
SY457BB-8-12_bin15	Vitamin B12	Cobalamin biosynthesis, precorrin2 => cobinamide	Previous algorithm: distinct-gene set coverage	25	14	56	TRUE	FALSE	IS	94.28	2.895	multi-gene partial reconstruction	1.06067034365719	59.3975392448027	TRUE	TRUE	FALSE	FALSE	FALSE	FALSE	Sensitivity estimate under random gene loss: min(100, observed gene-set coverage / MAG completeness fraction)
SY457BB-8-12_bin15	Carbon	Acetyl-CoA pathway, CO2 => acetyl-CoA	Previous algorithm: distinct-gene set coverage	5	0	0	FALSE	FALSE	IS	94.28	2.895	multi-gene partial reconstruction	1.06067034365719	0	FALSE	FALSE	FALSE	FALSE	FALSE	FALSE	Sensitivity estimate under random gene loss: min(100, observed gene-set coverage / MAG completeness fraction)
SY457BB-8-12_bin15	Carbon	Methane oxidation, methanotroph, methane => formaldehyde	Previous algorithm: distinct-gene set coverage	12	1	8.33333333333333	FALSE	FALSE	IS	94.28	2.895	multi-gene partial reconstruction	1.06067034365719	8.83891953047659	FALSE	FALSE	FALSE	FALSE	FALSE	FALSE	Sensitivity estimate under random gene loss: min(100, observed gene-set coverage / MAG completeness fraction)
SY457BB-8-12_bin15	Carbon	Methanogenesis, CO2 => methane	Previous algorithm: distinct-gene set coverage	37	0	0	FALSE	FALSE	IS	94.28	2.895	multi-gene partial reconstruction	1.06067034365719	0	FALSE	FALSE	FALSE	FALSE	FALSE	FALSE	Sensitivity estimate under random gene loss: min(100, observed gene-set coverage / MAG completeness fraction)
SY457BB-8-12_bin15	Carbon	Methanogenesis, acetate => methane	Previous algorithm: distinct-gene set coverage	31	1	3.2258064516129	FALSE	FALSE	IS	94.28	2.895	multi-gene partial reconstruction	1.06067034365719	3.42151723760384	FALSE	FALSE	FALSE	FALSE	FALSE	FALSE	Sensitivity estimate under random gene loss: min(100, observed gene-set coverage / MAG completeness fraction)
SY457BB-8-12_bin15	Carbon	Methanogenesis, methanethiol => methane	Previous algorithm: distinct-gene set coverage	1	0	0	FALSE	FALSE	IS	94.28	2.895	multi-gene partial reconstruction	1.06067034365719	0	FALSE	FALSE	FALSE	FALSE	FALSE	FALSE	Sensitivity estimate under random gene loss: min(100, observed gene-set coverage / MAG completeness fraction)
SY457BB-8-12_bin15	Carbon	Methanogenesis, methanol => methane	Previous algorithm: distinct-gene set coverage	19	0	0	FALSE	FALSE	IS	94.28	2.895	multi-gene partial reconstruction	1.06067034365719	0	FALSE	FALSE	FALSE	FALSE	FALSE	FALSE	Sensitivity estimate under random gene loss: min(100, observed gene-set coverage / MAG completeness fraction)
SY457BB-8-12_bin15	Carbon	Methanogenesis, methylamine/dimethylamine/trimethylamine => methane	Previous algorithm: distinct-gene set coverage	23	1	4.34782608695652	FALSE	FALSE	IS	94.28	2.895	multi-gene partial reconstruction	1.06067034365719	4.61161018981387	FALSE	FALSE	FALSE	FALSE	FALSE	FALSE	Sensitivity estimate under random gene loss: min(100, observed gene-set coverage / MAG completeness fraction)
SY457BB-8-12_bin15	Carbon	Reductive acetyl-CoA pathway (Wood-Ljungdahl pathway)	Previous algorithm: distinct-gene set coverage	10	3	30	FALSE	FALSE	IS	94.28	2.895	multi-gene partial reconstruction	1.06067034365719	31.8201103097157	FALSE	FALSE	FALSE	FALSE	FALSE	FALSE	Sensitivity estimate under random gene loss: min(100, observed gene-set coverage / MAG completeness fraction)
SY457BB-8-12_bin15	Carbon	Reductive citrate cycle (Arnon-Buchanan cycle)	Previous algorithm: distinct-gene set coverage	43	18	41.8604651162791	FALSE	FALSE	IS	94.28	2.895	multi-gene partial reconstruction	1.06067034365719	44.4001539205336	FALSE	FALSE	FALSE	FALSE	FALSE	FALSE	Sensitivity estimate under random gene loss: min(100, observed gene-set coverage / MAG completeness fraction)
SY457BB-8-12_bin15	Nitrogen	Assimilatory nitrate reduction, nitrate => ammonia	Previous algorithm: distinct-gene set coverage	6	0	0	FALSE	FALSE	IS	94.28	2.895	multi-gene partial reconstruction	1.06067034365719	0	FALSE	FALSE	FALSE	FALSE	FALSE	FALSE	Sensitivity estimate under random gene loss: min(100, observed gene-set coverage / MAG completeness fraction)
SY457BB-8-12_bin15	Nitrogen	Complete nitrification, comammox, ammonia => nitrite => nitrate	Previous algorithm: distinct-gene set coverage	6	0	0	FALSE	FALSE	IS	94.28	2.895	multi-gene partial reconstruction	1.06067034365719	0	FALSE	FALSE	FALSE	FALSE	FALSE	FALSE	Sensitivity estimate under random gene loss: min(100, observed gene-set coverage / MAG completeness fraction)
SY457BB-8-12_bin15	Nitrogen	Denitrification, nitrate => nitrogen	Previous algorithm: distinct-gene set coverage	11	5	45.4545454545455	FALSE	FALSE	IS	94.28	2.895	multi-gene partial reconstruction	1.06067034365719	48.2122883480542	FALSE	FALSE	FALSE	FALSE	FALSE	FALSE	Sensitivity estimate under random gene loss: min(100, observed gene-set coverage / MAG completeness fraction)
SY457BB-8-12_bin15	Nitrogen	Dissimilatory nitrate reduction, nitrate => ammonia	Previous algorithm: distinct-gene set coverage	9	0	0	FALSE	FALSE	IS	94.28	2.895	multi-gene partial reconstruction	1.06067034365719	0	FALSE	FALSE	FALSE	FALSE	FALSE	FALSE	Sensitivity estimate under random gene loss: min(100, observed gene-set coverage / MAG completeness fraction)
SY457BB-8-12_bin15	Nitrogen	Nitrate assimilation	Previous algorithm: distinct-gene set coverage	1	0	0	FALSE	FALSE	IS	94.28	2.895	multi-gene partial reconstruction	1.06067034365719	0	FALSE	FALSE	FALSE	FALSE	FALSE	FALSE	Sensitivity estimate under random gene loss: min(100, observed gene-set coverage / MAG completeness fraction)
SY457BB-8-12_bin15	Nitrogen	Nitrification, ammonia => nitrite	Previous algorithm: distinct-gene set coverage	8	0	0	FALSE	FALSE	IS	94.28	2.895	multi-gene partial reconstruction	1.06067034365719	0	FALSE	FALSE	FALSE	FALSE	FALSE	FALSE	Sensitivity estimate under random gene loss: min(100, observed gene-set coverage / MAG completeness fraction)
SY457BB-8-12_bin15	Nitrogen	Nitrogen fixation, nitrogen => ammonia	Previous algorithm: distinct-gene set coverage	8	0	0	FALSE	FALSE	IS	94.28	2.895	multi-gene partial reconstruction	1.06067034365719	0	FALSE	FALSE	FALSE	FALSE	FALSE	FALSE	Sensitivity estimate under random gene loss: min(100, observed gene-set coverage / MAG completeness fraction)
SY457BB-8-12_bin15	Nitrogen	nitrite + ammonia => nitrogen	Previous algorithm: distinct-gene set coverage	9	2	22.2222222222222	FALSE	FALSE	IS	94.28	2.895	multi-gene partial reconstruction	1.06067034365719	23.5704520812709	FALSE	FALSE	FALSE	FALSE	FALSE	FALSE	Sensitivity estimate under random gene loss: min(100, observed gene-set coverage / MAG completeness fraction)
SY457BB-8-12_bin15	Sulfur	Assimilatory sulfate reduction, sulfate => H2S	Previous algorithm: distinct-gene set coverage	10	1	10	FALSE	FALSE	IS	94.28	2.895	multi-gene partial reconstruction	1.06067034365719	10.6067034365719	FALSE	FALSE	FALSE	FALSE	FALSE	FALSE	Sensitivity estimate under random gene loss: min(100, observed gene-set coverage / MAG completeness fraction)
SY457BB-8-12_bin15	Sulfur	Dissimilatory sulfate reduction, sulfate => H2S	Previous algorithm: distinct-gene set coverage	7	3	42.8571428571429	FALSE	FALSE	IS	94.28	2.895	multi-gene partial reconstruction	1.06067034365719	45.4573004424511	FALSE	FALSE	FALSE	FALSE	FALSE	FALSE	Sensitivity estimate under random gene loss: min(100, observed gene-set coverage / MAG completeness fraction)
SY457BB-8-12_bin15	Sulfur	Thiosulfate oxidation by SOX complex, thiosulfate => sulfate	Previous algorithm: distinct-gene set coverage	7	4	57.1428571428571	TRUE	FALSE	IS	94.28	2.895	multi-gene partial reconstruction	1.06067034365719	60.609733923268	TRUE	TRUE	FALSE	FALSE	FALSE	FALSE	Sensitivity estimate under random gene loss: min(100, observed gene-set coverage / MAG completeness fraction)
SY457BB-8-12_bin15	Nitrogen	Urea cycle	Previous algorithm: distinct-gene set coverage	6	3	50	TRUE	FALSE	IS	94.28	2.895	multi-gene partial reconstruction	1.06067034365719	53.0335171828596	TRUE	TRUE	FALSE	FALSE	FALSE	FALSE	Sensitivity estimate under random gene loss: min(100, observed gene-set coverage / MAG completeness fraction)
SY457BB-8-12_bin15	Nitrogen	Urea transport system	Previous algorithm: distinct-gene set coverage	5	0	0	FALSE	FALSE	IS	94.28	2.895	multi-gene partial reconstruction	1.06067034365719	0	FALSE	FALSE	FALSE	FALSE	FALSE	FALSE	Sensitivity estimate under random gene loss: min(100, observed gene-set coverage / MAG completeness fraction)
SY457BB-8-12_bin15	Sulfur	Sulfate/thiosulfate transport system	Previous algorithm: distinct-gene set coverage	5	0	0	FALSE	FALSE	IS	94.28	2.895	multi-gene partial reconstruction	1.06067034365719	0	FALSE	FALSE	FALSE	FALSE	FALSE	FALSE	Sensitivity estimate under random gene loss: min(100, observed gene-set coverage / MAG completeness fraction)
SY457BB-8-12_bin15	Sulfur	Sulfonate transport system	Previous algorithm: distinct-gene set coverage	3	0	0	FALSE	FALSE	IS	94.28	2.895	multi-gene partial reconstruction	1.06067034365719	0	FALSE	FALSE	FALSE	FALSE	FALSE	FALSE	Sensitivity estimate under random gene loss: min(100, observed gene-set coverage / MAG completeness fraction)
SY457BB-8-12_bin15	Vitamin B12	Cobalamin salvage	Previous algorithm: distinct-gene set coverage	4	0	0	FALSE	FALSE	IS	94.28	2.895	multi-gene partial reconstruction	1.06067034365719	0	FALSE	FALSE	FALSE	FALSE	FALSE	FALSE	Sensitivity estimate under random gene loss: min(100, observed gene-set coverage / MAG completeness fraction)
SY457BB-8-12_bin15	Vitamin B12	Vitamin B12 transport system	Previous algorithm: distinct-gene set coverage	3	0	0	FALSE	FALSE	IS	94.28	2.895	multi-gene partial reconstruction	1.06067034365719	0	FALSE	FALSE	FALSE	FALSE	FALSE	FALSE	Sensitivity estimate under random gene loss: min(100, observed gene-set coverage / MAG completeness fraction)
SY457BB-8-12_bin15	Carbon	Citrate cycle (TCA cycle, Krebs cycle)	Previous algorithm: distinct-gene set coverage	40	17	42.5	FALSE	FALSE	IS	94.28	2.895	multi-gene partial reconstruction	1.06067034365719	45.0784896054306	FALSE	FALSE	FALSE	FALSE	FALSE	FALSE	Sensitivity estimate under random gene loss: min(100, observed gene-set coverage / MAG completeness fraction)
SY457BB-8-12_bin15	Carbon	Citrate cycle, first carbon oxidation, oxaloacetate => 2-oxoglutarate	Previous algorithm: distinct-gene set coverage	6	2	33.3333333333333	FALSE	FALSE	IS	94.28	2.895	multi-gene partial reconstruction	1.06067034365719	35.3556781219063	FALSE	FALSE	FALSE	FALSE	FALSE	FALSE	Sensitivity estimate under random gene loss: min(100, observed gene-set coverage / MAG completeness fraction)
SY457BB-8-12_bin15	Carbon	Citrate cycle, second carbon oxidation, 2-oxoglutarate => oxaloacetate	Previous algorithm: distinct-gene set coverage	34	15	44.1176470588235	FALSE	FALSE	IS	94.28	2.895	multi-gene partial reconstruction	1.06067034365719	46.794279867229	FALSE	FALSE	FALSE	FALSE	FALSE	FALSE	Sensitivity estimate under random gene loss: min(100, observed gene-set coverage / MAG completeness fraction)
SY457BB-8-12_bin15	Carbon	Glycolysis (Embden-Meyerhof pathway), glucose => pyruvate	Previous algorithm: distinct-gene set coverage	29	8	27.5862068965517	FALSE	FALSE	IS	94.28	2.895	multi-gene partial reconstruction	1.06067034365719	29.2598715491639	FALSE	FALSE	FALSE	FALSE	FALSE	FALSE	Sensitivity estimate under random gene loss: min(100, observed gene-set coverage / MAG completeness fraction)
SY457BB-8-12_bin15	Carbon	Glycolysis, core module involving three-carbon compounds	Previous algorithm: distinct-gene set coverage	12	5	41.6666666666667	FALSE	FALSE	IS	94.28	2.895	multi-gene partial reconstruction	1.06067034365719	44.194597652383	FALSE	FALSE	FALSE	FALSE	FALSE	FALSE	Sensitivity estimate under random gene loss: min(100, observed gene-set coverage / MAG completeness fraction)
SY457BB-8-12_bin15	Carbon	Incomplete reductive citrate cycle, acetyl-CoA => oxoglutarate	Previous algorithm: distinct-gene set coverage	17	10	58.8235294117647	TRUE	FALSE	IS	94.28	2.895	multi-gene partial reconstruction	1.06067034365719	62.3923731563054	TRUE	TRUE	FALSE	FALSE	FALSE	FALSE	Sensitivity estimate under random gene loss: min(100, observed gene-set coverage / MAG completeness fraction)
SY457BB-8-12_bin15	Carbon	Pyruvate oxidation, pyruvate => acetyl-CoA	Previous algorithm: distinct-gene set coverage	11	7	63.6363636363636	TRUE	FALSE	IS	94.28	2.895	multi-gene partial reconstruction	1.06067034365719	67.4972036872758	TRUE	TRUE	FALSE	FALSE	FALSE	FALSE	Sensitivity estimate under random gene loss: min(100, observed gene-set coverage / MAG completeness fraction)
SY457BB-8-12_bin15	Carbon	TCA /Reductive TCA	Previous algorithm: distinct-gene set coverage	1	0	0	FALSE	FALSE	IS	94.28	2.895	multi-gene partial reconstruction	1.06067034365719	0	FALSE	FALSE	FALSE	FALSE	FALSE	FALSE	Sensitivity estimate under random gene loss: min(100, observed gene-set coverage / MAG completeness fraction)
SY457BB-8-12_bin16	Motility	Flagellar Assembly (partial 36-KO reconstruction)	Previous algorithm: distinct-gene set coverage	36	13	36.1111111111111	FALSE	FALSE	IS	85.85	0.833	multi-gene partial reconstruction	1.1648223645894	42.063029832395	FALSE	FALSE	FALSE	FALSE	FALSE	FALSE	Sensitivity estimate under random gene loss: min(100, observed gene-set coverage / MAG completeness fraction)
SY457BB-8-12_bin16	Vitamin B12	Cobalamin biosynthesis, cobinamide => cobalamin	Previous algorithm: distinct-gene set coverage	8	7	87.5	TRUE	TRUE	IS	85.85	0.833	multi-gene partial reconstruction	1.1648223645894	100	TRUE	TRUE	FALSE	TRUE	TRUE	FALSE	Sensitivity estimate under random gene loss: min(100, observed gene-set coverage / MAG completeness fraction)
SY457BB-8-12_bin16	Vitamin B12	Cobalamin biosynthesis, precorrin2 => cobinamide	Previous algorithm: distinct-gene set coverage	25	14	56	TRUE	FALSE	IS	85.85	0.833	multi-gene partial reconstruction	1.1648223645894	65.2300524170064	TRUE	TRUE	FALSE	FALSE	FALSE	FALSE	Sensitivity estimate under random gene loss: min(100, observed gene-set coverage / MAG completeness fraction)
SY457BB-8-12_bin16	Carbon	Acetyl-CoA pathway, CO2 => acetyl-CoA	Previous algorithm: distinct-gene set coverage	5	0	0	FALSE	FALSE	IS	85.85	0.833	multi-gene partial reconstruction	1.1648223645894	0	FALSE	FALSE	FALSE	FALSE	FALSE	FALSE	Sensitivity estimate under random gene loss: min(100, observed gene-set coverage / MAG completeness fraction)
SY457BB-8-12_bin16	Carbon	Methane oxidation, methanotroph, methane => formaldehyde	Previous algorithm: distinct-gene set coverage	12	0	0	FALSE	FALSE	IS	85.85	0.833	multi-gene partial reconstruction	1.1648223645894	0	FALSE	FALSE	FALSE	FALSE	FALSE	FALSE	Sensitivity estimate under random gene loss: min(100, observed gene-set coverage / MAG completeness fraction)
SY457BB-8-12_bin16	Carbon	Methanogenesis, CO2 => methane	Previous algorithm: distinct-gene set coverage	37	0	0	FALSE	FALSE	IS	85.85	0.833	multi-gene partial reconstruction	1.1648223645894	0	FALSE	FALSE	FALSE	FALSE	FALSE	FALSE	Sensitivity estimate under random gene loss: min(100, observed gene-set coverage / MAG completeness fraction)
SY457BB-8-12_bin16	Carbon	Methanogenesis, acetate => methane	Previous algorithm: distinct-gene set coverage	31	0	0	FALSE	FALSE	IS	85.85	0.833	multi-gene partial reconstruction	1.1648223645894	0	FALSE	FALSE	FALSE	FALSE	FALSE	FALSE	Sensitivity estimate under random gene loss: min(100, observed gene-set coverage / MAG completeness fraction)
SY457BB-8-12_bin16	Carbon	Methanogenesis, methanethiol => methane	Previous algorithm: distinct-gene set coverage	1	0	0	FALSE	FALSE	IS	85.85	0.833	multi-gene partial reconstruction	1.1648223645894	0	FALSE	FALSE	FALSE	FALSE	FALSE	FALSE	Sensitivity estimate under random gene loss: min(100, observed gene-set coverage / MAG completeness fraction)
SY457BB-8-12_bin16	Carbon	Methanogenesis, methanol => methane	Previous algorithm: distinct-gene set coverage	19	0	0	FALSE	FALSE	IS	85.85	0.833	multi-gene partial reconstruction	1.1648223645894	0	FALSE	FALSE	FALSE	FALSE	FALSE	FALSE	Sensitivity estimate under random gene loss: min(100, observed gene-set coverage / MAG completeness fraction)
SY457BB-8-12_bin16	Carbon	Methanogenesis, methylamine/dimethylamine/trimethylamine => methane	Previous algorithm: distinct-gene set coverage	23	1	4.34782608695652	FALSE	FALSE	IS	85.85	0.833	multi-gene partial reconstruction	1.1648223645894	5.06444506343217	FALSE	FALSE	FALSE	FALSE	FALSE	FALSE	Sensitivity estimate under random gene loss: min(100, observed gene-set coverage / MAG completeness fraction)
SY457BB-8-12_bin16	Carbon	Reductive acetyl-CoA pathway (Wood-Ljungdahl pathway)	Previous algorithm: distinct-gene set coverage	10	3	30	FALSE	FALSE	IS	85.85	0.833	multi-gene partial reconstruction	1.1648223645894	34.944670937682	FALSE	FALSE	FALSE	FALSE	FALSE	FALSE	Sensitivity estimate under random gene loss: min(100, observed gene-set coverage / MAG completeness fraction)
SY457BB-8-12_bin16	Carbon	Reductive citrate cycle (Arnon-Buchanan cycle)	Previous algorithm: distinct-gene set coverage	43	18	41.8604651162791	FALSE	FALSE	IS	85.85	0.833	multi-gene partial reconstruction	1.1648223645894	48.7600059595563	FALSE	FALSE	FALSE	FALSE	FALSE	FALSE	Sensitivity estimate under random gene loss: min(100, observed gene-set coverage / MAG completeness fraction)
SY457BB-8-12_bin16	Nitrogen	Assimilatory nitrate reduction, nitrate => ammonia	Previous algorithm: distinct-gene set coverage	6	0	0	FALSE	FALSE	IS	85.85	0.833	multi-gene partial reconstruction	1.1648223645894	0	FALSE	FALSE	FALSE	FALSE	FALSE	FALSE	Sensitivity estimate under random gene loss: min(100, observed gene-set coverage / MAG completeness fraction)
SY457BB-8-12_bin16	Nitrogen	Complete nitrification, comammox, ammonia => nitrite => nitrate	Previous algorithm: distinct-gene set coverage	6	0	0	FALSE	FALSE	IS	85.85	0.833	multi-gene partial reconstruction	1.1648223645894	0	FALSE	FALSE	FALSE	FALSE	FALSE	FALSE	Sensitivity estimate under random gene loss: min(100, observed gene-set coverage / MAG completeness fraction)
SY457BB-8-12_bin16	Nitrogen	Denitrification, nitrate => nitrogen	Previous algorithm: distinct-gene set coverage	11	2	18.1818181818182	FALSE	FALSE	IS	85.85	0.833	multi-gene partial reconstruction	1.1648223645894	21.17858844708	FALSE	FALSE	FALSE	FALSE	FALSE	FALSE	Sensitivity estimate under random gene loss: min(100, observed gene-set coverage / MAG completeness fraction)
SY457BB-8-12_bin16	Nitrogen	Dissimilatory nitrate reduction, nitrate => ammonia	Previous algorithm: distinct-gene set coverage	9	0	0	FALSE	FALSE	IS	85.85	0.833	multi-gene partial reconstruction	1.1648223645894	0	FALSE	FALSE	FALSE	FALSE	FALSE	FALSE	Sensitivity estimate under random gene loss: min(100, observed gene-set coverage / MAG completeness fraction)
SY457BB-8-12_bin16	Nitrogen	Nitrate assimilation	Previous algorithm: distinct-gene set coverage	1	0	0	FALSE	FALSE	IS	85.85	0.833	multi-gene partial reconstruction	1.1648223645894	0	FALSE	FALSE	FALSE	FALSE	FALSE	FALSE	Sensitivity estimate under random gene loss: min(100, observed gene-set coverage / MAG completeness fraction)
SY457BB-8-12_bin16	Nitrogen	Nitrification, ammonia => nitrite	Previous algorithm: distinct-gene set coverage	8	0	0	FALSE	FALSE	IS	85.85	0.833	multi-gene partial reconstruction	1.1648223645894	0	FALSE	FALSE	FALSE	FALSE	FALSE	FALSE	Sensitivity estimate under random gene loss: min(100, observed gene-set coverage / MAG completeness fraction)
SY457BB-8-12_bin16	Nitrogen	Nitrogen fixation, nitrogen => ammonia	Previous algorithm: distinct-gene set coverage	8	0	0	FALSE	FALSE	IS	85.85	0.833	multi-gene partial reconstruction	1.1648223645894	0	FALSE	FALSE	FALSE	FALSE	FALSE	FALSE	Sensitivity estimate under random gene loss: min(100, observed gene-set coverage / MAG completeness fraction)
SY457BB-8-12_bin16	Nitrogen	nitrite + ammonia => nitrogen	Previous algorithm: distinct-gene set coverage	9	1	11.1111111111111	FALSE	FALSE	IS	85.85	0.833	multi-gene partial reconstruction	1.1648223645894	12.94247071766	FALSE	FALSE	FALSE	FALSE	FALSE	FALSE	Sensitivity estimate under random gene loss: min(100, observed gene-set coverage / MAG completeness fraction)
SY457BB-8-12_bin16	Sulfur	Assimilatory sulfate reduction, sulfate => H2S	Previous algorithm: distinct-gene set coverage	10	1	10	FALSE	FALSE	IS	85.85	0.833	multi-gene partial reconstruction	1.1648223645894	11.648223645894	FALSE	FALSE	FALSE	FALSE	FALSE	FALSE	Sensitivity estimate under random gene loss: min(100, observed gene-set coverage / MAG completeness fraction)
SY457BB-8-12_bin16	Sulfur	Dissimilatory sulfate reduction, sulfate => H2S	Previous algorithm: distinct-gene set coverage	7	3	42.8571428571429	FALSE	FALSE	IS	85.85	0.833	multi-gene partial reconstruction	1.1648223645894	49.9209584824029	FALSE	FALSE	FALSE	FALSE	FALSE	FALSE	Sensitivity estimate under random gene loss: min(100, observed gene-set coverage / MAG completeness fraction)
SY457BB-8-12_bin16	Sulfur	Thiosulfate oxidation by SOX complex, thiosulfate => sulfate	Previous algorithm: distinct-gene set coverage	7	5	71.4285714285714	TRUE	FALSE	IS	85.85	0.833	multi-gene partial reconstruction	1.1648223645894	83.2015974706714	TRUE	TRUE	FALSE	FALSE	TRUE	TRUE	Sensitivity estimate under random gene loss: min(100, observed gene-set coverage / MAG completeness fraction)
SY457BB-8-12_bin16	Nitrogen	Urea cycle	Previous algorithm: distinct-gene set coverage	6	2	33.3333333333333	FALSE	FALSE	IS	85.85	0.833	multi-gene partial reconstruction	1.1648223645894	38.82741215298	FALSE	FALSE	FALSE	FALSE	FALSE	FALSE	Sensitivity estimate under random gene loss: min(100, observed gene-set coverage / MAG completeness fraction)
SY457BB-8-12_bin16	Nitrogen	Urea transport system	Previous algorithm: distinct-gene set coverage	5	0	0	FALSE	FALSE	IS	85.85	0.833	multi-gene partial reconstruction	1.1648223645894	0	FALSE	FALSE	FALSE	FALSE	FALSE	FALSE	Sensitivity estimate under random gene loss: min(100, observed gene-set coverage / MAG completeness fraction)
SY457BB-8-12_bin16	Sulfur	Sulfate/thiosulfate transport system	Previous algorithm: distinct-gene set coverage	5	0	0	FALSE	FALSE	IS	85.85	0.833	multi-gene partial reconstruction	1.1648223645894	0	FALSE	FALSE	FALSE	FALSE	FALSE	FALSE	Sensitivity estimate under random gene loss: min(100, observed gene-set coverage / MAG completeness fraction)
SY457BB-8-12_bin16	Sulfur	Sulfonate transport system	Previous algorithm: distinct-gene set coverage	3	0	0	FALSE	FALSE	IS	85.85	0.833	multi-gene partial reconstruction	1.1648223645894	0	FALSE	FALSE	FALSE	FALSE	FALSE	FALSE	Sensitivity estimate under random gene loss: min(100, observed gene-set coverage / MAG completeness fraction)
SY457BB-8-12_bin16	Vitamin B12	Cobalamin salvage	Previous algorithm: distinct-gene set coverage	4	0	0	FALSE	FALSE	IS	85.85	0.833	multi-gene partial reconstruction	1.1648223645894	0	FALSE	FALSE	FALSE	FALSE	FALSE	FALSE	Sensitivity estimate under random gene loss: min(100, observed gene-set coverage / MAG completeness fraction)
SY457BB-8-12_bin16	Vitamin B12	Vitamin B12 transport system	Previous algorithm: distinct-gene set coverage	3	0	0	FALSE	FALSE	IS	85.85	0.833	multi-gene partial reconstruction	1.1648223645894	0	FALSE	FALSE	FALSE	FALSE	FALSE	FALSE	Sensitivity estimate under random gene loss: min(100, observed gene-set coverage / MAG completeness fraction)
SY457BB-8-12_bin16	Carbon	Citrate cycle (TCA cycle, Krebs cycle)	Previous algorithm: distinct-gene set coverage	40	17	42.5	FALSE	FALSE	IS	85.85	0.833	multi-gene partial reconstruction	1.1648223645894	49.5049504950495	FALSE	FALSE	FALSE	FALSE	FALSE	FALSE	Sensitivity estimate under random gene loss: min(100, observed gene-set coverage / MAG completeness fraction)
SY457BB-8-12_bin16	Carbon	Citrate cycle, first carbon oxidation, oxaloacetate => 2-oxoglutarate	Previous algorithm: distinct-gene set coverage	6	2	33.3333333333333	FALSE	FALSE	IS	85.85	0.833	multi-gene partial reconstruction	1.1648223645894	38.82741215298	FALSE	FALSE	FALSE	FALSE	FALSE	FALSE	Sensitivity estimate under random gene loss: min(100, observed gene-set coverage / MAG completeness fraction)
SY457BB-8-12_bin16	Carbon	Citrate cycle, second carbon oxidation, 2-oxoglutarate => oxaloacetate	Previous algorithm: distinct-gene set coverage	34	15	44.1176470588235	FALSE	FALSE	IS	85.85	0.833	multi-gene partial reconstruction	1.1648223645894	51.3892219671794	FALSE	TRUE	TRUE	FALSE	FALSE	FALSE	Sensitivity estimate under random gene loss: min(100, observed gene-set coverage / MAG completeness fraction)
SY457BB-8-12_bin16	Carbon	Glycolysis (Embden-Meyerhof pathway), glucose => pyruvate	Previous algorithm: distinct-gene set coverage	29	7	24.1379310344828	FALSE	FALSE	IS	85.85	0.833	multi-gene partial reconstruction	1.1648223645894	28.1164019038821	FALSE	FALSE	FALSE	FALSE	FALSE	FALSE	Sensitivity estimate under random gene loss: min(100, observed gene-set coverage / MAG completeness fraction)
SY457BB-8-12_bin16	Carbon	Glycolysis, core module involving three-carbon compounds	Previous algorithm: distinct-gene set coverage	12	5	41.6666666666667	FALSE	FALSE	IS	85.85	0.833	multi-gene partial reconstruction	1.1648223645894	48.534265191225	FALSE	FALSE	FALSE	FALSE	FALSE	FALSE	Sensitivity estimate under random gene loss: min(100, observed gene-set coverage / MAG completeness fraction)
SY457BB-8-12_bin16	Carbon	Incomplete reductive citrate cycle, acetyl-CoA => oxoglutarate	Previous algorithm: distinct-gene set coverage	17	10	58.8235294117647	TRUE	FALSE	IS	85.85	0.833	multi-gene partial reconstruction	1.1648223645894	68.5189626229059	TRUE	TRUE	FALSE	FALSE	FALSE	FALSE	Sensitivity estimate under random gene loss: min(100, observed gene-set coverage / MAG completeness fraction)
SY457BB-8-12_bin16	Carbon	Pyruvate oxidation, pyruvate => acetyl-CoA	Previous algorithm: distinct-gene set coverage	11	7	63.6363636363636	TRUE	FALSE	IS	85.85	0.833	multi-gene partial reconstruction	1.1648223645894	74.12505956478	TRUE	TRUE	FALSE	FALSE	FALSE	FALSE	Sensitivity estimate under random gene loss: min(100, observed gene-set coverage / MAG completeness fraction)
SY457BB-8-12_bin16	Carbon	TCA /Reductive TCA	Previous algorithm: distinct-gene set coverage	1	0	0	FALSE	FALSE	IS	85.85	0.833	multi-gene partial reconstruction	1.1648223645894	0	FALSE	FALSE	FALSE	FALSE	FALSE	FALSE	Sensitivity estimate under random gene loss: min(100, observed gene-set coverage / MAG completeness fraction)
SY457BB-8-12_bin25	Motility	Flagellar Assembly (partial 36-KO reconstruction)	Previous algorithm: distinct-gene set coverage	36	5	13.8888888888889	FALSE	FALSE	IS	75.78	1.657	multi-gene partial reconstruction	1.3196093956189	18.3279082724847	FALSE	FALSE	FALSE	FALSE	FALSE	FALSE	Sensitivity estimate under random gene loss: min(100, observed gene-set coverage / MAG completeness fraction)
SY457BB-8-12_bin25	Vitamin B12	Cobalamin biosynthesis, cobinamide => cobalamin	Previous algorithm: distinct-gene set coverage	8	5	62.5	TRUE	FALSE	IS	75.78	1.657	multi-gene partial reconstruction	1.3196093956189	82.475587226181	TRUE	TRUE	FALSE	FALSE	TRUE	TRUE	Sensitivity estimate under random gene loss: min(100, observed gene-set coverage / MAG completeness fraction)
SY457BB-8-12_bin25	Vitamin B12	Cobalamin biosynthesis, precorrin2 => cobinamide	Previous algorithm: distinct-gene set coverage	25	13	52	TRUE	FALSE	IS	75.78	1.657	multi-gene partial reconstruction	1.3196093956189	68.6196885721826	TRUE	TRUE	FALSE	FALSE	FALSE	FALSE	Sensitivity estimate under random gene loss: min(100, observed gene-set coverage / MAG completeness fraction)
SY457BB-8-12_bin25	Carbon	Acetyl-CoA pathway, CO2 => acetyl-CoA	Previous algorithm: distinct-gene set coverage	5	0	0	FALSE	FALSE	IS	75.78	1.657	multi-gene partial reconstruction	1.3196093956189	0	FALSE	FALSE	FALSE	FALSE	FALSE	FALSE	Sensitivity estimate under random gene loss: min(100, observed gene-set coverage / MAG completeness fraction)
SY457BB-8-12_bin25	Carbon	Methane oxidation, methanotroph, methane => formaldehyde	Previous algorithm: distinct-gene set coverage	12	0	0	FALSE	FALSE	IS	75.78	1.657	multi-gene partial reconstruction	1.3196093956189	0	FALSE	FALSE	FALSE	FALSE	FALSE	FALSE	Sensitivity estimate under random gene loss: min(100, observed gene-set coverage / MAG completeness fraction)
SY457BB-8-12_bin25	Carbon	Methanogenesis, CO2 => methane	Previous algorithm: distinct-gene set coverage	37	0	0	FALSE	FALSE	IS	75.78	1.657	multi-gene partial reconstruction	1.3196093956189	0	FALSE	FALSE	FALSE	FALSE	FALSE	FALSE	Sensitivity estimate under random gene loss: min(100, observed gene-set coverage / MAG completeness fraction)
SY457BB-8-12_bin25	Carbon	Methanogenesis, acetate => methane	Previous algorithm: distinct-gene set coverage	31	1	3.2258064516129	FALSE	FALSE	IS	75.78	1.657	multi-gene partial reconstruction	1.3196093956189	4.25680450199644	FALSE	FALSE	FALSE	FALSE	FALSE	FALSE	Sensitivity estimate under random gene loss: min(100, observed gene-set coverage / MAG completeness fraction)
SY457BB-8-12_bin25	Carbon	Methanogenesis, methanethiol => methane	Previous algorithm: distinct-gene set coverage	1	0	0	FALSE	FALSE	IS	75.78	1.657	multi-gene partial reconstruction	1.3196093956189	0	FALSE	FALSE	FALSE	FALSE	FALSE	FALSE	Sensitivity estimate under random gene loss: min(100, observed gene-set coverage / MAG completeness fraction)
SY457BB-8-12_bin25	Carbon	Methanogenesis, methanol => methane	Previous algorithm: distinct-gene set coverage	19	0	0	FALSE	FALSE	IS	75.78	1.657	multi-gene partial reconstruction	1.3196093956189	0	FALSE	FALSE	FALSE	FALSE	FALSE	FALSE	Sensitivity estimate under random gene loss: min(100, observed gene-set coverage / MAG completeness fraction)
SY457BB-8-12_bin25	Carbon	Methanogenesis, methylamine/dimethylamine/trimethylamine => methane	Previous algorithm: distinct-gene set coverage	23	1	4.34782608695652	FALSE	FALSE	IS	75.78	1.657	multi-gene partial reconstruction	1.3196093956189	5.73743215486477	FALSE	FALSE	FALSE	FALSE	FALSE	FALSE	Sensitivity estimate under random gene loss: min(100, observed gene-set coverage / MAG completeness fraction)
SY457BB-8-12_bin25	Carbon	Reductive acetyl-CoA pathway (Wood-Ljungdahl pathway)	Previous algorithm: distinct-gene set coverage	10	3	30	FALSE	FALSE	IS	75.78	1.657	multi-gene partial reconstruction	1.3196093956189	39.5882818685669	FALSE	FALSE	FALSE	FALSE	FALSE	FALSE	Sensitivity estimate under random gene loss: min(100, observed gene-set coverage / MAG completeness fraction)
SY457BB-8-12_bin25	Carbon	Reductive citrate cycle (Arnon-Buchanan cycle)	Previous algorithm: distinct-gene set coverage	43	13	30.2325581395349	FALSE	FALSE	IS	75.78	1.657	multi-gene partial reconstruction	1.3196093956189	39.8951677745248	FALSE	FALSE	FALSE	FALSE	FALSE	FALSE	Sensitivity estimate under random gene loss: min(100, observed gene-set coverage / MAG completeness fraction)
SY457BB-8-12_bin25	Nitrogen	Assimilatory nitrate reduction, nitrate => ammonia	Previous algorithm: distinct-gene set coverage	6	0	0	FALSE	FALSE	IS	75.78	1.657	multi-gene partial reconstruction	1.3196093956189	0	FALSE	FALSE	FALSE	FALSE	FALSE	FALSE	Sensitivity estimate under random gene loss: min(100, observed gene-set coverage / MAG completeness fraction)
SY457BB-8-12_bin25	Nitrogen	Complete nitrification, comammox, ammonia => nitrite => nitrate	Previous algorithm: distinct-gene set coverage	6	0	0	FALSE	FALSE	IS	75.78	1.657	multi-gene partial reconstruction	1.3196093956189	0	FALSE	FALSE	FALSE	FALSE	FALSE	FALSE	Sensitivity estimate under random gene loss: min(100, observed gene-set coverage / MAG completeness fraction)
SY457BB-8-12_bin25	Nitrogen	Denitrification, nitrate => nitrogen	Previous algorithm: distinct-gene set coverage	11	2	18.1818181818182	FALSE	FALSE	IS	75.78	1.657	multi-gene partial reconstruction	1.3196093956189	23.9928981021618	FALSE	FALSE	FALSE	FALSE	FALSE	FALSE	Sensitivity estimate under random gene loss: min(100, observed gene-set coverage / MAG completeness fraction)
SY457BB-8-12_bin25	Nitrogen	Dissimilatory nitrate reduction, nitrate => ammonia	Previous algorithm: distinct-gene set coverage	9	3	33.3333333333333	FALSE	FALSE	IS	75.78	1.657	multi-gene partial reconstruction	1.3196093956189	43.9869798539632	FALSE	FALSE	FALSE	FALSE	FALSE	FALSE	Sensitivity estimate under random gene loss: min(100, observed gene-set coverage / MAG completeness fraction)
SY457BB-8-12_bin25	Nitrogen	Nitrate assimilation	Previous algorithm: distinct-gene set coverage	1	1	100	TRUE	TRUE	IS	75.78	1.657	multi-gene partial reconstruction	1.3196093956189	100	TRUE	TRUE	FALSE	TRUE	TRUE	FALSE	Sensitivity estimate under random gene loss: min(100, observed gene-set coverage / MAG completeness fraction)
SY457BB-8-12_bin25	Nitrogen	Nitrification, ammonia => nitrite	Previous algorithm: distinct-gene set coverage	8	0	0	FALSE	FALSE	IS	75.78	1.657	multi-gene partial reconstruction	1.3196093956189	0	FALSE	FALSE	FALSE	FALSE	FALSE	FALSE	Sensitivity estimate under random gene loss: min(100, observed gene-set coverage / MAG completeness fraction)
SY457BB-8-12_bin25	Nitrogen	Nitrogen fixation, nitrogen => ammonia	Previous algorithm: distinct-gene set coverage	8	0	0	FALSE	FALSE	IS	75.78	1.657	multi-gene partial reconstruction	1.3196093956189	0	FALSE	FALSE	FALSE	FALSE	FALSE	FALSE	Sensitivity estimate under random gene loss: min(100, observed gene-set coverage / MAG completeness fraction)
SY457BB-8-12_bin25	Nitrogen	nitrite + ammonia => nitrogen	Previous algorithm: distinct-gene set coverage	9	0	0	FALSE	FALSE	IS	75.78	1.657	multi-gene partial reconstruction	1.3196093956189	0	FALSE	FALSE	FALSE	FALSE	FALSE	FALSE	Sensitivity estimate under random gene loss: min(100, observed gene-set coverage / MAG completeness fraction)
SY457BB-8-12_bin25	Sulfur	Assimilatory sulfate reduction, sulfate => H2S	Previous algorithm: distinct-gene set coverage	10	1	10	FALSE	FALSE	IS	75.78	1.657	multi-gene partial reconstruction	1.3196093956189	13.196093956189	FALSE	FALSE	FALSE	FALSE	FALSE	FALSE	Sensitivity estimate under random gene loss: min(100, observed gene-set coverage / MAG completeness fraction)
SY457BB-8-12_bin25	Sulfur	Dissimilatory sulfate reduction, sulfate => H2S	Previous algorithm: distinct-gene set coverage	7	3	42.8571428571429	FALSE	FALSE	IS	75.78	1.657	multi-gene partial reconstruction	1.3196093956189	56.554688383667	FALSE	TRUE	TRUE	FALSE	FALSE	FALSE	Sensitivity estimate under random gene loss: min(100, observed gene-set coverage / MAG completeness fraction)
SY457BB-8-12_bin25	Sulfur	Thiosulfate oxidation by SOX complex, thiosulfate => sulfate	Previous algorithm: distinct-gene set coverage	7	4	57.1428571428571	TRUE	FALSE	IS	75.78	1.657	multi-gene partial reconstruction	1.3196093956189	75.4062511782226	TRUE	TRUE	FALSE	FALSE	TRUE	TRUE	Sensitivity estimate under random gene loss: min(100, observed gene-set coverage / MAG completeness fraction)
SY457BB-8-12_bin25	Nitrogen	Urea cycle	Previous algorithm: distinct-gene set coverage	6	4	66.6666666666667	TRUE	FALSE	IS	75.78	1.657	multi-gene partial reconstruction	1.3196093956189	87.9739597079265	TRUE	TRUE	FALSE	FALSE	TRUE	TRUE	Sensitivity estimate under random gene loss: min(100, observed gene-set coverage / MAG completeness fraction)
SY457BB-8-12_bin25	Nitrogen	Urea transport system	Previous algorithm: distinct-gene set coverage	5	0	0	FALSE	FALSE	IS	75.78	1.657	multi-gene partial reconstruction	1.3196093956189	0	FALSE	FALSE	FALSE	FALSE	FALSE	FALSE	Sensitivity estimate under random gene loss: min(100, observed gene-set coverage / MAG completeness fraction)
SY457BB-8-12_bin25	Sulfur	Sulfate/thiosulfate transport system	Previous algorithm: distinct-gene set coverage	5	0	0	FALSE	FALSE	IS	75.78	1.657	multi-gene partial reconstruction	1.3196093956189	0	FALSE	FALSE	FALSE	FALSE	FALSE	FALSE	Sensitivity estimate under random gene loss: min(100, observed gene-set coverage / MAG completeness fraction)
SY457BB-8-12_bin25	Sulfur	Sulfonate transport system	Previous algorithm: distinct-gene set coverage	3	1	33.3333333333333	FALSE	FALSE	IS	75.78	1.657	multi-gene partial reconstruction	1.3196093956189	43.9869798539632	FALSE	FALSE	FALSE	FALSE	FALSE	FALSE	Sensitivity estimate under random gene loss: min(100, observed gene-set coverage / MAG completeness fraction)
SY457BB-8-12_bin25	Vitamin B12	Cobalamin salvage	Previous algorithm: distinct-gene set coverage	4	0	0	FALSE	FALSE	IS	75.78	1.657	multi-gene partial reconstruction	1.3196093956189	0	FALSE	FALSE	FALSE	FALSE	FALSE	FALSE	Sensitivity estimate under random gene loss: min(100, observed gene-set coverage / MAG completeness fraction)
SY457BB-8-12_bin25	Vitamin B12	Vitamin B12 transport system	Previous algorithm: distinct-gene set coverage	3	0	0	FALSE	FALSE	IS	75.78	1.657	multi-gene partial reconstruction	1.3196093956189	0	FALSE	FALSE	FALSE	FALSE	FALSE	FALSE	Sensitivity estimate under random gene loss: min(100, observed gene-set coverage / MAG completeness fraction)
SY457BB-8-12_bin25	Carbon	Citrate cycle (TCA cycle, Krebs cycle)	Previous algorithm: distinct-gene set coverage	40	9	22.5	FALSE	FALSE	IS	75.78	1.657	multi-gene partial reconstruction	1.3196093956189	29.6912114014252	FALSE	FALSE	FALSE	FALSE	FALSE	FALSE	Sensitivity estimate under random gene loss: min(100, observed gene-set coverage / MAG completeness fraction)
SY457BB-8-12_bin25	Carbon	Citrate cycle, first carbon oxidation, oxaloacetate => 2-oxoglutarate	Previous algorithm: distinct-gene set coverage	6	1	16.6666666666667	FALSE	FALSE	IS	75.78	1.657	multi-gene partial reconstruction	1.3196093956189	21.9934899269817	FALSE	FALSE	FALSE	FALSE	FALSE	FALSE	Sensitivity estimate under random gene loss: min(100, observed gene-set coverage / MAG completeness fraction)
SY457BB-8-12_bin25	Carbon	Citrate cycle, second carbon oxidation, 2-oxoglutarate => oxaloacetate	Previous algorithm: distinct-gene set coverage	34	8	23.5294117647059	FALSE	FALSE	IS	75.78	1.657	multi-gene partial reconstruction	1.3196093956189	31.0496328380917	FALSE	FALSE	FALSE	FALSE	FALSE	FALSE	Sensitivity estimate under random gene loss: min(100, observed gene-set coverage / MAG completeness fraction)
SY457BB-8-12_bin25	Carbon	Glycolysis (Embden-Meyerhof pathway), glucose => pyruvate	Previous algorithm: distinct-gene set coverage	29	6	20.6896551724138	FALSE	FALSE	IS	75.78	1.657	multi-gene partial reconstruction	1.3196093956189	27.3022633576324	FALSE	FALSE	FALSE	FALSE	FALSE	FALSE	Sensitivity estimate under random gene loss: min(100, observed gene-set coverage / MAG completeness fraction)
SY457BB-8-12_bin25	Carbon	Glycolysis, core module involving three-carbon compounds	Previous algorithm: distinct-gene set coverage	12	5	41.6666666666667	FALSE	FALSE	IS	75.78	1.657	multi-gene partial reconstruction	1.3196093956189	54.9837248174541	FALSE	TRUE	TRUE	FALSE	FALSE	FALSE	Sensitivity estimate under random gene loss: min(100, observed gene-set coverage / MAG completeness fraction)
SY457BB-8-12_bin25	Carbon	Incomplete reductive citrate cycle, acetyl-CoA => oxoglutarate	Previous algorithm: distinct-gene set coverage	17	6	35.2941176470588	FALSE	FALSE	IS	75.78	1.657	multi-gene partial reconstruction	1.3196093956189	46.5744492571375	FALSE	FALSE	FALSE	FALSE	FALSE	FALSE	Sensitivity estimate under random gene loss: min(100, observed gene-set coverage / MAG completeness fraction)
SY457BB-8-12_bin25	Carbon	Pyruvate oxidation, pyruvate => acetyl-CoA	Previous algorithm: distinct-gene set coverage	11	4	36.3636363636364	FALSE	FALSE	IS	75.78	1.657	multi-gene partial reconstruction	1.3196093956189	47.9857962043236	FALSE	FALSE	FALSE	FALSE	FALSE	FALSE	Sensitivity estimate under random gene loss: min(100, observed gene-set coverage / MAG completeness fraction)
SY457BB-8-12_bin25	Carbon	TCA /Reductive TCA	Previous algorithm: distinct-gene set coverage	1	0	0	FALSE	FALSE	IS	75.78	1.657	multi-gene partial reconstruction	1.3196093956189	0	FALSE	FALSE	FALSE	FALSE	FALSE	FALSE	Sensitivity estimate under random gene loss: min(100, observed gene-set coverage / MAG completeness fraction)
SY457BB-8-12_bin4	Motility	Flagellar Assembly (partial 36-KO reconstruction)	Previous algorithm: distinct-gene set coverage	36	18	50	TRUE	FALSE	IS	88.13	3.473	multi-gene partial reconstruction	1.13468739362306	56.7343696811528	TRUE	TRUE	FALSE	FALSE	FALSE	FALSE	Sensitivity estimate under random gene loss: min(100, observed gene-set coverage / MAG completeness fraction)
SY457BB-8-12_bin4	Vitamin B12	Cobalamin biosynthesis, cobinamide => cobalamin	Previous algorithm: distinct-gene set coverage	8	6	75	TRUE	TRUE	IS	88.13	3.473	multi-gene partial reconstruction	1.13468739362306	85.1015545217293	TRUE	TRUE	FALSE	TRUE	TRUE	FALSE	Sensitivity estimate under random gene loss: min(100, observed gene-set coverage / MAG completeness fraction)
SY457BB-8-12_bin4	Vitamin B12	Cobalamin biosynthesis, precorrin2 => cobinamide	Previous algorithm: distinct-gene set coverage	25	14	56	TRUE	FALSE	IS	88.13	3.473	multi-gene partial reconstruction	1.13468739362306	63.5424940428912	TRUE	TRUE	FALSE	FALSE	FALSE	FALSE	Sensitivity estimate under random gene loss: min(100, observed gene-set coverage / MAG completeness fraction)
SY457BB-8-12_bin4	Carbon	Acetyl-CoA pathway, CO2 => acetyl-CoA	Previous algorithm: distinct-gene set coverage	5	0	0	FALSE	FALSE	IS	88.13	3.473	multi-gene partial reconstruction	1.13468739362306	0	FALSE	FALSE	FALSE	FALSE	FALSE	FALSE	Sensitivity estimate under random gene loss: min(100, observed gene-set coverage / MAG completeness fraction)
SY457BB-8-12_bin4	Carbon	Methane oxidation, methanotroph, methane => formaldehyde	Previous algorithm: distinct-gene set coverage	12	0	0	FALSE	FALSE	IS	88.13	3.473	multi-gene partial reconstruction	1.13468739362306	0	FALSE	FALSE	FALSE	FALSE	FALSE	FALSE	Sensitivity estimate under random gene loss: min(100, observed gene-set coverage / MAG completeness fraction)
SY457BB-8-12_bin4	Carbon	Methanogenesis, CO2 => methane	Previous algorithm: distinct-gene set coverage	37	0	0	FALSE	FALSE	IS	88.13	3.473	multi-gene partial reconstruction	1.13468739362306	0	FALSE	FALSE	FALSE	FALSE	FALSE	FALSE	Sensitivity estimate under random gene loss: min(100, observed gene-set coverage / MAG completeness fraction)
SY457BB-8-12_bin4	Carbon	Methanogenesis, acetate => methane	Previous algorithm: distinct-gene set coverage	31	2	6.45161290322581	FALSE	FALSE	IS	88.13	3.473	multi-gene partial reconstruction	1.13468739362306	7.32056382982618	FALSE	FALSE	FALSE	FALSE	FALSE	FALSE	Sensitivity estimate under random gene loss: min(100, observed gene-set coverage / MAG completeness fraction)
SY457BB-8-12_bin4	Carbon	Methanogenesis, methanethiol => methane	Previous algorithm: distinct-gene set coverage	1	0	0	FALSE	FALSE	IS	88.13	3.473	multi-gene partial reconstruction	1.13468739362306	0	FALSE	FALSE	FALSE	FALSE	FALSE	FALSE	Sensitivity estimate under random gene loss: min(100, observed gene-set coverage / MAG completeness fraction)
SY457BB-8-12_bin4	Carbon	Methanogenesis, methanol => methane	Previous algorithm: distinct-gene set coverage	19	0	0	FALSE	FALSE	IS	88.13	3.473	multi-gene partial reconstruction	1.13468739362306	0	FALSE	FALSE	FALSE	FALSE	FALSE	FALSE	Sensitivity estimate under random gene loss: min(100, observed gene-set coverage / MAG completeness fraction)
SY457BB-8-12_bin4	Carbon	Methanogenesis, methylamine/dimethylamine/trimethylamine => methane	Previous algorithm: distinct-gene set coverage	23	1	4.34782608695652	FALSE	FALSE	IS	88.13	3.473	multi-gene partial reconstruction	1.13468739362306	4.93342345053503	FALSE	FALSE	FALSE	FALSE	FALSE	FALSE	Sensitivity estimate under random gene loss: min(100, observed gene-set coverage / MAG completeness fraction)
SY457BB-8-12_bin4	Carbon	Reductive acetyl-CoA pathway (Wood-Ljungdahl pathway)	Previous algorithm: distinct-gene set coverage	10	3	30	FALSE	FALSE	IS	88.13	3.473	multi-gene partial reconstruction	1.13468739362306	34.0406218086917	FALSE	FALSE	FALSE	FALSE	FALSE	FALSE	Sensitivity estimate under random gene loss: min(100, observed gene-set coverage / MAG completeness fraction)
SY457BB-8-12_bin4	Carbon	Reductive citrate cycle (Arnon-Buchanan cycle)	Previous algorithm: distinct-gene set coverage	43	8	18.6046511627907	FALSE	FALSE	IS	88.13	3.473	multi-gene partial reconstruction	1.13468739362306	21.1104631371732	FALSE	FALSE	FALSE	FALSE	FALSE	FALSE	Sensitivity estimate under random gene loss: min(100, observed gene-set coverage / MAG completeness fraction)
SY457BB-8-12_bin4	Nitrogen	Assimilatory nitrate reduction, nitrate => ammonia	Previous algorithm: distinct-gene set coverage	6	0	0	FALSE	FALSE	IS	88.13	3.473	multi-gene partial reconstruction	1.13468739362306	0	FALSE	FALSE	FALSE	FALSE	FALSE	FALSE	Sensitivity estimate under random gene loss: min(100, observed gene-set coverage / MAG completeness fraction)
SY457BB-8-12_bin4	Nitrogen	Complete nitrification, comammox, ammonia => nitrite => nitrate	Previous algorithm: distinct-gene set coverage	6	0	0	FALSE	FALSE	IS	88.13	3.473	multi-gene partial reconstruction	1.13468739362306	0	FALSE	FALSE	FALSE	FALSE	FALSE	FALSE	Sensitivity estimate under random gene loss: min(100, observed gene-set coverage / MAG completeness fraction)
SY457BB-8-12_bin4	Nitrogen	Denitrification, nitrate => nitrogen	Previous algorithm: distinct-gene set coverage	11	1	9.09090909090909	FALSE	FALSE	IS	88.13	3.473	multi-gene partial reconstruction	1.13468739362306	10.3153399420278	FALSE	FALSE	FALSE	FALSE	FALSE	FALSE	Sensitivity estimate under random gene loss: min(100, observed gene-set coverage / MAG completeness fraction)
SY457BB-8-12_bin4	Nitrogen	Dissimilatory nitrate reduction, nitrate => ammonia	Previous algorithm: distinct-gene set coverage	9	1	11.1111111111111	FALSE	FALSE	IS	88.13	3.473	multi-gene partial reconstruction	1.13468739362306	12.6076377069228	FALSE	FALSE	FALSE	FALSE	FALSE	FALSE	Sensitivity estimate under random gene loss: min(100, observed gene-set coverage / MAG completeness fraction)
SY457BB-8-12_bin4	Nitrogen	Nitrate assimilation	Previous algorithm: distinct-gene set coverage	1	1	100	TRUE	TRUE	IS	88.13	3.473	multi-gene partial reconstruction	1.13468739362306	100	TRUE	TRUE	FALSE	TRUE	TRUE	FALSE	Sensitivity estimate under random gene loss: min(100, observed gene-set coverage / MAG completeness fraction)
SY457BB-8-12_bin4	Nitrogen	Nitrification, ammonia => nitrite	Previous algorithm: distinct-gene set coverage	8	0	0	FALSE	FALSE	IS	88.13	3.473	multi-gene partial reconstruction	1.13468739362306	0	FALSE	FALSE	FALSE	FALSE	FALSE	FALSE	Sensitivity estimate under random gene loss: min(100, observed gene-set coverage / MAG completeness fraction)
SY457BB-8-12_bin4	Nitrogen	Nitrogen fixation, nitrogen => ammonia	Previous algorithm: distinct-gene set coverage	8	0	0	FALSE	FALSE	IS	88.13	3.473	multi-gene partial reconstruction	1.13468739362306	0	FALSE	FALSE	FALSE	FALSE	FALSE	FALSE	Sensitivity estimate under random gene loss: min(100, observed gene-set coverage / MAG completeness fraction)
SY457BB-8-12_bin4	Nitrogen	nitrite + ammonia => nitrogen	Previous algorithm: distinct-gene set coverage	9	0	0	FALSE	FALSE	IS	88.13	3.473	multi-gene partial reconstruction	1.13468739362306	0	FALSE	FALSE	FALSE	FALSE	FALSE	FALSE	Sensitivity estimate under random gene loss: min(100, observed gene-set coverage / MAG completeness fraction)
SY457BB-8-12_bin4	Sulfur	Assimilatory sulfate reduction, sulfate => H2S	Previous algorithm: distinct-gene set coverage	10	3	30	FALSE	FALSE	IS	88.13	3.473	multi-gene partial reconstruction	1.13468739362306	34.0406218086917	FALSE	FALSE	FALSE	FALSE	FALSE	FALSE	Sensitivity estimate under random gene loss: min(100, observed gene-set coverage / MAG completeness fraction)
SY457BB-8-12_bin4	Sulfur	Dissimilatory sulfate reduction, sulfate => H2S	Previous algorithm: distinct-gene set coverage	7	3	42.8571428571429	FALSE	FALSE	IS	88.13	3.473	multi-gene partial reconstruction	1.13468739362306	48.6294597267025	FALSE	FALSE	FALSE	FALSE	FALSE	FALSE	Sensitivity estimate under random gene loss: min(100, observed gene-set coverage / MAG completeness fraction)
SY457BB-8-12_bin4	Sulfur	Thiosulfate oxidation by SOX complex, thiosulfate => sulfate	Previous algorithm: distinct-gene set coverage	7	4	57.1428571428571	TRUE	FALSE	IS	88.13	3.473	multi-gene partial reconstruction	1.13468739362306	64.8392796356032	TRUE	TRUE	FALSE	FALSE	FALSE	FALSE	Sensitivity estimate under random gene loss: min(100, observed gene-set coverage / MAG completeness fraction)
SY457BB-8-12_bin4	Nitrogen	Urea cycle	Previous algorithm: distinct-gene set coverage	6	3	50	TRUE	FALSE	IS	88.13	3.473	multi-gene partial reconstruction	1.13468739362306	56.7343696811528	TRUE	TRUE	FALSE	FALSE	FALSE	FALSE	Sensitivity estimate under random gene loss: min(100, observed gene-set coverage / MAG completeness fraction)
SY457BB-8-12_bin4	Nitrogen	Urea transport system	Previous algorithm: distinct-gene set coverage	5	0	0	FALSE	FALSE	IS	88.13	3.473	multi-gene partial reconstruction	1.13468739362306	0	FALSE	FALSE	FALSE	FALSE	FALSE	FALSE	Sensitivity estimate under random gene loss: min(100, observed gene-set coverage / MAG completeness fraction)
SY457BB-8-12_bin4	Sulfur	Sulfate/thiosulfate transport system	Previous algorithm: distinct-gene set coverage	5	0	0	FALSE	FALSE	IS	88.13	3.473	multi-gene partial reconstruction	1.13468739362306	0	FALSE	FALSE	FALSE	FALSE	FALSE	FALSE	Sensitivity estimate under random gene loss: min(100, observed gene-set coverage / MAG completeness fraction)
SY457BB-8-12_bin4	Sulfur	Sulfonate transport system	Previous algorithm: distinct-gene set coverage	3	0	0	FALSE	FALSE	IS	88.13	3.473	multi-gene partial reconstruction	1.13468739362306	0	FALSE	FALSE	FALSE	FALSE	FALSE	FALSE	Sensitivity estimate under random gene loss: min(100, observed gene-set coverage / MAG completeness fraction)
SY457BB-8-12_bin4	Vitamin B12	Cobalamin salvage	Previous algorithm: distinct-gene set coverage	4	0	0	FALSE	FALSE	IS	88.13	3.473	multi-gene partial reconstruction	1.13468739362306	0	FALSE	FALSE	FALSE	FALSE	FALSE	FALSE	Sensitivity estimate under random gene loss: min(100, observed gene-set coverage / MAG completeness fraction)
SY457BB-8-12_bin4	Vitamin B12	Vitamin B12 transport system	Previous algorithm: distinct-gene set coverage	3	0	0	FALSE	FALSE	IS	88.13	3.473	multi-gene partial reconstruction	1.13468739362306	0	FALSE	FALSE	FALSE	FALSE	FALSE	FALSE	Sensitivity estimate under random gene loss: min(100, observed gene-set coverage / MAG completeness fraction)
SY457BB-8-12_bin4	Carbon	Citrate cycle (TCA cycle, Krebs cycle)	Previous algorithm: distinct-gene set coverage	40	9	22.5	FALSE	FALSE	IS	88.13	3.473	multi-gene partial reconstruction	1.13468739362306	25.5304663565188	FALSE	FALSE	FALSE	FALSE	FALSE	FALSE	Sensitivity estimate under random gene loss: min(100, observed gene-set coverage / MAG completeness fraction)
SY457BB-8-12_bin4	Carbon	Citrate cycle, first carbon oxidation, oxaloacetate => 2-oxoglutarate	Previous algorithm: distinct-gene set coverage	6	2	33.3333333333333	FALSE	FALSE	IS	88.13	3.473	multi-gene partial reconstruction	1.13468739362306	37.8229131207685	FALSE	FALSE	FALSE	FALSE	FALSE	FALSE	Sensitivity estimate under random gene loss: min(100, observed gene-set coverage / MAG completeness fraction)
SY457BB-8-12_bin4	Carbon	Citrate cycle, second carbon oxidation, 2-oxoglutarate => oxaloacetate	Previous algorithm: distinct-gene set coverage	34	7	20.5882352941176	FALSE	FALSE	IS	88.13	3.473	multi-gene partial reconstruction	1.13468739362306	23.3612110451805	FALSE	FALSE	FALSE	FALSE	FALSE	FALSE	Sensitivity estimate under random gene loss: min(100, observed gene-set coverage / MAG completeness fraction)
SY457BB-8-12_bin4	Carbon	Glycolysis (Embden-Meyerhof pathway), glucose => pyruvate	Previous algorithm: distinct-gene set coverage	29	8	27.5862068965517	FALSE	FALSE	IS	88.13	3.473	multi-gene partial reconstruction	1.13468739362306	31.3017212033946	FALSE	FALSE	FALSE	FALSE	FALSE	FALSE	Sensitivity estimate under random gene loss: min(100, observed gene-set coverage / MAG completeness fraction)
SY457BB-8-12_bin4	Carbon	Glycolysis, core module involving three-carbon compounds	Previous algorithm: distinct-gene set coverage	12	6	50	TRUE	FALSE	IS	88.13	3.473	multi-gene partial reconstruction	1.13468739362306	56.7343696811528	TRUE	TRUE	FALSE	FALSE	FALSE	FALSE	Sensitivity estimate under random gene loss: min(100, observed gene-set coverage / MAG completeness fraction)
SY457BB-8-12_bin4	Carbon	Incomplete reductive citrate cycle, acetyl-CoA => oxoglutarate	Previous algorithm: distinct-gene set coverage	17	2	11.7647058823529	FALSE	FALSE	IS	88.13	3.473	multi-gene partial reconstruction	1.13468739362306	13.3492634543889	FALSE	FALSE	FALSE	FALSE	FALSE	FALSE	Sensitivity estimate under random gene loss: min(100, observed gene-set coverage / MAG completeness fraction)
SY457BB-8-12_bin4	Carbon	Pyruvate oxidation, pyruvate => acetyl-CoA	Previous algorithm: distinct-gene set coverage	11	3	27.2727272727273	FALSE	FALSE	IS	88.13	3.473	multi-gene partial reconstruction	1.13468739362306	30.9460198260834	FALSE	FALSE	FALSE	FALSE	FALSE	FALSE	Sensitivity estimate under random gene loss: min(100, observed gene-set coverage / MAG completeness fraction)
SY457BB-8-12_bin4	Carbon	TCA /Reductive TCA	Previous algorithm: distinct-gene set coverage	1	0	0	FALSE	FALSE	IS	88.13	3.473	multi-gene partial reconstruction	1.13468739362306	0	FALSE	FALSE	FALSE	FALSE	FALSE	FALSE	Sensitivity estimate under random gene loss: min(100, observed gene-set coverage / MAG completeness fraction)
SY459WG-0-4_bin26	Motility	Flagellar Assembly (partial 36-KO reconstruction)	Previous algorithm: distinct-gene set coverage	36	0	0	FALSE	FALSE	IS	63.31	6.077	multi-gene partial reconstruction	1.57952930026852	0	FALSE	FALSE	FALSE	FALSE	FALSE	FALSE	Sensitivity estimate under random gene loss: min(100, observed gene-set coverage / MAG completeness fraction)
SY459WG-0-4_bin26	Vitamin B12	Cobalamin biosynthesis, cobinamide => cobalamin	Previous algorithm: distinct-gene set coverage	8	1	12.5	FALSE	FALSE	IS	63.31	6.077	multi-gene partial reconstruction	1.57952930026852	19.7441162533565	FALSE	FALSE	FALSE	FALSE	FALSE	FALSE	Sensitivity estimate under random gene loss: min(100, observed gene-set coverage / MAG completeness fraction)
SY459WG-0-4_bin26	Vitamin B12	Cobalamin biosynthesis, precorrin2 => cobinamide	Previous algorithm: distinct-gene set coverage	25	0	0	FALSE	FALSE	IS	63.31	6.077	multi-gene partial reconstruction	1.57952930026852	0	FALSE	FALSE	FALSE	FALSE	FALSE	FALSE	Sensitivity estimate under random gene loss: min(100, observed gene-set coverage / MAG completeness fraction)
SY459WG-0-4_bin26	Carbon	Acetyl-CoA pathway, CO2 => acetyl-CoA	Previous algorithm: distinct-gene set coverage	5	0	0	FALSE	FALSE	IS	63.31	6.077	multi-gene partial reconstruction	1.57952930026852	0	FALSE	FALSE	FALSE	FALSE	FALSE	FALSE	Sensitivity estimate under random gene loss: min(100, observed gene-set coverage / MAG completeness fraction)
SY459WG-0-4_bin26	Carbon	Methane oxidation, methanotroph, methane => formaldehyde	Previous algorithm: distinct-gene set coverage	12	0	0	FALSE	FALSE	IS	63.31	6.077	multi-gene partial reconstruction	1.57952930026852	0	FALSE	FALSE	FALSE	FALSE	FALSE	FALSE	Sensitivity estimate under random gene loss: min(100, observed gene-set coverage / MAG completeness fraction)
SY459WG-0-4_bin26	Carbon	Methanogenesis, CO2 => methane	Previous algorithm: distinct-gene set coverage	37	1	2.7027027027027	FALSE	FALSE	IS	63.31	6.077	multi-gene partial reconstruction	1.57952930026852	4.26899810883383	FALSE	FALSE	FALSE	FALSE	FALSE	FALSE	Sensitivity estimate under random gene loss: min(100, observed gene-set coverage / MAG completeness fraction)
SY459WG-0-4_bin26	Carbon	Methanogenesis, acetate => methane	Previous algorithm: distinct-gene set coverage	31	1	3.2258064516129	FALSE	FALSE	IS	63.31	6.077	multi-gene partial reconstruction	1.57952930026852	5.0952558073178	FALSE	FALSE	FALSE	FALSE	FALSE	FALSE	Sensitivity estimate under random gene loss: min(100, observed gene-set coverage / MAG completeness fraction)
SY459WG-0-4_bin26	Carbon	Methanogenesis, methanethiol => methane	Previous algorithm: distinct-gene set coverage	1	0	0	FALSE	FALSE	IS	63.31	6.077	multi-gene partial reconstruction	1.57952930026852	0	FALSE	FALSE	FALSE	FALSE	FALSE	FALSE	Sensitivity estimate under random gene loss: min(100, observed gene-set coverage / MAG completeness fraction)
SY459WG-0-4_bin26	Carbon	Methanogenesis, methanol => methane	Previous algorithm: distinct-gene set coverage	19	1	5.26315789473684	FALSE	FALSE	IS	63.31	6.077	multi-gene partial reconstruction	1.57952930026852	8.31331210667642	FALSE	FALSE	FALSE	FALSE	FALSE	FALSE	Sensitivity estimate under random gene loss: min(100, observed gene-set coverage / MAG completeness fraction)
SY459WG-0-4_bin26	Carbon	Methanogenesis, methylamine/dimethylamine/trimethylamine => methane	Previous algorithm: distinct-gene set coverage	23	1	4.34782608695652	FALSE	FALSE	IS	63.31	6.077	multi-gene partial reconstruction	1.57952930026852	6.86751869681965	FALSE	FALSE	FALSE	FALSE	FALSE	FALSE	Sensitivity estimate under random gene loss: min(100, observed gene-set coverage / MAG completeness fraction)
SY459WG-0-4_bin26	Carbon	Reductive acetyl-CoA pathway (Wood-Ljungdahl pathway)	Previous algorithm: distinct-gene set coverage	10	0	0	FALSE	FALSE	IS	63.31	6.077	multi-gene partial reconstruction	1.57952930026852	0	FALSE	FALSE	FALSE	FALSE	FALSE	FALSE	Sensitivity estimate under random gene loss: min(100, observed gene-set coverage / MAG completeness fraction)
SY459WG-0-4_bin26	Carbon	Reductive citrate cycle (Arnon-Buchanan cycle)	Previous algorithm: distinct-gene set coverage	43	8	18.6046511627907	FALSE	FALSE	IS	63.31	6.077	multi-gene partial reconstruction	1.57952930026852	29.3865916329027	FALSE	FALSE	FALSE	FALSE	FALSE	FALSE	Sensitivity estimate under random gene loss: min(100, observed gene-set coverage / MAG completeness fraction)
SY459WG-0-4_bin26	Nitrogen	Assimilatory nitrate reduction, nitrate => ammonia	Previous algorithm: distinct-gene set coverage	6	0	0	FALSE	FALSE	IS	63.31	6.077	multi-gene partial reconstruction	1.57952930026852	0	FALSE	FALSE	FALSE	FALSE	FALSE	FALSE	Sensitivity estimate under random gene loss: min(100, observed gene-set coverage / MAG completeness fraction)
SY459WG-0-4_bin26	Nitrogen	Complete nitrification, comammox, ammonia => nitrite => nitrate	Previous algorithm: distinct-gene set coverage	6	0	0	FALSE	FALSE	IS	63.31	6.077	multi-gene partial reconstruction	1.57952930026852	0	FALSE	FALSE	FALSE	FALSE	FALSE	FALSE	Sensitivity estimate under random gene loss: min(100, observed gene-set coverage / MAG completeness fraction)
SY459WG-0-4_bin26	Nitrogen	Denitrification, nitrate => nitrogen	Previous algorithm: distinct-gene set coverage	11	1	9.09090909090909	FALSE	FALSE	IS	63.31	6.077	multi-gene partial reconstruction	1.57952930026852	14.3593572751684	FALSE	FALSE	FALSE	FALSE	FALSE	FALSE	Sensitivity estimate under random gene loss: min(100, observed gene-set coverage / MAG completeness fraction)
SY459WG-0-4_bin26	Nitrogen	Dissimilatory nitrate reduction, nitrate => ammonia	Previous algorithm: distinct-gene set coverage	9	1	11.1111111111111	FALSE	FALSE	IS	63.31	6.077	multi-gene partial reconstruction	1.57952930026852	17.5503255585391	FALSE	FALSE	FALSE	FALSE	FALSE	FALSE	Sensitivity estimate under random gene loss: min(100, observed gene-set coverage / MAG completeness fraction)
SY459WG-0-4_bin26	Nitrogen	Nitrate assimilation	Previous algorithm: distinct-gene set coverage	1	1	100	TRUE	TRUE	IS	63.31	6.077	multi-gene partial reconstruction	1.57952930026852	100	TRUE	TRUE	FALSE	TRUE	TRUE	FALSE	Sensitivity estimate under random gene loss: min(100, observed gene-set coverage / MAG completeness fraction)
SY459WG-0-4_bin26	Nitrogen	Nitrification, ammonia => nitrite	Previous algorithm: distinct-gene set coverage	8	0	0	FALSE	FALSE	IS	63.31	6.077	multi-gene partial reconstruction	1.57952930026852	0	FALSE	FALSE	FALSE	FALSE	FALSE	FALSE	Sensitivity estimate under random gene loss: min(100, observed gene-set coverage / MAG completeness fraction)
SY459WG-0-4_bin26	Nitrogen	Nitrogen fixation, nitrogen => ammonia	Previous algorithm: distinct-gene set coverage	8	0	0	FALSE	FALSE	IS	63.31	6.077	multi-gene partial reconstruction	1.57952930026852	0	FALSE	FALSE	FALSE	FALSE	FALSE	FALSE	Sensitivity estimate under random gene loss: min(100, observed gene-set coverage / MAG completeness fraction)
SY459WG-0-4_bin26	Nitrogen	nitrite + ammonia => nitrogen	Previous algorithm: distinct-gene set coverage	9	0	0	FALSE	FALSE	IS	63.31	6.077	multi-gene partial reconstruction	1.57952930026852	0	FALSE	FALSE	FALSE	FALSE	FALSE	FALSE	Sensitivity estimate under random gene loss: min(100, observed gene-set coverage / MAG completeness fraction)
SY459WG-0-4_bin26	Sulfur	Assimilatory sulfate reduction, sulfate => H2S	Previous algorithm: distinct-gene set coverage	10	0	0	FALSE	FALSE	IS	63.31	6.077	multi-gene partial reconstruction	1.57952930026852	0	FALSE	FALSE	FALSE	FALSE	FALSE	FALSE	Sensitivity estimate under random gene loss: min(100, observed gene-set coverage / MAG completeness fraction)
SY459WG-0-4_bin26	Sulfur	Dissimilatory sulfate reduction, sulfate => H2S	Previous algorithm: distinct-gene set coverage	7	0	0	FALSE	FALSE	IS	63.31	6.077	multi-gene partial reconstruction	1.57952930026852	0	FALSE	FALSE	FALSE	FALSE	FALSE	FALSE	Sensitivity estimate under random gene loss: min(100, observed gene-set coverage / MAG completeness fraction)
SY459WG-0-4_bin26	Sulfur	Thiosulfate oxidation by SOX complex, thiosulfate => sulfate	Previous algorithm: distinct-gene set coverage	7	0	0	FALSE	FALSE	IS	63.31	6.077	multi-gene partial reconstruction	1.57952930026852	0	FALSE	FALSE	FALSE	FALSE	FALSE	FALSE	Sensitivity estimate under random gene loss: min(100, observed gene-set coverage / MAG completeness fraction)
SY459WG-0-4_bin26	Nitrogen	Urea cycle	Previous algorithm: distinct-gene set coverage	6	3	50	TRUE	FALSE	IS	63.31	6.077	multi-gene partial reconstruction	1.57952930026852	78.976465013426	TRUE	TRUE	FALSE	FALSE	TRUE	TRUE	Sensitivity estimate under random gene loss: min(100, observed gene-set coverage / MAG completeness fraction)
SY459WG-0-4_bin26	Nitrogen	Urea transport system	Previous algorithm: distinct-gene set coverage	5	0	0	FALSE	FALSE	IS	63.31	6.077	multi-gene partial reconstruction	1.57952930026852	0	FALSE	FALSE	FALSE	FALSE	FALSE	FALSE	Sensitivity estimate under random gene loss: min(100, observed gene-set coverage / MAG completeness fraction)
SY459WG-0-4_bin26	Sulfur	Sulfate/thiosulfate transport system	Previous algorithm: distinct-gene set coverage	5	0	0	FALSE	FALSE	IS	63.31	6.077	multi-gene partial reconstruction	1.57952930026852	0	FALSE	FALSE	FALSE	FALSE	FALSE	FALSE	Sensitivity estimate under random gene loss: min(100, observed gene-set coverage / MAG completeness fraction)
SY459WG-0-4_bin26	Sulfur	Sulfonate transport system	Previous algorithm: distinct-gene set coverage	3	0	0	FALSE	FALSE	IS	63.31	6.077	multi-gene partial reconstruction	1.57952930026852	0	FALSE	FALSE	FALSE	FALSE	FALSE	FALSE	Sensitivity estimate under random gene loss: min(100, observed gene-set coverage / MAG completeness fraction)
SY459WG-0-4_bin26	Vitamin B12	Cobalamin salvage	Previous algorithm: distinct-gene set coverage	4	0	0	FALSE	FALSE	IS	63.31	6.077	multi-gene partial reconstruction	1.57952930026852	0	FALSE	FALSE	FALSE	FALSE	FALSE	FALSE	Sensitivity estimate under random gene loss: min(100, observed gene-set coverage / MAG completeness fraction)
SY459WG-0-4_bin26	Vitamin B12	Vitamin B12 transport system	Previous algorithm: distinct-gene set coverage	3	0	0	FALSE	FALSE	IS	63.31	6.077	multi-gene partial reconstruction	1.57952930026852	0	FALSE	FALSE	FALSE	FALSE	FALSE	FALSE	Sensitivity estimate under random gene loss: min(100, observed gene-set coverage / MAG completeness fraction)
SY459WG-0-4_bin26	Carbon	Citrate cycle (TCA cycle, Krebs cycle)	Previous algorithm: distinct-gene set coverage	40	5	12.5	FALSE	FALSE	IS	63.31	6.077	multi-gene partial reconstruction	1.57952930026852	19.7441162533565	FALSE	FALSE	FALSE	FALSE	FALSE	FALSE	Sensitivity estimate under random gene loss: min(100, observed gene-set coverage / MAG completeness fraction)
SY459WG-0-4_bin26	Carbon	Citrate cycle, first carbon oxidation, oxaloacetate => 2-oxoglutarate	Previous algorithm: distinct-gene set coverage	6	1	16.6666666666667	FALSE	FALSE	IS	63.31	6.077	multi-gene partial reconstruction	1.57952930026852	26.3254883378087	FALSE	FALSE	FALSE	FALSE	FALSE	FALSE	Sensitivity estimate under random gene loss: min(100, observed gene-set coverage / MAG completeness fraction)
SY459WG-0-4_bin26	Carbon	Citrate cycle, second carbon oxidation, 2-oxoglutarate => oxaloacetate	Previous algorithm: distinct-gene set coverage	34	4	11.7647058823529	FALSE	FALSE	IS	63.31	6.077	multi-gene partial reconstruction	1.57952930026852	18.5826976502178	FALSE	FALSE	FALSE	FALSE	FALSE	FALSE	Sensitivity estimate under random gene loss: min(100, observed gene-set coverage / MAG completeness fraction)
SY459WG-0-4_bin26	Carbon	Glycolysis (Embden-Meyerhof pathway), glucose => pyruvate	Previous algorithm: distinct-gene set coverage	29	8	27.5862068965517	FALSE	FALSE	IS	63.31	6.077	multi-gene partial reconstruction	1.57952930026852	43.5732220763729	FALSE	FALSE	FALSE	FALSE	FALSE	FALSE	Sensitivity estimate under random gene loss: min(100, observed gene-set coverage / MAG completeness fraction)
SY459WG-0-4_bin26	Carbon	Glycolysis, core module involving three-carbon compounds	Previous algorithm: distinct-gene set coverage	12	6	50	TRUE	FALSE	IS	63.31	6.077	multi-gene partial reconstruction	1.57952930026852	78.976465013426	TRUE	TRUE	FALSE	FALSE	TRUE	TRUE	Sensitivity estimate under random gene loss: min(100, observed gene-set coverage / MAG completeness fraction)
SY459WG-0-4_bin26	Carbon	Incomplete reductive citrate cycle, acetyl-CoA => oxoglutarate	Previous algorithm: distinct-gene set coverage	17	1	5.88235294117647	FALSE	FALSE	IS	63.31	6.077	multi-gene partial reconstruction	1.57952930026852	9.29134882510894	FALSE	FALSE	FALSE	FALSE	FALSE	FALSE	Sensitivity estimate under random gene loss: min(100, observed gene-set coverage / MAG completeness fraction)
SY459WG-0-4_bin26	Carbon	Pyruvate oxidation, pyruvate => acetyl-CoA	Previous algorithm: distinct-gene set coverage	11	2	18.1818181818182	FALSE	FALSE	IS	63.31	6.077	multi-gene partial reconstruction	1.57952930026852	28.7187145503368	FALSE	FALSE	FALSE	FALSE	FALSE	FALSE	Sensitivity estimate under random gene loss: min(100, observed gene-set coverage / MAG completeness fraction)
SY459WG-0-4_bin26	Carbon	TCA /Reductive TCA	Previous algorithm: distinct-gene set coverage	1	0	0	FALSE	FALSE	IS	63.31	6.077	multi-gene partial reconstruction	1.57952930026852	0	FALSE	FALSE	FALSE	FALSE	FALSE	FALSE	Sensitivity estimate under random gene loss: min(100, observed gene-set coverage / MAG completeness fraction)
SY459WG-0-4_bin37	Motility	Flagellar Assembly (partial 36-KO reconstruction)	Previous algorithm: distinct-gene set coverage	36	21	58.3333333333333	TRUE	FALSE	IS	94.83	1.655	multi-gene partial reconstruction	1.05451861225351	61.5135857147878	TRUE	TRUE	FALSE	FALSE	FALSE	FALSE	Sensitivity estimate under random gene loss: min(100, observed gene-set coverage / MAG completeness fraction)
SY459WG-0-4_bin37	Vitamin B12	Cobalamin biosynthesis, cobinamide => cobalamin	Previous algorithm: distinct-gene set coverage	8	6	75	TRUE	TRUE	IS	94.83	1.655	multi-gene partial reconstruction	1.05451861225351	79.088895919013	TRUE	TRUE	FALSE	TRUE	TRUE	FALSE	Sensitivity estimate under random gene loss: min(100, observed gene-set coverage / MAG completeness fraction)
SY459WG-0-4_bin37	Vitamin B12	Cobalamin biosynthesis, precorrin2 => cobinamide	Previous algorithm: distinct-gene set coverage	25	14	56	TRUE	FALSE	IS	94.83	1.655	multi-gene partial reconstruction	1.05451861225351	59.0530422861963	TRUE	TRUE	FALSE	FALSE	FALSE	FALSE	Sensitivity estimate under random gene loss: min(100, observed gene-set coverage / MAG completeness fraction)
SY459WG-0-4_bin37	Carbon	Acetyl-CoA pathway, CO2 => acetyl-CoA	Previous algorithm: distinct-gene set coverage	5	0	0	FALSE	FALSE	IS	94.83	1.655	multi-gene partial reconstruction	1.05451861225351	0	FALSE	FALSE	FALSE	FALSE	FALSE	FALSE	Sensitivity estimate under random gene loss: min(100, observed gene-set coverage / MAG completeness fraction)
SY459WG-0-4_bin37	Carbon	Methane oxidation, methanotroph, methane => formaldehyde	Previous algorithm: distinct-gene set coverage	12	0	0	FALSE	FALSE	IS	94.83	1.655	multi-gene partial reconstruction	1.05451861225351	0	FALSE	FALSE	FALSE	FALSE	FALSE	FALSE	Sensitivity estimate under random gene loss: min(100, observed gene-set coverage / MAG completeness fraction)
SY459WG-0-4_bin37	Carbon	Methanogenesis, CO2 => methane	Previous algorithm: distinct-gene set coverage	37	0	0	FALSE	FALSE	IS	94.83	1.655	multi-gene partial reconstruction	1.05451861225351	0	FALSE	FALSE	FALSE	FALSE	FALSE	FALSE	Sensitivity estimate under random gene loss: min(100, observed gene-set coverage / MAG completeness fraction)
SY459WG-0-4_bin37	Carbon	Methanogenesis, acetate => methane	Previous algorithm: distinct-gene set coverage	31	1	3.2258064516129	FALSE	FALSE	IS	94.83	1.655	multi-gene partial reconstruction	1.05451861225351	3.40167294275324	FALSE	FALSE	FALSE	FALSE	FALSE	FALSE	Sensitivity estimate under random gene loss: min(100, observed gene-set coverage / MAG completeness fraction)
SY459WG-0-4_bin37	Carbon	Methanogenesis, methanethiol => methane	Previous algorithm: distinct-gene set coverage	1	0	0	FALSE	FALSE	IS	94.83	1.655	multi-gene partial reconstruction	1.05451861225351	0	FALSE	FALSE	FALSE	FALSE	FALSE	FALSE	Sensitivity estimate under random gene loss: min(100, observed gene-set coverage / MAG completeness fraction)
SY459WG-0-4_bin37	Carbon	Methanogenesis, methanol => methane	Previous algorithm: distinct-gene set coverage	19	0	0	FALSE	FALSE	IS	94.83	1.655	multi-gene partial reconstruction	1.05451861225351	0	FALSE	FALSE	FALSE	FALSE	FALSE	FALSE	Sensitivity estimate under random gene loss: min(100, observed gene-set coverage / MAG completeness fraction)
SY459WG-0-4_bin37	Carbon	Methanogenesis, methylamine/dimethylamine/trimethylamine => methane	Previous algorithm: distinct-gene set coverage	23	1	4.34782608695652	FALSE	FALSE	IS	94.83	1.655	multi-gene partial reconstruction	1.05451861225351	4.58486353153698	FALSE	FALSE	FALSE	FALSE	FALSE	FALSE	Sensitivity estimate under random gene loss: min(100, observed gene-set coverage / MAG completeness fraction)
SY459WG-0-4_bin37	Carbon	Reductive acetyl-CoA pathway (Wood-Ljungdahl pathway)	Previous algorithm: distinct-gene set coverage	10	3	30	FALSE	FALSE	IS	94.83	1.655	multi-gene partial reconstruction	1.05451861225351	31.6355583676052	FALSE	FALSE	FALSE	FALSE	FALSE	FALSE	Sensitivity estimate under random gene loss: min(100, observed gene-set coverage / MAG completeness fraction)
SY459WG-0-4_bin37	Carbon	Reductive citrate cycle (Arnon-Buchanan cycle)	Previous algorithm: distinct-gene set coverage	43	11	25.5813953488372	FALSE	FALSE	IS	94.83	1.655	multi-gene partial reconstruction	1.05451861225351	26.9760575227641	FALSE	FALSE	FALSE	FALSE	FALSE	FALSE	Sensitivity estimate under random gene loss: min(100, observed gene-set coverage / MAG completeness fraction)
SY459WG-0-4_bin37	Nitrogen	Assimilatory nitrate reduction, nitrate => ammonia	Previous algorithm: distinct-gene set coverage	6	0	0	FALSE	FALSE	IS	94.83	1.655	multi-gene partial reconstruction	1.05451861225351	0	FALSE	FALSE	FALSE	FALSE	FALSE	FALSE	Sensitivity estimate under random gene loss: min(100, observed gene-set coverage / MAG completeness fraction)
SY459WG-0-4_bin37	Nitrogen	Complete nitrification, comammox, ammonia => nitrite => nitrate	Previous algorithm: distinct-gene set coverage	6	0	0	FALSE	FALSE	IS	94.83	1.655	multi-gene partial reconstruction	1.05451861225351	0	FALSE	FALSE	FALSE	FALSE	FALSE	FALSE	Sensitivity estimate under random gene loss: min(100, observed gene-set coverage / MAG completeness fraction)
SY459WG-0-4_bin37	Nitrogen	Denitrification, nitrate => nitrogen	Previous algorithm: distinct-gene set coverage	11	2	18.1818181818182	FALSE	FALSE	IS	94.83	1.655	multi-gene partial reconstruction	1.05451861225351	19.1730656773365	FALSE	FALSE	FALSE	FALSE	FALSE	FALSE	Sensitivity estimate under random gene loss: min(100, observed gene-set coverage / MAG completeness fraction)
SY459WG-0-4_bin37	Nitrogen	Dissimilatory nitrate reduction, nitrate => ammonia	Previous algorithm: distinct-gene set coverage	9	0	0	FALSE	FALSE	IS	94.83	1.655	multi-gene partial reconstruction	1.05451861225351	0	FALSE	FALSE	FALSE	FALSE	FALSE	FALSE	Sensitivity estimate under random gene loss: min(100, observed gene-set coverage / MAG completeness fraction)
SY459WG-0-4_bin37	Nitrogen	Nitrate assimilation	Previous algorithm: distinct-gene set coverage	1	0	0	FALSE	FALSE	IS	94.83	1.655	multi-gene partial reconstruction	1.05451861225351	0	FALSE	FALSE	FALSE	FALSE	FALSE	FALSE	Sensitivity estimate under random gene loss: min(100, observed gene-set coverage / MAG completeness fraction)
SY459WG-0-4_bin37	Nitrogen	Nitrification, ammonia => nitrite	Previous algorithm: distinct-gene set coverage	8	0	0	FALSE	FALSE	IS	94.83	1.655	multi-gene partial reconstruction	1.05451861225351	0	FALSE	FALSE	FALSE	FALSE	FALSE	FALSE	Sensitivity estimate under random gene loss: min(100, observed gene-set coverage / MAG completeness fraction)
SY459WG-0-4_bin37	Nitrogen	Nitrogen fixation, nitrogen => ammonia	Previous algorithm: distinct-gene set coverage	8	0	0	FALSE	FALSE	IS	94.83	1.655	multi-gene partial reconstruction	1.05451861225351	0	FALSE	FALSE	FALSE	FALSE	FALSE	FALSE	Sensitivity estimate under random gene loss: min(100, observed gene-set coverage / MAG completeness fraction)
SY459WG-0-4_bin37	Nitrogen	nitrite + ammonia => nitrogen	Previous algorithm: distinct-gene set coverage	9	1	11.1111111111111	FALSE	FALSE	IS	94.83	1.655	multi-gene partial reconstruction	1.05451861225351	11.7168734694834	FALSE	FALSE	FALSE	FALSE	FALSE	FALSE	Sensitivity estimate under random gene loss: min(100, observed gene-set coverage / MAG completeness fraction)
SY459WG-0-4_bin37	Sulfur	Assimilatory sulfate reduction, sulfate => H2S	Previous algorithm: distinct-gene set coverage	10	1	10	FALSE	FALSE	IS	94.83	1.655	multi-gene partial reconstruction	1.05451861225351	10.5451861225351	FALSE	FALSE	FALSE	FALSE	FALSE	FALSE	Sensitivity estimate under random gene loss: min(100, observed gene-set coverage / MAG completeness fraction)
SY459WG-0-4_bin37	Sulfur	Dissimilatory sulfate reduction, sulfate => H2S	Previous algorithm: distinct-gene set coverage	7	3	42.8571428571429	FALSE	FALSE	IS	94.83	1.655	multi-gene partial reconstruction	1.05451861225351	45.1936548108646	FALSE	FALSE	FALSE	FALSE	FALSE	FALSE	Sensitivity estimate under random gene loss: min(100, observed gene-set coverage / MAG completeness fraction)
SY459WG-0-4_bin37	Sulfur	Thiosulfate oxidation by SOX complex, thiosulfate => sulfate	Previous algorithm: distinct-gene set coverage	7	7	100	TRUE	TRUE	IS	94.83	1.655	multi-gene partial reconstruction	1.05451861225351	100	TRUE	TRUE	FALSE	TRUE	TRUE	FALSE	Sensitivity estimate under random gene loss: min(100, observed gene-set coverage / MAG completeness fraction)
SY459WG-0-4_bin37	Nitrogen	Urea cycle	Previous algorithm: distinct-gene set coverage	6	3	50	TRUE	FALSE	IS	94.83	1.655	multi-gene partial reconstruction	1.05451861225351	52.7259306126753	TRUE	TRUE	FALSE	FALSE	FALSE	FALSE	Sensitivity estimate under random gene loss: min(100, observed gene-set coverage / MAG completeness fraction)
SY459WG-0-4_bin37	Nitrogen	Urea transport system	Previous algorithm: distinct-gene set coverage	5	0	0	FALSE	FALSE	IS	94.83	1.655	multi-gene partial reconstruction	1.05451861225351	0	FALSE	FALSE	FALSE	FALSE	FALSE	FALSE	Sensitivity estimate under random gene loss: min(100, observed gene-set coverage / MAG completeness fraction)
SY459WG-0-4_bin37	Sulfur	Sulfate/thiosulfate transport system	Previous algorithm: distinct-gene set coverage	5	0	0	FALSE	FALSE	IS	94.83	1.655	multi-gene partial reconstruction	1.05451861225351	0	FALSE	FALSE	FALSE	FALSE	FALSE	FALSE	Sensitivity estimate under random gene loss: min(100, observed gene-set coverage / MAG completeness fraction)
SY459WG-0-4_bin37	Sulfur	Sulfonate transport system	Previous algorithm: distinct-gene set coverage	3	0	0	FALSE	FALSE	IS	94.83	1.655	multi-gene partial reconstruction	1.05451861225351	0	FALSE	FALSE	FALSE	FALSE	FALSE	FALSE	Sensitivity estimate under random gene loss: min(100, observed gene-set coverage / MAG completeness fraction)
SY459WG-0-4_bin37	Vitamin B12	Cobalamin salvage	Previous algorithm: distinct-gene set coverage	4	0	0	FALSE	FALSE	IS	94.83	1.655	multi-gene partial reconstruction	1.05451861225351	0	FALSE	FALSE	FALSE	FALSE	FALSE	FALSE	Sensitivity estimate under random gene loss: min(100, observed gene-set coverage / MAG completeness fraction)
SY459WG-0-4_bin37	Vitamin B12	Vitamin B12 transport system	Previous algorithm: distinct-gene set coverage	3	0	0	FALSE	FALSE	IS	94.83	1.655	multi-gene partial reconstruction	1.05451861225351	0	FALSE	FALSE	FALSE	FALSE	FALSE	FALSE	Sensitivity estimate under random gene loss: min(100, observed gene-set coverage / MAG completeness fraction)
SY459WG-0-4_bin37	Carbon	Citrate cycle (TCA cycle, Krebs cycle)	Previous algorithm: distinct-gene set coverage	40	13	32.5	FALSE	FALSE	IS	94.83	1.655	multi-gene partial reconstruction	1.05451861225351	34.271854898239	FALSE	FALSE	FALSE	FALSE	FALSE	FALSE	Sensitivity estimate under random gene loss: min(100, observed gene-set coverage / MAG completeness fraction)
SY459WG-0-4_bin37	Carbon	Citrate cycle, first carbon oxidation, oxaloacetate => 2-oxoglutarate	Previous algorithm: distinct-gene set coverage	6	2	33.3333333333333	FALSE	FALSE	IS	94.83	1.655	multi-gene partial reconstruction	1.05451861225351	35.1506204084502	FALSE	FALSE	FALSE	FALSE	FALSE	FALSE	Sensitivity estimate under random gene loss: min(100, observed gene-set coverage / MAG completeness fraction)
SY459WG-0-4_bin37	Carbon	Citrate cycle, second carbon oxidation, 2-oxoglutarate => oxaloacetate	Previous algorithm: distinct-gene set coverage	34	11	32.3529411764706	FALSE	FALSE	IS	94.83	1.655	multi-gene partial reconstruction	1.05451861225351	34.1167786317311	FALSE	FALSE	FALSE	FALSE	FALSE	FALSE	Sensitivity estimate under random gene loss: min(100, observed gene-set coverage / MAG completeness fraction)
SY459WG-0-4_bin37	Carbon	Glycolysis (Embden-Meyerhof pathway), glucose => pyruvate	Previous algorithm: distinct-gene set coverage	29	8	27.5862068965517	FALSE	FALSE	IS	94.83	1.655	multi-gene partial reconstruction	1.05451861225351	29.0901686138898	FALSE	FALSE	FALSE	FALSE	FALSE	FALSE	Sensitivity estimate under random gene loss: min(100, observed gene-set coverage / MAG completeness fraction)
SY459WG-0-4_bin37	Carbon	Glycolysis, core module involving three-carbon compounds	Previous algorithm: distinct-gene set coverage	12	6	50	TRUE	FALSE	IS	94.83	1.655	multi-gene partial reconstruction	1.05451861225351	52.7259306126753	TRUE	TRUE	FALSE	FALSE	FALSE	FALSE	Sensitivity estimate under random gene loss: min(100, observed gene-set coverage / MAG completeness fraction)
SY459WG-0-4_bin37	Carbon	Incomplete reductive citrate cycle, acetyl-CoA => oxoglutarate	Previous algorithm: distinct-gene set coverage	17	3	17.6470588235294	FALSE	FALSE	IS	94.83	1.655	multi-gene partial reconstruction	1.05451861225351	18.6091519809442	FALSE	FALSE	FALSE	FALSE	FALSE	FALSE	Sensitivity estimate under random gene loss: min(100, observed gene-set coverage / MAG completeness fraction)
SY459WG-0-4_bin37	Carbon	Pyruvate oxidation, pyruvate => acetyl-CoA	Previous algorithm: distinct-gene set coverage	11	4	36.3636363636364	FALSE	FALSE	IS	94.83	1.655	multi-gene partial reconstruction	1.05451861225351	38.346131354673	FALSE	FALSE	FALSE	FALSE	FALSE	FALSE	Sensitivity estimate under random gene loss: min(100, observed gene-set coverage / MAG completeness fraction)
SY459WG-0-4_bin37	Carbon	TCA /Reductive TCA	Previous algorithm: distinct-gene set coverage	1	0	0	FALSE	FALSE	IS	94.83	1.655	multi-gene partial reconstruction	1.05451861225351	0	FALSE	FALSE	FALSE	FALSE	FALSE	FALSE	Sensitivity estimate under random gene loss: min(100, observed gene-set coverage / MAG completeness fraction)
SY459WG-4-8_bin39	Motility	Flagellar Assembly (partial 36-KO reconstruction)	Previous algorithm: distinct-gene set coverage	36	23	63.8888888888889	TRUE	FALSE	IS	98.11	2.991	multi-gene partial reconstruction	1.01926409132606	65.1196502791651	TRUE	TRUE	FALSE	FALSE	FALSE	FALSE	Sensitivity estimate under random gene loss: min(100, observed gene-set coverage / MAG completeness fraction)
SY459WG-4-8_bin39	Vitamin B12	Cobalamin biosynthesis, cobinamide => cobalamin	Previous algorithm: distinct-gene set coverage	8	1	12.5	FALSE	FALSE	IS	98.11	2.991	multi-gene partial reconstruction	1.01926409132606	12.7408011415758	FALSE	FALSE	FALSE	FALSE	FALSE	FALSE	Sensitivity estimate under random gene loss: min(100, observed gene-set coverage / MAG completeness fraction)
SY459WG-4-8_bin39	Vitamin B12	Cobalamin biosynthesis, precorrin2 => cobinamide	Previous algorithm: distinct-gene set coverage	25	0	0	FALSE	FALSE	IS	98.11	2.991	multi-gene partial reconstruction	1.01926409132606	0	FALSE	FALSE	FALSE	FALSE	FALSE	FALSE	Sensitivity estimate under random gene loss: min(100, observed gene-set coverage / MAG completeness fraction)
SY459WG-4-8_bin39	Carbon	Acetyl-CoA pathway, CO2 => acetyl-CoA	Previous algorithm: distinct-gene set coverage	5	0	0	FALSE	FALSE	IS	98.11	2.991	multi-gene partial reconstruction	1.01926409132606	0	FALSE	FALSE	FALSE	FALSE	FALSE	FALSE	Sensitivity estimate under random gene loss: min(100, observed gene-set coverage / MAG completeness fraction)
SY459WG-4-8_bin39	Carbon	Methane oxidation, methanotroph, methane => formaldehyde	Previous algorithm: distinct-gene set coverage	12	0	0	FALSE	FALSE	IS	98.11	2.991	multi-gene partial reconstruction	1.01926409132606	0	FALSE	FALSE	FALSE	FALSE	FALSE	FALSE	Sensitivity estimate under random gene loss: min(100, observed gene-set coverage / MAG completeness fraction)
SY459WG-4-8_bin39	Carbon	Methanogenesis, CO2 => methane	Previous algorithm: distinct-gene set coverage	37	3	8.10810810810811	FALSE	FALSE	IS	98.11	2.991	multi-gene partial reconstruction	1.01926409132606	8.2643034431843	FALSE	FALSE	FALSE	FALSE	FALSE	FALSE	Sensitivity estimate under random gene loss: min(100, observed gene-set coverage / MAG completeness fraction)
SY459WG-4-8_bin39	Carbon	Methanogenesis, acetate => methane	Previous algorithm: distinct-gene set coverage	31	2	6.45161290322581	FALSE	FALSE	IS	98.11	2.991	multi-gene partial reconstruction	1.01926409132606	6.57589736339396	FALSE	FALSE	FALSE	FALSE	FALSE	FALSE	Sensitivity estimate under random gene loss: min(100, observed gene-set coverage / MAG completeness fraction)
SY459WG-4-8_bin39	Carbon	Methanogenesis, methanethiol => methane	Previous algorithm: distinct-gene set coverage	1	0	0	FALSE	FALSE	IS	98.11	2.991	multi-gene partial reconstruction	1.01926409132606	0	FALSE	FALSE	FALSE	FALSE	FALSE	FALSE	Sensitivity estimate under random gene loss: min(100, observed gene-set coverage / MAG completeness fraction)
SY459WG-4-8_bin39	Carbon	Methanogenesis, methanol => methane	Previous algorithm: distinct-gene set coverage	19	1	5.26315789473684	FALSE	FALSE	IS	98.11	2.991	multi-gene partial reconstruction	1.01926409132606	5.36454784908454	FALSE	FALSE	FALSE	FALSE	FALSE	FALSE	Sensitivity estimate under random gene loss: min(100, observed gene-set coverage / MAG completeness fraction)
SY459WG-4-8_bin39	Carbon	Methanogenesis, methylamine/dimethylamine/trimethylamine => methane	Previous algorithm: distinct-gene set coverage	23	1	4.34782608695652	FALSE	FALSE	IS	98.11	2.991	multi-gene partial reconstruction	1.01926409132606	4.43158300576549	FALSE	FALSE	FALSE	FALSE	FALSE	FALSE	Sensitivity estimate under random gene loss: min(100, observed gene-set coverage / MAG completeness fraction)
SY459WG-4-8_bin39	Carbon	Reductive acetyl-CoA pathway (Wood-Ljungdahl pathway)	Previous algorithm: distinct-gene set coverage	10	1	10	FALSE	FALSE	IS	98.11	2.991	multi-gene partial reconstruction	1.01926409132606	10.1926409132606	FALSE	FALSE	FALSE	FALSE	FALSE	FALSE	Sensitivity estimate under random gene loss: min(100, observed gene-set coverage / MAG completeness fraction)
SY459WG-4-8_bin39	Carbon	Reductive citrate cycle (Arnon-Buchanan cycle)	Previous algorithm: distinct-gene set coverage	43	13	30.2325581395349	FALSE	FALSE	IS	98.11	2.991	multi-gene partial reconstruction	1.01926409132606	30.8149609005554	FALSE	FALSE	FALSE	FALSE	FALSE	FALSE	Sensitivity estimate under random gene loss: min(100, observed gene-set coverage / MAG completeness fraction)
SY459WG-4-8_bin39	Nitrogen	Assimilatory nitrate reduction, nitrate => ammonia	Previous algorithm: distinct-gene set coverage	6	0	0	FALSE	FALSE	IS	98.11	2.991	multi-gene partial reconstruction	1.01926409132606	0	FALSE	FALSE	FALSE	FALSE	FALSE	FALSE	Sensitivity estimate under random gene loss: min(100, observed gene-set coverage / MAG completeness fraction)
SY459WG-4-8_bin39	Nitrogen	Complete nitrification, comammox, ammonia => nitrite => nitrate	Previous algorithm: distinct-gene set coverage	6	0	0	FALSE	FALSE	IS	98.11	2.991	multi-gene partial reconstruction	1.01926409132606	0	FALSE	FALSE	FALSE	FALSE	FALSE	FALSE	Sensitivity estimate under random gene loss: min(100, observed gene-set coverage / MAG completeness fraction)
SY459WG-4-8_bin39	Nitrogen	Denitrification, nitrate => nitrogen	Previous algorithm: distinct-gene set coverage	11	2	18.1818181818182	FALSE	FALSE	IS	98.11	2.991	multi-gene partial reconstruction	1.01926409132606	18.5320743877466	FALSE	FALSE	FALSE	FALSE	FALSE	FALSE	Sensitivity estimate under random gene loss: min(100, observed gene-set coverage / MAG completeness fraction)
SY459WG-4-8_bin39	Nitrogen	Dissimilatory nitrate reduction, nitrate => ammonia	Previous algorithm: distinct-gene set coverage	9	1	11.1111111111111	FALSE	FALSE	IS	98.11	2.991	multi-gene partial reconstruction	1.01926409132606	11.3251565702896	FALSE	FALSE	FALSE	FALSE	FALSE	FALSE	Sensitivity estimate under random gene loss: min(100, observed gene-set coverage / MAG completeness fraction)
SY459WG-4-8_bin39	Nitrogen	Nitrate assimilation	Previous algorithm: distinct-gene set coverage	1	1	100	TRUE	TRUE	IS	98.11	2.991	multi-gene partial reconstruction	1.01926409132606	100	TRUE	TRUE	FALSE	TRUE	TRUE	FALSE	Sensitivity estimate under random gene loss: min(100, observed gene-set coverage / MAG completeness fraction)
SY459WG-4-8_bin39	Nitrogen	Nitrification, ammonia => nitrite	Previous algorithm: distinct-gene set coverage	8	0	0	FALSE	FALSE	IS	98.11	2.991	multi-gene partial reconstruction	1.01926409132606	0	FALSE	FALSE	FALSE	FALSE	FALSE	FALSE	Sensitivity estimate under random gene loss: min(100, observed gene-set coverage / MAG completeness fraction)
SY459WG-4-8_bin39	Nitrogen	Nitrogen fixation, nitrogen => ammonia	Previous algorithm: distinct-gene set coverage	8	0	0	FALSE	FALSE	IS	98.11	2.991	multi-gene partial reconstruction	1.01926409132606	0	FALSE	FALSE	FALSE	FALSE	FALSE	FALSE	Sensitivity estimate under random gene loss: min(100, observed gene-set coverage / MAG completeness fraction)
SY459WG-4-8_bin39	Nitrogen	nitrite + ammonia => nitrogen	Previous algorithm: distinct-gene set coverage	9	1	11.1111111111111	FALSE	FALSE	IS	98.11	2.991	multi-gene partial reconstruction	1.01926409132606	11.3251565702896	FALSE	FALSE	FALSE	FALSE	FALSE	FALSE	Sensitivity estimate under random gene loss: min(100, observed gene-set coverage / MAG completeness fraction)
SY459WG-4-8_bin39	Sulfur	Assimilatory sulfate reduction, sulfate => H2S	Previous algorithm: distinct-gene set coverage	10	3	30	FALSE	FALSE	IS	98.11	2.991	multi-gene partial reconstruction	1.01926409132606	30.5779227397819	FALSE	FALSE	FALSE	FALSE	FALSE	FALSE	Sensitivity estimate under random gene loss: min(100, observed gene-set coverage / MAG completeness fraction)
SY459WG-4-8_bin39	Sulfur	Dissimilatory sulfate reduction, sulfate => H2S	Previous algorithm: distinct-gene set coverage	7	2	28.5714285714286	FALSE	FALSE	IS	98.11	2.991	multi-gene partial reconstruction	1.01926409132606	29.1218311807447	FALSE	FALSE	FALSE	FALSE	FALSE	FALSE	Sensitivity estimate under random gene loss: min(100, observed gene-set coverage / MAG completeness fraction)
SY459WG-4-8_bin39	Sulfur	Thiosulfate oxidation by SOX complex, thiosulfate => sulfate	Previous algorithm: distinct-gene set coverage	7	0	0	FALSE	FALSE	IS	98.11	2.991	multi-gene partial reconstruction	1.01926409132606	0	FALSE	FALSE	FALSE	FALSE	FALSE	FALSE	Sensitivity estimate under random gene loss: min(100, observed gene-set coverage / MAG completeness fraction)
SY459WG-4-8_bin39	Nitrogen	Urea cycle	Previous algorithm: distinct-gene set coverage	6	3	50	TRUE	FALSE	IS	98.11	2.991	multi-gene partial reconstruction	1.01926409132606	50.9632045663031	TRUE	TRUE	FALSE	FALSE	FALSE	FALSE	Sensitivity estimate under random gene loss: min(100, observed gene-set coverage / MAG completeness fraction)
SY459WG-4-8_bin39	Nitrogen	Urea transport system	Previous algorithm: distinct-gene set coverage	5	0	0	FALSE	FALSE	IS	98.11	2.991	multi-gene partial reconstruction	1.01926409132606	0	FALSE	FALSE	FALSE	FALSE	FALSE	FALSE	Sensitivity estimate under random gene loss: min(100, observed gene-set coverage / MAG completeness fraction)
SY459WG-4-8_bin39	Sulfur	Sulfate/thiosulfate transport system	Previous algorithm: distinct-gene set coverage	5	0	0	FALSE	FALSE	IS	98.11	2.991	multi-gene partial reconstruction	1.01926409132606	0	FALSE	FALSE	FALSE	FALSE	FALSE	FALSE	Sensitivity estimate under random gene loss: min(100, observed gene-set coverage / MAG completeness fraction)
SY459WG-4-8_bin39	Sulfur	Sulfonate transport system	Previous algorithm: distinct-gene set coverage	3	0	0	FALSE	FALSE	IS	98.11	2.991	multi-gene partial reconstruction	1.01926409132606	0	FALSE	FALSE	FALSE	FALSE	FALSE	FALSE	Sensitivity estimate under random gene loss: min(100, observed gene-set coverage / MAG completeness fraction)
SY459WG-4-8_bin39	Vitamin B12	Cobalamin salvage	Previous algorithm: distinct-gene set coverage	4	0	0	FALSE	FALSE	IS	98.11	2.991	multi-gene partial reconstruction	1.01926409132606	0	FALSE	FALSE	FALSE	FALSE	FALSE	FALSE	Sensitivity estimate under random gene loss: min(100, observed gene-set coverage / MAG completeness fraction)
SY459WG-4-8_bin39	Vitamin B12	Vitamin B12 transport system	Previous algorithm: distinct-gene set coverage	3	0	0	FALSE	FALSE	IS	98.11	2.991	multi-gene partial reconstruction	1.01926409132606	0	FALSE	FALSE	FALSE	FALSE	FALSE	FALSE	Sensitivity estimate under random gene loss: min(100, observed gene-set coverage / MAG completeness fraction)
SY459WG-4-8_bin39	Carbon	Citrate cycle (TCA cycle, Krebs cycle)	Previous algorithm: distinct-gene set coverage	40	13	32.5	FALSE	FALSE	IS	98.11	2.991	multi-gene partial reconstruction	1.01926409132606	33.126082968097	FALSE	FALSE	FALSE	FALSE	FALSE	FALSE	Sensitivity estimate under random gene loss: min(100, observed gene-set coverage / MAG completeness fraction)
SY459WG-4-8_bin39	Carbon	Citrate cycle, first carbon oxidation, oxaloacetate => 2-oxoglutarate	Previous algorithm: distinct-gene set coverage	6	2	33.3333333333333	FALSE	FALSE	IS	98.11	2.991	multi-gene partial reconstruction	1.01926409132606	33.9754697108687	FALSE	FALSE	FALSE	FALSE	FALSE	FALSE	Sensitivity estimate under random gene loss: min(100, observed gene-set coverage / MAG completeness fraction)
SY459WG-4-8_bin39	Carbon	Citrate cycle, second carbon oxidation, 2-oxoglutarate => oxaloacetate	Previous algorithm: distinct-gene set coverage	34	11	32.3529411764706	FALSE	FALSE	IS	98.11	2.991	multi-gene partial reconstruction	1.01926409132606	32.9761911899609	FALSE	FALSE	FALSE	FALSE	FALSE	FALSE	Sensitivity estimate under random gene loss: min(100, observed gene-set coverage / MAG completeness fraction)
SY459WG-4-8_bin39	Carbon	Glycolysis (Embden-Meyerhof pathway), glucose => pyruvate	Previous algorithm: distinct-gene set coverage	29	9	31.0344827586207	FALSE	FALSE	IS	98.11	2.991	multi-gene partial reconstruction	1.01926409132606	31.6323338687399	FALSE	FALSE	FALSE	FALSE	FALSE	FALSE	Sensitivity estimate under random gene loss: min(100, observed gene-set coverage / MAG completeness fraction)
SY459WG-4-8_bin39	Carbon	Glycolysis, core module involving three-carbon compounds	Previous algorithm: distinct-gene set coverage	12	6	50	TRUE	FALSE	IS	98.11	2.991	multi-gene partial reconstruction	1.01926409132606	50.9632045663031	TRUE	TRUE	FALSE	FALSE	FALSE	FALSE	Sensitivity estimate under random gene loss: min(100, observed gene-set coverage / MAG completeness fraction)
SY459WG-4-8_bin39	Carbon	Incomplete reductive citrate cycle, acetyl-CoA => oxoglutarate	Previous algorithm: distinct-gene set coverage	17	6	35.2941176470588	FALSE	FALSE	IS	98.11	2.991	multi-gene partial reconstruction	1.01926409132606	35.9740267526845	FALSE	FALSE	FALSE	FALSE	FALSE	FALSE	Sensitivity estimate under random gene loss: min(100, observed gene-set coverage / MAG completeness fraction)
SY459WG-4-8_bin39	Carbon	Pyruvate oxidation, pyruvate => acetyl-CoA	Previous algorithm: distinct-gene set coverage	11	3	27.2727272727273	FALSE	FALSE	IS	98.11	2.991	multi-gene partial reconstruction	1.01926409132606	27.7981115816199	FALSE	FALSE	FALSE	FALSE	FALSE	FALSE	Sensitivity estimate under random gene loss: min(100, observed gene-set coverage / MAG completeness fraction)
SY459WG-4-8_bin39	Carbon	TCA /Reductive TCA	Previous algorithm: distinct-gene set coverage	1	1	100	TRUE	TRUE	IS	98.11	2.991	multi-gene partial reconstruction	1.01926409132606	100	TRUE	TRUE	FALSE	TRUE	TRUE	FALSE	Sensitivity estimate under random gene loss: min(100, observed gene-set coverage / MAG completeness fraction)
SY459WG-4-8_bin8	Motility	Flagellar Assembly (partial 36-KO reconstruction)	Previous algorithm: distinct-gene set coverage	36	0	0	FALSE	FALSE	IS	83.23	1.219	multi-gene partial reconstruction	1.20148984741079	0	FALSE	FALSE	FALSE	FALSE	FALSE	FALSE	Sensitivity estimate under random gene loss: min(100, observed gene-set coverage / MAG completeness fraction)
SY459WG-4-8_bin8	Vitamin B12	Cobalamin biosynthesis, cobinamide => cobalamin	Previous algorithm: distinct-gene set coverage	8	4	50	TRUE	FALSE	IS	83.23	1.219	multi-gene partial reconstruction	1.20148984741079	60.0744923705395	TRUE	TRUE	FALSE	FALSE	FALSE	FALSE	Sensitivity estimate under random gene loss: min(100, observed gene-set coverage / MAG completeness fraction)
SY459WG-4-8_bin8	Vitamin B12	Cobalamin biosynthesis, precorrin2 => cobinamide	Previous algorithm: distinct-gene set coverage	25	2	8	FALSE	FALSE	IS	83.23	1.219	multi-gene partial reconstruction	1.20148984741079	9.61191877928631	FALSE	FALSE	FALSE	FALSE	FALSE	FALSE	Sensitivity estimate under random gene loss: min(100, observed gene-set coverage / MAG completeness fraction)
SY459WG-4-8_bin8	Carbon	Acetyl-CoA pathway, CO2 => acetyl-CoA	Previous algorithm: distinct-gene set coverage	5	0	0	FALSE	FALSE	IS	83.23	1.219	multi-gene partial reconstruction	1.20148984741079	0	FALSE	FALSE	FALSE	FALSE	FALSE	FALSE	Sensitivity estimate under random gene loss: min(100, observed gene-set coverage / MAG completeness fraction)
SY459WG-4-8_bin8	Carbon	Methane oxidation, methanotroph, methane => formaldehyde	Previous algorithm: distinct-gene set coverage	12	0	0	FALSE	FALSE	IS	83.23	1.219	multi-gene partial reconstruction	1.20148984741079	0	FALSE	FALSE	FALSE	FALSE	FALSE	FALSE	Sensitivity estimate under random gene loss: min(100, observed gene-set coverage / MAG completeness fraction)
SY459WG-4-8_bin8	Carbon	Methanogenesis, CO2 => methane	Previous algorithm: distinct-gene set coverage	37	0	0	FALSE	FALSE	IS	83.23	1.219	multi-gene partial reconstruction	1.20148984741079	0	FALSE	FALSE	FALSE	FALSE	FALSE	FALSE	Sensitivity estimate under random gene loss: min(100, observed gene-set coverage / MAG completeness fraction)
SY459WG-4-8_bin8	Carbon	Methanogenesis, acetate => methane	Previous algorithm: distinct-gene set coverage	31	1	3.2258064516129	FALSE	FALSE	IS	83.23	1.219	multi-gene partial reconstruction	1.20148984741079	3.87577370132512	FALSE	FALSE	FALSE	FALSE	FALSE	FALSE	Sensitivity estimate under random gene loss: min(100, observed gene-set coverage / MAG completeness fraction)
SY459WG-4-8_bin8	Carbon	Methanogenesis, methanethiol => methane	Previous algorithm: distinct-gene set coverage	1	0	0	FALSE	FALSE	IS	83.23	1.219	multi-gene partial reconstruction	1.20148984741079	0	FALSE	FALSE	FALSE	FALSE	FALSE	FALSE	Sensitivity estimate under random gene loss: min(100, observed gene-set coverage / MAG completeness fraction)
SY459WG-4-8_bin8	Carbon	Methanogenesis, methanol => methane	Previous algorithm: distinct-gene set coverage	19	0	0	FALSE	FALSE	IS	83.23	1.219	multi-gene partial reconstruction	1.20148984741079	0	FALSE	FALSE	FALSE	FALSE	FALSE	FALSE	Sensitivity estimate under random gene loss: min(100, observed gene-set coverage / MAG completeness fraction)
SY459WG-4-8_bin8	Carbon	Methanogenesis, methylamine/dimethylamine/trimethylamine => methane	Previous algorithm: distinct-gene set coverage	23	1	4.34782608695652	FALSE	FALSE	IS	83.23	1.219	multi-gene partial reconstruction	1.20148984741079	5.22386890178604	FALSE	FALSE	FALSE	FALSE	FALSE	FALSE	Sensitivity estimate under random gene loss: min(100, observed gene-set coverage / MAG completeness fraction)
SY459WG-4-8_bin8	Carbon	Reductive acetyl-CoA pathway (Wood-Ljungdahl pathway)	Previous algorithm: distinct-gene set coverage	10	3	30	FALSE	FALSE	IS	83.23	1.219	multi-gene partial reconstruction	1.20148984741079	36.0446954223237	FALSE	FALSE	FALSE	FALSE	FALSE	FALSE	Sensitivity estimate under random gene loss: min(100, observed gene-set coverage / MAG completeness fraction)
SY459WG-4-8_bin8	Carbon	Reductive citrate cycle (Arnon-Buchanan cycle)	Previous algorithm: distinct-gene set coverage	43	9	20.9302325581395	FALSE	FALSE	IS	83.23	1.219	multi-gene partial reconstruction	1.20148984741079	25.1474619225514	FALSE	FALSE	FALSE	FALSE	FALSE	FALSE	Sensitivity estimate under random gene loss: min(100, observed gene-set coverage / MAG completeness fraction)
SY459WG-4-8_bin8	Nitrogen	Assimilatory nitrate reduction, nitrate => ammonia	Previous algorithm: distinct-gene set coverage	6	0	0	FALSE	FALSE	IS	83.23	1.219	multi-gene partial reconstruction	1.20148984741079	0	FALSE	FALSE	FALSE	FALSE	FALSE	FALSE	Sensitivity estimate under random gene loss: min(100, observed gene-set coverage / MAG completeness fraction)
SY459WG-4-8_bin8	Nitrogen	Complete nitrification, comammox, ammonia => nitrite => nitrate	Previous algorithm: distinct-gene set coverage	6	0	0	FALSE	FALSE	IS	83.23	1.219	multi-gene partial reconstruction	1.20148984741079	0	FALSE	FALSE	FALSE	FALSE	FALSE	FALSE	Sensitivity estimate under random gene loss: min(100, observed gene-set coverage / MAG completeness fraction)
SY459WG-4-8_bin8	Nitrogen	Denitrification, nitrate => nitrogen	Previous algorithm: distinct-gene set coverage	11	6	54.5454545454545	TRUE	FALSE	IS	83.23	1.219	multi-gene partial reconstruction	1.20148984741079	65.5358098587703	TRUE	TRUE	FALSE	FALSE	FALSE	FALSE	Sensitivity estimate under random gene loss: min(100, observed gene-set coverage / MAG completeness fraction)
SY459WG-4-8_bin8	Nitrogen	Dissimilatory nitrate reduction, nitrate => ammonia	Previous algorithm: distinct-gene set coverage	9	3	33.3333333333333	FALSE	FALSE	IS	83.23	1.219	multi-gene partial reconstruction	1.20148984741079	40.0496615803596	FALSE	FALSE	FALSE	FALSE	FALSE	FALSE	Sensitivity estimate under random gene loss: min(100, observed gene-set coverage / MAG completeness fraction)
SY459WG-4-8_bin8	Nitrogen	Nitrate assimilation	Previous algorithm: distinct-gene set coverage	1	0	0	FALSE	FALSE	IS	83.23	1.219	multi-gene partial reconstruction	1.20148984741079	0	FALSE	FALSE	FALSE	FALSE	FALSE	FALSE	Sensitivity estimate under random gene loss: min(100, observed gene-set coverage / MAG completeness fraction)
SY459WG-4-8_bin8	Nitrogen	Nitrification, ammonia => nitrite	Previous algorithm: distinct-gene set coverage	8	0	0	FALSE	FALSE	IS	83.23	1.219	multi-gene partial reconstruction	1.20148984741079	0	FALSE	FALSE	FALSE	FALSE	FALSE	FALSE	Sensitivity estimate under random gene loss: min(100, observed gene-set coverage / MAG completeness fraction)
SY459WG-4-8_bin8	Nitrogen	Nitrogen fixation, nitrogen => ammonia	Previous algorithm: distinct-gene set coverage	8	0	0	FALSE	FALSE	IS	83.23	1.219	multi-gene partial reconstruction	1.20148984741079	0	FALSE	FALSE	FALSE	FALSE	FALSE	FALSE	Sensitivity estimate under random gene loss: min(100, observed gene-set coverage / MAG completeness fraction)
SY459WG-4-8_bin8	Nitrogen	nitrite + ammonia => nitrogen	Previous algorithm: distinct-gene set coverage	9	1	11.1111111111111	FALSE	FALSE	IS	83.23	1.219	multi-gene partial reconstruction	1.20148984741079	13.3498871934532	FALSE	FALSE	FALSE	FALSE	FALSE	FALSE	Sensitivity estimate under random gene loss: min(100, observed gene-set coverage / MAG completeness fraction)
SY459WG-4-8_bin8	Sulfur	Assimilatory sulfate reduction, sulfate => H2S	Previous algorithm: distinct-gene set coverage	10	1	10	FALSE	FALSE	IS	83.23	1.219	multi-gene partial reconstruction	1.20148984741079	12.0148984741079	FALSE	FALSE	FALSE	FALSE	FALSE	FALSE	Sensitivity estimate under random gene loss: min(100, observed gene-set coverage / MAG completeness fraction)
SY459WG-4-8_bin8	Sulfur	Dissimilatory sulfate reduction, sulfate => H2S	Previous algorithm: distinct-gene set coverage	7	5	71.4285714285714	TRUE	FALSE	IS	83.23	1.219	multi-gene partial reconstruction	1.20148984741079	85.8207033864849	TRUE	TRUE	FALSE	FALSE	TRUE	TRUE	Sensitivity estimate under random gene loss: min(100, observed gene-set coverage / MAG completeness fraction)
SY459WG-4-8_bin8	Sulfur	Thiosulfate oxidation by SOX complex, thiosulfate => sulfate	Previous algorithm: distinct-gene set coverage	7	4	57.1428571428571	TRUE	FALSE	IS	83.23	1.219	multi-gene partial reconstruction	1.20148984741079	68.6565627091879	TRUE	TRUE	FALSE	FALSE	FALSE	FALSE	Sensitivity estimate under random gene loss: min(100, observed gene-set coverage / MAG completeness fraction)
SY459WG-4-8_bin8	Nitrogen	Urea cycle	Previous algorithm: distinct-gene set coverage	6	3	50	TRUE	FALSE	IS	83.23	1.219	multi-gene partial reconstruction	1.20148984741079	60.0744923705395	TRUE	TRUE	FALSE	FALSE	FALSE	FALSE	Sensitivity estimate under random gene loss: min(100, observed gene-set coverage / MAG completeness fraction)
SY459WG-4-8_bin8	Nitrogen	Urea transport system	Previous algorithm: distinct-gene set coverage	5	0	0	FALSE	FALSE	IS	83.23	1.219	multi-gene partial reconstruction	1.20148984741079	0	FALSE	FALSE	FALSE	FALSE	FALSE	FALSE	Sensitivity estimate under random gene loss: min(100, observed gene-set coverage / MAG completeness fraction)
SY459WG-4-8_bin8	Sulfur	Sulfate/thiosulfate transport system	Previous algorithm: distinct-gene set coverage	5	0	0	FALSE	FALSE	IS	83.23	1.219	multi-gene partial reconstruction	1.20148984741079	0	FALSE	FALSE	FALSE	FALSE	FALSE	FALSE	Sensitivity estimate under random gene loss: min(100, observed gene-set coverage / MAG completeness fraction)
SY459WG-4-8_bin8	Sulfur	Sulfonate transport system	Previous algorithm: distinct-gene set coverage	3	1	33.3333333333333	FALSE	FALSE	IS	83.23	1.219	multi-gene partial reconstruction	1.20148984741079	40.0496615803596	FALSE	FALSE	FALSE	FALSE	FALSE	FALSE	Sensitivity estimate under random gene loss: min(100, observed gene-set coverage / MAG completeness fraction)
SY459WG-4-8_bin8	Vitamin B12	Cobalamin salvage	Previous algorithm: distinct-gene set coverage	4	1	25	FALSE	FALSE	IS	83.23	1.219	multi-gene partial reconstruction	1.20148984741079	30.0372461852697	FALSE	FALSE	FALSE	FALSE	FALSE	FALSE	Sensitivity estimate under random gene loss: min(100, observed gene-set coverage / MAG completeness fraction)
SY459WG-4-8_bin8	Vitamin B12	Vitamin B12 transport system	Previous algorithm: distinct-gene set coverage	3	0	0	FALSE	FALSE	IS	83.23	1.219	multi-gene partial reconstruction	1.20148984741079	0	FALSE	FALSE	FALSE	FALSE	FALSE	FALSE	Sensitivity estimate under random gene loss: min(100, observed gene-set coverage / MAG completeness fraction)
SY459WG-4-8_bin8	Carbon	Citrate cycle (TCA cycle, Krebs cycle)	Previous algorithm: distinct-gene set coverage	40	11	27.5	FALSE	FALSE	IS	83.23	1.219	multi-gene partial reconstruction	1.20148984741079	33.0409708037967	FALSE	FALSE	FALSE	FALSE	FALSE	FALSE	Sensitivity estimate under random gene loss: min(100, observed gene-set coverage / MAG completeness fraction)
SY459WG-4-8_bin8	Carbon	Citrate cycle, first carbon oxidation, oxaloacetate => 2-oxoglutarate	Previous algorithm: distinct-gene set coverage	6	1	16.6666666666667	FALSE	FALSE	IS	83.23	1.219	multi-gene partial reconstruction	1.20148984741079	20.0248307901799	FALSE	FALSE	FALSE	FALSE	FALSE	FALSE	Sensitivity estimate under random gene loss: min(100, observed gene-set coverage / MAG completeness fraction)
SY459WG-4-8_bin8	Carbon	Citrate cycle, second carbon oxidation, 2-oxoglutarate => oxaloacetate	Previous algorithm: distinct-gene set coverage	34	10	29.4117647058824	FALSE	FALSE	IS	83.23	1.219	multi-gene partial reconstruction	1.20148984741079	35.3379366885527	FALSE	FALSE	FALSE	FALSE	FALSE	FALSE	Sensitivity estimate under random gene loss: min(100, observed gene-set coverage / MAG completeness fraction)
SY459WG-4-8_bin8	Carbon	Glycolysis (Embden-Meyerhof pathway), glucose => pyruvate	Previous algorithm: distinct-gene set coverage	29	9	31.0344827586207	FALSE	FALSE	IS	83.23	1.219	multi-gene partial reconstruction	1.20148984741079	37.287615954128	FALSE	FALSE	FALSE	FALSE	FALSE	FALSE	Sensitivity estimate under random gene loss: min(100, observed gene-set coverage / MAG completeness fraction)
SY459WG-4-8_bin8	Carbon	Glycolysis, core module involving three-carbon compounds	Previous algorithm: distinct-gene set coverage	12	6	50	TRUE	FALSE	IS	83.23	1.219	multi-gene partial reconstruction	1.20148984741079	60.0744923705395	TRUE	TRUE	FALSE	FALSE	FALSE	FALSE	Sensitivity estimate under random gene loss: min(100, observed gene-set coverage / MAG completeness fraction)
SY459WG-4-8_bin8	Carbon	Incomplete reductive citrate cycle, acetyl-CoA => oxoglutarate	Previous algorithm: distinct-gene set coverage	17	2	11.7647058823529	FALSE	FALSE	IS	83.23	1.219	multi-gene partial reconstruction	1.20148984741079	14.135174675421	FALSE	FALSE	FALSE	FALSE	FALSE	FALSE	Sensitivity estimate under random gene loss: min(100, observed gene-set coverage / MAG completeness fraction)
SY459WG-4-8_bin8	Carbon	Pyruvate oxidation, pyruvate => acetyl-CoA	Previous algorithm: distinct-gene set coverage	11	3	27.2727272727273	FALSE	FALSE	IS	83.23	1.219	multi-gene partial reconstruction	1.20148984741079	32.7679049293852	FALSE	FALSE	FALSE	FALSE	FALSE	FALSE	Sensitivity estimate under random gene loss: min(100, observed gene-set coverage / MAG completeness fraction)
SY459WG-4-8_bin8	Carbon	TCA /Reductive TCA	Previous algorithm: distinct-gene set coverage	1	0	0	FALSE	FALSE	IS	83.23	1.219	multi-gene partial reconstruction	1.20148984741079	0	FALSE	FALSE	FALSE	FALSE	FALSE	FALSE	Sensitivity estimate under random gene loss: min(100, observed gene-set coverage / MAG completeness fraction)
SY459WG-8-12_bin19	Motility	Flagellar Assembly (partial 36-KO reconstruction)	Previous algorithm: distinct-gene set coverage	36	17	47.2222222222222	FALSE	FALSE	IS	96.75	2.275	multi-gene partial reconstruction	1.03359173126615	48.8084984209015	FALSE	FALSE	FALSE	FALSE	FALSE	FALSE	Sensitivity estimate under random gene loss: min(100, observed gene-set coverage / MAG completeness fraction)
SY459WG-8-12_bin19	Vitamin B12	Cobalamin biosynthesis, cobinamide => cobalamin	Previous algorithm: distinct-gene set coverage	8	7	87.5	TRUE	TRUE	IS	96.75	2.275	multi-gene partial reconstruction	1.03359173126615	90.4392764857881	TRUE	TRUE	FALSE	TRUE	TRUE	FALSE	Sensitivity estimate under random gene loss: min(100, observed gene-set coverage / MAG completeness fraction)
SY459WG-8-12_bin19	Vitamin B12	Cobalamin biosynthesis, precorrin2 => cobinamide	Previous algorithm: distinct-gene set coverage	25	14	56	TRUE	FALSE	IS	96.75	2.275	multi-gene partial reconstruction	1.03359173126615	57.8811369509044	TRUE	TRUE	FALSE	FALSE	FALSE	FALSE	Sensitivity estimate under random gene loss: min(100, observed gene-set coverage / MAG completeness fraction)
SY459WG-8-12_bin19	Carbon	Acetyl-CoA pathway, CO2 => acetyl-CoA	Previous algorithm: distinct-gene set coverage	5	0	0	FALSE	FALSE	IS	96.75	2.275	multi-gene partial reconstruction	1.03359173126615	0	FALSE	FALSE	FALSE	FALSE	FALSE	FALSE	Sensitivity estimate under random gene loss: min(100, observed gene-set coverage / MAG completeness fraction)
SY459WG-8-12_bin19	Carbon	Methane oxidation, methanotroph, methane => formaldehyde	Previous algorithm: distinct-gene set coverage	12	0	0	FALSE	FALSE	IS	96.75	2.275	multi-gene partial reconstruction	1.03359173126615	0	FALSE	FALSE	FALSE	FALSE	FALSE	FALSE	Sensitivity estimate under random gene loss: min(100, observed gene-set coverage / MAG completeness fraction)
SY459WG-8-12_bin19	Carbon	Methanogenesis, CO2 => methane	Previous algorithm: distinct-gene set coverage	37	0	0	FALSE	FALSE	IS	96.75	2.275	multi-gene partial reconstruction	1.03359173126615	0	FALSE	FALSE	FALSE	FALSE	FALSE	FALSE	Sensitivity estimate under random gene loss: min(100, observed gene-set coverage / MAG completeness fraction)
SY459WG-8-12_bin19	Carbon	Methanogenesis, acetate => methane	Previous algorithm: distinct-gene set coverage	31	2	6.45161290322581	FALSE	FALSE	IS	96.75	2.275	multi-gene partial reconstruction	1.03359173126615	6.6683337501042	FALSE	FALSE	FALSE	FALSE	FALSE	FALSE	Sensitivity estimate under random gene loss: min(100, observed gene-set coverage / MAG completeness fraction)
SY459WG-8-12_bin19	Carbon	Methanogenesis, methanethiol => methane	Previous algorithm: distinct-gene set coverage	1	0	0	FALSE	FALSE	IS	96.75	2.275	multi-gene partial reconstruction	1.03359173126615	0	FALSE	FALSE	FALSE	FALSE	FALSE	FALSE	Sensitivity estimate under random gene loss: min(100, observed gene-set coverage / MAG completeness fraction)
SY459WG-8-12_bin19	Carbon	Methanogenesis, methanol => methane	Previous algorithm: distinct-gene set coverage	19	0	0	FALSE	FALSE	IS	96.75	2.275	multi-gene partial reconstruction	1.03359173126615	0	FALSE	FALSE	FALSE	FALSE	FALSE	FALSE	Sensitivity estimate under random gene loss: min(100, observed gene-set coverage / MAG completeness fraction)
SY459WG-8-12_bin19	Carbon	Methanogenesis, methylamine/dimethylamine/trimethylamine => methane	Previous algorithm: distinct-gene set coverage	23	1	4.34782608695652	FALSE	FALSE	IS	96.75	2.275	multi-gene partial reconstruction	1.03359173126615	4.49387709246152	FALSE	FALSE	FALSE	FALSE	FALSE	FALSE	Sensitivity estimate under random gene loss: min(100, observed gene-set coverage / MAG completeness fraction)
SY459WG-8-12_bin19	Carbon	Reductive acetyl-CoA pathway (Wood-Ljungdahl pathway)	Previous algorithm: distinct-gene set coverage	10	3	30	FALSE	FALSE	IS	96.75	2.275	multi-gene partial reconstruction	1.03359173126615	31.0077519379845	FALSE	FALSE	FALSE	FALSE	FALSE	FALSE	Sensitivity estimate under random gene loss: min(100, observed gene-set coverage / MAG completeness fraction)
SY459WG-8-12_bin19	Carbon	Reductive citrate cycle (Arnon-Buchanan cycle)	Previous algorithm: distinct-gene set coverage	43	21	48.8372093023256	FALSE	FALSE	IS	96.75	2.275	multi-gene partial reconstruction	1.03359173126615	50.477735712998	FALSE	TRUE	TRUE	FALSE	FALSE	FALSE	Sensitivity estimate under random gene loss: min(100, observed gene-set coverage / MAG completeness fraction)
SY459WG-8-12_bin19	Nitrogen	Assimilatory nitrate reduction, nitrate => ammonia	Previous algorithm: distinct-gene set coverage	6	0	0	FALSE	FALSE	IS	96.75	2.275	multi-gene partial reconstruction	1.03359173126615	0	FALSE	FALSE	FALSE	FALSE	FALSE	FALSE	Sensitivity estimate under random gene loss: min(100, observed gene-set coverage / MAG completeness fraction)
SY459WG-8-12_bin19	Nitrogen	Complete nitrification, comammox, ammonia => nitrite => nitrate	Previous algorithm: distinct-gene set coverage	6	0	0	FALSE	FALSE	IS	96.75	2.275	multi-gene partial reconstruction	1.03359173126615	0	FALSE	FALSE	FALSE	FALSE	FALSE	FALSE	Sensitivity estimate under random gene loss: min(100, observed gene-set coverage / MAG completeness fraction)
SY459WG-8-12_bin19	Nitrogen	Denitrification, nitrate => nitrogen	Previous algorithm: distinct-gene set coverage	11	6	54.5454545454545	TRUE	FALSE	IS	96.75	2.275	multi-gene partial reconstruction	1.03359173126615	56.3777307963354	TRUE	TRUE	FALSE	FALSE	FALSE	FALSE	Sensitivity estimate under random gene loss: min(100, observed gene-set coverage / MAG completeness fraction)
SY459WG-8-12_bin19	Nitrogen	Dissimilatory nitrate reduction, nitrate => ammonia	Previous algorithm: distinct-gene set coverage	9	2	22.2222222222222	FALSE	FALSE	IS	96.75	2.275	multi-gene partial reconstruction	1.03359173126615	22.9687051392477	FALSE	FALSE	FALSE	FALSE	FALSE	FALSE	Sensitivity estimate under random gene loss: min(100, observed gene-set coverage / MAG completeness fraction)
SY459WG-8-12_bin19	Nitrogen	Nitrate assimilation	Previous algorithm: distinct-gene set coverage	1	0	0	FALSE	FALSE	IS	96.75	2.275	multi-gene partial reconstruction	1.03359173126615	0	FALSE	FALSE	FALSE	FALSE	FALSE	FALSE	Sensitivity estimate under random gene loss: min(100, observed gene-set coverage / MAG completeness fraction)
SY459WG-8-12_bin19	Nitrogen	Nitrification, ammonia => nitrite	Previous algorithm: distinct-gene set coverage	8	0	0	FALSE	FALSE	IS	96.75	2.275	multi-gene partial reconstruction	1.03359173126615	0	FALSE	FALSE	FALSE	FALSE	FALSE	FALSE	Sensitivity estimate under random gene loss: min(100, observed gene-set coverage / MAG completeness fraction)
SY459WG-8-12_bin19	Nitrogen	Nitrogen fixation, nitrogen => ammonia	Previous algorithm: distinct-gene set coverage	8	0	0	FALSE	FALSE	IS	96.75	2.275	multi-gene partial reconstruction	1.03359173126615	0	FALSE	FALSE	FALSE	FALSE	FALSE	FALSE	Sensitivity estimate under random gene loss: min(100, observed gene-set coverage / MAG completeness fraction)
SY459WG-8-12_bin19	Nitrogen	nitrite + ammonia => nitrogen	Previous algorithm: distinct-gene set coverage	9	1	11.1111111111111	FALSE	FALSE	IS	96.75	2.275	multi-gene partial reconstruction	1.03359173126615	11.4843525696239	FALSE	FALSE	FALSE	FALSE	FALSE	FALSE	Sensitivity estimate under random gene loss: min(100, observed gene-set coverage / MAG completeness fraction)
SY459WG-8-12_bin19	Sulfur	Assimilatory sulfate reduction, sulfate => H2S	Previous algorithm: distinct-gene set coverage	10	1	10	FALSE	FALSE	IS	96.75	2.275	multi-gene partial reconstruction	1.03359173126615	10.3359173126615	FALSE	FALSE	FALSE	FALSE	FALSE	FALSE	Sensitivity estimate under random gene loss: min(100, observed gene-set coverage / MAG completeness fraction)
SY459WG-8-12_bin19	Sulfur	Dissimilatory sulfate reduction, sulfate => H2S	Previous algorithm: distinct-gene set coverage	7	5	71.4285714285714	TRUE	FALSE	IS	96.75	2.275	multi-gene partial reconstruction	1.03359173126615	73.827980804725	TRUE	TRUE	FALSE	FALSE	FALSE	FALSE	Sensitivity estimate under random gene loss: min(100, observed gene-set coverage / MAG completeness fraction)
SY459WG-8-12_bin19	Sulfur	Thiosulfate oxidation by SOX complex, thiosulfate => sulfate	Previous algorithm: distinct-gene set coverage	7	5	71.4285714285714	TRUE	FALSE	IS	96.75	2.275	multi-gene partial reconstruction	1.03359173126615	73.827980804725	TRUE	TRUE	FALSE	FALSE	FALSE	FALSE	Sensitivity estimate under random gene loss: min(100, observed gene-set coverage / MAG completeness fraction)
SY459WG-8-12_bin19	Nitrogen	Urea cycle	Previous algorithm: distinct-gene set coverage	6	4	66.6666666666667	TRUE	FALSE	IS	96.75	2.275	multi-gene partial reconstruction	1.03359173126615	68.9061154177434	TRUE	TRUE	FALSE	FALSE	FALSE	FALSE	Sensitivity estimate under random gene loss: min(100, observed gene-set coverage / MAG completeness fraction)
SY459WG-8-12_bin19	Nitrogen	Urea transport system	Previous algorithm: distinct-gene set coverage	5	2	40	FALSE	FALSE	IS	96.75	2.275	multi-gene partial reconstruction	1.03359173126615	41.343669250646	FALSE	FALSE	FALSE	FALSE	FALSE	FALSE	Sensitivity estimate under random gene loss: min(100, observed gene-set coverage / MAG completeness fraction)
SY459WG-8-12_bin19	Sulfur	Sulfate/thiosulfate transport system	Previous algorithm: distinct-gene set coverage	5	0	0	FALSE	FALSE	IS	96.75	2.275	multi-gene partial reconstruction	1.03359173126615	0	FALSE	FALSE	FALSE	FALSE	FALSE	FALSE	Sensitivity estimate under random gene loss: min(100, observed gene-set coverage / MAG completeness fraction)
SY459WG-8-12_bin19	Sulfur	Sulfonate transport system	Previous algorithm: distinct-gene set coverage	3	1	33.3333333333333	FALSE	FALSE	IS	96.75	2.275	multi-gene partial reconstruction	1.03359173126615	34.4530577088716	FALSE	FALSE	FALSE	FALSE	FALSE	FALSE	Sensitivity estimate under random gene loss: min(100, observed gene-set coverage / MAG completeness fraction)
SY459WG-8-12_bin19	Vitamin B12	Cobalamin salvage	Previous algorithm: distinct-gene set coverage	4	0	0	FALSE	FALSE	IS	96.75	2.275	multi-gene partial reconstruction	1.03359173126615	0	FALSE	FALSE	FALSE	FALSE	FALSE	FALSE	Sensitivity estimate under random gene loss: min(100, observed gene-set coverage / MAG completeness fraction)
SY459WG-8-12_bin19	Vitamin B12	Vitamin B12 transport system	Previous algorithm: distinct-gene set coverage	3	0	0	FALSE	FALSE	IS	96.75	2.275	multi-gene partial reconstruction	1.03359173126615	0	FALSE	FALSE	FALSE	FALSE	FALSE	FALSE	Sensitivity estimate under random gene loss: min(100, observed gene-set coverage / MAG completeness fraction)
SY459WG-8-12_bin19	Carbon	Citrate cycle (TCA cycle, Krebs cycle)	Previous algorithm: distinct-gene set coverage	40	19	47.5	FALSE	FALSE	IS	96.75	2.275	multi-gene partial reconstruction	1.03359173126615	49.0956072351421	FALSE	FALSE	FALSE	FALSE	FALSE	FALSE	Sensitivity estimate under random gene loss: min(100, observed gene-set coverage / MAG completeness fraction)
SY459WG-8-12_bin19	Carbon	Citrate cycle, first carbon oxidation, oxaloacetate => 2-oxoglutarate	Previous algorithm: distinct-gene set coverage	6	1	16.6666666666667	FALSE	FALSE	IS	96.75	2.275	multi-gene partial reconstruction	1.03359173126615	17.2265288544359	FALSE	FALSE	FALSE	FALSE	FALSE	FALSE	Sensitivity estimate under random gene loss: min(100, observed gene-set coverage / MAG completeness fraction)
SY459WG-8-12_bin19	Carbon	Citrate cycle, second carbon oxidation, 2-oxoglutarate => oxaloacetate	Previous algorithm: distinct-gene set coverage	34	18	52.9411764705882	TRUE	FALSE	IS	96.75	2.275	multi-gene partial reconstruction	1.03359173126615	54.719562243502	TRUE	TRUE	FALSE	FALSE	FALSE	FALSE	Sensitivity estimate under random gene loss: min(100, observed gene-set coverage / MAG completeness fraction)
SY459WG-8-12_bin19	Carbon	Glycolysis (Embden-Meyerhof pathway), glucose => pyruvate	Previous algorithm: distinct-gene set coverage	29	10	34.4827586206897	FALSE	FALSE	IS	96.75	2.275	multi-gene partial reconstruction	1.03359173126615	35.6410941815914	FALSE	FALSE	FALSE	FALSE	FALSE	FALSE	Sensitivity estimate under random gene loss: min(100, observed gene-set coverage / MAG completeness fraction)
SY459WG-8-12_bin19	Carbon	Glycolysis, core module involving three-carbon compounds	Previous algorithm: distinct-gene set coverage	12	6	50	TRUE	FALSE	IS	96.75	2.275	multi-gene partial reconstruction	1.03359173126615	51.6795865633075	TRUE	TRUE	FALSE	FALSE	FALSE	FALSE	Sensitivity estimate under random gene loss: min(100, observed gene-set coverage / MAG completeness fraction)
SY459WG-8-12_bin19	Carbon	Incomplete reductive citrate cycle, acetyl-CoA => oxoglutarate	Previous algorithm: distinct-gene set coverage	17	10	58.8235294117647	TRUE	FALSE	IS	96.75	2.275	multi-gene partial reconstruction	1.03359173126615	60.7995136038912	TRUE	TRUE	FALSE	FALSE	FALSE	FALSE	Sensitivity estimate under random gene loss: min(100, observed gene-set coverage / MAG completeness fraction)
SY459WG-8-12_bin19	Carbon	Pyruvate oxidation, pyruvate => acetyl-CoA	Previous algorithm: distinct-gene set coverage	11	6	54.5454545454545	TRUE	FALSE	IS	96.75	2.275	multi-gene partial reconstruction	1.03359173126615	56.3777307963354	TRUE	TRUE	FALSE	FALSE	FALSE	FALSE	Sensitivity estimate under random gene loss: min(100, observed gene-set coverage / MAG completeness fraction)
SY459WG-8-12_bin19	Carbon	TCA /Reductive TCA	Previous algorithm: distinct-gene set coverage	1	0	0	FALSE	FALSE	IS	96.75	2.275	multi-gene partial reconstruction	1.03359173126615	0	FALSE	FALSE	FALSE	FALSE	FALSE	FALSE	Sensitivity estimate under random gene loss: min(100, observed gene-set coverage / MAG completeness fraction)
SY459WG-8-12_bin2	Motility	Flagellar Assembly (partial 36-KO reconstruction)	Previous algorithm: distinct-gene set coverage	36	22	61.1111111111111	TRUE	FALSE	IS	98.48	2.227	multi-gene partial reconstruction	1.01543460601137	62.0543370340283	TRUE	TRUE	FALSE	FALSE	FALSE	FALSE	Sensitivity estimate under random gene loss: min(100, observed gene-set coverage / MAG completeness fraction)
SY459WG-8-12_bin2	Vitamin B12	Cobalamin biosynthesis, cobinamide => cobalamin	Previous algorithm: distinct-gene set coverage	8	6	75	TRUE	TRUE	IS	98.48	2.227	multi-gene partial reconstruction	1.01543460601137	76.157595450853	TRUE	TRUE	FALSE	TRUE	TRUE	FALSE	Sensitivity estimate under random gene loss: min(100, observed gene-set coverage / MAG completeness fraction)
SY459WG-8-12_bin2	Vitamin B12	Cobalamin biosynthesis, precorrin2 => cobinamide	Previous algorithm: distinct-gene set coverage	25	14	56	TRUE	FALSE	IS	98.48	2.227	multi-gene partial reconstruction	1.01543460601137	56.8643379366369	TRUE	TRUE	FALSE	FALSE	FALSE	FALSE	Sensitivity estimate under random gene loss: min(100, observed gene-set coverage / MAG completeness fraction)
SY459WG-8-12_bin2	Carbon	Acetyl-CoA pathway, CO2 => acetyl-CoA	Previous algorithm: distinct-gene set coverage	5	0	0	FALSE	FALSE	IS	98.48	2.227	multi-gene partial reconstruction	1.01543460601137	0	FALSE	FALSE	FALSE	FALSE	FALSE	FALSE	Sensitivity estimate under random gene loss: min(100, observed gene-set coverage / MAG completeness fraction)
SY459WG-8-12_bin2	Carbon	Methane oxidation, methanotroph, methane => formaldehyde	Previous algorithm: distinct-gene set coverage	12	1	8.33333333333333	FALSE	FALSE	IS	98.48	2.227	multi-gene partial reconstruction	1.01543460601137	8.46195505009477	FALSE	FALSE	FALSE	FALSE	FALSE	FALSE	Sensitivity estimate under random gene loss: min(100, observed gene-set coverage / MAG completeness fraction)
SY459WG-8-12_bin2	Carbon	Methanogenesis, CO2 => methane	Previous algorithm: distinct-gene set coverage	37	0	0	FALSE	FALSE	IS	98.48	2.227	multi-gene partial reconstruction	1.01543460601137	0	FALSE	FALSE	FALSE	FALSE	FALSE	FALSE	Sensitivity estimate under random gene loss: min(100, observed gene-set coverage / MAG completeness fraction)
SY459WG-8-12_bin2	Carbon	Methanogenesis, acetate => methane	Previous algorithm: distinct-gene set coverage	31	2	6.45161290322581	FALSE	FALSE	IS	98.48	2.227	multi-gene partial reconstruction	1.01543460601137	6.55119100652499	FALSE	FALSE	FALSE	FALSE	FALSE	FALSE	Sensitivity estimate under random gene loss: min(100, observed gene-set coverage / MAG completeness fraction)
SY459WG-8-12_bin2	Carbon	Methanogenesis, methanethiol => methane	Previous algorithm: distinct-gene set coverage	1	0	0	FALSE	FALSE	IS	98.48	2.227	multi-gene partial reconstruction	1.01543460601137	0	FALSE	FALSE	FALSE	FALSE	FALSE	FALSE	Sensitivity estimate under random gene loss: min(100, observed gene-set coverage / MAG completeness fraction)
SY459WG-8-12_bin2	Carbon	Methanogenesis, methanol => methane	Previous algorithm: distinct-gene set coverage	19	0	0	FALSE	FALSE	IS	98.48	2.227	multi-gene partial reconstruction	1.01543460601137	0	FALSE	FALSE	FALSE	FALSE	FALSE	FALSE	Sensitivity estimate under random gene loss: min(100, observed gene-set coverage / MAG completeness fraction)
SY459WG-8-12_bin2	Carbon	Methanogenesis, methylamine/dimethylamine/trimethylamine => methane	Previous algorithm: distinct-gene set coverage	23	1	4.34782608695652	FALSE	FALSE	IS	98.48	2.227	multi-gene partial reconstruction	1.01543460601137	4.41493306961466	FALSE	FALSE	FALSE	FALSE	FALSE	FALSE	Sensitivity estimate under random gene loss: min(100, observed gene-set coverage / MAG completeness fraction)
SY459WG-8-12_bin2	Carbon	Reductive acetyl-CoA pathway (Wood-Ljungdahl pathway)	Previous algorithm: distinct-gene set coverage	10	3	30	FALSE	FALSE	IS	98.48	2.227	multi-gene partial reconstruction	1.01543460601137	30.4630381803412	FALSE	FALSE	FALSE	FALSE	FALSE	FALSE	Sensitivity estimate under random gene loss: min(100, observed gene-set coverage / MAG completeness fraction)
SY459WG-8-12_bin2	Carbon	Reductive citrate cycle (Arnon-Buchanan cycle)	Previous algorithm: distinct-gene set coverage	43	12	27.906976744186	FALSE	FALSE	IS	98.48	2.227	multi-gene partial reconstruction	1.01543460601137	28.3377099352011	FALSE	FALSE	FALSE	FALSE	FALSE	FALSE	Sensitivity estimate under random gene loss: min(100, observed gene-set coverage / MAG completeness fraction)
SY459WG-8-12_bin2	Nitrogen	Assimilatory nitrate reduction, nitrate => ammonia	Previous algorithm: distinct-gene set coverage	6	0	0	FALSE	FALSE	IS	98.48	2.227	multi-gene partial reconstruction	1.01543460601137	0	FALSE	FALSE	FALSE	FALSE	FALSE	FALSE	Sensitivity estimate under random gene loss: min(100, observed gene-set coverage / MAG completeness fraction)
SY459WG-8-12_bin2	Nitrogen	Complete nitrification, comammox, ammonia => nitrite => nitrate	Previous algorithm: distinct-gene set coverage	6	0	0	FALSE	FALSE	IS	98.48	2.227	multi-gene partial reconstruction	1.01543460601137	0	FALSE	FALSE	FALSE	FALSE	FALSE	FALSE	Sensitivity estimate under random gene loss: min(100, observed gene-set coverage / MAG completeness fraction)
SY459WG-8-12_bin2	Nitrogen	Denitrification, nitrate => nitrogen	Previous algorithm: distinct-gene set coverage	11	5	45.4545454545455	FALSE	FALSE	IS	98.48	2.227	multi-gene partial reconstruction	1.01543460601137	46.1561184550624	FALSE	FALSE	FALSE	FALSE	FALSE	FALSE	Sensitivity estimate under random gene loss: min(100, observed gene-set coverage / MAG completeness fraction)
SY459WG-8-12_bin2	Nitrogen	Dissimilatory nitrate reduction, nitrate => ammonia	Previous algorithm: distinct-gene set coverage	9	3	33.3333333333333	FALSE	FALSE	IS	98.48	2.227	multi-gene partial reconstruction	1.01543460601137	33.8478202003791	FALSE	FALSE	FALSE	FALSE	FALSE	FALSE	Sensitivity estimate under random gene loss: min(100, observed gene-set coverage / MAG completeness fraction)
SY459WG-8-12_bin2	Nitrogen	Nitrate assimilation	Previous algorithm: distinct-gene set coverage	1	1	100	TRUE	TRUE	IS	98.48	2.227	multi-gene partial reconstruction	1.01543460601137	100	TRUE	TRUE	FALSE	TRUE	TRUE	FALSE	Sensitivity estimate under random gene loss: min(100, observed gene-set coverage / MAG completeness fraction)
SY459WG-8-12_bin2	Nitrogen	Nitrification, ammonia => nitrite	Previous algorithm: distinct-gene set coverage	8	0	0	FALSE	FALSE	IS	98.48	2.227	multi-gene partial reconstruction	1.01543460601137	0	FALSE	FALSE	FALSE	FALSE	FALSE	FALSE	Sensitivity estimate under random gene loss: min(100, observed gene-set coverage / MAG completeness fraction)
SY459WG-8-12_bin2	Nitrogen	Nitrogen fixation, nitrogen => ammonia	Previous algorithm: distinct-gene set coverage	8	0	0	FALSE	FALSE	IS	98.48	2.227	multi-gene partial reconstruction	1.01543460601137	0	FALSE	FALSE	FALSE	FALSE	FALSE	FALSE	Sensitivity estimate under random gene loss: min(100, observed gene-set coverage / MAG completeness fraction)
SY459WG-8-12_bin2	Nitrogen	nitrite + ammonia => nitrogen	Previous algorithm: distinct-gene set coverage	9	1	11.1111111111111	FALSE	FALSE	IS	98.48	2.227	multi-gene partial reconstruction	1.01543460601137	11.2826067334597	FALSE	FALSE	FALSE	FALSE	FALSE	FALSE	Sensitivity estimate under random gene loss: min(100, observed gene-set coverage / MAG completeness fraction)
SY459WG-8-12_bin2	Sulfur	Assimilatory sulfate reduction, sulfate => H2S	Previous algorithm: distinct-gene set coverage	10	3	30	FALSE	FALSE	IS	98.48	2.227	multi-gene partial reconstruction	1.01543460601137	30.4630381803412	FALSE	FALSE	FALSE	FALSE	FALSE	FALSE	Sensitivity estimate under random gene loss: min(100, observed gene-set coverage / MAG completeness fraction)
SY459WG-8-12_bin2	Sulfur	Dissimilatory sulfate reduction, sulfate => H2S	Previous algorithm: distinct-gene set coverage	7	3	42.8571428571429	FALSE	FALSE	IS	98.48	2.227	multi-gene partial reconstruction	1.01543460601137	43.518625971916	FALSE	FALSE	FALSE	FALSE	FALSE	FALSE	Sensitivity estimate under random gene loss: min(100, observed gene-set coverage / MAG completeness fraction)
SY459WG-8-12_bin2	Sulfur	Thiosulfate oxidation by SOX complex, thiosulfate => sulfate	Previous algorithm: distinct-gene set coverage	7	5	71.4285714285714	TRUE	FALSE	IS	98.48	2.227	multi-gene partial reconstruction	1.01543460601137	72.5310432865266	TRUE	TRUE	FALSE	FALSE	FALSE	FALSE	Sensitivity estimate under random gene loss: min(100, observed gene-set coverage / MAG completeness fraction)
SY459WG-8-12_bin2	Nitrogen	Urea cycle	Previous algorithm: distinct-gene set coverage	6	3	50	TRUE	FALSE	IS	98.48	2.227	multi-gene partial reconstruction	1.01543460601137	50.7717303005686	TRUE	TRUE	FALSE	FALSE	FALSE	FALSE	Sensitivity estimate under random gene loss: min(100, observed gene-set coverage / MAG completeness fraction)
SY459WG-8-12_bin2	Nitrogen	Urea transport system	Previous algorithm: distinct-gene set coverage	5	5	100	TRUE	TRUE	IS	98.48	2.227	multi-gene partial reconstruction	1.01543460601137	100	TRUE	TRUE	FALSE	TRUE	TRUE	FALSE	Sensitivity estimate under random gene loss: min(100, observed gene-set coverage / MAG completeness fraction)
SY459WG-8-12_bin2	Sulfur	Sulfate/thiosulfate transport system	Previous algorithm: distinct-gene set coverage	5	0	0	FALSE	FALSE	IS	98.48	2.227	multi-gene partial reconstruction	1.01543460601137	0	FALSE	FALSE	FALSE	FALSE	FALSE	FALSE	Sensitivity estimate under random gene loss: min(100, observed gene-set coverage / MAG completeness fraction)
SY459WG-8-12_bin2	Sulfur	Sulfonate transport system	Previous algorithm: distinct-gene set coverage	3	0	0	FALSE	FALSE	IS	98.48	2.227	multi-gene partial reconstruction	1.01543460601137	0	FALSE	FALSE	FALSE	FALSE	FALSE	FALSE	Sensitivity estimate under random gene loss: min(100, observed gene-set coverage / MAG completeness fraction)
SY459WG-8-12_bin2	Vitamin B12	Cobalamin salvage	Previous algorithm: distinct-gene set coverage	4	0	0	FALSE	FALSE	IS	98.48	2.227	multi-gene partial reconstruction	1.01543460601137	0	FALSE	FALSE	FALSE	FALSE	FALSE	FALSE	Sensitivity estimate under random gene loss: min(100, observed gene-set coverage / MAG completeness fraction)
SY459WG-8-12_bin2	Vitamin B12	Vitamin B12 transport system	Previous algorithm: distinct-gene set coverage	3	0	0	FALSE	FALSE	IS	98.48	2.227	multi-gene partial reconstruction	1.01543460601137	0	FALSE	FALSE	FALSE	FALSE	FALSE	FALSE	Sensitivity estimate under random gene loss: min(100, observed gene-set coverage / MAG completeness fraction)
SY459WG-8-12_bin2	Carbon	Citrate cycle (TCA cycle, Krebs cycle)	Previous algorithm: distinct-gene set coverage	40	13	32.5	FALSE	FALSE	IS	98.48	2.227	multi-gene partial reconstruction	1.01543460601137	33.0016246953696	FALSE	FALSE	FALSE	FALSE	FALSE	FALSE	Sensitivity estimate under random gene loss: min(100, observed gene-set coverage / MAG completeness fraction)
SY459WG-8-12_bin2	Carbon	Citrate cycle, first carbon oxidation, oxaloacetate => 2-oxoglutarate	Previous algorithm: distinct-gene set coverage	6	2	33.3333333333333	FALSE	FALSE	IS	98.48	2.227	multi-gene partial reconstruction	1.01543460601137	33.8478202003791	FALSE	FALSE	FALSE	FALSE	FALSE	FALSE	Sensitivity estimate under random gene loss: min(100, observed gene-set coverage / MAG completeness fraction)
SY459WG-8-12_bin2	Carbon	Citrate cycle, second carbon oxidation, 2-oxoglutarate => oxaloacetate	Previous algorithm: distinct-gene set coverage	34	11	32.3529411764706	FALSE	FALSE	IS	98.48	2.227	multi-gene partial reconstruction	1.01543460601137	32.8522960768385	FALSE	FALSE	FALSE	FALSE	FALSE	FALSE	Sensitivity estimate under random gene loss: min(100, observed gene-set coverage / MAG completeness fraction)
SY459WG-8-12_bin2	Carbon	Glycolysis (Embden-Meyerhof pathway), glucose => pyruvate	Previous algorithm: distinct-gene set coverage	29	10	34.4827586206897	FALSE	FALSE	IS	98.48	2.227	multi-gene partial reconstruction	1.01543460601137	35.0149864141853	FALSE	FALSE	FALSE	FALSE	FALSE	FALSE	Sensitivity estimate under random gene loss: min(100, observed gene-set coverage / MAG completeness fraction)
SY459WG-8-12_bin2	Carbon	Glycolysis, core module involving three-carbon compounds	Previous algorithm: distinct-gene set coverage	12	6	50	TRUE	FALSE	IS	98.48	2.227	multi-gene partial reconstruction	1.01543460601137	50.7717303005686	TRUE	TRUE	FALSE	FALSE	FALSE	FALSE	Sensitivity estimate under random gene loss: min(100, observed gene-set coverage / MAG completeness fraction)
SY459WG-8-12_bin2	Carbon	Incomplete reductive citrate cycle, acetyl-CoA => oxoglutarate	Previous algorithm: distinct-gene set coverage	17	3	17.6470588235294	FALSE	FALSE	IS	98.48	2.227	multi-gene partial reconstruction	1.01543460601137	17.9194342237301	FALSE	FALSE	FALSE	FALSE	FALSE	FALSE	Sensitivity estimate under random gene loss: min(100, observed gene-set coverage / MAG completeness fraction)
SY459WG-8-12_bin2	Carbon	Pyruvate oxidation, pyruvate => acetyl-CoA	Previous algorithm: distinct-gene set coverage	11	5	45.4545454545455	FALSE	FALSE	IS	98.48	2.227	multi-gene partial reconstruction	1.01543460601137	46.1561184550624	FALSE	FALSE	FALSE	FALSE	FALSE	FALSE	Sensitivity estimate under random gene loss: min(100, observed gene-set coverage / MAG completeness fraction)
SY459WG-8-12_bin2	Carbon	TCA /Reductive TCA	Previous algorithm: distinct-gene set coverage	1	0	0	FALSE	FALSE	IS	98.48	2.227	multi-gene partial reconstruction	1.01543460601137	0	FALSE	FALSE	FALSE	FALSE	FALSE	FALSE	Sensitivity estimate under random gene loss: min(100, observed gene-set coverage / MAG completeness fraction)
C1_12-18_bin19	Arsenic	Arsenate detoxification/resistance (arsC) marker carriage	Independent non-focal arsenic HMM-marker carriage	1	1	100	TRUE	TRUE	ES	89.59	2.119	binary marker carriage	1.11619600401831	100	TRUE	TRUE	FALSE	TRUE	TRUE	FALSE	Presence remains 100 and absence remains 0; completeness cannot impute an undetected single marker
C1_12-18_bin19	Arsenic	Arsenite oxidation (arxA/aioA) marker carriage	Independent non-focal arsenic HMM-marker carriage	1	0	0	FALSE	FALSE	ES	89.59	2.119	binary marker carriage	1.11619600401831	0	FALSE	FALSE	FALSE	FALSE	FALSE	FALSE	Presence remains 100 and absence remains 0; completeness cannot impute an undetected single marker
C1_12-18_bin19	Arsenic	Respiratory arsenate reduction (arrA) marker carriage	Independent non-focal arsenic HMM-marker carriage	1	0	0	FALSE	FALSE	ES	89.59	2.119	binary marker carriage	1.11619600401831	0	FALSE	FALSE	FALSE	FALSE	FALSE	FALSE	Presence remains 100 and absence remains 0; completeness cannot impute an undetected single marker
C1_12-18_bin24	Arsenic	Arsenate detoxification/resistance (arsC) marker carriage	Independent non-focal arsenic HMM-marker carriage	1	0	0	FALSE	FALSE	ES	54.44	9.119	binary marker carriage	1.83688464364438	0	FALSE	FALSE	FALSE	FALSE	FALSE	FALSE	Presence remains 100 and absence remains 0; completeness cannot impute an undetected single marker
C1_12-18_bin24	Arsenic	Arsenite oxidation (arxA/aioA) marker carriage	Independent non-focal arsenic HMM-marker carriage	1	0	0	FALSE	FALSE	ES	54.44	9.119	binary marker carriage	1.83688464364438	0	FALSE	FALSE	FALSE	FALSE	FALSE	FALSE	Presence remains 100 and absence remains 0; completeness cannot impute an undetected single marker
C1_12-18_bin24	Arsenic	Respiratory arsenate reduction (arrA) marker carriage	Independent non-focal arsenic HMM-marker carriage	1	0	0	FALSE	FALSE	ES	54.44	9.119	binary marker carriage	1.83688464364438	0	FALSE	FALSE	FALSE	FALSE	FALSE	FALSE	Presence remains 100 and absence remains 0; completeness cannot impute an undetected single marker
C2_12-18_bin11	Arsenic	Arsenate detoxification/resistance (arsC) marker carriage	Independent non-focal arsenic HMM-marker carriage	1	0	0	FALSE	FALSE	ES	73.18	6.127	binary marker carriage	1.36649357748019	0	FALSE	FALSE	FALSE	FALSE	FALSE	FALSE	Presence remains 100 and absence remains 0; completeness cannot impute an undetected single marker
C2_12-18_bin11	Arsenic	Arsenite oxidation (arxA/aioA) marker carriage	Independent non-focal arsenic HMM-marker carriage	1	0	0	FALSE	FALSE	ES	73.18	6.127	binary marker carriage	1.36649357748019	0	FALSE	FALSE	FALSE	FALSE	FALSE	FALSE	Presence remains 100 and absence remains 0; completeness cannot impute an undetected single marker
C2_12-18_bin11	Arsenic	Respiratory arsenate reduction (arrA) marker carriage	Independent non-focal arsenic HMM-marker carriage	1	0	0	FALSE	FALSE	ES	73.18	6.127	binary marker carriage	1.36649357748019	0	FALSE	FALSE	FALSE	FALSE	FALSE	FALSE	Presence remains 100 and absence remains 0; completeness cannot impute an undetected single marker
C2_12-18_bin17	Arsenic	Arsenate detoxification/resistance (arsC) marker carriage	Independent non-focal arsenic HMM-marker carriage	1	0	0	FALSE	FALSE	ES	69.25	4.828	binary marker carriage	1.44404332129964	0	FALSE	FALSE	FALSE	FALSE	FALSE	FALSE	Presence remains 100 and absence remains 0; completeness cannot impute an undetected single marker
C2_12-18_bin17	Arsenic	Arsenite oxidation (arxA/aioA) marker carriage	Independent non-focal arsenic HMM-marker carriage	1	0	0	FALSE	FALSE	ES	69.25	4.828	binary marker carriage	1.44404332129964	0	FALSE	FALSE	FALSE	FALSE	FALSE	FALSE	Presence remains 100 and absence remains 0; completeness cannot impute an undetected single marker
C2_12-18_bin17	Arsenic	Respiratory arsenate reduction (arrA) marker carriage	Independent non-focal arsenic HMM-marker carriage	1	0	0	FALSE	FALSE	ES	69.25	4.828	binary marker carriage	1.44404332129964	0	FALSE	FALSE	FALSE	FALSE	FALSE	FALSE	Presence remains 100 and absence remains 0; completeness cannot impute an undetected single marker
R2111_N500_0-10_bin13	Arsenic	Arsenate detoxification/resistance (arsC) marker carriage	Independent non-focal arsenic HMM-marker carriage	1	0	0	FALSE	FALSE	NS	79.77	9.829	binary marker carriage	1.25360411182149	0	FALSE	FALSE	FALSE	FALSE	FALSE	FALSE	Presence remains 100 and absence remains 0; completeness cannot impute an undetected single marker
R2111_N500_0-10_bin13	Arsenic	Arsenite oxidation (arxA/aioA) marker carriage	Independent non-focal arsenic HMM-marker carriage	1	0	0	FALSE	FALSE	NS	79.77	9.829	binary marker carriage	1.25360411182149	0	FALSE	FALSE	FALSE	FALSE	FALSE	FALSE	Presence remains 100 and absence remains 0; completeness cannot impute an undetected single marker
R2111_N500_0-10_bin13	Arsenic	Respiratory arsenate reduction (arrA) marker carriage	Independent non-focal arsenic HMM-marker carriage	1	0	0	FALSE	FALSE	NS	79.77	9.829	binary marker carriage	1.25360411182149	0	FALSE	FALSE	FALSE	FALSE	FALSE	FALSE	Presence remains 100 and absence remains 0; completeness cannot impute an undetected single marker
R2111_S300_0-10_bin19	Arsenic	Arsenate detoxification/resistance (arsC) marker carriage	Independent non-focal arsenic HMM-marker carriage	1	0	0	FALSE	FALSE	NS	78.27	2.435	binary marker carriage	1.27762872109365	0	FALSE	FALSE	FALSE	FALSE	FALSE	FALSE	Presence remains 100 and absence remains 0; completeness cannot impute an undetected single marker
R2111_S300_0-10_bin19	Arsenic	Arsenite oxidation (arxA/aioA) marker carriage	Independent non-focal arsenic HMM-marker carriage	1	0	0	FALSE	FALSE	NS	78.27	2.435	binary marker carriage	1.27762872109365	0	FALSE	FALSE	FALSE	FALSE	FALSE	FALSE	Presence remains 100 and absence remains 0; completeness cannot impute an undetected single marker
R2111_S300_0-10_bin19	Arsenic	Respiratory arsenate reduction (arrA) marker carriage	Independent non-focal arsenic HMM-marker carriage	1	0	0	FALSE	FALSE	NS	78.27	2.435	binary marker carriage	1.27762872109365	0	FALSE	FALSE	FALSE	FALSE	FALSE	FALSE	Presence remains 100 and absence remains 0; completeness cannot impute an undetected single marker
S1_9-12_bin1	Arsenic	Arsenate detoxification/resistance (arsC) marker carriage	Independent non-focal arsenic HMM-marker carriage	1	0	0	FALSE	FALSE	AS	70.14	8.777	binary marker carriage	1.42571998859424	0	FALSE	FALSE	FALSE	FALSE	FALSE	FALSE	Presence remains 100 and absence remains 0; completeness cannot impute an undetected single marker
S1_9-12_bin1	Arsenic	Arsenite oxidation (arxA/aioA) marker carriage	Independent non-focal arsenic HMM-marker carriage	1	0	0	FALSE	FALSE	AS	70.14	8.777	binary marker carriage	1.42571998859424	0	FALSE	FALSE	FALSE	FALSE	FALSE	FALSE	Presence remains 100 and absence remains 0; completeness cannot impute an undetected single marker
S1_9-12_bin1	Arsenic	Respiratory arsenate reduction (arrA) marker carriage	Independent non-focal arsenic HMM-marker carriage	1	0	0	FALSE	FALSE	AS	70.14	8.777	binary marker carriage	1.42571998859424	0	FALSE	FALSE	FALSE	FALSE	FALSE	FALSE	Presence remains 100 and absence remains 0; completeness cannot impute an undetected single marker
S13_0-2_bin3	Arsenic	Arsenate detoxification/resistance (arsC) marker carriage	Independent non-focal arsenic HMM-marker carriage	1	1	100	TRUE	TRUE	ES	60.57	3.83	binary marker carriage	1.65098233448902	100	TRUE	TRUE	FALSE	TRUE	TRUE	FALSE	Presence remains 100 and absence remains 0; completeness cannot impute an undetected single marker
S13_0-2_bin3	Arsenic	Arsenite oxidation (arxA/aioA) marker carriage	Independent non-focal arsenic HMM-marker carriage	1	0	0	FALSE	FALSE	ES	60.57	3.83	binary marker carriage	1.65098233448902	0	FALSE	FALSE	FALSE	FALSE	FALSE	FALSE	Presence remains 100 and absence remains 0; completeness cannot impute an undetected single marker
S13_0-2_bin3	Arsenic	Respiratory arsenate reduction (arrA) marker carriage	Independent non-focal arsenic HMM-marker carriage	1	0	0	FALSE	FALSE	ES	60.57	3.83	binary marker carriage	1.65098233448902	0	FALSE	FALSE	FALSE	FALSE	FALSE	FALSE	Presence remains 100 and absence remains 0; completeness cannot impute an undetected single marker
S15_8-10_bin20	Arsenic	Arsenate detoxification/resistance (arsC) marker carriage	Independent non-focal arsenic HMM-marker carriage	1	1	100	TRUE	TRUE	ES	74.38	6.238	binary marker carriage	1.3444474321054	100	TRUE	TRUE	FALSE	TRUE	TRUE	FALSE	Presence remains 100 and absence remains 0; completeness cannot impute an undetected single marker
S15_8-10_bin20	Arsenic	Arsenite oxidation (arxA/aioA) marker carriage	Independent non-focal arsenic HMM-marker carriage	1	0	0	FALSE	FALSE	ES	74.38	6.238	binary marker carriage	1.3444474321054	0	FALSE	FALSE	FALSE	FALSE	FALSE	FALSE	Presence remains 100 and absence remains 0; completeness cannot impute an undetected single marker
S15_8-10_bin20	Arsenic	Respiratory arsenate reduction (arrA) marker carriage	Independent non-focal arsenic HMM-marker carriage	1	0	0	FALSE	FALSE	ES	74.38	6.238	binary marker carriage	1.3444474321054	0	FALSE	FALSE	FALSE	FALSE	FALSE	FALSE	Presence remains 100 and absence remains 0; completeness cannot impute an undetected single marker
SQ_58_0-4_bin4	Arsenic	Arsenate detoxification/resistance (arsC) marker carriage	Independent non-focal arsenic HMM-marker carriage	1	0	0	FALSE	FALSE	AS	51.44	5.642	binary marker carriage	1.94401244167963	0	FALSE	FALSE	FALSE	FALSE	FALSE	FALSE	Presence remains 100 and absence remains 0; completeness cannot impute an undetected single marker
SQ_58_0-4_bin4	Arsenic	Arsenite oxidation (arxA/aioA) marker carriage	Independent non-focal arsenic HMM-marker carriage	1	0	0	FALSE	FALSE	AS	51.44	5.642	binary marker carriage	1.94401244167963	0	FALSE	FALSE	FALSE	FALSE	FALSE	FALSE	Presence remains 100 and absence remains 0; completeness cannot impute an undetected single marker
SQ_58_0-4_bin4	Arsenic	Respiratory arsenate reduction (arrA) marker carriage	Independent non-focal arsenic HMM-marker carriage	1	0	0	FALSE	FALSE	AS	51.44	5.642	binary marker carriage	1.94401244167963	0	FALSE	FALSE	FALSE	FALSE	FALSE	FALSE	Presence remains 100 and absence remains 0; completeness cannot impute an undetected single marker
SY365BB-0-4_bin24	Arsenic	Arsenate detoxification/resistance (arsC) marker carriage	Independent non-focal arsenic HMM-marker carriage	1	0	0	FALSE	FALSE	IS	88.38	2.132	binary marker carriage	1.13147770988912	0	FALSE	FALSE	FALSE	FALSE	FALSE	FALSE	Presence remains 100 and absence remains 0; completeness cannot impute an undetected single marker
SY365BB-0-4_bin24	Arsenic	Arsenite oxidation (arxA/aioA) marker carriage	Independent non-focal arsenic HMM-marker carriage	1	0	0	FALSE	FALSE	IS	88.38	2.132	binary marker carriage	1.13147770988912	0	FALSE	FALSE	FALSE	FALSE	FALSE	FALSE	Presence remains 100 and absence remains 0; completeness cannot impute an undetected single marker
SY365BB-0-4_bin24	Arsenic	Respiratory arsenate reduction (arrA) marker carriage	Independent non-focal arsenic HMM-marker carriage	1	1	100	TRUE	TRUE	IS	88.38	2.132	binary marker carriage	1.13147770988912	100	TRUE	TRUE	FALSE	TRUE	TRUE	FALSE	Presence remains 100 and absence remains 0; completeness cannot impute an undetected single marker
SY365BB-8-12_bin10	Arsenic	Arsenate detoxification/resistance (arsC) marker carriage	Independent non-focal arsenic HMM-marker carriage	1	1	100	TRUE	TRUE	IS	98.7	2.647	binary marker carriage	1.01317122593718	100	TRUE	TRUE	FALSE	TRUE	TRUE	FALSE	Presence remains 100 and absence remains 0; completeness cannot impute an undetected single marker
SY365BB-8-12_bin10	Arsenic	Arsenite oxidation (arxA/aioA) marker carriage	Independent non-focal arsenic HMM-marker carriage	1	0	0	FALSE	FALSE	IS	98.7	2.647	binary marker carriage	1.01317122593718	0	FALSE	FALSE	FALSE	FALSE	FALSE	FALSE	Presence remains 100 and absence remains 0; completeness cannot impute an undetected single marker
SY365BB-8-12_bin10	Arsenic	Respiratory arsenate reduction (arrA) marker carriage	Independent non-focal arsenic HMM-marker carriage	1	0	0	FALSE	FALSE	IS	98.7	2.647	binary marker carriage	1.01317122593718	0	FALSE	FALSE	FALSE	FALSE	FALSE	FALSE	Presence remains 100 and absence remains 0; completeness cannot impute an undetected single marker
SY365BB-8-12_bin26	Arsenic	Arsenate detoxification/resistance (arsC) marker carriage	Independent non-focal arsenic HMM-marker carriage	1	0	0	FALSE	FALSE	IS	97.97	2.876	binary marker carriage	1.02072062876391	0	FALSE	FALSE	FALSE	FALSE	FALSE	FALSE	Presence remains 100 and absence remains 0; completeness cannot impute an undetected single marker
SY365BB-8-12_bin26	Arsenic	Arsenite oxidation (arxA/aioA) marker carriage	Independent non-focal arsenic HMM-marker carriage	1	0	0	FALSE	FALSE	IS	97.97	2.876	binary marker carriage	1.02072062876391	0	FALSE	FALSE	FALSE	FALSE	FALSE	FALSE	Presence remains 100 and absence remains 0; completeness cannot impute an undetected single marker
SY365BB-8-12_bin26	Arsenic	Respiratory arsenate reduction (arrA) marker carriage	Independent non-focal arsenic HMM-marker carriage	1	0	0	FALSE	FALSE	IS	97.97	2.876	binary marker carriage	1.02072062876391	0	FALSE	FALSE	FALSE	FALSE	FALSE	FALSE	Presence remains 100 and absence remains 0; completeness cannot impute an undetected single marker
SY365BB-8-12_bin7	Arsenic	Arsenate detoxification/resistance (arsC) marker carriage	Independent non-focal arsenic HMM-marker carriage	1	0	0	FALSE	FALSE	IS	82.2	3.333	binary marker carriage	1.21654501216545	0	FALSE	FALSE	FALSE	FALSE	FALSE	FALSE	Presence remains 100 and absence remains 0; completeness cannot impute an undetected single marker
SY365BB-8-12_bin7	Arsenic	Arsenite oxidation (arxA/aioA) marker carriage	Independent non-focal arsenic HMM-marker carriage	1	0	0	FALSE	FALSE	IS	82.2	3.333	binary marker carriage	1.21654501216545	0	FALSE	FALSE	FALSE	FALSE	FALSE	FALSE	Presence remains 100 and absence remains 0; completeness cannot impute an undetected single marker
SY365BB-8-12_bin7	Arsenic	Respiratory arsenate reduction (arrA) marker carriage	Independent non-focal arsenic HMM-marker carriage	1	0	0	FALSE	FALSE	IS	82.2	3.333	binary marker carriage	1.21654501216545	0	FALSE	FALSE	FALSE	FALSE	FALSE	FALSE	Presence remains 100 and absence remains 0; completeness cannot impute an undetected single marker
SY365BB-8-12_bin8	Arsenic	Arsenate detoxification/resistance (arsC) marker carriage	Independent non-focal arsenic HMM-marker carriage	1	1	100	TRUE	TRUE	IS	56.89	8.62	binary marker carriage	1.75777816839515	100	TRUE	TRUE	FALSE	TRUE	TRUE	FALSE	Presence remains 100 and absence remains 0; completeness cannot impute an undetected single marker
SY365BB-8-12_bin8	Arsenic	Arsenite oxidation (arxA/aioA) marker carriage	Independent non-focal arsenic HMM-marker carriage	1	0	0	FALSE	FALSE	IS	56.89	8.62	binary marker carriage	1.75777816839515	0	FALSE	FALSE	FALSE	FALSE	FALSE	FALSE	Presence remains 100 and absence remains 0; completeness cannot impute an undetected single marker
SY365BB-8-12_bin8	Arsenic	Respiratory arsenate reduction (arrA) marker carriage	Independent non-focal arsenic HMM-marker carriage	1	0	0	FALSE	FALSE	IS	56.89	8.62	binary marker carriage	1.75777816839515	0	FALSE	FALSE	FALSE	FALSE	FALSE	FALSE	Presence remains 100 and absence remains 0; completeness cannot impute an undetected single marker
SY366YB-0-4_bin3	Arsenic	Arsenate detoxification/resistance (arsC) marker carriage	Independent non-focal arsenic HMM-marker carriage	1	0	0	FALSE	FALSE	IS	58.36	3.361	binary marker carriage	1.71350239890336	0	FALSE	FALSE	FALSE	FALSE	FALSE	FALSE	Presence remains 100 and absence remains 0; completeness cannot impute an undetected single marker
SY366YB-0-4_bin3	Arsenic	Arsenite oxidation (arxA/aioA) marker carriage	Independent non-focal arsenic HMM-marker carriage	1	0	0	FALSE	FALSE	IS	58.36	3.361	binary marker carriage	1.71350239890336	0	FALSE	FALSE	FALSE	FALSE	FALSE	FALSE	Presence remains 100 and absence remains 0; completeness cannot impute an undetected single marker
SY366YB-0-4_bin3	Arsenic	Respiratory arsenate reduction (arrA) marker carriage	Independent non-focal arsenic HMM-marker carriage	1	0	0	FALSE	FALSE	IS	58.36	3.361	binary marker carriage	1.71350239890336	0	FALSE	FALSE	FALSE	FALSE	FALSE	FALSE	Presence remains 100 and absence remains 0; completeness cannot impute an undetected single marker
SY366YB-0-4_bin5	Arsenic	Arsenate detoxification/resistance (arsC) marker carriage	Independent non-focal arsenic HMM-marker carriage	1	0	0	FALSE	FALSE	IS	71.3	5.933	binary marker carriage	1.40252454417952	0	FALSE	FALSE	FALSE	FALSE	FALSE	FALSE	Presence remains 100 and absence remains 0; completeness cannot impute an undetected single marker
SY366YB-0-4_bin5	Arsenic	Arsenite oxidation (arxA/aioA) marker carriage	Independent non-focal arsenic HMM-marker carriage	1	0	0	FALSE	FALSE	IS	71.3	5.933	binary marker carriage	1.40252454417952	0	FALSE	FALSE	FALSE	FALSE	FALSE	FALSE	Presence remains 100 and absence remains 0; completeness cannot impute an undetected single marker
SY366YB-0-4_bin5	Arsenic	Respiratory arsenate reduction (arrA) marker carriage	Independent non-focal arsenic HMM-marker carriage	1	0	0	FALSE	FALSE	IS	71.3	5.933	binary marker carriage	1.40252454417952	0	FALSE	FALSE	FALSE	FALSE	FALSE	FALSE	Presence remains 100 and absence remains 0; completeness cannot impute an undetected single marker
SY366YW-0-4_bin2	Arsenic	Arsenate detoxification/resistance (arsC) marker carriage	Independent non-focal arsenic HMM-marker carriage	1	0	0	FALSE	FALSE	IS	52.68	7.692	binary marker carriage	1.89825360668185	0	FALSE	FALSE	FALSE	FALSE	FALSE	FALSE	Presence remains 100 and absence remains 0; completeness cannot impute an undetected single marker
SY366YW-0-4_bin2	Arsenic	Arsenite oxidation (arxA/aioA) marker carriage	Independent non-focal arsenic HMM-marker carriage	1	0	0	FALSE	FALSE	IS	52.68	7.692	binary marker carriage	1.89825360668185	0	FALSE	FALSE	FALSE	FALSE	FALSE	FALSE	Presence remains 100 and absence remains 0; completeness cannot impute an undetected single marker
SY366YW-0-4_bin2	Arsenic	Respiratory arsenate reduction (arrA) marker carriage	Independent non-focal arsenic HMM-marker carriage	1	0	0	FALSE	FALSE	IS	52.68	7.692	binary marker carriage	1.89825360668185	0	FALSE	FALSE	FALSE	FALSE	FALSE	FALSE	Presence remains 100 and absence remains 0; completeness cannot impute an undetected single marker
SY366YW-0-4_bin34	Arsenic	Arsenate detoxification/resistance (arsC) marker carriage	Independent non-focal arsenic HMM-marker carriage	1	1	100	TRUE	TRUE	IS	95.86	1.956	binary marker carriage	1.04318798247444	100	TRUE	TRUE	FALSE	TRUE	TRUE	FALSE	Presence remains 100 and absence remains 0; completeness cannot impute an undetected single marker
SY366YW-0-4_bin34	Arsenic	Arsenite oxidation (arxA/aioA) marker carriage	Independent non-focal arsenic HMM-marker carriage	1	0	0	FALSE	FALSE	IS	95.86	1.956	binary marker carriage	1.04318798247444	0	FALSE	FALSE	FALSE	FALSE	FALSE	FALSE	Presence remains 100 and absence remains 0; completeness cannot impute an undetected single marker
SY366YW-0-4_bin34	Arsenic	Respiratory arsenate reduction (arrA) marker carriage	Independent non-focal arsenic HMM-marker carriage	1	1	100	TRUE	TRUE	IS	95.86	1.956	binary marker carriage	1.04318798247444	100	TRUE	TRUE	FALSE	TRUE	TRUE	FALSE	Presence remains 100 and absence remains 0; completeness cannot impute an undetected single marker
SY366YW-0-4_bin9	Arsenic	Arsenate detoxification/resistance (arsC) marker carriage	Independent non-focal arsenic HMM-marker carriage	1	1	100	TRUE	TRUE	IS	94.52	0.597	binary marker carriage	1.05797714769361	100	TRUE	TRUE	FALSE	TRUE	TRUE	FALSE	Presence remains 100 and absence remains 0; completeness cannot impute an undetected single marker
SY366YW-0-4_bin9	Arsenic	Arsenite oxidation (arxA/aioA) marker carriage	Independent non-focal arsenic HMM-marker carriage	1	0	0	FALSE	FALSE	IS	94.52	0.597	binary marker carriage	1.05797714769361	0	FALSE	FALSE	FALSE	FALSE	FALSE	FALSE	Presence remains 100 and absence remains 0; completeness cannot impute an undetected single marker
SY366YW-0-4_bin9	Arsenic	Respiratory arsenate reduction (arrA) marker carriage	Independent non-focal arsenic HMM-marker carriage	1	1	100	TRUE	TRUE	IS	94.52	0.597	binary marker carriage	1.05797714769361	100	TRUE	TRUE	FALSE	TRUE	TRUE	FALSE	Presence remains 100 and absence remains 0; completeness cannot impute an undetected single marker
SY366YW-4-8_bin7	Arsenic	Arsenate detoxification/resistance (arsC) marker carriage	Independent non-focal arsenic HMM-marker carriage	1	0	0	FALSE	FALSE	IS	98.59	2.6	binary marker carriage	1.01430165331169	0	FALSE	FALSE	FALSE	FALSE	FALSE	FALSE	Presence remains 100 and absence remains 0; completeness cannot impute an undetected single marker
SY366YW-4-8_bin7	Arsenic	Arsenite oxidation (arxA/aioA) marker carriage	Independent non-focal arsenic HMM-marker carriage	1	0	0	FALSE	FALSE	IS	98.59	2.6	binary marker carriage	1.01430165331169	0	FALSE	FALSE	FALSE	FALSE	FALSE	FALSE	Presence remains 100 and absence remains 0; completeness cannot impute an undetected single marker
SY366YW-4-8_bin7	Arsenic	Respiratory arsenate reduction (arrA) marker carriage	Independent non-focal arsenic HMM-marker carriage	1	0	0	FALSE	FALSE	IS	98.59	2.6	binary marker carriage	1.01430165331169	0	FALSE	FALSE	FALSE	FALSE	FALSE	FALSE	Presence remains 100 and absence remains 0; completeness cannot impute an undetected single marker
SY366YW-8-12_bin2	Arsenic	Arsenate detoxification/resistance (arsC) marker carriage	Independent non-focal arsenic HMM-marker carriage	1	1	100	TRUE	TRUE	IS	97.87	1.367	binary marker carriage	1.02176356391131	100	TRUE	TRUE	FALSE	TRUE	TRUE	FALSE	Presence remains 100 and absence remains 0; completeness cannot impute an undetected single marker
SY366YW-8-12_bin2	Arsenic	Arsenite oxidation (arxA/aioA) marker carriage	Independent non-focal arsenic HMM-marker carriage	1	0	0	FALSE	FALSE	IS	97.87	1.367	binary marker carriage	1.02176356391131	0	FALSE	FALSE	FALSE	FALSE	FALSE	FALSE	Presence remains 100 and absence remains 0; completeness cannot impute an undetected single marker
SY366YW-8-12_bin2	Arsenic	Respiratory arsenate reduction (arrA) marker carriage	Independent non-focal arsenic HMM-marker carriage	1	0	0	FALSE	FALSE	IS	97.87	1.367	binary marker carriage	1.02176356391131	0	FALSE	FALSE	FALSE	FALSE	FALSE	FALSE	Presence remains 100 and absence remains 0; completeness cannot impute an undetected single marker
SY368YW-4-8_bin24	Arsenic	Arsenate detoxification/resistance (arsC) marker carriage	Independent non-focal arsenic HMM-marker carriage	1	1	100	TRUE	TRUE	IS	68.96	0	binary marker carriage	1.45011600928074	100	TRUE	TRUE	FALSE	TRUE	TRUE	FALSE	Presence remains 100 and absence remains 0; completeness cannot impute an undetected single marker
SY368YW-4-8_bin24	Arsenic	Arsenite oxidation (arxA/aioA) marker carriage	Independent non-focal arsenic HMM-marker carriage	1	0	0	FALSE	FALSE	IS	68.96	0	binary marker carriage	1.45011600928074	0	FALSE	FALSE	FALSE	FALSE	FALSE	FALSE	Presence remains 100 and absence remains 0; completeness cannot impute an undetected single marker
SY368YW-4-8_bin24	Arsenic	Respiratory arsenate reduction (arrA) marker carriage	Independent non-focal arsenic HMM-marker carriage	1	0	0	FALSE	FALSE	IS	68.96	0	binary marker carriage	1.45011600928074	0	FALSE	FALSE	FALSE	FALSE	FALSE	FALSE	Presence remains 100 and absence remains 0; completeness cannot impute an undetected single marker
SY368YW-8-12_bin14	Arsenic	Arsenate detoxification/resistance (arsC) marker carriage	Independent non-focal arsenic HMM-marker carriage	1	0	0	FALSE	FALSE	IS	65.87	2.136	binary marker carriage	1.5181417944436	0	FALSE	FALSE	FALSE	FALSE	FALSE	FALSE	Presence remains 100 and absence remains 0; completeness cannot impute an undetected single marker
SY368YW-8-12_bin14	Arsenic	Arsenite oxidation (arxA/aioA) marker carriage	Independent non-focal arsenic HMM-marker carriage	1	0	0	FALSE	FALSE	IS	65.87	2.136	binary marker carriage	1.5181417944436	0	FALSE	FALSE	FALSE	FALSE	FALSE	FALSE	Presence remains 100 and absence remains 0; completeness cannot impute an undetected single marker
SY368YW-8-12_bin14	Arsenic	Respiratory arsenate reduction (arrA) marker carriage	Independent non-focal arsenic HMM-marker carriage	1	0	0	FALSE	FALSE	IS	65.87	2.136	binary marker carriage	1.5181417944436	0	FALSE	FALSE	FALSE	FALSE	FALSE	FALSE	Presence remains 100 and absence remains 0; completeness cannot impute an undetected single marker
SY368YW-8-12_bin16	Arsenic	Arsenate detoxification/resistance (arsC) marker carriage	Independent non-focal arsenic HMM-marker carriage	1	0	0	FALSE	FALSE	IS	68.01	4.487	binary marker carriage	1.47037200411704	0	FALSE	FALSE	FALSE	FALSE	FALSE	FALSE	Presence remains 100 and absence remains 0; completeness cannot impute an undetected single marker
SY368YW-8-12_bin16	Arsenic	Arsenite oxidation (arxA/aioA) marker carriage	Independent non-focal arsenic HMM-marker carriage	1	0	0	FALSE	FALSE	IS	68.01	4.487	binary marker carriage	1.47037200411704	0	FALSE	FALSE	FALSE	FALSE	FALSE	FALSE	Presence remains 100 and absence remains 0; completeness cannot impute an undetected single marker
SY368YW-8-12_bin16	Arsenic	Respiratory arsenate reduction (arrA) marker carriage	Independent non-focal arsenic HMM-marker carriage	1	0	0	FALSE	FALSE	IS	68.01	4.487	binary marker carriage	1.47037200411704	0	FALSE	FALSE	FALSE	FALSE	FALSE	FALSE	Presence remains 100 and absence remains 0; completeness cannot impute an undetected single marker
SY368YW-8-12_bin33	Arsenic	Arsenate detoxification/resistance (arsC) marker carriage	Independent non-focal arsenic HMM-marker carriage	1	1	100	TRUE	TRUE	IS	86.01	0.658	binary marker carriage	1.16265550517382	100	TRUE	TRUE	FALSE	TRUE	TRUE	FALSE	Presence remains 100 and absence remains 0; completeness cannot impute an undetected single marker
SY368YW-8-12_bin33	Arsenic	Arsenite oxidation (arxA/aioA) marker carriage	Independent non-focal arsenic HMM-marker carriage	1	0	0	FALSE	FALSE	IS	86.01	0.658	binary marker carriage	1.16265550517382	0	FALSE	FALSE	FALSE	FALSE	FALSE	FALSE	Presence remains 100 and absence remains 0; completeness cannot impute an undetected single marker
SY368YW-8-12_bin33	Arsenic	Respiratory arsenate reduction (arrA) marker carriage	Independent non-focal arsenic HMM-marker carriage	1	0	0	FALSE	FALSE	IS	86.01	0.658	binary marker carriage	1.16265550517382	0	FALSE	FALSE	FALSE	FALSE	FALSE	FALSE	Presence remains 100 and absence remains 0; completeness cannot impute an undetected single marker
SY456YB-0-4_bin8	Arsenic	Arsenate detoxification/resistance (arsC) marker carriage	Independent non-focal arsenic HMM-marker carriage	1	1	100	TRUE	TRUE	IS	97.72	8.262	binary marker carriage	1.02333196889071	100	TRUE	TRUE	FALSE	TRUE	TRUE	FALSE	Presence remains 100 and absence remains 0; completeness cannot impute an undetected single marker
SY456YB-0-4_bin8	Arsenic	Arsenite oxidation (arxA/aioA) marker carriage	Independent non-focal arsenic HMM-marker carriage	1	0	0	FALSE	FALSE	IS	97.72	8.262	binary marker carriage	1.02333196889071	0	FALSE	FALSE	FALSE	FALSE	FALSE	FALSE	Presence remains 100 and absence remains 0; completeness cannot impute an undetected single marker
SY456YB-0-4_bin8	Arsenic	Respiratory arsenate reduction (arrA) marker carriage	Independent non-focal arsenic HMM-marker carriage	1	0	0	FALSE	FALSE	IS	97.72	8.262	binary marker carriage	1.02333196889071	0	FALSE	FALSE	FALSE	FALSE	FALSE	FALSE	Presence remains 100 and absence remains 0; completeness cannot impute an undetected single marker
SY456YB-4-8_bin24	Arsenic	Arsenate detoxification/resistance (arsC) marker carriage	Independent non-focal arsenic HMM-marker carriage	1	1	100	TRUE	TRUE	IS	95.8	1.853	binary marker carriage	1.04384133611691	100	TRUE	TRUE	FALSE	TRUE	TRUE	FALSE	Presence remains 100 and absence remains 0; completeness cannot impute an undetected single marker
SY456YB-4-8_bin24	Arsenic	Arsenite oxidation (arxA/aioA) marker carriage	Independent non-focal arsenic HMM-marker carriage	1	0	0	FALSE	FALSE	IS	95.8	1.853	binary marker carriage	1.04384133611691	0	FALSE	FALSE	FALSE	FALSE	FALSE	FALSE	Presence remains 100 and absence remains 0; completeness cannot impute an undetected single marker
SY456YB-4-8_bin24	Arsenic	Respiratory arsenate reduction (arrA) marker carriage	Independent non-focal arsenic HMM-marker carriage	1	0	0	FALSE	FALSE	IS	95.8	1.853	binary marker carriage	1.04384133611691	0	FALSE	FALSE	FALSE	FALSE	FALSE	FALSE	Presence remains 100 and absence remains 0; completeness cannot impute an undetected single marker
SY456YB-8-12_bin27	Arsenic	Arsenate detoxification/resistance (arsC) marker carriage	Independent non-focal arsenic HMM-marker carriage	1	1	100	TRUE	TRUE	IS	95.39	3.794	binary marker carriage	1.04832791697243	100	TRUE	TRUE	FALSE	TRUE	TRUE	FALSE	Presence remains 100 and absence remains 0; completeness cannot impute an undetected single marker
SY456YB-8-12_bin27	Arsenic	Arsenite oxidation (arxA/aioA) marker carriage	Independent non-focal arsenic HMM-marker carriage	1	0	0	FALSE	FALSE	IS	95.39	3.794	binary marker carriage	1.04832791697243	0	FALSE	FALSE	FALSE	FALSE	FALSE	FALSE	Presence remains 100 and absence remains 0; completeness cannot impute an undetected single marker
SY456YB-8-12_bin27	Arsenic	Respiratory arsenate reduction (arrA) marker carriage	Independent non-focal arsenic HMM-marker carriage	1	0	0	FALSE	FALSE	IS	95.39	3.794	binary marker carriage	1.04832791697243	0	FALSE	FALSE	FALSE	FALSE	FALSE	FALSE	Presence remains 100 and absence remains 0; completeness cannot impute an undetected single marker
SY456YB-8-12_bin34	Arsenic	Arsenate detoxification/resistance (arsC) marker carriage	Independent non-focal arsenic HMM-marker carriage	1	1	100	TRUE	TRUE	IS	55.32	1.724	binary marker carriage	1.80766449746927	100	TRUE	TRUE	FALSE	TRUE	TRUE	FALSE	Presence remains 100 and absence remains 0; completeness cannot impute an undetected single marker
SY456YB-8-12_bin34	Arsenic	Arsenite oxidation (arxA/aioA) marker carriage	Independent non-focal arsenic HMM-marker carriage	1	0	0	FALSE	FALSE	IS	55.32	1.724	binary marker carriage	1.80766449746927	0	FALSE	FALSE	FALSE	FALSE	FALSE	FALSE	Presence remains 100 and absence remains 0; completeness cannot impute an undetected single marker
SY456YB-8-12_bin34	Arsenic	Respiratory arsenate reduction (arrA) marker carriage	Independent non-focal arsenic HMM-marker carriage	1	0	0	FALSE	FALSE	IS	55.32	1.724	binary marker carriage	1.80766449746927	0	FALSE	FALSE	FALSE	FALSE	FALSE	FALSE	Presence remains 100 and absence remains 0; completeness cannot impute an undetected single marker
SY456YB-8-12_bin4	Arsenic	Arsenate detoxification/resistance (arsC) marker carriage	Independent non-focal arsenic HMM-marker carriage	1	1	100	TRUE	TRUE	IS	96.08	0.434	binary marker carriage	1.04079933388843	100	TRUE	TRUE	FALSE	TRUE	TRUE	FALSE	Presence remains 100 and absence remains 0; completeness cannot impute an undetected single marker
SY456YB-8-12_bin4	Arsenic	Arsenite oxidation (arxA/aioA) marker carriage	Independent non-focal arsenic HMM-marker carriage	1	0	0	FALSE	FALSE	IS	96.08	0.434	binary marker carriage	1.04079933388843	0	FALSE	FALSE	FALSE	FALSE	FALSE	FALSE	Presence remains 100 and absence remains 0; completeness cannot impute an undetected single marker
SY456YB-8-12_bin4	Arsenic	Respiratory arsenate reduction (arrA) marker carriage	Independent non-focal arsenic HMM-marker carriage	1	0	0	FALSE	FALSE	IS	96.08	0.434	binary marker carriage	1.04079933388843	0	FALSE	FALSE	FALSE	FALSE	FALSE	FALSE	Presence remains 100 and absence remains 0; completeness cannot impute an undetected single marker
SY456YB-8-12_bin5	Arsenic	Arsenate detoxification/resistance (arsC) marker carriage	Independent non-focal arsenic HMM-marker carriage	1	0	0	FALSE	FALSE	IS	54.24	0.625	binary marker carriage	1.84365781710914	0	FALSE	FALSE	FALSE	FALSE	FALSE	FALSE	Presence remains 100 and absence remains 0; completeness cannot impute an undetected single marker
SY456YB-8-12_bin5	Arsenic	Arsenite oxidation (arxA/aioA) marker carriage	Independent non-focal arsenic HMM-marker carriage	1	0	0	FALSE	FALSE	IS	54.24	0.625	binary marker carriage	1.84365781710914	0	FALSE	FALSE	FALSE	FALSE	FALSE	FALSE	Presence remains 100 and absence remains 0; completeness cannot impute an undetected single marker
SY456YB-8-12_bin5	Arsenic	Respiratory arsenate reduction (arrA) marker carriage	Independent non-focal arsenic HMM-marker carriage	1	0	0	FALSE	FALSE	IS	54.24	0.625	binary marker carriage	1.84365781710914	0	FALSE	FALSE	FALSE	FALSE	FALSE	FALSE	Presence remains 100 and absence remains 0; completeness cannot impute an undetected single marker
SY457BB-0-4_bin2	Arsenic	Arsenate detoxification/resistance (arsC) marker carriage	Independent non-focal arsenic HMM-marker carriage	1	1	100	TRUE	TRUE	IS	96.64	2.388	binary marker carriage	1.03476821192053	100	TRUE	TRUE	FALSE	TRUE	TRUE	FALSE	Presence remains 100 and absence remains 0; completeness cannot impute an undetected single marker
SY457BB-0-4_bin2	Arsenic	Arsenite oxidation (arxA/aioA) marker carriage	Independent non-focal arsenic HMM-marker carriage	1	0	0	FALSE	FALSE	IS	96.64	2.388	binary marker carriage	1.03476821192053	0	FALSE	FALSE	FALSE	FALSE	FALSE	FALSE	Presence remains 100 and absence remains 0; completeness cannot impute an undetected single marker
SY457BB-0-4_bin2	Arsenic	Respiratory arsenate reduction (arrA) marker carriage	Independent non-focal arsenic HMM-marker carriage	1	0	0	FALSE	FALSE	IS	96.64	2.388	binary marker carriage	1.03476821192053	0	FALSE	FALSE	FALSE	FALSE	FALSE	FALSE	Presence remains 100 and absence remains 0; completeness cannot impute an undetected single marker
SY457BB-0-4_bin35	Arsenic	Arsenate detoxification/resistance (arsC) marker carriage	Independent non-focal arsenic HMM-marker carriage	1	0	0	FALSE	FALSE	IS	83.94	7.843	binary marker carriage	1.19132713843221	0	FALSE	FALSE	FALSE	FALSE	FALSE	FALSE	Presence remains 100 and absence remains 0; completeness cannot impute an undetected single marker
SY457BB-0-4_bin35	Arsenic	Arsenite oxidation (arxA/aioA) marker carriage	Independent non-focal arsenic HMM-marker carriage	1	0	0	FALSE	FALSE	IS	83.94	7.843	binary marker carriage	1.19132713843221	0	FALSE	FALSE	FALSE	FALSE	FALSE	FALSE	Presence remains 100 and absence remains 0; completeness cannot impute an undetected single marker
SY457BB-0-4_bin35	Arsenic	Respiratory arsenate reduction (arrA) marker carriage	Independent non-focal arsenic HMM-marker carriage	1	0	0	FALSE	FALSE	IS	83.94	7.843	binary marker carriage	1.19132713843221	0	FALSE	FALSE	FALSE	FALSE	FALSE	FALSE	Presence remains 100 and absence remains 0; completeness cannot impute an undetected single marker
SY457BB-0-4_bin6	Arsenic	Arsenate detoxification/resistance (arsC) marker carriage	Independent non-focal arsenic HMM-marker carriage	1	0	0	FALSE	FALSE	IS	98.47	1.727	binary marker carriage	1.01553772722657	0	FALSE	FALSE	FALSE	FALSE	FALSE	FALSE	Presence remains 100 and absence remains 0; completeness cannot impute an undetected single marker
SY457BB-0-4_bin6	Arsenic	Arsenite oxidation (arxA/aioA) marker carriage	Independent non-focal arsenic HMM-marker carriage	1	0	0	FALSE	FALSE	IS	98.47	1.727	binary marker carriage	1.01553772722657	0	FALSE	FALSE	FALSE	FALSE	FALSE	FALSE	Presence remains 100 and absence remains 0; completeness cannot impute an undetected single marker
SY457BB-0-4_bin6	Arsenic	Respiratory arsenate reduction (arrA) marker carriage	Independent non-focal arsenic HMM-marker carriage	1	0	0	FALSE	FALSE	IS	98.47	1.727	binary marker carriage	1.01553772722657	0	FALSE	FALSE	FALSE	FALSE	FALSE	FALSE	Presence remains 100 and absence remains 0; completeness cannot impute an undetected single marker
SY457BB-4-8_bin29	Arsenic	Arsenate detoxification/resistance (arsC) marker carriage	Independent non-focal arsenic HMM-marker carriage	1	1	100	TRUE	TRUE	IS	81.09	3.292	binary marker carriage	1.23319768158836	100	TRUE	TRUE	FALSE	TRUE	TRUE	FALSE	Presence remains 100 and absence remains 0; completeness cannot impute an undetected single marker
SY457BB-4-8_bin29	Arsenic	Arsenite oxidation (arxA/aioA) marker carriage	Independent non-focal arsenic HMM-marker carriage	1	0	0	FALSE	FALSE	IS	81.09	3.292	binary marker carriage	1.23319768158836	0	FALSE	FALSE	FALSE	FALSE	FALSE	FALSE	Presence remains 100 and absence remains 0; completeness cannot impute an undetected single marker
SY457BB-4-8_bin29	Arsenic	Respiratory arsenate reduction (arrA) marker carriage	Independent non-focal arsenic HMM-marker carriage	1	0	0	FALSE	FALSE	IS	81.09	3.292	binary marker carriage	1.23319768158836	0	FALSE	FALSE	FALSE	FALSE	FALSE	FALSE	Presence remains 100 and absence remains 0; completeness cannot impute an undetected single marker
SY457BB-4-8_bin33	Arsenic	Arsenate detoxification/resistance (arsC) marker carriage	Independent non-focal arsenic HMM-marker carriage	1	1	100	TRUE	TRUE	IS	98.53	3.138	binary marker carriage	1.01491931391454	100	TRUE	TRUE	FALSE	TRUE	TRUE	FALSE	Presence remains 100 and absence remains 0; completeness cannot impute an undetected single marker
SY457BB-4-8_bin33	Arsenic	Arsenite oxidation (arxA/aioA) marker carriage	Independent non-focal arsenic HMM-marker carriage	1	0	0	FALSE	FALSE	IS	98.53	3.138	binary marker carriage	1.01491931391454	0	FALSE	FALSE	FALSE	FALSE	FALSE	FALSE	Presence remains 100 and absence remains 0; completeness cannot impute an undetected single marker
SY457BB-4-8_bin33	Arsenic	Respiratory arsenate reduction (arrA) marker carriage	Independent non-focal arsenic HMM-marker carriage	1	0	0	FALSE	FALSE	IS	98.53	3.138	binary marker carriage	1.01491931391454	0	FALSE	FALSE	FALSE	FALSE	FALSE	FALSE	Presence remains 100 and absence remains 0; completeness cannot impute an undetected single marker
SY457BB-8-12_bin10	Arsenic	Arsenate detoxification/resistance (arsC) marker carriage	Independent non-focal arsenic HMM-marker carriage	1	1	100	TRUE	TRUE	IS	66.24	0	binary marker carriage	1.50966183574879	100	TRUE	TRUE	FALSE	TRUE	TRUE	FALSE	Presence remains 100 and absence remains 0; completeness cannot impute an undetected single marker
SY457BB-8-12_bin10	Arsenic	Arsenite oxidation (arxA/aioA) marker carriage	Independent non-focal arsenic HMM-marker carriage	1	0	0	FALSE	FALSE	IS	66.24	0	binary marker carriage	1.50966183574879	0	FALSE	FALSE	FALSE	FALSE	FALSE	FALSE	Presence remains 100 and absence remains 0; completeness cannot impute an undetected single marker
SY457BB-8-12_bin10	Arsenic	Respiratory arsenate reduction (arrA) marker carriage	Independent non-focal arsenic HMM-marker carriage	1	0	0	FALSE	FALSE	IS	66.24	0	binary marker carriage	1.50966183574879	0	FALSE	FALSE	FALSE	FALSE	FALSE	FALSE	Presence remains 100 and absence remains 0; completeness cannot impute an undetected single marker
SY457BB-8-12_bin15	Arsenic	Arsenate detoxification/resistance (arsC) marker carriage	Independent non-focal arsenic HMM-marker carriage	1	1	100	TRUE	TRUE	IS	94.28	2.895	binary marker carriage	1.06067034365719	100	TRUE	TRUE	FALSE	TRUE	TRUE	FALSE	Presence remains 100 and absence remains 0; completeness cannot impute an undetected single marker
SY457BB-8-12_bin15	Arsenic	Arsenite oxidation (arxA/aioA) marker carriage	Independent non-focal arsenic HMM-marker carriage	1	0	0	FALSE	FALSE	IS	94.28	2.895	binary marker carriage	1.06067034365719	0	FALSE	FALSE	FALSE	FALSE	FALSE	FALSE	Presence remains 100 and absence remains 0; completeness cannot impute an undetected single marker
SY457BB-8-12_bin15	Arsenic	Respiratory arsenate reduction (arrA) marker carriage	Independent non-focal arsenic HMM-marker carriage	1	0	0	FALSE	FALSE	IS	94.28	2.895	binary marker carriage	1.06067034365719	0	FALSE	FALSE	FALSE	FALSE	FALSE	FALSE	Presence remains 100 and absence remains 0; completeness cannot impute an undetected single marker
SY457BB-8-12_bin16	Arsenic	Arsenate detoxification/resistance (arsC) marker carriage	Independent non-focal arsenic HMM-marker carriage	1	1	100	TRUE	TRUE	IS	85.85	0.833	binary marker carriage	1.1648223645894	100	TRUE	TRUE	FALSE	TRUE	TRUE	FALSE	Presence remains 100 and absence remains 0; completeness cannot impute an undetected single marker
SY457BB-8-12_bin16	Arsenic	Arsenite oxidation (arxA/aioA) marker carriage	Independent non-focal arsenic HMM-marker carriage	1	0	0	FALSE	FALSE	IS	85.85	0.833	binary marker carriage	1.1648223645894	0	FALSE	FALSE	FALSE	FALSE	FALSE	FALSE	Presence remains 100 and absence remains 0; completeness cannot impute an undetected single marker
SY457BB-8-12_bin16	Arsenic	Respiratory arsenate reduction (arrA) marker carriage	Independent non-focal arsenic HMM-marker carriage	1	0	0	FALSE	FALSE	IS	85.85	0.833	binary marker carriage	1.1648223645894	0	FALSE	FALSE	FALSE	FALSE	FALSE	FALSE	Presence remains 100 and absence remains 0; completeness cannot impute an undetected single marker
SY457BB-8-12_bin25	Arsenic	Arsenate detoxification/resistance (arsC) marker carriage	Independent non-focal arsenic HMM-marker carriage	1	1	100	TRUE	TRUE	IS	75.78	1.657	binary marker carriage	1.3196093956189	100	TRUE	TRUE	FALSE	TRUE	TRUE	FALSE	Presence remains 100 and absence remains 0; completeness cannot impute an undetected single marker
SY457BB-8-12_bin25	Arsenic	Arsenite oxidation (arxA/aioA) marker carriage	Independent non-focal arsenic HMM-marker carriage	1	0	0	FALSE	FALSE	IS	75.78	1.657	binary marker carriage	1.3196093956189	0	FALSE	FALSE	FALSE	FALSE	FALSE	FALSE	Presence remains 100 and absence remains 0; completeness cannot impute an undetected single marker
SY457BB-8-12_bin25	Arsenic	Respiratory arsenate reduction (arrA) marker carriage	Independent non-focal arsenic HMM-marker carriage	1	0	0	FALSE	FALSE	IS	75.78	1.657	binary marker carriage	1.3196093956189	0	FALSE	FALSE	FALSE	FALSE	FALSE	FALSE	Presence remains 100 and absence remains 0; completeness cannot impute an undetected single marker
SY457BB-8-12_bin4	Arsenic	Arsenate detoxification/resistance (arsC) marker carriage	Independent non-focal arsenic HMM-marker carriage	1	1	100	TRUE	TRUE	IS	88.13	3.473	binary marker carriage	1.13468739362306	100	TRUE	TRUE	FALSE	TRUE	TRUE	FALSE	Presence remains 100 and absence remains 0; completeness cannot impute an undetected single marker
SY457BB-8-12_bin4	Arsenic	Arsenite oxidation (arxA/aioA) marker carriage	Independent non-focal arsenic HMM-marker carriage	1	0	0	FALSE	FALSE	IS	88.13	3.473	binary marker carriage	1.13468739362306	0	FALSE	FALSE	FALSE	FALSE	FALSE	FALSE	Presence remains 100 and absence remains 0; completeness cannot impute an undetected single marker
SY457BB-8-12_bin4	Arsenic	Respiratory arsenate reduction (arrA) marker carriage	Independent non-focal arsenic HMM-marker carriage	1	0	0	FALSE	FALSE	IS	88.13	3.473	binary marker carriage	1.13468739362306	0	FALSE	FALSE	FALSE	FALSE	FALSE	FALSE	Presence remains 100 and absence remains 0; completeness cannot impute an undetected single marker
SY459WG-0-4_bin26	Arsenic	Arsenate detoxification/resistance (arsC) marker carriage	Independent non-focal arsenic HMM-marker carriage	1	0	0	FALSE	FALSE	IS	63.31	6.077	binary marker carriage	1.57952930026852	0	FALSE	FALSE	FALSE	FALSE	FALSE	FALSE	Presence remains 100 and absence remains 0; completeness cannot impute an undetected single marker
SY459WG-0-4_bin26	Arsenic	Arsenite oxidation (arxA/aioA) marker carriage	Independent non-focal arsenic HMM-marker carriage	1	0	0	FALSE	FALSE	IS	63.31	6.077	binary marker carriage	1.57952930026852	0	FALSE	FALSE	FALSE	FALSE	FALSE	FALSE	Presence remains 100 and absence remains 0; completeness cannot impute an undetected single marker
SY459WG-0-4_bin26	Arsenic	Respiratory arsenate reduction (arrA) marker carriage	Independent non-focal arsenic HMM-marker carriage	1	0	0	FALSE	FALSE	IS	63.31	6.077	binary marker carriage	1.57952930026852	0	FALSE	FALSE	FALSE	FALSE	FALSE	FALSE	Presence remains 100 and absence remains 0; completeness cannot impute an undetected single marker
SY459WG-0-4_bin37	Arsenic	Arsenate detoxification/resistance (arsC) marker carriage	Independent non-focal arsenic HMM-marker carriage	1	1	100	TRUE	TRUE	IS	94.83	1.655	binary marker carriage	1.05451861225351	100	TRUE	TRUE	FALSE	TRUE	TRUE	FALSE	Presence remains 100 and absence remains 0; completeness cannot impute an undetected single marker
SY459WG-0-4_bin37	Arsenic	Arsenite oxidation (arxA/aioA) marker carriage	Independent non-focal arsenic HMM-marker carriage	1	0	0	FALSE	FALSE	IS	94.83	1.655	binary marker carriage	1.05451861225351	0	FALSE	FALSE	FALSE	FALSE	FALSE	FALSE	Presence remains 100 and absence remains 0; completeness cannot impute an undetected single marker
SY459WG-0-4_bin37	Arsenic	Respiratory arsenate reduction (arrA) marker carriage	Independent non-focal arsenic HMM-marker carriage	1	0	0	FALSE	FALSE	IS	94.83	1.655	binary marker carriage	1.05451861225351	0	FALSE	FALSE	FALSE	FALSE	FALSE	FALSE	Presence remains 100 and absence remains 0; completeness cannot impute an undetected single marker
SY459WG-4-8_bin39	Arsenic	Arsenate detoxification/resistance (arsC) marker carriage	Independent non-focal arsenic HMM-marker carriage	1	0	0	FALSE	FALSE	IS	98.11	2.991	binary marker carriage	1.01926409132606	0	FALSE	FALSE	FALSE	FALSE	FALSE	FALSE	Presence remains 100 and absence remains 0; completeness cannot impute an undetected single marker
SY459WG-4-8_bin39	Arsenic	Arsenite oxidation (arxA/aioA) marker carriage	Independent non-focal arsenic HMM-marker carriage	1	0	0	FALSE	FALSE	IS	98.11	2.991	binary marker carriage	1.01926409132606	0	FALSE	FALSE	FALSE	FALSE	FALSE	FALSE	Presence remains 100 and absence remains 0; completeness cannot impute an undetected single marker
SY459WG-4-8_bin39	Arsenic	Respiratory arsenate reduction (arrA) marker carriage	Independent non-focal arsenic HMM-marker carriage	1	0	0	FALSE	FALSE	IS	98.11	2.991	binary marker carriage	1.01926409132606	0	FALSE	FALSE	FALSE	FALSE	FALSE	FALSE	Presence remains 100 and absence remains 0; completeness cannot impute an undetected single marker
SY459WG-4-8_bin8	Arsenic	Arsenate detoxification/resistance (arsC) marker carriage	Independent non-focal arsenic HMM-marker carriage	1	1	100	TRUE	TRUE	IS	83.23	1.219	binary marker carriage	1.20148984741079	100	TRUE	TRUE	FALSE	TRUE	TRUE	FALSE	Presence remains 100 and absence remains 0; completeness cannot impute an undetected single marker
SY459WG-4-8_bin8	Arsenic	Arsenite oxidation (arxA/aioA) marker carriage	Independent non-focal arsenic HMM-marker carriage	1	0	0	FALSE	FALSE	IS	83.23	1.219	binary marker carriage	1.20148984741079	0	FALSE	FALSE	FALSE	FALSE	FALSE	FALSE	Presence remains 100 and absence remains 0; completeness cannot impute an undetected single marker
SY459WG-4-8_bin8	Arsenic	Respiratory arsenate reduction (arrA) marker carriage	Independent non-focal arsenic HMM-marker carriage	1	0	0	FALSE	FALSE	IS	83.23	1.219	binary marker carriage	1.20148984741079	0	FALSE	FALSE	FALSE	FALSE	FALSE	FALSE	Presence remains 100 and absence remains 0; completeness cannot impute an undetected single marker
SY459WG-8-12_bin19	Arsenic	Arsenate detoxification/resistance (arsC) marker carriage	Independent non-focal arsenic HMM-marker carriage	1	1	100	TRUE	TRUE	IS	96.75	2.275	binary marker carriage	1.03359173126615	100	TRUE	TRUE	FALSE	TRUE	TRUE	FALSE	Presence remains 100 and absence remains 0; completeness cannot impute an undetected single marker
SY459WG-8-12_bin19	Arsenic	Arsenite oxidation (arxA/aioA) marker carriage	Independent non-focal arsenic HMM-marker carriage	1	0	0	FALSE	FALSE	IS	96.75	2.275	binary marker carriage	1.03359173126615	0	FALSE	FALSE	FALSE	FALSE	FALSE	FALSE	Presence remains 100 and absence remains 0; completeness cannot impute an undetected single marker
SY459WG-8-12_bin19	Arsenic	Respiratory arsenate reduction (arrA) marker carriage	Independent non-focal arsenic HMM-marker carriage	1	0	0	FALSE	FALSE	IS	96.75	2.275	binary marker carriage	1.03359173126615	0	FALSE	FALSE	FALSE	FALSE	FALSE	FALSE	Presence remains 100 and absence remains 0; completeness cannot impute an undetected single marker
SY459WG-8-12_bin2	Arsenic	Arsenate detoxification/resistance (arsC) marker carriage	Independent non-focal arsenic HMM-marker carriage	1	1	100	TRUE	TRUE	IS	98.48	2.227	binary marker carriage	1.01543460601137	100	TRUE	TRUE	FALSE	TRUE	TRUE	FALSE	Presence remains 100 and absence remains 0; completeness cannot impute an undetected single marker
SY459WG-8-12_bin2	Arsenic	Arsenite oxidation (arxA/aioA) marker carriage	Independent non-focal arsenic HMM-marker carriage	1	0	0	FALSE	FALSE	IS	98.48	2.227	binary marker carriage	1.01543460601137	0	FALSE	FALSE	FALSE	FALSE	FALSE	FALSE	Presence remains 100 and absence remains 0; completeness cannot impute an undetected single marker
SY459WG-8-12_bin2	Arsenic	Respiratory arsenate reduction (arrA) marker carriage	Independent non-focal arsenic HMM-marker carriage	1	0	0	FALSE	FALSE	IS	98.48	2.227	binary marker carriage	1.01543460601137	0	FALSE	FALSE	FALSE	FALSE	FALSE	FALSE	Presence remains 100 and absence remains 0; completeness cannot impute an undetected single marker
