MAG	research_category	feature_name	source_type	feature_component_count	components_detected	reconstruction_score_pct	score_ge_50	score_ge_75
C1_12-18_bin19	Motility	Flagellar Assembly (partial 36-KO reconstruction)	Previous algorithm: distinct-gene set coverage	36	23	63.8888888888889	TRUE	FALSE
C1_12-18_bin19	Vitamin B12	Cobalamin biosynthesis, cobinamide => cobalamin	Previous algorithm: distinct-gene set coverage	8	2	25	FALSE	FALSE
C1_12-18_bin19	Vitamin B12	Cobalamin biosynthesis, precorrin2 => cobinamide	Previous algorithm: distinct-gene set coverage	25	2	8	FALSE	FALSE
C1_12-18_bin19	Carbon	Acetyl-CoA pathway, CO2 => acetyl-CoA	Previous algorithm: distinct-gene set coverage	5	0	0	FALSE	FALSE
C1_12-18_bin19	Carbon	Methane oxidation, methanotroph, methane => formaldehyde	Previous algorithm: distinct-gene set coverage	12	0	0	FALSE	FALSE
C1_12-18_bin19	Carbon	Methanogenesis, CO2 => methane	Previous algorithm: distinct-gene set coverage	37	2	5.4054054054054	FALSE	FALSE
C1_12-18_bin19	Carbon	Methanogenesis, acetate => methane	Previous algorithm: distinct-gene set coverage	31	3	9.67741935483871	FALSE	FALSE
C1_12-18_bin19	Carbon	Methanogenesis, methanethiol => methane	Previous algorithm: distinct-gene set coverage	1	0	0	FALSE	FALSE
C1_12-18_bin19	Carbon	Methanogenesis, methanol => methane	Previous algorithm: distinct-gene set coverage	19	2	10.5263157894737	FALSE	FALSE
C1_12-18_bin19	Carbon	Methanogenesis, methylamine/dimethylamine/trimethylamine => methane	Previous algorithm: distinct-gene set coverage	23	2	8.69565217391304	FALSE	FALSE
C1_12-18_bin19	Carbon	Reductive acetyl-CoA pathway (Wood-Ljungdahl pathway)	Previous algorithm: distinct-gene set coverage	10	2	20	FALSE	FALSE
C1_12-18_bin19	Carbon	Reductive citrate cycle (Arnon-Buchanan cycle)	Previous algorithm: distinct-gene set coverage	43	15	34.8837209302326	FALSE	FALSE
C1_12-18_bin19	Nitrogen	Assimilatory nitrate reduction, nitrate => ammonia	Previous algorithm: distinct-gene set coverage	6	0	0	FALSE	FALSE
C1_12-18_bin19	Nitrogen	Complete nitrification, comammox, ammonia => nitrite => nitrate	Previous algorithm: distinct-gene set coverage	6	1	16.6666666666667	FALSE	FALSE
C1_12-18_bin19	Nitrogen	Denitrification, nitrate => nitrogen	Previous algorithm: distinct-gene set coverage	11	5	45.4545454545455	FALSE	FALSE
C1_12-18_bin19	Nitrogen	Dissimilatory nitrate reduction, nitrate => ammonia	Previous algorithm: distinct-gene set coverage	9	6	66.6666666666667	TRUE	FALSE
C1_12-18_bin19	Nitrogen	Nitrate assimilation	Previous algorithm: distinct-gene set coverage	1	1	100	TRUE	TRUE
C1_12-18_bin19	Nitrogen	Nitrification, ammonia => nitrite	Previous algorithm: distinct-gene set coverage	8	1	12.5	FALSE	FALSE
C1_12-18_bin19	Nitrogen	Nitrogen fixation, nitrogen => ammonia	Previous algorithm: distinct-gene set coverage	8	0	0	FALSE	FALSE
C1_12-18_bin19	Nitrogen	nitrite + ammonia => nitrogen	Previous algorithm: distinct-gene set coverage	9	2	22.2222222222222	FALSE	FALSE
C1_12-18_bin19	Sulfur	Assimilatory sulfate reduction, sulfate => H2S	Previous algorithm: distinct-gene set coverage	10	2	20	FALSE	FALSE
C1_12-18_bin19	Sulfur	Dissimilatory sulfate reduction, sulfate => H2S	Previous algorithm: distinct-gene set coverage	7	5	71.4285714285714	TRUE	FALSE
C1_12-18_bin19	Sulfur	Thiosulfate oxidation by SOX complex, thiosulfate => sulfate	Previous algorithm: distinct-gene set coverage	7	3	42.8571428571429	FALSE	FALSE
C1_12-18_bin19	Nitrogen	Urea cycle	Previous algorithm: distinct-gene set coverage	6	3	50	TRUE	FALSE
C1_12-18_bin19	Nitrogen	Urea transport system	Previous algorithm: distinct-gene set coverage	5	0	0	FALSE	FALSE
C1_12-18_bin19	Sulfur	Sulfate/thiosulfate transport system	Previous algorithm: distinct-gene set coverage	5	0	0	FALSE	FALSE
C1_12-18_bin19	Sulfur	Sulfonate transport system	Previous algorithm: distinct-gene set coverage	3	2	66.6666666666667	TRUE	FALSE
C1_12-18_bin19	Vitamin B12	Cobalamin salvage	Previous algorithm: distinct-gene set coverage	4	1	25	FALSE	FALSE
C1_12-18_bin19	Vitamin B12	Vitamin B12 transport system	Previous algorithm: distinct-gene set coverage	3	0	0	FALSE	FALSE
C1_12-18_bin19	Carbon	Citrate cycle (TCA cycle, Krebs cycle)	Previous algorithm: distinct-gene set coverage	40	13	32.5	FALSE	FALSE
C1_12-18_bin19	Carbon	Citrate cycle, first carbon oxidation, oxaloacetate => 2-oxoglutarate	Previous algorithm: distinct-gene set coverage	6	1	16.6666666666667	FALSE	FALSE
C1_12-18_bin19	Carbon	Citrate cycle, second carbon oxidation, 2-oxoglutarate => oxaloacetate	Previous algorithm: distinct-gene set coverage	34	12	35.2941176470588	FALSE	FALSE
C1_12-18_bin19	Carbon	Glycolysis (Embden-Meyerhof pathway), glucose => pyruvate	Previous algorithm: distinct-gene set coverage	29	10	34.4827586206897	FALSE	FALSE
C1_12-18_bin19	Carbon	Glycolysis, core module involving three-carbon compounds	Previous algorithm: distinct-gene set coverage	12	7	58.3333333333333	TRUE	FALSE
C1_12-18_bin19	Carbon	Incomplete reductive citrate cycle, acetyl-CoA => oxoglutarate	Previous algorithm: distinct-gene set coverage	17	8	47.0588235294118	FALSE	FALSE
C1_12-18_bin19	Carbon	Pyruvate oxidation, pyruvate => acetyl-CoA	Previous algorithm: distinct-gene set coverage	11	6	54.5454545454545	TRUE	FALSE
C1_12-18_bin19	Carbon	TCA /Reductive TCA	Previous algorithm: distinct-gene set coverage	1	0	0	FALSE	FALSE
C1_12-18_bin24	Motility	Flagellar Assembly (partial 36-KO reconstruction)	Previous algorithm: distinct-gene set coverage	36	0	0	FALSE	FALSE
C1_12-18_bin24	Vitamin B12	Cobalamin biosynthesis, cobinamide => cobalamin	Previous algorithm: distinct-gene set coverage	8	1	12.5	FALSE	FALSE
C1_12-18_bin24	Vitamin B12	Cobalamin biosynthesis, precorrin2 => cobinamide	Previous algorithm: distinct-gene set coverage	25	4	16	FALSE	FALSE
C1_12-18_bin24	Carbon	Acetyl-CoA pathway, CO2 => acetyl-CoA	Previous algorithm: distinct-gene set coverage	5	0	0	FALSE	FALSE
C1_12-18_bin24	Carbon	Methane oxidation, methanotroph, methane => formaldehyde	Previous algorithm: distinct-gene set coverage	12	0	0	FALSE	FALSE
C1_12-18_bin24	Carbon	Methanogenesis, CO2 => methane	Previous algorithm: distinct-gene set coverage	37	3	8.10810810810811	FALSE	FALSE
C1_12-18_bin24	Carbon	Methanogenesis, acetate => methane	Previous algorithm: distinct-gene set coverage	31	5	16.1290322580645	FALSE	FALSE
C1_12-18_bin24	Carbon	Methanogenesis, methanethiol => methane	Previous algorithm: distinct-gene set coverage	1	0	0	FALSE	FALSE
C1_12-18_bin24	Carbon	Methanogenesis, methanol => methane	Previous algorithm: distinct-gene set coverage	19	3	15.7894736842105	FALSE	FALSE
C1_12-18_bin24	Carbon	Methanogenesis, methylamine/dimethylamine/trimethylamine => methane	Previous algorithm: distinct-gene set coverage	23	4	17.3913043478261	FALSE	FALSE
C1_12-18_bin24	Carbon	Reductive acetyl-CoA pathway (Wood-Ljungdahl pathway)	Previous algorithm: distinct-gene set coverage	10	1	10	FALSE	FALSE
C1_12-18_bin24	Carbon	Reductive citrate cycle (Arnon-Buchanan cycle)	Previous algorithm: distinct-gene set coverage	43	15	34.8837209302326	FALSE	FALSE
C1_12-18_bin24	Nitrogen	Assimilatory nitrate reduction, nitrate => ammonia	Previous algorithm: distinct-gene set coverage	6	0	0	FALSE	FALSE
C1_12-18_bin24	Nitrogen	Complete nitrification, comammox, ammonia => nitrite => nitrate	Previous algorithm: distinct-gene set coverage	6	0	0	FALSE	FALSE
C1_12-18_bin24	Nitrogen	Denitrification, nitrate => nitrogen	Previous algorithm: distinct-gene set coverage	11	2	18.1818181818182	FALSE	FALSE
C1_12-18_bin24	Nitrogen	Dissimilatory nitrate reduction, nitrate => ammonia	Previous algorithm: distinct-gene set coverage	9	1	11.1111111111111	FALSE	FALSE
C1_12-18_bin24	Nitrogen	Nitrate assimilation	Previous algorithm: distinct-gene set coverage	1	0	0	FALSE	FALSE
C1_12-18_bin24	Nitrogen	Nitrification, ammonia => nitrite	Previous algorithm: distinct-gene set coverage	8	0	0	FALSE	FALSE
C1_12-18_bin24	Nitrogen	Nitrogen fixation, nitrogen => ammonia	Previous algorithm: distinct-gene set coverage	8	0	0	FALSE	FALSE
C1_12-18_bin24	Nitrogen	nitrite + ammonia => nitrogen	Previous algorithm: distinct-gene set coverage	9	1	11.1111111111111	FALSE	FALSE
C1_12-18_bin24	Sulfur	Assimilatory sulfate reduction, sulfate => H2S	Previous algorithm: distinct-gene set coverage	10	1	10	FALSE	FALSE
C1_12-18_bin24	Sulfur	Dissimilatory sulfate reduction, sulfate => H2S	Previous algorithm: distinct-gene set coverage	7	1	14.2857142857143	FALSE	FALSE
C1_12-18_bin24	Sulfur	Thiosulfate oxidation by SOX complex, thiosulfate => sulfate	Previous algorithm: distinct-gene set coverage	7	0	0	FALSE	FALSE
C1_12-18_bin24	Nitrogen	Urea cycle	Previous algorithm: distinct-gene set coverage	6	2	33.3333333333333	FALSE	FALSE
C1_12-18_bin24	Nitrogen	Urea transport system	Previous algorithm: distinct-gene set coverage	5	0	0	FALSE	FALSE
C1_12-18_bin24	Sulfur	Sulfate/thiosulfate transport system	Previous algorithm: distinct-gene set coverage	5	0	0	FALSE	FALSE
C1_12-18_bin24	Sulfur	Sulfonate transport system	Previous algorithm: distinct-gene set coverage	3	0	0	FALSE	FALSE
C1_12-18_bin24	Vitamin B12	Cobalamin salvage	Previous algorithm: distinct-gene set coverage	4	0	0	FALSE	FALSE
C1_12-18_bin24	Vitamin B12	Vitamin B12 transport system	Previous algorithm: distinct-gene set coverage	3	0	0	FALSE	FALSE
C1_12-18_bin24	Carbon	Citrate cycle (TCA cycle, Krebs cycle)	Previous algorithm: distinct-gene set coverage	40	13	32.5	FALSE	FALSE
C1_12-18_bin24	Carbon	Citrate cycle, first carbon oxidation, oxaloacetate => 2-oxoglutarate	Previous algorithm: distinct-gene set coverage	6	2	33.3333333333333	FALSE	FALSE
C1_12-18_bin24	Carbon	Citrate cycle, second carbon oxidation, 2-oxoglutarate => oxaloacetate	Previous algorithm: distinct-gene set coverage	34	11	32.3529411764706	FALSE	FALSE
C1_12-18_bin24	Carbon	Glycolysis (Embden-Meyerhof pathway), glucose => pyruvate	Previous algorithm: distinct-gene set coverage	29	6	20.6896551724138	FALSE	FALSE
C1_12-18_bin24	Carbon	Glycolysis, core module involving three-carbon compounds	Previous algorithm: distinct-gene set coverage	12	4	33.3333333333333	FALSE	FALSE
C1_12-18_bin24	Carbon	Incomplete reductive citrate cycle, acetyl-CoA => oxoglutarate	Previous algorithm: distinct-gene set coverage	17	7	41.1764705882353	FALSE	FALSE
C1_12-18_bin24	Carbon	Pyruvate oxidation, pyruvate => acetyl-CoA	Previous algorithm: distinct-gene set coverage	11	4	36.3636363636364	FALSE	FALSE
C1_12-18_bin24	Carbon	TCA /Reductive TCA	Previous algorithm: distinct-gene set coverage	1	0	0	FALSE	FALSE
C2_12-18_bin11	Motility	Flagellar Assembly (partial 36-KO reconstruction)	Previous algorithm: distinct-gene set coverage	36	0	0	FALSE	FALSE
C2_12-18_bin11	Vitamin B12	Cobalamin biosynthesis, cobinamide => cobalamin	Previous algorithm: distinct-gene set coverage	8	1	12.5	FALSE	FALSE
C2_12-18_bin11	Vitamin B12	Cobalamin biosynthesis, precorrin2 => cobinamide	Previous algorithm: distinct-gene set coverage	25	4	16	FALSE	FALSE
C2_12-18_bin11	Carbon	Acetyl-CoA pathway, CO2 => acetyl-CoA	Previous algorithm: distinct-gene set coverage	5	0	0	FALSE	FALSE
C2_12-18_bin11	Carbon	Methane oxidation, methanotroph, methane => formaldehyde	Previous algorithm: distinct-gene set coverage	12	0	0	FALSE	FALSE
C2_12-18_bin11	Carbon	Methanogenesis, CO2 => methane	Previous algorithm: distinct-gene set coverage	37	0	0	FALSE	FALSE
C2_12-18_bin11	Carbon	Methanogenesis, acetate => methane	Previous algorithm: distinct-gene set coverage	31	2	6.45161290322581	FALSE	FALSE
C2_12-18_bin11	Carbon	Methanogenesis, methanethiol => methane	Previous algorithm: distinct-gene set coverage	1	0	0	FALSE	FALSE
C2_12-18_bin11	Carbon	Methanogenesis, methanol => methane	Previous algorithm: distinct-gene set coverage	19	0	0	FALSE	FALSE
C2_12-18_bin11	Carbon	Methanogenesis, methylamine/dimethylamine/trimethylamine => methane	Previous algorithm: distinct-gene set coverage	23	1	4.34782608695652	FALSE	FALSE
C2_12-18_bin11	Carbon	Reductive acetyl-CoA pathway (Wood-Ljungdahl pathway)	Previous algorithm: distinct-gene set coverage	10	2	20	FALSE	FALSE
C2_12-18_bin11	Carbon	Reductive citrate cycle (Arnon-Buchanan cycle)	Previous algorithm: distinct-gene set coverage	43	14	32.5581395348837	FALSE	FALSE
C2_12-18_bin11	Nitrogen	Assimilatory nitrate reduction, nitrate => ammonia	Previous algorithm: distinct-gene set coverage	6	0	0	FALSE	FALSE
C2_12-18_bin11	Nitrogen	Complete nitrification, comammox, ammonia => nitrite => nitrate	Previous algorithm: distinct-gene set coverage	6	0	0	FALSE	FALSE
C2_12-18_bin11	Nitrogen	Denitrification, nitrate => nitrogen	Previous algorithm: distinct-gene set coverage	11	1	9.09090909090909	FALSE	FALSE
C2_12-18_bin11	Nitrogen	Dissimilatory nitrate reduction, nitrate => ammonia	Previous algorithm: distinct-gene set coverage	9	1	11.1111111111111	FALSE	FALSE
C2_12-18_bin11	Nitrogen	Nitrate assimilation	Previous algorithm: distinct-gene set coverage	1	0	0	FALSE	FALSE
C2_12-18_bin11	Nitrogen	Nitrification, ammonia => nitrite	Previous algorithm: distinct-gene set coverage	8	0	0	FALSE	FALSE
C2_12-18_bin11	Nitrogen	Nitrogen fixation, nitrogen => ammonia	Previous algorithm: distinct-gene set coverage	8	0	0	FALSE	FALSE
C2_12-18_bin11	Nitrogen	nitrite + ammonia => nitrogen	Previous algorithm: distinct-gene set coverage	9	0	0	FALSE	FALSE
C2_12-18_bin11	Sulfur	Assimilatory sulfate reduction, sulfate => H2S	Previous algorithm: distinct-gene set coverage	10	1	10	FALSE	FALSE
C2_12-18_bin11	Sulfur	Dissimilatory sulfate reduction, sulfate => H2S	Previous algorithm: distinct-gene set coverage	7	2	28.5714285714286	FALSE	FALSE
C2_12-18_bin11	Sulfur	Thiosulfate oxidation by SOX complex, thiosulfate => sulfate	Previous algorithm: distinct-gene set coverage	7	0	0	FALSE	FALSE
C2_12-18_bin11	Nitrogen	Urea cycle	Previous algorithm: distinct-gene set coverage	6	3	50	TRUE	FALSE
C2_12-18_bin11	Nitrogen	Urea transport system	Previous algorithm: distinct-gene set coverage	5	0	0	FALSE	FALSE
C2_12-18_bin11	Sulfur	Sulfate/thiosulfate transport system	Previous algorithm: distinct-gene set coverage	5	0	0	FALSE	FALSE
C2_12-18_bin11	Sulfur	Sulfonate transport system	Previous algorithm: distinct-gene set coverage	3	0	0	FALSE	FALSE
C2_12-18_bin11	Vitamin B12	Cobalamin salvage	Previous algorithm: distinct-gene set coverage	4	0	0	FALSE	FALSE
C2_12-18_bin11	Vitamin B12	Vitamin B12 transport system	Previous algorithm: distinct-gene set coverage	3	0	0	FALSE	FALSE
C2_12-18_bin11	Carbon	Citrate cycle (TCA cycle, Krebs cycle)	Previous algorithm: distinct-gene set coverage	40	11	27.5	FALSE	FALSE
C2_12-18_bin11	Carbon	Citrate cycle, first carbon oxidation, oxaloacetate => 2-oxoglutarate	Previous algorithm: distinct-gene set coverage	6	0	0	FALSE	FALSE
C2_12-18_bin11	Carbon	Citrate cycle, second carbon oxidation, 2-oxoglutarate => oxaloacetate	Previous algorithm: distinct-gene set coverage	34	11	32.3529411764706	FALSE	FALSE
C2_12-18_bin11	Carbon	Glycolysis (Embden-Meyerhof pathway), glucose => pyruvate	Previous algorithm: distinct-gene set coverage	29	7	24.1379310344828	FALSE	FALSE
C2_12-18_bin11	Carbon	Glycolysis, core module involving three-carbon compounds	Previous algorithm: distinct-gene set coverage	12	5	41.6666666666667	FALSE	FALSE
C2_12-18_bin11	Carbon	Incomplete reductive citrate cycle, acetyl-CoA => oxoglutarate	Previous algorithm: distinct-gene set coverage	17	6	35.2941176470588	FALSE	FALSE
C2_12-18_bin11	Carbon	Pyruvate oxidation, pyruvate => acetyl-CoA	Previous algorithm: distinct-gene set coverage	11	5	45.4545454545455	FALSE	FALSE
C2_12-18_bin11	Carbon	TCA /Reductive TCA	Previous algorithm: distinct-gene set coverage	1	1	100	TRUE	TRUE
C2_12-18_bin17	Motility	Flagellar Assembly (partial 36-KO reconstruction)	Previous algorithm: distinct-gene set coverage	36	0	0	FALSE	FALSE
C2_12-18_bin17	Vitamin B12	Cobalamin biosynthesis, cobinamide => cobalamin	Previous algorithm: distinct-gene set coverage	8	1	12.5	FALSE	FALSE
C2_12-18_bin17	Vitamin B12	Cobalamin biosynthesis, precorrin2 => cobinamide	Previous algorithm: distinct-gene set coverage	25	0	0	FALSE	FALSE
C2_12-18_bin17	Carbon	Acetyl-CoA pathway, CO2 => acetyl-CoA	Previous algorithm: distinct-gene set coverage	5	0	0	FALSE	FALSE
C2_12-18_bin17	Carbon	Methane oxidation, methanotroph, methane => formaldehyde	Previous algorithm: distinct-gene set coverage	12	0	0	FALSE	FALSE
C2_12-18_bin17	Carbon	Methanogenesis, CO2 => methane	Previous algorithm: distinct-gene set coverage	37	7	18.9189189189189	FALSE	FALSE
C2_12-18_bin17	Carbon	Methanogenesis, acetate => methane	Previous algorithm: distinct-gene set coverage	31	6	19.3548387096774	FALSE	FALSE
C2_12-18_bin17	Carbon	Methanogenesis, methanethiol => methane	Previous algorithm: distinct-gene set coverage	1	0	0	FALSE	FALSE
C2_12-18_bin17	Carbon	Methanogenesis, methanol => methane	Previous algorithm: distinct-gene set coverage	19	5	26.3157894736842	FALSE	FALSE
C2_12-18_bin17	Carbon	Methanogenesis, methylamine/dimethylamine/trimethylamine => methane	Previous algorithm: distinct-gene set coverage	23	6	26.0869565217391	FALSE	FALSE
C2_12-18_bin17	Carbon	Reductive acetyl-CoA pathway (Wood-Ljungdahl pathway)	Previous algorithm: distinct-gene set coverage	10	4	40	FALSE	FALSE
C2_12-18_bin17	Carbon	Reductive citrate cycle (Arnon-Buchanan cycle)	Previous algorithm: distinct-gene set coverage	43	9	20.9302325581395	FALSE	FALSE
C2_12-18_bin17	Nitrogen	Assimilatory nitrate reduction, nitrate => ammonia	Previous algorithm: distinct-gene set coverage	6	0	0	FALSE	FALSE
C2_12-18_bin17	Nitrogen	Complete nitrification, comammox, ammonia => nitrite => nitrate	Previous algorithm: distinct-gene set coverage	6	0	0	FALSE	FALSE
C2_12-18_bin17	Nitrogen	Denitrification, nitrate => nitrogen	Previous algorithm: distinct-gene set coverage	11	1	9.09090909090909	FALSE	FALSE
C2_12-18_bin17	Nitrogen	Dissimilatory nitrate reduction, nitrate => ammonia	Previous algorithm: distinct-gene set coverage	9	0	0	FALSE	FALSE
C2_12-18_bin17	Nitrogen	Nitrate assimilation	Previous algorithm: distinct-gene set coverage	1	0	0	FALSE	FALSE
C2_12-18_bin17	Nitrogen	Nitrification, ammonia => nitrite	Previous algorithm: distinct-gene set coverage	8	0	0	FALSE	FALSE
C2_12-18_bin17	Nitrogen	Nitrogen fixation, nitrogen => ammonia	Previous algorithm: distinct-gene set coverage	8	0	0	FALSE	FALSE
C2_12-18_bin17	Nitrogen	nitrite + ammonia => nitrogen	Previous algorithm: distinct-gene set coverage	9	0	0	FALSE	FALSE
C2_12-18_bin17	Sulfur	Assimilatory sulfate reduction, sulfate => H2S	Previous algorithm: distinct-gene set coverage	10	1	10	FALSE	FALSE
C2_12-18_bin17	Sulfur	Dissimilatory sulfate reduction, sulfate => H2S	Previous algorithm: distinct-gene set coverage	7	1	14.2857142857143	FALSE	FALSE
C2_12-18_bin17	Sulfur	Thiosulfate oxidation by SOX complex, thiosulfate => sulfate	Previous algorithm: distinct-gene set coverage	7	0	0	FALSE	FALSE
C2_12-18_bin17	Nitrogen	Urea cycle	Previous algorithm: distinct-gene set coverage	6	4	66.6666666666667	TRUE	FALSE
C2_12-18_bin17	Nitrogen	Urea transport system	Previous algorithm: distinct-gene set coverage	5	0	0	FALSE	FALSE
C2_12-18_bin17	Sulfur	Sulfate/thiosulfate transport system	Previous algorithm: distinct-gene set coverage	5	0	0	FALSE	FALSE
C2_12-18_bin17	Sulfur	Sulfonate transport system	Previous algorithm: distinct-gene set coverage	3	2	66.6666666666667	TRUE	FALSE
C2_12-18_bin17	Vitamin B12	Cobalamin salvage	Previous algorithm: distinct-gene set coverage	4	0	0	FALSE	FALSE
C2_12-18_bin17	Vitamin B12	Vitamin B12 transport system	Previous algorithm: distinct-gene set coverage	3	0	0	FALSE	FALSE
C2_12-18_bin17	Carbon	Citrate cycle (TCA cycle, Krebs cycle)	Previous algorithm: distinct-gene set coverage	40	8	20	FALSE	FALSE
C2_12-18_bin17	Carbon	Citrate cycle, first carbon oxidation, oxaloacetate => 2-oxoglutarate	Previous algorithm: distinct-gene set coverage	6	0	0	FALSE	FALSE
C2_12-18_bin17	Carbon	Citrate cycle, second carbon oxidation, 2-oxoglutarate => oxaloacetate	Previous algorithm: distinct-gene set coverage	34	8	23.5294117647059	FALSE	FALSE
C2_12-18_bin17	Carbon	Glycolysis (Embden-Meyerhof pathway), glucose => pyruvate	Previous algorithm: distinct-gene set coverage	29	10	34.4827586206897	FALSE	FALSE
C2_12-18_bin17	Carbon	Glycolysis, core module involving three-carbon compounds	Previous algorithm: distinct-gene set coverage	12	7	58.3333333333333	TRUE	FALSE
C2_12-18_bin17	Carbon	Incomplete reductive citrate cycle, acetyl-CoA => oxoglutarate	Previous algorithm: distinct-gene set coverage	17	4	23.5294117647059	FALSE	FALSE
C2_12-18_bin17	Carbon	Pyruvate oxidation, pyruvate => acetyl-CoA	Previous algorithm: distinct-gene set coverage	11	4	36.3636363636364	FALSE	FALSE
C2_12-18_bin17	Carbon	TCA /Reductive TCA	Previous algorithm: distinct-gene set coverage	1	1	100	TRUE	TRUE
R2111_N500_0-10_bin13	Motility	Flagellar Assembly (partial 36-KO reconstruction)	Previous algorithm: distinct-gene set coverage	36	0	0	FALSE	FALSE
R2111_N500_0-10_bin13	Vitamin B12	Cobalamin biosynthesis, cobinamide => cobalamin	Previous algorithm: distinct-gene set coverage	8	0	0	FALSE	FALSE
R2111_N500_0-10_bin13	Vitamin B12	Cobalamin biosynthesis, precorrin2 => cobinamide	Previous algorithm: distinct-gene set coverage	25	0	0	FALSE	FALSE
R2111_N500_0-10_bin13	Carbon	Acetyl-CoA pathway, CO2 => acetyl-CoA	Previous algorithm: distinct-gene set coverage	5	0	0	FALSE	FALSE
R2111_N500_0-10_bin13	Carbon	Methane oxidation, methanotroph, methane => formaldehyde	Previous algorithm: distinct-gene set coverage	12	0	0	FALSE	FALSE
R2111_N500_0-10_bin13	Carbon	Methanogenesis, CO2 => methane	Previous algorithm: distinct-gene set coverage	37	1	2.7027027027027	FALSE	FALSE
R2111_N500_0-10_bin13	Carbon	Methanogenesis, acetate => methane	Previous algorithm: distinct-gene set coverage	31	3	9.67741935483871	FALSE	FALSE
R2111_N500_0-10_bin13	Carbon	Methanogenesis, methanethiol => methane	Previous algorithm: distinct-gene set coverage	1	0	0	FALSE	FALSE
R2111_N500_0-10_bin13	Carbon	Methanogenesis, methanol => methane	Previous algorithm: distinct-gene set coverage	19	1	5.26315789473684	FALSE	FALSE
R2111_N500_0-10_bin13	Carbon	Methanogenesis, methylamine/dimethylamine/trimethylamine => methane	Previous algorithm: distinct-gene set coverage	23	1	4.34782608695652	FALSE	FALSE
R2111_N500_0-10_bin13	Carbon	Reductive acetyl-CoA pathway (Wood-Ljungdahl pathway)	Previous algorithm: distinct-gene set coverage	10	1	10	FALSE	FALSE
R2111_N500_0-10_bin13	Carbon	Reductive citrate cycle (Arnon-Buchanan cycle)	Previous algorithm: distinct-gene set coverage	43	6	13.953488372093	FALSE	FALSE
R2111_N500_0-10_bin13	Nitrogen	Assimilatory nitrate reduction, nitrate => ammonia	Previous algorithm: distinct-gene set coverage	6	0	0	FALSE	FALSE
R2111_N500_0-10_bin13	Nitrogen	Complete nitrification, comammox, ammonia => nitrite => nitrate	Previous algorithm: distinct-gene set coverage	6	0	0	FALSE	FALSE
R2111_N500_0-10_bin13	Nitrogen	Denitrification, nitrate => nitrogen	Previous algorithm: distinct-gene set coverage	11	1	9.09090909090909	FALSE	FALSE
R2111_N500_0-10_bin13	Nitrogen	Dissimilatory nitrate reduction, nitrate => ammonia	Previous algorithm: distinct-gene set coverage	9	0	0	FALSE	FALSE
R2111_N500_0-10_bin13	Nitrogen	Nitrate assimilation	Previous algorithm: distinct-gene set coverage	1	0	0	FALSE	FALSE
R2111_N500_0-10_bin13	Nitrogen	Nitrification, ammonia => nitrite	Previous algorithm: distinct-gene set coverage	8	0	0	FALSE	FALSE
R2111_N500_0-10_bin13	Nitrogen	Nitrogen fixation, nitrogen => ammonia	Previous algorithm: distinct-gene set coverage	8	0	0	FALSE	FALSE
R2111_N500_0-10_bin13	Nitrogen	nitrite + ammonia => nitrogen	Previous algorithm: distinct-gene set coverage	9	0	0	FALSE	FALSE
R2111_N500_0-10_bin13	Sulfur	Assimilatory sulfate reduction, sulfate => H2S	Previous algorithm: distinct-gene set coverage	10	0	0	FALSE	FALSE
R2111_N500_0-10_bin13	Sulfur	Dissimilatory sulfate reduction, sulfate => H2S	Previous algorithm: distinct-gene set coverage	7	0	0	FALSE	FALSE
R2111_N500_0-10_bin13	Sulfur	Thiosulfate oxidation by SOX complex, thiosulfate => sulfate	Previous algorithm: distinct-gene set coverage	7	0	0	FALSE	FALSE
R2111_N500_0-10_bin13	Nitrogen	Urea cycle	Previous algorithm: distinct-gene set coverage	6	0	0	FALSE	FALSE
R2111_N500_0-10_bin13	Nitrogen	Urea transport system	Previous algorithm: distinct-gene set coverage	5	0	0	FALSE	FALSE
R2111_N500_0-10_bin13	Sulfur	Sulfate/thiosulfate transport system	Previous algorithm: distinct-gene set coverage	5	0	0	FALSE	FALSE
R2111_N500_0-10_bin13	Sulfur	Sulfonate transport system	Previous algorithm: distinct-gene set coverage	3	0	0	FALSE	FALSE
R2111_N500_0-10_bin13	Vitamin B12	Cobalamin salvage	Previous algorithm: distinct-gene set coverage	4	0	0	FALSE	FALSE
R2111_N500_0-10_bin13	Vitamin B12	Vitamin B12 transport system	Previous algorithm: distinct-gene set coverage	3	0	0	FALSE	FALSE
R2111_N500_0-10_bin13	Carbon	Citrate cycle (TCA cycle, Krebs cycle)	Previous algorithm: distinct-gene set coverage	40	4	10	FALSE	FALSE
R2111_N500_0-10_bin13	Carbon	Citrate cycle, first carbon oxidation, oxaloacetate => 2-oxoglutarate	Previous algorithm: distinct-gene set coverage	6	2	33.3333333333333	FALSE	FALSE
R2111_N500_0-10_bin13	Carbon	Citrate cycle, second carbon oxidation, 2-oxoglutarate => oxaloacetate	Previous algorithm: distinct-gene set coverage	34	2	5.88235294117647	FALSE	FALSE
R2111_N500_0-10_bin13	Carbon	Glycolysis (Embden-Meyerhof pathway), glucose => pyruvate	Previous algorithm: distinct-gene set coverage	29	5	17.2413793103448	FALSE	FALSE
R2111_N500_0-10_bin13	Carbon	Glycolysis, core module involving three-carbon compounds	Previous algorithm: distinct-gene set coverage	12	2	16.6666666666667	FALSE	FALSE
R2111_N500_0-10_bin13	Carbon	Incomplete reductive citrate cycle, acetyl-CoA => oxoglutarate	Previous algorithm: distinct-gene set coverage	17	2	11.7647058823529	FALSE	FALSE
R2111_N500_0-10_bin13	Carbon	Pyruvate oxidation, pyruvate => acetyl-CoA	Previous algorithm: distinct-gene set coverage	11	2	18.1818181818182	FALSE	FALSE
R2111_N500_0-10_bin13	Carbon	TCA /Reductive TCA	Previous algorithm: distinct-gene set coverage	1	0	0	FALSE	FALSE
R2111_S300_0-10_bin19	Motility	Flagellar Assembly (partial 36-KO reconstruction)	Previous algorithm: distinct-gene set coverage	36	0	0	FALSE	FALSE
R2111_S300_0-10_bin19	Vitamin B12	Cobalamin biosynthesis, cobinamide => cobalamin	Previous algorithm: distinct-gene set coverage	8	2	25	FALSE	FALSE
R2111_S300_0-10_bin19	Vitamin B12	Cobalamin biosynthesis, precorrin2 => cobinamide	Previous algorithm: distinct-gene set coverage	25	1	4	FALSE	FALSE
R2111_S300_0-10_bin19	Carbon	Acetyl-CoA pathway, CO2 => acetyl-CoA	Previous algorithm: distinct-gene set coverage	5	0	0	FALSE	FALSE
R2111_S300_0-10_bin19	Carbon	Methane oxidation, methanotroph, methane => formaldehyde	Previous algorithm: distinct-gene set coverage	12	0	0	FALSE	FALSE
R2111_S300_0-10_bin19	Carbon	Methanogenesis, CO2 => methane	Previous algorithm: distinct-gene set coverage	37	0	0	FALSE	FALSE
R2111_S300_0-10_bin19	Carbon	Methanogenesis, acetate => methane	Previous algorithm: distinct-gene set coverage	31	2	6.45161290322581	FALSE	FALSE
R2111_S300_0-10_bin19	Carbon	Methanogenesis, methanethiol => methane	Previous algorithm: distinct-gene set coverage	1	0	0	FALSE	FALSE
R2111_S300_0-10_bin19	Carbon	Methanogenesis, methanol => methane	Previous algorithm: distinct-gene set coverage	19	0	0	FALSE	FALSE
R2111_S300_0-10_bin19	Carbon	Methanogenesis, methylamine/dimethylamine/trimethylamine => methane	Previous algorithm: distinct-gene set coverage	23	0	0	FALSE	FALSE
R2111_S300_0-10_bin19	Carbon	Reductive acetyl-CoA pathway (Wood-Ljungdahl pathway)	Previous algorithm: distinct-gene set coverage	10	1	10	FALSE	FALSE
R2111_S300_0-10_bin19	Carbon	Reductive citrate cycle (Arnon-Buchanan cycle)	Previous algorithm: distinct-gene set coverage	43	13	30.2325581395349	FALSE	FALSE
R2111_S300_0-10_bin19	Nitrogen	Assimilatory nitrate reduction, nitrate => ammonia	Previous algorithm: distinct-gene set coverage	6	0	0	FALSE	FALSE
R2111_S300_0-10_bin19	Nitrogen	Complete nitrification, comammox, ammonia => nitrite => nitrate	Previous algorithm: distinct-gene set coverage	6	0	0	FALSE	FALSE
R2111_S300_0-10_bin19	Nitrogen	Denitrification, nitrate => nitrogen	Previous algorithm: distinct-gene set coverage	11	0	0	FALSE	FALSE
R2111_S300_0-10_bin19	Nitrogen	Dissimilatory nitrate reduction, nitrate => ammonia	Previous algorithm: distinct-gene set coverage	9	1	11.1111111111111	FALSE	FALSE
R2111_S300_0-10_bin19	Nitrogen	Nitrate assimilation	Previous algorithm: distinct-gene set coverage	1	0	0	FALSE	FALSE
R2111_S300_0-10_bin19	Nitrogen	Nitrification, ammonia => nitrite	Previous algorithm: distinct-gene set coverage	8	0	0	FALSE	FALSE
R2111_S300_0-10_bin19	Nitrogen	Nitrogen fixation, nitrogen => ammonia	Previous algorithm: distinct-gene set coverage	8	0	0	FALSE	FALSE
R2111_S300_0-10_bin19	Nitrogen	nitrite + ammonia => nitrogen	Previous algorithm: distinct-gene set coverage	9	0	0	FALSE	FALSE
R2111_S300_0-10_bin19	Sulfur	Assimilatory sulfate reduction, sulfate => H2S	Previous algorithm: distinct-gene set coverage	10	1	10	FALSE	FALSE
R2111_S300_0-10_bin19	Sulfur	Dissimilatory sulfate reduction, sulfate => H2S	Previous algorithm: distinct-gene set coverage	7	1	14.2857142857143	FALSE	FALSE
R2111_S300_0-10_bin19	Sulfur	Thiosulfate oxidation by SOX complex, thiosulfate => sulfate	Previous algorithm: distinct-gene set coverage	7	3	42.8571428571429	FALSE	FALSE
R2111_S300_0-10_bin19	Nitrogen	Urea cycle	Previous algorithm: distinct-gene set coverage	6	4	66.6666666666667	TRUE	FALSE
R2111_S300_0-10_bin19	Nitrogen	Urea transport system	Previous algorithm: distinct-gene set coverage	5	0	0	FALSE	FALSE
R2111_S300_0-10_bin19	Sulfur	Sulfate/thiosulfate transport system	Previous algorithm: distinct-gene set coverage	5	0	0	FALSE	FALSE
R2111_S300_0-10_bin19	Sulfur	Sulfonate transport system	Previous algorithm: distinct-gene set coverage	3	0	0	FALSE	FALSE
R2111_S300_0-10_bin19	Vitamin B12	Cobalamin salvage	Previous algorithm: distinct-gene set coverage	4	1	25	FALSE	FALSE
R2111_S300_0-10_bin19	Vitamin B12	Vitamin B12 transport system	Previous algorithm: distinct-gene set coverage	3	0	0	FALSE	FALSE
R2111_S300_0-10_bin19	Carbon	Citrate cycle (TCA cycle, Krebs cycle)	Previous algorithm: distinct-gene set coverage	40	17	42.5	FALSE	FALSE
R2111_S300_0-10_bin19	Carbon	Citrate cycle, first carbon oxidation, oxaloacetate => 2-oxoglutarate	Previous algorithm: distinct-gene set coverage	6	3	50	TRUE	FALSE
R2111_S300_0-10_bin19	Carbon	Citrate cycle, second carbon oxidation, 2-oxoglutarate => oxaloacetate	Previous algorithm: distinct-gene set coverage	34	14	41.1764705882353	FALSE	FALSE
R2111_S300_0-10_bin19	Carbon	Glycolysis (Embden-Meyerhof pathway), glucose => pyruvate	Previous algorithm: distinct-gene set coverage	29	7	24.1379310344828	FALSE	FALSE
R2111_S300_0-10_bin19	Carbon	Glycolysis, core module involving three-carbon compounds	Previous algorithm: distinct-gene set coverage	12	6	50	TRUE	FALSE
R2111_S300_0-10_bin19	Carbon	Incomplete reductive citrate cycle, acetyl-CoA => oxoglutarate	Previous algorithm: distinct-gene set coverage	17	4	23.5294117647059	FALSE	FALSE
R2111_S300_0-10_bin19	Carbon	Pyruvate oxidation, pyruvate => acetyl-CoA	Previous algorithm: distinct-gene set coverage	11	3	27.2727272727273	FALSE	FALSE
R2111_S300_0-10_bin19	Carbon	TCA /Reductive TCA	Previous algorithm: distinct-gene set coverage	1	0	0	FALSE	FALSE
S13_0-2_bin3	Motility	Flagellar Assembly (partial 36-KO reconstruction)	Previous algorithm: distinct-gene set coverage	36	0	0	FALSE	FALSE
S13_0-2_bin3	Vitamin B12	Cobalamin biosynthesis, cobinamide => cobalamin	Previous algorithm: distinct-gene set coverage	8	2	25	FALSE	FALSE
S13_0-2_bin3	Vitamin B12	Cobalamin biosynthesis, precorrin2 => cobinamide	Previous algorithm: distinct-gene set coverage	25	9	36	FALSE	FALSE
S13_0-2_bin3	Carbon	Acetyl-CoA pathway, CO2 => acetyl-CoA	Previous algorithm: distinct-gene set coverage	5	0	0	FALSE	FALSE
S13_0-2_bin3	Carbon	Methane oxidation, methanotroph, methane => formaldehyde	Previous algorithm: distinct-gene set coverage	12	0	0	FALSE	FALSE
S13_0-2_bin3	Carbon	Methanogenesis, CO2 => methane	Previous algorithm: distinct-gene set coverage	37	0	0	FALSE	FALSE
S13_0-2_bin3	Carbon	Methanogenesis, acetate => methane	Previous algorithm: distinct-gene set coverage	31	2	6.45161290322581	FALSE	FALSE
S13_0-2_bin3	Carbon	Methanogenesis, methanethiol => methane	Previous algorithm: distinct-gene set coverage	1	0	0	FALSE	FALSE
S13_0-2_bin3	Carbon	Methanogenesis, methanol => methane	Previous algorithm: distinct-gene set coverage	19	0	0	FALSE	FALSE
S13_0-2_bin3	Carbon	Methanogenesis, methylamine/dimethylamine/trimethylamine => methane	Previous algorithm: distinct-gene set coverage	23	1	4.34782608695652	FALSE	FALSE
S13_0-2_bin3	Carbon	Reductive acetyl-CoA pathway (Wood-Ljungdahl pathway)	Previous algorithm: distinct-gene set coverage	10	1	10	FALSE	FALSE
S13_0-2_bin3	Carbon	Reductive citrate cycle (Arnon-Buchanan cycle)	Previous algorithm: distinct-gene set coverage	43	10	23.2558139534884	FALSE	FALSE
S13_0-2_bin3	Nitrogen	Assimilatory nitrate reduction, nitrate => ammonia	Previous algorithm: distinct-gene set coverage	6	0	0	FALSE	FALSE
S13_0-2_bin3	Nitrogen	Complete nitrification, comammox, ammonia => nitrite => nitrate	Previous algorithm: distinct-gene set coverage	6	0	0	FALSE	FALSE
S13_0-2_bin3	Nitrogen	Denitrification, nitrate => nitrogen	Previous algorithm: distinct-gene set coverage	11	1	9.09090909090909	FALSE	FALSE
S13_0-2_bin3	Nitrogen	Dissimilatory nitrate reduction, nitrate => ammonia	Previous algorithm: distinct-gene set coverage	9	1	11.1111111111111	FALSE	FALSE
S13_0-2_bin3	Nitrogen	Nitrate assimilation	Previous algorithm: distinct-gene set coverage	1	0	0	FALSE	FALSE
S13_0-2_bin3	Nitrogen	Nitrification, ammonia => nitrite	Previous algorithm: distinct-gene set coverage	8	0	0	FALSE	FALSE
S13_0-2_bin3	Nitrogen	Nitrogen fixation, nitrogen => ammonia	Previous algorithm: distinct-gene set coverage	8	0	0	FALSE	FALSE
S13_0-2_bin3	Nitrogen	nitrite + ammonia => nitrogen	Previous algorithm: distinct-gene set coverage	9	0	0	FALSE	FALSE
S13_0-2_bin3	Sulfur	Assimilatory sulfate reduction, sulfate => H2S	Previous algorithm: distinct-gene set coverage	10	1	10	FALSE	FALSE
S13_0-2_bin3	Sulfur	Dissimilatory sulfate reduction, sulfate => H2S	Previous algorithm: distinct-gene set coverage	7	0	0	FALSE	FALSE
S13_0-2_bin3	Sulfur	Thiosulfate oxidation by SOX complex, thiosulfate => sulfate	Previous algorithm: distinct-gene set coverage	7	0	0	FALSE	FALSE
S13_0-2_bin3	Nitrogen	Urea cycle	Previous algorithm: distinct-gene set coverage	6	2	33.3333333333333	FALSE	FALSE
S13_0-2_bin3	Nitrogen	Urea transport system	Previous algorithm: distinct-gene set coverage	5	0	0	FALSE	FALSE
S13_0-2_bin3	Sulfur	Sulfate/thiosulfate transport system	Previous algorithm: distinct-gene set coverage	5	0	0	FALSE	FALSE
S13_0-2_bin3	Sulfur	Sulfonate transport system	Previous algorithm: distinct-gene set coverage	3	0	0	FALSE	FALSE
S13_0-2_bin3	Vitamin B12	Cobalamin salvage	Previous algorithm: distinct-gene set coverage	4	0	0	FALSE	FALSE
S13_0-2_bin3	Vitamin B12	Vitamin B12 transport system	Previous algorithm: distinct-gene set coverage	3	0	0	FALSE	FALSE
S13_0-2_bin3	Carbon	Citrate cycle (TCA cycle, Krebs cycle)	Previous algorithm: distinct-gene set coverage	40	7	17.5	FALSE	FALSE
S13_0-2_bin3	Carbon	Citrate cycle, first carbon oxidation, oxaloacetate => 2-oxoglutarate	Previous algorithm: distinct-gene set coverage	6	0	0	FALSE	FALSE
S13_0-2_bin3	Carbon	Citrate cycle, second carbon oxidation, 2-oxoglutarate => oxaloacetate	Previous algorithm: distinct-gene set coverage	34	7	20.5882352941176	FALSE	FALSE
S13_0-2_bin3	Carbon	Glycolysis (Embden-Meyerhof pathway), glucose => pyruvate	Previous algorithm: distinct-gene set coverage	29	5	17.2413793103448	FALSE	FALSE
S13_0-2_bin3	Carbon	Glycolysis, core module involving three-carbon compounds	Previous algorithm: distinct-gene set coverage	12	3	25	FALSE	FALSE
S13_0-2_bin3	Carbon	Incomplete reductive citrate cycle, acetyl-CoA => oxoglutarate	Previous algorithm: distinct-gene set coverage	17	3	17.6470588235294	FALSE	FALSE
S13_0-2_bin3	Carbon	Pyruvate oxidation, pyruvate => acetyl-CoA	Previous algorithm: distinct-gene set coverage	11	0	0	FALSE	FALSE
S13_0-2_bin3	Carbon	TCA /Reductive TCA	Previous algorithm: distinct-gene set coverage	1	0	0	FALSE	FALSE
S15_8-10_bin20	Motility	Flagellar Assembly (partial 36-KO reconstruction)	Previous algorithm: distinct-gene set coverage	36	0	0	FALSE	FALSE
S15_8-10_bin20	Vitamin B12	Cobalamin biosynthesis, cobinamide => cobalamin	Previous algorithm: distinct-gene set coverage	8	0	0	FALSE	FALSE
S15_8-10_bin20	Vitamin B12	Cobalamin biosynthesis, precorrin2 => cobinamide	Previous algorithm: distinct-gene set coverage	25	1	4	FALSE	FALSE
S15_8-10_bin20	Carbon	Acetyl-CoA pathway, CO2 => acetyl-CoA	Previous algorithm: distinct-gene set coverage	5	0	0	FALSE	FALSE
S15_8-10_bin20	Carbon	Methane oxidation, methanotroph, methane => formaldehyde	Previous algorithm: distinct-gene set coverage	12	0	0	FALSE	FALSE
S15_8-10_bin20	Carbon	Methanogenesis, CO2 => methane	Previous algorithm: distinct-gene set coverage	37	0	0	FALSE	FALSE
S15_8-10_bin20	Carbon	Methanogenesis, acetate => methane	Previous algorithm: distinct-gene set coverage	31	0	0	FALSE	FALSE
S15_8-10_bin20	Carbon	Methanogenesis, methanethiol => methane	Previous algorithm: distinct-gene set coverage	1	0	0	FALSE	FALSE
S15_8-10_bin20	Carbon	Methanogenesis, methanol => methane	Previous algorithm: distinct-gene set coverage	19	0	0	FALSE	FALSE
S15_8-10_bin20	Carbon	Methanogenesis, methylamine/dimethylamine/trimethylamine => methane	Previous algorithm: distinct-gene set coverage	23	0	0	FALSE	FALSE
S15_8-10_bin20	Carbon	Reductive acetyl-CoA pathway (Wood-Ljungdahl pathway)	Previous algorithm: distinct-gene set coverage	10	2	20	FALSE	FALSE
S15_8-10_bin20	Carbon	Reductive citrate cycle (Arnon-Buchanan cycle)	Previous algorithm: distinct-gene set coverage	43	12	27.906976744186	FALSE	FALSE
S15_8-10_bin20	Nitrogen	Assimilatory nitrate reduction, nitrate => ammonia	Previous algorithm: distinct-gene set coverage	6	0	0	FALSE	FALSE
S15_8-10_bin20	Nitrogen	Complete nitrification, comammox, ammonia => nitrite => nitrate	Previous algorithm: distinct-gene set coverage	6	1	16.6666666666667	FALSE	FALSE
S15_8-10_bin20	Nitrogen	Denitrification, nitrate => nitrogen	Previous algorithm: distinct-gene set coverage	11	4	36.3636363636364	FALSE	FALSE
S15_8-10_bin20	Nitrogen	Dissimilatory nitrate reduction, nitrate => ammonia	Previous algorithm: distinct-gene set coverage	9	1	11.1111111111111	FALSE	FALSE
S15_8-10_bin20	Nitrogen	Nitrate assimilation	Previous algorithm: distinct-gene set coverage	1	0	0	FALSE	FALSE
S15_8-10_bin20	Nitrogen	Nitrification, ammonia => nitrite	Previous algorithm: distinct-gene set coverage	8	1	12.5	FALSE	FALSE
S15_8-10_bin20	Nitrogen	Nitrogen fixation, nitrogen => ammonia	Previous algorithm: distinct-gene set coverage	8	0	0	FALSE	FALSE
S15_8-10_bin20	Nitrogen	nitrite + ammonia => nitrogen	Previous algorithm: distinct-gene set coverage	9	1	11.1111111111111	FALSE	FALSE
S15_8-10_bin20	Sulfur	Assimilatory sulfate reduction, sulfate => H2S	Previous algorithm: distinct-gene set coverage	10	1	10	FALSE	FALSE
S15_8-10_bin20	Sulfur	Dissimilatory sulfate reduction, sulfate => H2S	Previous algorithm: distinct-gene set coverage	7	3	42.8571428571429	FALSE	FALSE
S15_8-10_bin20	Sulfur	Thiosulfate oxidation by SOX complex, thiosulfate => sulfate	Previous algorithm: distinct-gene set coverage	7	2	28.5714285714286	FALSE	FALSE
S15_8-10_bin20	Nitrogen	Urea cycle	Previous algorithm: distinct-gene set coverage	6	3	50	TRUE	FALSE
S15_8-10_bin20	Nitrogen	Urea transport system	Previous algorithm: distinct-gene set coverage	5	0	0	FALSE	FALSE
S15_8-10_bin20	Sulfur	Sulfate/thiosulfate transport system	Previous algorithm: distinct-gene set coverage	5	0	0	FALSE	FALSE
S15_8-10_bin20	Sulfur	Sulfonate transport system	Previous algorithm: distinct-gene set coverage	3	0	0	FALSE	FALSE
S15_8-10_bin20	Vitamin B12	Cobalamin salvage	Previous algorithm: distinct-gene set coverage	4	0	0	FALSE	FALSE
S15_8-10_bin20	Vitamin B12	Vitamin B12 transport system	Previous algorithm: distinct-gene set coverage	3	0	0	FALSE	FALSE
S15_8-10_bin20	Carbon	Citrate cycle (TCA cycle, Krebs cycle)	Previous algorithm: distinct-gene set coverage	40	13	32.5	FALSE	FALSE
S15_8-10_bin20	Carbon	Citrate cycle, first carbon oxidation, oxaloacetate => 2-oxoglutarate	Previous algorithm: distinct-gene set coverage	6	2	33.3333333333333	FALSE	FALSE
S15_8-10_bin20	Carbon	Citrate cycle, second carbon oxidation, 2-oxoglutarate => oxaloacetate	Previous algorithm: distinct-gene set coverage	34	11	32.3529411764706	FALSE	FALSE
S15_8-10_bin20	Carbon	Glycolysis (Embden-Meyerhof pathway), glucose => pyruvate	Previous algorithm: distinct-gene set coverage	29	8	27.5862068965517	FALSE	FALSE
S15_8-10_bin20	Carbon	Glycolysis, core module involving three-carbon compounds	Previous algorithm: distinct-gene set coverage	12	6	50	TRUE	FALSE
S15_8-10_bin20	Carbon	Incomplete reductive citrate cycle, acetyl-CoA => oxoglutarate	Previous algorithm: distinct-gene set coverage	17	5	29.4117647058824	FALSE	FALSE
S15_8-10_bin20	Carbon	Pyruvate oxidation, pyruvate => acetyl-CoA	Previous algorithm: distinct-gene set coverage	11	3	27.2727272727273	FALSE	FALSE
S15_8-10_bin20	Carbon	TCA /Reductive TCA	Previous algorithm: distinct-gene set coverage	1	0	0	FALSE	FALSE
S1_9-12_bin1	Motility	Flagellar Assembly (partial 36-KO reconstruction)	Previous algorithm: distinct-gene set coverage	36	0	0	FALSE	FALSE
S1_9-12_bin1	Vitamin B12	Cobalamin biosynthesis, cobinamide => cobalamin	Previous algorithm: distinct-gene set coverage	8	1	12.5	FALSE	FALSE
S1_9-12_bin1	Vitamin B12	Cobalamin biosynthesis, precorrin2 => cobinamide	Previous algorithm: distinct-gene set coverage	25	2	8	FALSE	FALSE
S1_9-12_bin1	Carbon	Acetyl-CoA pathway, CO2 => acetyl-CoA	Previous algorithm: distinct-gene set coverage	5	0	0	FALSE	FALSE
S1_9-12_bin1	Carbon	Methane oxidation, methanotroph, methane => formaldehyde	Previous algorithm: distinct-gene set coverage	12	0	0	FALSE	FALSE
S1_9-12_bin1	Carbon	Methanogenesis, CO2 => methane	Previous algorithm: distinct-gene set coverage	37	0	0	FALSE	FALSE
S1_9-12_bin1	Carbon	Methanogenesis, acetate => methane	Previous algorithm: distinct-gene set coverage	31	1	3.2258064516129	FALSE	FALSE
S1_9-12_bin1	Carbon	Methanogenesis, methanethiol => methane	Previous algorithm: distinct-gene set coverage	1	0	0	FALSE	FALSE
S1_9-12_bin1	Carbon	Methanogenesis, methanol => methane	Previous algorithm: distinct-gene set coverage	19	0	0	FALSE	FALSE
S1_9-12_bin1	Carbon	Methanogenesis, methylamine/dimethylamine/trimethylamine => methane	Previous algorithm: distinct-gene set coverage	23	0	0	FALSE	FALSE
S1_9-12_bin1	Carbon	Reductive acetyl-CoA pathway (Wood-Ljungdahl pathway)	Previous algorithm: distinct-gene set coverage	10	0	0	FALSE	FALSE
S1_9-12_bin1	Carbon	Reductive citrate cycle (Arnon-Buchanan cycle)	Previous algorithm: distinct-gene set coverage	43	4	9.30232558139535	FALSE	FALSE
S1_9-12_bin1	Nitrogen	Assimilatory nitrate reduction, nitrate => ammonia	Previous algorithm: distinct-gene set coverage	6	0	0	FALSE	FALSE
S1_9-12_bin1	Nitrogen	Complete nitrification, comammox, ammonia => nitrite => nitrate	Previous algorithm: distinct-gene set coverage	6	0	0	FALSE	FALSE
S1_9-12_bin1	Nitrogen	Denitrification, nitrate => nitrogen	Previous algorithm: distinct-gene set coverage	11	5	45.4545454545455	FALSE	FALSE
S1_9-12_bin1	Nitrogen	Dissimilatory nitrate reduction, nitrate => ammonia	Previous algorithm: distinct-gene set coverage	9	4	44.4444444444444	FALSE	FALSE
S1_9-12_bin1	Nitrogen	Nitrate assimilation	Previous algorithm: distinct-gene set coverage	1	1	100	TRUE	TRUE
S1_9-12_bin1	Nitrogen	Nitrification, ammonia => nitrite	Previous algorithm: distinct-gene set coverage	8	0	0	FALSE	FALSE
S1_9-12_bin1	Nitrogen	Nitrogen fixation, nitrogen => ammonia	Previous algorithm: distinct-gene set coverage	8	0	0	FALSE	FALSE
S1_9-12_bin1	Nitrogen	nitrite + ammonia => nitrogen	Previous algorithm: distinct-gene set coverage	9	1	11.1111111111111	FALSE	FALSE
S1_9-12_bin1	Sulfur	Assimilatory sulfate reduction, sulfate => H2S	Previous algorithm: distinct-gene set coverage	10	1	10	FALSE	FALSE
S1_9-12_bin1	Sulfur	Dissimilatory sulfate reduction, sulfate => H2S	Previous algorithm: distinct-gene set coverage	7	2	28.5714285714286	FALSE	FALSE
S1_9-12_bin1	Sulfur	Thiosulfate oxidation by SOX complex, thiosulfate => sulfate	Previous algorithm: distinct-gene set coverage	7	4	57.1428571428571	TRUE	FALSE
S1_9-12_bin1	Nitrogen	Urea cycle	Previous algorithm: distinct-gene set coverage	6	3	50	TRUE	FALSE
S1_9-12_bin1	Nitrogen	Urea transport system	Previous algorithm: distinct-gene set coverage	5	0	0	FALSE	FALSE
S1_9-12_bin1	Sulfur	Sulfate/thiosulfate transport system	Previous algorithm: distinct-gene set coverage	5	0	0	FALSE	FALSE
S1_9-12_bin1	Sulfur	Sulfonate transport system	Previous algorithm: distinct-gene set coverage	3	0	0	FALSE	FALSE
S1_9-12_bin1	Vitamin B12	Cobalamin salvage	Previous algorithm: distinct-gene set coverage	4	0	0	FALSE	FALSE
S1_9-12_bin1	Vitamin B12	Vitamin B12 transport system	Previous algorithm: distinct-gene set coverage	3	0	0	FALSE	FALSE
S1_9-12_bin1	Carbon	Citrate cycle (TCA cycle, Krebs cycle)	Previous algorithm: distinct-gene set coverage	40	6	15	FALSE	FALSE
S1_9-12_bin1	Carbon	Citrate cycle, first carbon oxidation, oxaloacetate => 2-oxoglutarate	Previous algorithm: distinct-gene set coverage	6	0	0	FALSE	FALSE
S1_9-12_bin1	Carbon	Citrate cycle, second carbon oxidation, 2-oxoglutarate => oxaloacetate	Previous algorithm: distinct-gene set coverage	34	6	17.6470588235294	FALSE	FALSE
S1_9-12_bin1	Carbon	Glycolysis (Embden-Meyerhof pathway), glucose => pyruvate	Previous algorithm: distinct-gene set coverage	29	9	31.0344827586207	FALSE	FALSE
S1_9-12_bin1	Carbon	Glycolysis, core module involving three-carbon compounds	Previous algorithm: distinct-gene set coverage	12	5	41.6666666666667	FALSE	FALSE
S1_9-12_bin1	Carbon	Incomplete reductive citrate cycle, acetyl-CoA => oxoglutarate	Previous algorithm: distinct-gene set coverage	17	0	0	FALSE	FALSE
S1_9-12_bin1	Carbon	Pyruvate oxidation, pyruvate => acetyl-CoA	Previous algorithm: distinct-gene set coverage	11	0	0	FALSE	FALSE
S1_9-12_bin1	Carbon	TCA /Reductive TCA	Previous algorithm: distinct-gene set coverage	1	0	0	FALSE	FALSE
SQ_58_0-4_bin4	Motility	Flagellar Assembly (partial 36-KO reconstruction)	Previous algorithm: distinct-gene set coverage	36	0	0	FALSE	FALSE
SQ_58_0-4_bin4	Vitamin B12	Cobalamin biosynthesis, cobinamide => cobalamin	Previous algorithm: distinct-gene set coverage	8	1	12.5	FALSE	FALSE
SQ_58_0-4_bin4	Vitamin B12	Cobalamin biosynthesis, precorrin2 => cobinamide	Previous algorithm: distinct-gene set coverage	25	0	0	FALSE	FALSE
SQ_58_0-4_bin4	Carbon	Acetyl-CoA pathway, CO2 => acetyl-CoA	Previous algorithm: distinct-gene set coverage	5	0	0	FALSE	FALSE
SQ_58_0-4_bin4	Carbon	Methane oxidation, methanotroph, methane => formaldehyde	Previous algorithm: distinct-gene set coverage	12	0	0	FALSE	FALSE
SQ_58_0-4_bin4	Carbon	Methanogenesis, CO2 => methane	Previous algorithm: distinct-gene set coverage	37	1	2.7027027027027	FALSE	FALSE
SQ_58_0-4_bin4	Carbon	Methanogenesis, acetate => methane	Previous algorithm: distinct-gene set coverage	31	0	0	FALSE	FALSE
SQ_58_0-4_bin4	Carbon	Methanogenesis, methanethiol => methane	Previous algorithm: distinct-gene set coverage	1	0	0	FALSE	FALSE
SQ_58_0-4_bin4	Carbon	Methanogenesis, methanol => methane	Previous algorithm: distinct-gene set coverage	19	0	0	FALSE	FALSE
SQ_58_0-4_bin4	Carbon	Methanogenesis, methylamine/dimethylamine/trimethylamine => methane	Previous algorithm: distinct-gene set coverage	23	0	0	FALSE	FALSE
SQ_58_0-4_bin4	Carbon	Reductive acetyl-CoA pathway (Wood-Ljungdahl pathway)	Previous algorithm: distinct-gene set coverage	10	0	0	FALSE	FALSE
SQ_58_0-4_bin4	Carbon	Reductive citrate cycle (Arnon-Buchanan cycle)	Previous algorithm: distinct-gene set coverage	43	10	23.2558139534884	FALSE	FALSE
SQ_58_0-4_bin4	Nitrogen	Assimilatory nitrate reduction, nitrate => ammonia	Previous algorithm: distinct-gene set coverage	6	0	0	FALSE	FALSE
SQ_58_0-4_bin4	Nitrogen	Complete nitrification, comammox, ammonia => nitrite => nitrate	Previous algorithm: distinct-gene set coverage	6	2	33.3333333333333	FALSE	FALSE
SQ_58_0-4_bin4	Nitrogen	Denitrification, nitrate => nitrogen	Previous algorithm: distinct-gene set coverage	11	3	27.2727272727273	FALSE	FALSE
SQ_58_0-4_bin4	Nitrogen	Dissimilatory nitrate reduction, nitrate => ammonia	Previous algorithm: distinct-gene set coverage	9	2	22.2222222222222	FALSE	FALSE
SQ_58_0-4_bin4	Nitrogen	Nitrate assimilation	Previous algorithm: distinct-gene set coverage	1	0	0	FALSE	FALSE
SQ_58_0-4_bin4	Nitrogen	Nitrification, ammonia => nitrite	Previous algorithm: distinct-gene set coverage	8	0	0	FALSE	FALSE
SQ_58_0-4_bin4	Nitrogen	Nitrogen fixation, nitrogen => ammonia	Previous algorithm: distinct-gene set coverage	8	0	0	FALSE	FALSE
SQ_58_0-4_bin4	Nitrogen	nitrite + ammonia => nitrogen	Previous algorithm: distinct-gene set coverage	9	2	22.2222222222222	FALSE	FALSE
SQ_58_0-4_bin4	Sulfur	Assimilatory sulfate reduction, sulfate => H2S	Previous algorithm: distinct-gene set coverage	10	0	0	FALSE	FALSE
SQ_58_0-4_bin4	Sulfur	Dissimilatory sulfate reduction, sulfate => H2S	Previous algorithm: distinct-gene set coverage	7	0	0	FALSE	FALSE
SQ_58_0-4_bin4	Sulfur	Thiosulfate oxidation by SOX complex, thiosulfate => sulfate	Previous algorithm: distinct-gene set coverage	7	0	0	FALSE	FALSE
SQ_58_0-4_bin4	Nitrogen	Urea cycle	Previous algorithm: distinct-gene set coverage	6	2	33.3333333333333	FALSE	FALSE
SQ_58_0-4_bin4	Nitrogen	Urea transport system	Previous algorithm: distinct-gene set coverage	5	0	0	FALSE	FALSE
SQ_58_0-4_bin4	Sulfur	Sulfate/thiosulfate transport system	Previous algorithm: distinct-gene set coverage	5	0	0	FALSE	FALSE
SQ_58_0-4_bin4	Sulfur	Sulfonate transport system	Previous algorithm: distinct-gene set coverage	3	0	0	FALSE	FALSE
SQ_58_0-4_bin4	Vitamin B12	Cobalamin salvage	Previous algorithm: distinct-gene set coverage	4	0	0	FALSE	FALSE
SQ_58_0-4_bin4	Vitamin B12	Vitamin B12 transport system	Previous algorithm: distinct-gene set coverage	3	0	0	FALSE	FALSE
SQ_58_0-4_bin4	Carbon	Citrate cycle (TCA cycle, Krebs cycle)	Previous algorithm: distinct-gene set coverage	40	9	22.5	FALSE	FALSE
SQ_58_0-4_bin4	Carbon	Citrate cycle, first carbon oxidation, oxaloacetate => 2-oxoglutarate	Previous algorithm: distinct-gene set coverage	6	1	16.6666666666667	FALSE	FALSE
SQ_58_0-4_bin4	Carbon	Citrate cycle, second carbon oxidation, 2-oxoglutarate => oxaloacetate	Previous algorithm: distinct-gene set coverage	34	8	23.5294117647059	FALSE	FALSE
SQ_58_0-4_bin4	Carbon	Glycolysis (Embden-Meyerhof pathway), glucose => pyruvate	Previous algorithm: distinct-gene set coverage	29	5	17.2413793103448	FALSE	FALSE
SQ_58_0-4_bin4	Carbon	Glycolysis, core module involving three-carbon compounds	Previous algorithm: distinct-gene set coverage	12	4	33.3333333333333	FALSE	FALSE
SQ_58_0-4_bin4	Carbon	Incomplete reductive citrate cycle, acetyl-CoA => oxoglutarate	Previous algorithm: distinct-gene set coverage	17	4	23.5294117647059	FALSE	FALSE
SQ_58_0-4_bin4	Carbon	Pyruvate oxidation, pyruvate => acetyl-CoA	Previous algorithm: distinct-gene set coverage	11	3	27.2727272727273	FALSE	FALSE
SQ_58_0-4_bin4	Carbon	TCA /Reductive TCA	Previous algorithm: distinct-gene set coverage	1	0	0	FALSE	FALSE
SY365BB-0-4_bin24	Motility	Flagellar Assembly (partial 36-KO reconstruction)	Previous algorithm: distinct-gene set coverage	36	24	66.6666666666667	TRUE	FALSE
SY365BB-0-4_bin24	Vitamin B12	Cobalamin biosynthesis, cobinamide => cobalamin	Previous algorithm: distinct-gene set coverage	8	7	87.5	TRUE	TRUE
SY365BB-0-4_bin24	Vitamin B12	Cobalamin biosynthesis, precorrin2 => cobinamide	Previous algorithm: distinct-gene set coverage	25	14	56	TRUE	FALSE
SY365BB-0-4_bin24	Carbon	Acetyl-CoA pathway, CO2 => acetyl-CoA	Previous algorithm: distinct-gene set coverage	5	0	0	FALSE	FALSE
SY365BB-0-4_bin24	Carbon	Methane oxidation, methanotroph, methane => formaldehyde	Previous algorithm: distinct-gene set coverage	12	0	0	FALSE	FALSE
SY365BB-0-4_bin24	Carbon	Methanogenesis, CO2 => methane	Previous algorithm: distinct-gene set coverage	37	0	0	FALSE	FALSE
SY365BB-0-4_bin24	Carbon	Methanogenesis, acetate => methane	Previous algorithm: distinct-gene set coverage	31	4	12.9032258064516	FALSE	FALSE
SY365BB-0-4_bin24	Carbon	Methanogenesis, methanethiol => methane	Previous algorithm: distinct-gene set coverage	1	0	0	FALSE	FALSE
SY365BB-0-4_bin24	Carbon	Methanogenesis, methanol => methane	Previous algorithm: distinct-gene set coverage	19	0	0	FALSE	FALSE
SY365BB-0-4_bin24	Carbon	Methanogenesis, methylamine/dimethylamine/trimethylamine => methane	Previous algorithm: distinct-gene set coverage	23	1	4.34782608695652	FALSE	FALSE
SY365BB-0-4_bin24	Carbon	Reductive acetyl-CoA pathway (Wood-Ljungdahl pathway)	Previous algorithm: distinct-gene set coverage	10	3	30	FALSE	FALSE
SY365BB-0-4_bin24	Carbon	Reductive citrate cycle (Arnon-Buchanan cycle)	Previous algorithm: distinct-gene set coverage	43	14	32.5581395348837	FALSE	FALSE
SY365BB-0-4_bin24	Nitrogen	Assimilatory nitrate reduction, nitrate => ammonia	Previous algorithm: distinct-gene set coverage	6	0	0	FALSE	FALSE
SY365BB-0-4_bin24	Nitrogen	Complete nitrification, comammox, ammonia => nitrite => nitrate	Previous algorithm: distinct-gene set coverage	6	0	0	FALSE	FALSE
SY365BB-0-4_bin24	Nitrogen	Denitrification, nitrate => nitrogen	Previous algorithm: distinct-gene set coverage	11	6	54.5454545454545	TRUE	FALSE
SY365BB-0-4_bin24	Nitrogen	Dissimilatory nitrate reduction, nitrate => ammonia	Previous algorithm: distinct-gene set coverage	9	4	44.4444444444444	FALSE	FALSE
SY365BB-0-4_bin24	Nitrogen	Nitrate assimilation	Previous algorithm: distinct-gene set coverage	1	1	100	TRUE	TRUE
SY365BB-0-4_bin24	Nitrogen	Nitrification, ammonia => nitrite	Previous algorithm: distinct-gene set coverage	8	0	0	FALSE	FALSE
SY365BB-0-4_bin24	Nitrogen	Nitrogen fixation, nitrogen => ammonia	Previous algorithm: distinct-gene set coverage	8	0	0	FALSE	FALSE
SY365BB-0-4_bin24	Nitrogen	nitrite + ammonia => nitrogen	Previous algorithm: distinct-gene set coverage	9	1	11.1111111111111	FALSE	FALSE
SY365BB-0-4_bin24	Sulfur	Assimilatory sulfate reduction, sulfate => H2S	Previous algorithm: distinct-gene set coverage	10	5	50	TRUE	FALSE
SY365BB-0-4_bin24	Sulfur	Dissimilatory sulfate reduction, sulfate => H2S	Previous algorithm: distinct-gene set coverage	7	2	28.5714285714286	FALSE	FALSE
SY365BB-0-4_bin24	Sulfur	Thiosulfate oxidation by SOX complex, thiosulfate => sulfate	Previous algorithm: distinct-gene set coverage	7	0	0	FALSE	FALSE
SY365BB-0-4_bin24	Nitrogen	Urea cycle	Previous algorithm: distinct-gene set coverage	6	3	50	TRUE	FALSE
SY365BB-0-4_bin24	Nitrogen	Urea transport system	Previous algorithm: distinct-gene set coverage	5	5	100	TRUE	TRUE
SY365BB-0-4_bin24	Sulfur	Sulfate/thiosulfate transport system	Previous algorithm: distinct-gene set coverage	5	0	0	FALSE	FALSE
SY365BB-0-4_bin24	Sulfur	Sulfonate transport system	Previous algorithm: distinct-gene set coverage	3	0	0	FALSE	FALSE
SY365BB-0-4_bin24	Vitamin B12	Cobalamin salvage	Previous algorithm: distinct-gene set coverage	4	0	0	FALSE	FALSE
SY365BB-0-4_bin24	Vitamin B12	Vitamin B12 transport system	Previous algorithm: distinct-gene set coverage	3	0	0	FALSE	FALSE
SY365BB-0-4_bin24	Carbon	Citrate cycle (TCA cycle, Krebs cycle)	Previous algorithm: distinct-gene set coverage	40	15	37.5	FALSE	FALSE
SY365BB-0-4_bin24	Carbon	Citrate cycle, first carbon oxidation, oxaloacetate => 2-oxoglutarate	Previous algorithm: distinct-gene set coverage	6	3	50	TRUE	FALSE
SY365BB-0-4_bin24	Carbon	Citrate cycle, second carbon oxidation, 2-oxoglutarate => oxaloacetate	Previous algorithm: distinct-gene set coverage	34	12	35.2941176470588	FALSE	FALSE
SY365BB-0-4_bin24	Carbon	Glycolysis (Embden-Meyerhof pathway), glucose => pyruvate	Previous algorithm: distinct-gene set coverage	29	8	27.5862068965517	FALSE	FALSE
SY365BB-0-4_bin24	Carbon	Glycolysis, core module involving three-carbon compounds	Previous algorithm: distinct-gene set coverage	12	5	41.6666666666667	FALSE	FALSE
SY365BB-0-4_bin24	Carbon	Incomplete reductive citrate cycle, acetyl-CoA => oxoglutarate	Previous algorithm: distinct-gene set coverage	17	7	41.1764705882353	FALSE	FALSE
SY365BB-0-4_bin24	Carbon	Pyruvate oxidation, pyruvate => acetyl-CoA	Previous algorithm: distinct-gene set coverage	11	5	45.4545454545455	FALSE	FALSE
SY365BB-0-4_bin24	Carbon	TCA /Reductive TCA	Previous algorithm: distinct-gene set coverage	1	0	0	FALSE	FALSE
SY365BB-8-12_bin10	Motility	Flagellar Assembly (partial 36-KO reconstruction)	Previous algorithm: distinct-gene set coverage	36	21	58.3333333333333	TRUE	FALSE
SY365BB-8-12_bin10	Vitamin B12	Cobalamin biosynthesis, cobinamide => cobalamin	Previous algorithm: distinct-gene set coverage	8	7	87.5	TRUE	TRUE
SY365BB-8-12_bin10	Vitamin B12	Cobalamin biosynthesis, precorrin2 => cobinamide	Previous algorithm: distinct-gene set coverage	25	14	56	TRUE	FALSE
SY365BB-8-12_bin10	Carbon	Acetyl-CoA pathway, CO2 => acetyl-CoA	Previous algorithm: distinct-gene set coverage	5	0	0	FALSE	FALSE
SY365BB-8-12_bin10	Carbon	Methane oxidation, methanotroph, methane => formaldehyde	Previous algorithm: distinct-gene set coverage	12	0	0	FALSE	FALSE
SY365BB-8-12_bin10	Carbon	Methanogenesis, CO2 => methane	Previous algorithm: distinct-gene set coverage	37	0	0	FALSE	FALSE
SY365BB-8-12_bin10	Carbon	Methanogenesis, acetate => methane	Previous algorithm: distinct-gene set coverage	31	1	3.2258064516129	FALSE	FALSE
SY365BB-8-12_bin10	Carbon	Methanogenesis, methanethiol => methane	Previous algorithm: distinct-gene set coverage	1	0	0	FALSE	FALSE
SY365BB-8-12_bin10	Carbon	Methanogenesis, methanol => methane	Previous algorithm: distinct-gene set coverage	19	0	0	FALSE	FALSE
SY365BB-8-12_bin10	Carbon	Methanogenesis, methylamine/dimethylamine/trimethylamine => methane	Previous algorithm: distinct-gene set coverage	23	1	4.34782608695652	FALSE	FALSE
SY365BB-8-12_bin10	Carbon	Reductive acetyl-CoA pathway (Wood-Ljungdahl pathway)	Previous algorithm: distinct-gene set coverage	10	3	30	FALSE	FALSE
SY365BB-8-12_bin10	Carbon	Reductive citrate cycle (Arnon-Buchanan cycle)	Previous algorithm: distinct-gene set coverage	43	15	34.8837209302326	FALSE	FALSE
SY365BB-8-12_bin10	Nitrogen	Assimilatory nitrate reduction, nitrate => ammonia	Previous algorithm: distinct-gene set coverage	6	0	0	FALSE	FALSE
SY365BB-8-12_bin10	Nitrogen	Complete nitrification, comammox, ammonia => nitrite => nitrate	Previous algorithm: distinct-gene set coverage	6	0	0	FALSE	FALSE
SY365BB-8-12_bin10	Nitrogen	Denitrification, nitrate => nitrogen	Previous algorithm: distinct-gene set coverage	11	4	36.3636363636364	FALSE	FALSE
SY365BB-8-12_bin10	Nitrogen	Dissimilatory nitrate reduction, nitrate => ammonia	Previous algorithm: distinct-gene set coverage	9	2	22.2222222222222	FALSE	FALSE
SY365BB-8-12_bin10	Nitrogen	Nitrate assimilation	Previous algorithm: distinct-gene set coverage	1	0	0	FALSE	FALSE
SY365BB-8-12_bin10	Nitrogen	Nitrification, ammonia => nitrite	Previous algorithm: distinct-gene set coverage	8	0	0	FALSE	FALSE
SY365BB-8-12_bin10	Nitrogen	Nitrogen fixation, nitrogen => ammonia	Previous algorithm: distinct-gene set coverage	8	0	0	FALSE	FALSE
SY365BB-8-12_bin10	Nitrogen	nitrite + ammonia => nitrogen	Previous algorithm: distinct-gene set coverage	9	1	11.1111111111111	FALSE	FALSE
SY365BB-8-12_bin10	Sulfur	Assimilatory sulfate reduction, sulfate => H2S	Previous algorithm: distinct-gene set coverage	10	3	30	FALSE	FALSE
SY365BB-8-12_bin10	Sulfur	Dissimilatory sulfate reduction, sulfate => H2S	Previous algorithm: distinct-gene set coverage	7	3	42.8571428571429	FALSE	FALSE
SY365BB-8-12_bin10	Sulfur	Thiosulfate oxidation by SOX complex, thiosulfate => sulfate	Previous algorithm: distinct-gene set coverage	7	6	85.7142857142857	TRUE	TRUE
SY365BB-8-12_bin10	Nitrogen	Urea cycle	Previous algorithm: distinct-gene set coverage	6	3	50	TRUE	FALSE
SY365BB-8-12_bin10	Nitrogen	Urea transport system	Previous algorithm: distinct-gene set coverage	5	0	0	FALSE	FALSE
SY365BB-8-12_bin10	Sulfur	Sulfate/thiosulfate transport system	Previous algorithm: distinct-gene set coverage	5	0	0	FALSE	FALSE
SY365BB-8-12_bin10	Sulfur	Sulfonate transport system	Previous algorithm: distinct-gene set coverage	3	1	33.3333333333333	FALSE	FALSE
SY365BB-8-12_bin10	Vitamin B12	Cobalamin salvage	Previous algorithm: distinct-gene set coverage	4	0	0	FALSE	FALSE
SY365BB-8-12_bin10	Vitamin B12	Vitamin B12 transport system	Previous algorithm: distinct-gene set coverage	3	0	0	FALSE	FALSE
SY365BB-8-12_bin10	Carbon	Citrate cycle (TCA cycle, Krebs cycle)	Previous algorithm: distinct-gene set coverage	40	17	42.5	FALSE	FALSE
SY365BB-8-12_bin10	Carbon	Citrate cycle, first carbon oxidation, oxaloacetate => 2-oxoglutarate	Previous algorithm: distinct-gene set coverage	6	2	33.3333333333333	FALSE	FALSE
SY365BB-8-12_bin10	Carbon	Citrate cycle, second carbon oxidation, 2-oxoglutarate => oxaloacetate	Previous algorithm: distinct-gene set coverage	34	15	44.1176470588235	FALSE	FALSE
SY365BB-8-12_bin10	Carbon	Glycolysis (Embden-Meyerhof pathway), glucose => pyruvate	Previous algorithm: distinct-gene set coverage	29	10	34.4827586206897	FALSE	FALSE
SY365BB-8-12_bin10	Carbon	Glycolysis, core module involving three-carbon compounds	Previous algorithm: distinct-gene set coverage	12	6	50	TRUE	FALSE
SY365BB-8-12_bin10	Carbon	Incomplete reductive citrate cycle, acetyl-CoA => oxoglutarate	Previous algorithm: distinct-gene set coverage	17	7	41.1764705882353	FALSE	FALSE
SY365BB-8-12_bin10	Carbon	Pyruvate oxidation, pyruvate => acetyl-CoA	Previous algorithm: distinct-gene set coverage	11	4	36.3636363636364	FALSE	FALSE
SY365BB-8-12_bin10	Carbon	TCA /Reductive TCA	Previous algorithm: distinct-gene set coverage	1	0	0	FALSE	FALSE
SY365BB-8-12_bin26	Motility	Flagellar Assembly (partial 36-KO reconstruction)	Previous algorithm: distinct-gene set coverage	36	23	63.8888888888889	TRUE	FALSE
SY365BB-8-12_bin26	Vitamin B12	Cobalamin biosynthesis, cobinamide => cobalamin	Previous algorithm: distinct-gene set coverage	8	7	87.5	TRUE	TRUE
SY365BB-8-12_bin26	Vitamin B12	Cobalamin biosynthesis, precorrin2 => cobinamide	Previous algorithm: distinct-gene set coverage	25	11	44	FALSE	FALSE
SY365BB-8-12_bin26	Carbon	Acetyl-CoA pathway, CO2 => acetyl-CoA	Previous algorithm: distinct-gene set coverage	5	0	0	FALSE	FALSE
SY365BB-8-12_bin26	Carbon	Methane oxidation, methanotroph, methane => formaldehyde	Previous algorithm: distinct-gene set coverage	12	0	0	FALSE	FALSE
SY365BB-8-12_bin26	Carbon	Methanogenesis, CO2 => methane	Previous algorithm: distinct-gene set coverage	37	0	0	FALSE	FALSE
SY365BB-8-12_bin26	Carbon	Methanogenesis, acetate => methane	Previous algorithm: distinct-gene set coverage	31	2	6.45161290322581	FALSE	FALSE
SY365BB-8-12_bin26	Carbon	Methanogenesis, methanethiol => methane	Previous algorithm: distinct-gene set coverage	1	0	0	FALSE	FALSE
SY365BB-8-12_bin26	Carbon	Methanogenesis, methanol => methane	Previous algorithm: distinct-gene set coverage	19	0	0	FALSE	FALSE
SY365BB-8-12_bin26	Carbon	Methanogenesis, methylamine/dimethylamine/trimethylamine => methane	Previous algorithm: distinct-gene set coverage	23	1	4.34782608695652	FALSE	FALSE
SY365BB-8-12_bin26	Carbon	Reductive acetyl-CoA pathway (Wood-Ljungdahl pathway)	Previous algorithm: distinct-gene set coverage	10	3	30	FALSE	FALSE
SY365BB-8-12_bin26	Carbon	Reductive citrate cycle (Arnon-Buchanan cycle)	Previous algorithm: distinct-gene set coverage	43	13	30.2325581395349	FALSE	FALSE
SY365BB-8-12_bin26	Nitrogen	Assimilatory nitrate reduction, nitrate => ammonia	Previous algorithm: distinct-gene set coverage	6	1	16.6666666666667	FALSE	FALSE
SY365BB-8-12_bin26	Nitrogen	Complete nitrification, comammox, ammonia => nitrite => nitrate	Previous algorithm: distinct-gene set coverage	6	0	0	FALSE	FALSE
SY365BB-8-12_bin26	Nitrogen	Denitrification, nitrate => nitrogen	Previous algorithm: distinct-gene set coverage	11	4	36.3636363636364	FALSE	FALSE
SY365BB-8-12_bin26	Nitrogen	Dissimilatory nitrate reduction, nitrate => ammonia	Previous algorithm: distinct-gene set coverage	9	3	33.3333333333333	FALSE	FALSE
SY365BB-8-12_bin26	Nitrogen	Nitrate assimilation	Previous algorithm: distinct-gene set coverage	1	1	100	TRUE	TRUE
SY365BB-8-12_bin26	Nitrogen	Nitrification, ammonia => nitrite	Previous algorithm: distinct-gene set coverage	8	0	0	FALSE	FALSE
SY365BB-8-12_bin26	Nitrogen	Nitrogen fixation, nitrogen => ammonia	Previous algorithm: distinct-gene set coverage	8	0	0	FALSE	FALSE
SY365BB-8-12_bin26	Nitrogen	nitrite + ammonia => nitrogen	Previous algorithm: distinct-gene set coverage	9	1	11.1111111111111	FALSE	FALSE
SY365BB-8-12_bin26	Sulfur	Assimilatory sulfate reduction, sulfate => H2S	Previous algorithm: distinct-gene set coverage	10	3	30	FALSE	FALSE
SY365BB-8-12_bin26	Sulfur	Dissimilatory sulfate reduction, sulfate => H2S	Previous algorithm: distinct-gene set coverage	7	1	14.2857142857143	FALSE	FALSE
SY365BB-8-12_bin26	Sulfur	Thiosulfate oxidation by SOX complex, thiosulfate => sulfate	Previous algorithm: distinct-gene set coverage	7	7	100	TRUE	TRUE
SY365BB-8-12_bin26	Nitrogen	Urea cycle	Previous algorithm: distinct-gene set coverage	6	4	66.6666666666667	TRUE	FALSE
SY365BB-8-12_bin26	Nitrogen	Urea transport system	Previous algorithm: distinct-gene set coverage	5	5	100	TRUE	TRUE
SY365BB-8-12_bin26	Sulfur	Sulfate/thiosulfate transport system	Previous algorithm: distinct-gene set coverage	5	0	0	FALSE	FALSE
SY365BB-8-12_bin26	Sulfur	Sulfonate transport system	Previous algorithm: distinct-gene set coverage	3	1	33.3333333333333	FALSE	FALSE
SY365BB-8-12_bin26	Vitamin B12	Cobalamin salvage	Previous algorithm: distinct-gene set coverage	4	0	0	FALSE	FALSE
SY365BB-8-12_bin26	Vitamin B12	Vitamin B12 transport system	Previous algorithm: distinct-gene set coverage	3	0	0	FALSE	FALSE
SY365BB-8-12_bin26	Carbon	Citrate cycle (TCA cycle, Krebs cycle)	Previous algorithm: distinct-gene set coverage	40	14	35	FALSE	FALSE
SY365BB-8-12_bin26	Carbon	Citrate cycle, first carbon oxidation, oxaloacetate => 2-oxoglutarate	Previous algorithm: distinct-gene set coverage	6	2	33.3333333333333	FALSE	FALSE
SY365BB-8-12_bin26	Carbon	Citrate cycle, second carbon oxidation, 2-oxoglutarate => oxaloacetate	Previous algorithm: distinct-gene set coverage	34	12	35.2941176470588	FALSE	FALSE
SY365BB-8-12_bin26	Carbon	Glycolysis (Embden-Meyerhof pathway), glucose => pyruvate	Previous algorithm: distinct-gene set coverage	29	9	31.0344827586207	FALSE	FALSE
SY365BB-8-12_bin26	Carbon	Glycolysis, core module involving three-carbon compounds	Previous algorithm: distinct-gene set coverage	12	6	50	TRUE	FALSE
SY365BB-8-12_bin26	Carbon	Incomplete reductive citrate cycle, acetyl-CoA => oxoglutarate	Previous algorithm: distinct-gene set coverage	17	5	29.4117647058824	FALSE	FALSE
SY365BB-8-12_bin26	Carbon	Pyruvate oxidation, pyruvate => acetyl-CoA	Previous algorithm: distinct-gene set coverage	11	4	36.3636363636364	FALSE	FALSE
SY365BB-8-12_bin26	Carbon	TCA /Reductive TCA	Previous algorithm: distinct-gene set coverage	1	0	0	FALSE	FALSE
SY365BB-8-12_bin7	Motility	Flagellar Assembly (partial 36-KO reconstruction)	Previous algorithm: distinct-gene set coverage	36	28	77.7777777777778	TRUE	TRUE
SY365BB-8-12_bin7	Vitamin B12	Cobalamin biosynthesis, cobinamide => cobalamin	Previous algorithm: distinct-gene set coverage	8	4	50	TRUE	FALSE
SY365BB-8-12_bin7	Vitamin B12	Cobalamin biosynthesis, precorrin2 => cobinamide	Previous algorithm: distinct-gene set coverage	25	0	0	FALSE	FALSE
SY365BB-8-12_bin7	Carbon	Acetyl-CoA pathway, CO2 => acetyl-CoA	Previous algorithm: distinct-gene set coverage	5	0	0	FALSE	FALSE
SY365BB-8-12_bin7	Carbon	Methane oxidation, methanotroph, methane => formaldehyde	Previous algorithm: distinct-gene set coverage	12	0	0	FALSE	FALSE
SY365BB-8-12_bin7	Carbon	Methanogenesis, CO2 => methane	Previous algorithm: distinct-gene set coverage	37	0	0	FALSE	FALSE
SY365BB-8-12_bin7	Carbon	Methanogenesis, acetate => methane	Previous algorithm: distinct-gene set coverage	31	4	12.9032258064516	FALSE	FALSE
SY365BB-8-12_bin7	Carbon	Methanogenesis, methanethiol => methane	Previous algorithm: distinct-gene set coverage	1	0	0	FALSE	FALSE
SY365BB-8-12_bin7	Carbon	Methanogenesis, methanol => methane	Previous algorithm: distinct-gene set coverage	19	0	0	FALSE	FALSE
SY365BB-8-12_bin7	Carbon	Methanogenesis, methylamine/dimethylamine/trimethylamine => methane	Previous algorithm: distinct-gene set coverage	23	0	0	FALSE	FALSE
SY365BB-8-12_bin7	Carbon	Reductive acetyl-CoA pathway (Wood-Ljungdahl pathway)	Previous algorithm: distinct-gene set coverage	10	2	20	FALSE	FALSE
SY365BB-8-12_bin7	Carbon	Reductive citrate cycle (Arnon-Buchanan cycle)	Previous algorithm: distinct-gene set coverage	43	13	30.2325581395349	FALSE	FALSE
SY365BB-8-12_bin7	Nitrogen	Assimilatory nitrate reduction, nitrate => ammonia	Previous algorithm: distinct-gene set coverage	6	1	16.6666666666667	FALSE	FALSE
SY365BB-8-12_bin7	Nitrogen	Complete nitrification, comammox, ammonia => nitrite => nitrate	Previous algorithm: distinct-gene set coverage	6	0	0	FALSE	FALSE
SY365BB-8-12_bin7	Nitrogen	Denitrification, nitrate => nitrogen	Previous algorithm: distinct-gene set coverage	11	6	54.5454545454545	TRUE	FALSE
SY365BB-8-12_bin7	Nitrogen	Dissimilatory nitrate reduction, nitrate => ammonia	Previous algorithm: distinct-gene set coverage	9	5	55.5555555555556	TRUE	FALSE
SY365BB-8-12_bin7	Nitrogen	Nitrate assimilation	Previous algorithm: distinct-gene set coverage	1	1	100	TRUE	TRUE
SY365BB-8-12_bin7	Nitrogen	Nitrification, ammonia => nitrite	Previous algorithm: distinct-gene set coverage	8	0	0	FALSE	FALSE
SY365BB-8-12_bin7	Nitrogen	Nitrogen fixation, nitrogen => ammonia	Previous algorithm: distinct-gene set coverage	8	0	0	FALSE	FALSE
SY365BB-8-12_bin7	Nitrogen	nitrite + ammonia => nitrogen	Previous algorithm: distinct-gene set coverage	9	1	11.1111111111111	FALSE	FALSE
SY365BB-8-12_bin7	Sulfur	Assimilatory sulfate reduction, sulfate => H2S	Previous algorithm: distinct-gene set coverage	10	6	60	TRUE	FALSE
SY365BB-8-12_bin7	Sulfur	Dissimilatory sulfate reduction, sulfate => H2S	Previous algorithm: distinct-gene set coverage	7	2	28.5714285714286	FALSE	FALSE
SY365BB-8-12_bin7	Sulfur	Thiosulfate oxidation by SOX complex, thiosulfate => sulfate	Previous algorithm: distinct-gene set coverage	7	0	0	FALSE	FALSE
SY365BB-8-12_bin7	Nitrogen	Urea cycle	Previous algorithm: distinct-gene set coverage	6	2	33.3333333333333	FALSE	FALSE
SY365BB-8-12_bin7	Nitrogen	Urea transport system	Previous algorithm: distinct-gene set coverage	5	0	0	FALSE	FALSE
SY365BB-8-12_bin7	Sulfur	Sulfate/thiosulfate transport system	Previous algorithm: distinct-gene set coverage	5	0	0	FALSE	FALSE
SY365BB-8-12_bin7	Sulfur	Sulfonate transport system	Previous algorithm: distinct-gene set coverage	3	0	0	FALSE	FALSE
SY365BB-8-12_bin7	Vitamin B12	Cobalamin salvage	Previous algorithm: distinct-gene set coverage	4	0	0	FALSE	FALSE
SY365BB-8-12_bin7	Vitamin B12	Vitamin B12 transport system	Previous algorithm: distinct-gene set coverage	3	0	0	FALSE	FALSE
SY365BB-8-12_bin7	Carbon	Citrate cycle (TCA cycle, Krebs cycle)	Previous algorithm: distinct-gene set coverage	40	14	35	FALSE	FALSE
SY365BB-8-12_bin7	Carbon	Citrate cycle, first carbon oxidation, oxaloacetate => 2-oxoglutarate	Previous algorithm: distinct-gene set coverage	6	3	50	TRUE	FALSE
SY365BB-8-12_bin7	Carbon	Citrate cycle, second carbon oxidation, 2-oxoglutarate => oxaloacetate	Previous algorithm: distinct-gene set coverage	34	11	32.3529411764706	FALSE	FALSE
SY365BB-8-12_bin7	Carbon	Glycolysis (Embden-Meyerhof pathway), glucose => pyruvate	Previous algorithm: distinct-gene set coverage	29	8	27.5862068965517	FALSE	FALSE
SY365BB-8-12_bin7	Carbon	Glycolysis, core module involving three-carbon compounds	Previous algorithm: distinct-gene set coverage	12	5	41.6666666666667	FALSE	FALSE
SY365BB-8-12_bin7	Carbon	Incomplete reductive citrate cycle, acetyl-CoA => oxoglutarate	Previous algorithm: distinct-gene set coverage	17	1	5.88235294117647	FALSE	FALSE
SY365BB-8-12_bin7	Carbon	Pyruvate oxidation, pyruvate => acetyl-CoA	Previous algorithm: distinct-gene set coverage	11	2	18.1818181818182	FALSE	FALSE
SY365BB-8-12_bin7	Carbon	TCA /Reductive TCA	Previous algorithm: distinct-gene set coverage	1	1	100	TRUE	TRUE
SY365BB-8-12_bin8	Motility	Flagellar Assembly (partial 36-KO reconstruction)	Previous algorithm: distinct-gene set coverage	36	22	61.1111111111111	TRUE	FALSE
SY365BB-8-12_bin8	Vitamin B12	Cobalamin biosynthesis, cobinamide => cobalamin	Previous algorithm: distinct-gene set coverage	8	6	75	TRUE	TRUE
SY365BB-8-12_bin8	Vitamin B12	Cobalamin biosynthesis, precorrin2 => cobinamide	Previous algorithm: distinct-gene set coverage	25	13	52	TRUE	FALSE
SY365BB-8-12_bin8	Carbon	Acetyl-CoA pathway, CO2 => acetyl-CoA	Previous algorithm: distinct-gene set coverage	5	0	0	FALSE	FALSE
SY365BB-8-12_bin8	Carbon	Methane oxidation, methanotroph, methane => formaldehyde	Previous algorithm: distinct-gene set coverage	12	0	0	FALSE	FALSE
SY365BB-8-12_bin8	Carbon	Methanogenesis, CO2 => methane	Previous algorithm: distinct-gene set coverage	37	0	0	FALSE	FALSE
SY365BB-8-12_bin8	Carbon	Methanogenesis, acetate => methane	Previous algorithm: distinct-gene set coverage	31	1	3.2258064516129	FALSE	FALSE
SY365BB-8-12_bin8	Carbon	Methanogenesis, methanethiol => methane	Previous algorithm: distinct-gene set coverage	1	0	0	FALSE	FALSE
SY365BB-8-12_bin8	Carbon	Methanogenesis, methanol => methane	Previous algorithm: distinct-gene set coverage	19	0	0	FALSE	FALSE
SY365BB-8-12_bin8	Carbon	Methanogenesis, methylamine/dimethylamine/trimethylamine => methane	Previous algorithm: distinct-gene set coverage	23	1	4.34782608695652	FALSE	FALSE
SY365BB-8-12_bin8	Carbon	Reductive acetyl-CoA pathway (Wood-Ljungdahl pathway)	Previous algorithm: distinct-gene set coverage	10	2	20	FALSE	FALSE
SY365BB-8-12_bin8	Carbon	Reductive citrate cycle (Arnon-Buchanan cycle)	Previous algorithm: distinct-gene set coverage	43	12	27.906976744186	FALSE	FALSE
SY365BB-8-12_bin8	Nitrogen	Assimilatory nitrate reduction, nitrate => ammonia	Previous algorithm: distinct-gene set coverage	6	0	0	FALSE	FALSE
SY365BB-8-12_bin8	Nitrogen	Complete nitrification, comammox, ammonia => nitrite => nitrate	Previous algorithm: distinct-gene set coverage	6	0	0	FALSE	FALSE
SY365BB-8-12_bin8	Nitrogen	Denitrification, nitrate => nitrogen	Previous algorithm: distinct-gene set coverage	11	4	36.3636363636364	FALSE	FALSE
SY365BB-8-12_bin8	Nitrogen	Dissimilatory nitrate reduction, nitrate => ammonia	Previous algorithm: distinct-gene set coverage	9	3	33.3333333333333	FALSE	FALSE
SY365BB-8-12_bin8	Nitrogen	Nitrate assimilation	Previous algorithm: distinct-gene set coverage	1	0	0	FALSE	FALSE
SY365BB-8-12_bin8	Nitrogen	Nitrification, ammonia => nitrite	Previous algorithm: distinct-gene set coverage	8	0	0	FALSE	FALSE
SY365BB-8-12_bin8	Nitrogen	Nitrogen fixation, nitrogen => ammonia	Previous algorithm: distinct-gene set coverage	8	0	0	FALSE	FALSE
SY365BB-8-12_bin8	Nitrogen	nitrite + ammonia => nitrogen	Previous algorithm: distinct-gene set coverage	9	1	11.1111111111111	FALSE	FALSE
SY365BB-8-12_bin8	Sulfur	Assimilatory sulfate reduction, sulfate => H2S	Previous algorithm: distinct-gene set coverage	10	1	10	FALSE	FALSE
SY365BB-8-12_bin8	Sulfur	Dissimilatory sulfate reduction, sulfate => H2S	Previous algorithm: distinct-gene set coverage	7	3	42.8571428571429	FALSE	FALSE
SY365BB-8-12_bin8	Sulfur	Thiosulfate oxidation by SOX complex, thiosulfate => sulfate	Previous algorithm: distinct-gene set coverage	7	6	85.7142857142857	TRUE	TRUE
SY365BB-8-12_bin8	Nitrogen	Urea cycle	Previous algorithm: distinct-gene set coverage	6	2	33.3333333333333	FALSE	FALSE
SY365BB-8-12_bin8	Nitrogen	Urea transport system	Previous algorithm: distinct-gene set coverage	5	0	0	FALSE	FALSE
SY365BB-8-12_bin8	Sulfur	Sulfate/thiosulfate transport system	Previous algorithm: distinct-gene set coverage	5	0	0	FALSE	FALSE
SY365BB-8-12_bin8	Sulfur	Sulfonate transport system	Previous algorithm: distinct-gene set coverage	3	0	0	FALSE	FALSE
SY365BB-8-12_bin8	Vitamin B12	Cobalamin salvage	Previous algorithm: distinct-gene set coverage	4	0	0	FALSE	FALSE
SY365BB-8-12_bin8	Vitamin B12	Vitamin B12 transport system	Previous algorithm: distinct-gene set coverage	3	0	0	FALSE	FALSE
SY365BB-8-12_bin8	Carbon	Citrate cycle (TCA cycle, Krebs cycle)	Previous algorithm: distinct-gene set coverage	40	13	32.5	FALSE	FALSE
SY365BB-8-12_bin8	Carbon	Citrate cycle, first carbon oxidation, oxaloacetate => 2-oxoglutarate	Previous algorithm: distinct-gene set coverage	6	2	33.3333333333333	FALSE	FALSE
SY365BB-8-12_bin8	Carbon	Citrate cycle, second carbon oxidation, 2-oxoglutarate => oxaloacetate	Previous algorithm: distinct-gene set coverage	34	11	32.3529411764706	FALSE	FALSE
SY365BB-8-12_bin8	Carbon	Glycolysis (Embden-Meyerhof pathway), glucose => pyruvate	Previous algorithm: distinct-gene set coverage	29	7	24.1379310344828	FALSE	FALSE
SY365BB-8-12_bin8	Carbon	Glycolysis, core module involving three-carbon compounds	Previous algorithm: distinct-gene set coverage	12	4	33.3333333333333	FALSE	FALSE
SY365BB-8-12_bin8	Carbon	Incomplete reductive citrate cycle, acetyl-CoA => oxoglutarate	Previous algorithm: distinct-gene set coverage	17	7	41.1764705882353	FALSE	FALSE
SY365BB-8-12_bin8	Carbon	Pyruvate oxidation, pyruvate => acetyl-CoA	Previous algorithm: distinct-gene set coverage	11	4	36.3636363636364	FALSE	FALSE
SY365BB-8-12_bin8	Carbon	TCA /Reductive TCA	Previous algorithm: distinct-gene set coverage	1	0	0	FALSE	FALSE
SY366YB-0-4_bin3	Motility	Flagellar Assembly (partial 36-KO reconstruction)	Previous algorithm: distinct-gene set coverage	36	1	2.77777777777778	FALSE	FALSE
SY366YB-0-4_bin3	Vitamin B12	Cobalamin biosynthesis, cobinamide => cobalamin	Previous algorithm: distinct-gene set coverage	8	0	0	FALSE	FALSE
SY366YB-0-4_bin3	Vitamin B12	Cobalamin biosynthesis, precorrin2 => cobinamide	Previous algorithm: distinct-gene set coverage	25	1	4	FALSE	FALSE
SY366YB-0-4_bin3	Carbon	Acetyl-CoA pathway, CO2 => acetyl-CoA	Previous algorithm: distinct-gene set coverage	5	0	0	FALSE	FALSE
SY366YB-0-4_bin3	Carbon	Methane oxidation, methanotroph, methane => formaldehyde	Previous algorithm: distinct-gene set coverage	12	0	0	FALSE	FALSE
SY366YB-0-4_bin3	Carbon	Methanogenesis, CO2 => methane	Previous algorithm: distinct-gene set coverage	37	0	0	FALSE	FALSE
SY366YB-0-4_bin3	Carbon	Methanogenesis, acetate => methane	Previous algorithm: distinct-gene set coverage	31	0	0	FALSE	FALSE
SY366YB-0-4_bin3	Carbon	Methanogenesis, methanethiol => methane	Previous algorithm: distinct-gene set coverage	1	0	0	FALSE	FALSE
SY366YB-0-4_bin3	Carbon	Methanogenesis, methanol => methane	Previous algorithm: distinct-gene set coverage	19	0	0	FALSE	FALSE
SY366YB-0-4_bin3	Carbon	Methanogenesis, methylamine/dimethylamine/trimethylamine => methane	Previous algorithm: distinct-gene set coverage	23	1	4.34782608695652	FALSE	FALSE
SY366YB-0-4_bin3	Carbon	Reductive acetyl-CoA pathway (Wood-Ljungdahl pathway)	Previous algorithm: distinct-gene set coverage	10	3	30	FALSE	FALSE
SY366YB-0-4_bin3	Carbon	Reductive citrate cycle (Arnon-Buchanan cycle)	Previous algorithm: distinct-gene set coverage	43	12	27.906976744186	FALSE	FALSE
SY366YB-0-4_bin3	Nitrogen	Assimilatory nitrate reduction, nitrate => ammonia	Previous algorithm: distinct-gene set coverage	6	0	0	FALSE	FALSE
SY366YB-0-4_bin3	Nitrogen	Complete nitrification, comammox, ammonia => nitrite => nitrate	Previous algorithm: distinct-gene set coverage	6	0	0	FALSE	FALSE
SY366YB-0-4_bin3	Nitrogen	Denitrification, nitrate => nitrogen	Previous algorithm: distinct-gene set coverage	11	1	9.09090909090909	FALSE	FALSE
SY366YB-0-4_bin3	Nitrogen	Dissimilatory nitrate reduction, nitrate => ammonia	Previous algorithm: distinct-gene set coverage	9	2	22.2222222222222	FALSE	FALSE
SY366YB-0-4_bin3	Nitrogen	Nitrate assimilation	Previous algorithm: distinct-gene set coverage	1	0	0	FALSE	FALSE
SY366YB-0-4_bin3	Nitrogen	Nitrification, ammonia => nitrite	Previous algorithm: distinct-gene set coverage	8	0	0	FALSE	FALSE
SY366YB-0-4_bin3	Nitrogen	Nitrogen fixation, nitrogen => ammonia	Previous algorithm: distinct-gene set coverage	8	0	0	FALSE	FALSE
SY366YB-0-4_bin3	Nitrogen	nitrite + ammonia => nitrogen	Previous algorithm: distinct-gene set coverage	9	0	0	FALSE	FALSE
SY366YB-0-4_bin3	Sulfur	Assimilatory sulfate reduction, sulfate => H2S	Previous algorithm: distinct-gene set coverage	10	1	10	FALSE	FALSE
SY366YB-0-4_bin3	Sulfur	Dissimilatory sulfate reduction, sulfate => H2S	Previous algorithm: distinct-gene set coverage	7	2	28.5714285714286	FALSE	FALSE
SY366YB-0-4_bin3	Sulfur	Thiosulfate oxidation by SOX complex, thiosulfate => sulfate	Previous algorithm: distinct-gene set coverage	7	1	14.2857142857143	FALSE	FALSE
SY366YB-0-4_bin3	Nitrogen	Urea cycle	Previous algorithm: distinct-gene set coverage	6	3	50	TRUE	FALSE
SY366YB-0-4_bin3	Nitrogen	Urea transport system	Previous algorithm: distinct-gene set coverage	5	0	0	FALSE	FALSE
SY366YB-0-4_bin3	Sulfur	Sulfate/thiosulfate transport system	Previous algorithm: distinct-gene set coverage	5	0	0	FALSE	FALSE
SY366YB-0-4_bin3	Sulfur	Sulfonate transport system	Previous algorithm: distinct-gene set coverage	3	0	0	FALSE	FALSE
SY366YB-0-4_bin3	Vitamin B12	Cobalamin salvage	Previous algorithm: distinct-gene set coverage	4	0	0	FALSE	FALSE
SY366YB-0-4_bin3	Vitamin B12	Vitamin B12 transport system	Previous algorithm: distinct-gene set coverage	3	0	0	FALSE	FALSE
SY366YB-0-4_bin3	Carbon	Citrate cycle (TCA cycle, Krebs cycle)	Previous algorithm: distinct-gene set coverage	40	10	25	FALSE	FALSE
SY366YB-0-4_bin3	Carbon	Citrate cycle, first carbon oxidation, oxaloacetate => 2-oxoglutarate	Previous algorithm: distinct-gene set coverage	6	0	0	FALSE	FALSE
SY366YB-0-4_bin3	Carbon	Citrate cycle, second carbon oxidation, 2-oxoglutarate => oxaloacetate	Previous algorithm: distinct-gene set coverage	34	10	29.4117647058824	FALSE	FALSE
SY366YB-0-4_bin3	Carbon	Glycolysis (Embden-Meyerhof pathway), glucose => pyruvate	Previous algorithm: distinct-gene set coverage	29	6	20.6896551724138	FALSE	FALSE
SY366YB-0-4_bin3	Carbon	Glycolysis, core module involving three-carbon compounds	Previous algorithm: distinct-gene set coverage	12	5	41.6666666666667	FALSE	FALSE
SY366YB-0-4_bin3	Carbon	Incomplete reductive citrate cycle, acetyl-CoA => oxoglutarate	Previous algorithm: distinct-gene set coverage	17	5	29.4117647058824	FALSE	FALSE
SY366YB-0-4_bin3	Carbon	Pyruvate oxidation, pyruvate => acetyl-CoA	Previous algorithm: distinct-gene set coverage	11	2	18.1818181818182	FALSE	FALSE
SY366YB-0-4_bin3	Carbon	TCA /Reductive TCA	Previous algorithm: distinct-gene set coverage	1	0	0	FALSE	FALSE
SY366YB-0-4_bin5	Motility	Flagellar Assembly (partial 36-KO reconstruction)	Previous algorithm: distinct-gene set coverage	36	21	58.3333333333333	TRUE	FALSE
SY366YB-0-4_bin5	Vitamin B12	Cobalamin biosynthesis, cobinamide => cobalamin	Previous algorithm: distinct-gene set coverage	8	4	50	TRUE	FALSE
SY366YB-0-4_bin5	Vitamin B12	Cobalamin biosynthesis, precorrin2 => cobinamide	Previous algorithm: distinct-gene set coverage	25	10	40	FALSE	FALSE
SY366YB-0-4_bin5	Carbon	Acetyl-CoA pathway, CO2 => acetyl-CoA	Previous algorithm: distinct-gene set coverage	5	0	0	FALSE	FALSE
SY366YB-0-4_bin5	Carbon	Methane oxidation, methanotroph, methane => formaldehyde	Previous algorithm: distinct-gene set coverage	12	0	0	FALSE	FALSE
SY366YB-0-4_bin5	Carbon	Methanogenesis, CO2 => methane	Previous algorithm: distinct-gene set coverage	37	0	0	FALSE	FALSE
SY366YB-0-4_bin5	Carbon	Methanogenesis, acetate => methane	Previous algorithm: distinct-gene set coverage	31	1	3.2258064516129	FALSE	FALSE
SY366YB-0-4_bin5	Carbon	Methanogenesis, methanethiol => methane	Previous algorithm: distinct-gene set coverage	1	0	0	FALSE	FALSE
SY366YB-0-4_bin5	Carbon	Methanogenesis, methanol => methane	Previous algorithm: distinct-gene set coverage	19	0	0	FALSE	FALSE
SY366YB-0-4_bin5	Carbon	Methanogenesis, methylamine/dimethylamine/trimethylamine => methane	Previous algorithm: distinct-gene set coverage	23	1	4.34782608695652	FALSE	FALSE
SY366YB-0-4_bin5	Carbon	Reductive acetyl-CoA pathway (Wood-Ljungdahl pathway)	Previous algorithm: distinct-gene set coverage	10	3	30	FALSE	FALSE
SY366YB-0-4_bin5	Carbon	Reductive citrate cycle (Arnon-Buchanan cycle)	Previous algorithm: distinct-gene set coverage	43	12	27.906976744186	FALSE	FALSE
SY366YB-0-4_bin5	Nitrogen	Assimilatory nitrate reduction, nitrate => ammonia	Previous algorithm: distinct-gene set coverage	6	0	0	FALSE	FALSE
SY366YB-0-4_bin5	Nitrogen	Complete nitrification, comammox, ammonia => nitrite => nitrate	Previous algorithm: distinct-gene set coverage	6	0	0	FALSE	FALSE
SY366YB-0-4_bin5	Nitrogen	Denitrification, nitrate => nitrogen	Previous algorithm: distinct-gene set coverage	11	1	9.09090909090909	FALSE	FALSE
SY366YB-0-4_bin5	Nitrogen	Dissimilatory nitrate reduction, nitrate => ammonia	Previous algorithm: distinct-gene set coverage	9	3	33.3333333333333	FALSE	FALSE
SY366YB-0-4_bin5	Nitrogen	Nitrate assimilation	Previous algorithm: distinct-gene set coverage	1	0	0	FALSE	FALSE
SY366YB-0-4_bin5	Nitrogen	Nitrification, ammonia => nitrite	Previous algorithm: distinct-gene set coverage	8	0	0	FALSE	FALSE
SY366YB-0-4_bin5	Nitrogen	Nitrogen fixation, nitrogen => ammonia	Previous algorithm: distinct-gene set coverage	8	0	0	FALSE	FALSE
SY366YB-0-4_bin5	Nitrogen	nitrite + ammonia => nitrogen	Previous algorithm: distinct-gene set coverage	9	0	0	FALSE	FALSE
SY366YB-0-4_bin5	Sulfur	Assimilatory sulfate reduction, sulfate => H2S	Previous algorithm: distinct-gene set coverage	10	3	30	FALSE	FALSE
SY366YB-0-4_bin5	Sulfur	Dissimilatory sulfate reduction, sulfate => H2S	Previous algorithm: distinct-gene set coverage	7	1	14.2857142857143	FALSE	FALSE
SY366YB-0-4_bin5	Sulfur	Thiosulfate oxidation by SOX complex, thiosulfate => sulfate	Previous algorithm: distinct-gene set coverage	7	4	57.1428571428571	TRUE	FALSE
SY366YB-0-4_bin5	Nitrogen	Urea cycle	Previous algorithm: distinct-gene set coverage	6	3	50	TRUE	FALSE
SY366YB-0-4_bin5	Nitrogen	Urea transport system	Previous algorithm: distinct-gene set coverage	5	0	0	FALSE	FALSE
SY366YB-0-4_bin5	Sulfur	Sulfate/thiosulfate transport system	Previous algorithm: distinct-gene set coverage	5	0	0	FALSE	FALSE
SY366YB-0-4_bin5	Sulfur	Sulfonate transport system	Previous algorithm: distinct-gene set coverage	3	1	33.3333333333333	FALSE	FALSE
SY366YB-0-4_bin5	Vitamin B12	Cobalamin salvage	Previous algorithm: distinct-gene set coverage	4	0	0	FALSE	FALSE
SY366YB-0-4_bin5	Vitamin B12	Vitamin B12 transport system	Previous algorithm: distinct-gene set coverage	3	0	0	FALSE	FALSE
SY366YB-0-4_bin5	Carbon	Citrate cycle (TCA cycle, Krebs cycle)	Previous algorithm: distinct-gene set coverage	40	10	25	FALSE	FALSE
SY366YB-0-4_bin5	Carbon	Citrate cycle, first carbon oxidation, oxaloacetate => 2-oxoglutarate	Previous algorithm: distinct-gene set coverage	6	2	33.3333333333333	FALSE	FALSE
SY366YB-0-4_bin5	Carbon	Citrate cycle, second carbon oxidation, 2-oxoglutarate => oxaloacetate	Previous algorithm: distinct-gene set coverage	34	8	23.5294117647059	FALSE	FALSE
SY366YB-0-4_bin5	Carbon	Glycolysis (Embden-Meyerhof pathway), glucose => pyruvate	Previous algorithm: distinct-gene set coverage	29	6	20.6896551724138	FALSE	FALSE
SY366YB-0-4_bin5	Carbon	Glycolysis, core module involving three-carbon compounds	Previous algorithm: distinct-gene set coverage	12	4	33.3333333333333	FALSE	FALSE
SY366YB-0-4_bin5	Carbon	Incomplete reductive citrate cycle, acetyl-CoA => oxoglutarate	Previous algorithm: distinct-gene set coverage	17	3	17.6470588235294	FALSE	FALSE
SY366YB-0-4_bin5	Carbon	Pyruvate oxidation, pyruvate => acetyl-CoA	Previous algorithm: distinct-gene set coverage	11	6	54.5454545454545	TRUE	FALSE
SY366YB-0-4_bin5	Carbon	TCA /Reductive TCA	Previous algorithm: distinct-gene set coverage	1	0	0	FALSE	FALSE
SY366YW-0-4_bin2	Motility	Flagellar Assembly (partial 36-KO reconstruction)	Previous algorithm: distinct-gene set coverage	36	0	0	FALSE	FALSE
SY366YW-0-4_bin2	Vitamin B12	Cobalamin biosynthesis, cobinamide => cobalamin	Previous algorithm: distinct-gene set coverage	8	1	12.5	FALSE	FALSE
SY366YW-0-4_bin2	Vitamin B12	Cobalamin biosynthesis, precorrin2 => cobinamide	Previous algorithm: distinct-gene set coverage	25	0	0	FALSE	FALSE
SY366YW-0-4_bin2	Carbon	Acetyl-CoA pathway, CO2 => acetyl-CoA	Previous algorithm: distinct-gene set coverage	5	0	0	FALSE	FALSE
SY366YW-0-4_bin2	Carbon	Methane oxidation, methanotroph, methane => formaldehyde	Previous algorithm: distinct-gene set coverage	12	0	0	FALSE	FALSE
SY366YW-0-4_bin2	Carbon	Methanogenesis, CO2 => methane	Previous algorithm: distinct-gene set coverage	37	1	2.7027027027027	FALSE	FALSE
SY366YW-0-4_bin2	Carbon	Methanogenesis, acetate => methane	Previous algorithm: distinct-gene set coverage	31	0	0	FALSE	FALSE
SY366YW-0-4_bin2	Carbon	Methanogenesis, methanethiol => methane	Previous algorithm: distinct-gene set coverage	1	0	0	FALSE	FALSE
SY366YW-0-4_bin2	Carbon	Methanogenesis, methanol => methane	Previous algorithm: distinct-gene set coverage	19	0	0	FALSE	FALSE
SY366YW-0-4_bin2	Carbon	Methanogenesis, methylamine/dimethylamine/trimethylamine => methane	Previous algorithm: distinct-gene set coverage	23	0	0	FALSE	FALSE
SY366YW-0-4_bin2	Carbon	Reductive acetyl-CoA pathway (Wood-Ljungdahl pathway)	Previous algorithm: distinct-gene set coverage	10	0	0	FALSE	FALSE
SY366YW-0-4_bin2	Carbon	Reductive citrate cycle (Arnon-Buchanan cycle)	Previous algorithm: distinct-gene set coverage	43	7	16.2790697674419	FALSE	FALSE
SY366YW-0-4_bin2	Nitrogen	Assimilatory nitrate reduction, nitrate => ammonia	Previous algorithm: distinct-gene set coverage	6	0	0	FALSE	FALSE
SY366YW-0-4_bin2	Nitrogen	Complete nitrification, comammox, ammonia => nitrite => nitrate	Previous algorithm: distinct-gene set coverage	6	1	16.6666666666667	FALSE	FALSE
SY366YW-0-4_bin2	Nitrogen	Denitrification, nitrate => nitrogen	Previous algorithm: distinct-gene set coverage	11	1	9.09090909090909	FALSE	FALSE
SY366YW-0-4_bin2	Nitrogen	Dissimilatory nitrate reduction, nitrate => ammonia	Previous algorithm: distinct-gene set coverage	9	1	11.1111111111111	FALSE	FALSE
SY366YW-0-4_bin2	Nitrogen	Nitrate assimilation	Previous algorithm: distinct-gene set coverage	1	0	0	FALSE	FALSE
SY366YW-0-4_bin2	Nitrogen	Nitrification, ammonia => nitrite	Previous algorithm: distinct-gene set coverage	8	0	0	FALSE	FALSE
SY366YW-0-4_bin2	Nitrogen	Nitrogen fixation, nitrogen => ammonia	Previous algorithm: distinct-gene set coverage	8	0	0	FALSE	FALSE
SY366YW-0-4_bin2	Nitrogen	nitrite + ammonia => nitrogen	Previous algorithm: distinct-gene set coverage	9	1	11.1111111111111	FALSE	FALSE
SY366YW-0-4_bin2	Sulfur	Assimilatory sulfate reduction, sulfate => H2S	Previous algorithm: distinct-gene set coverage	10	1	10	FALSE	FALSE
SY366YW-0-4_bin2	Sulfur	Dissimilatory sulfate reduction, sulfate => H2S	Previous algorithm: distinct-gene set coverage	7	1	14.2857142857143	FALSE	FALSE
SY366YW-0-4_bin2	Sulfur	Thiosulfate oxidation by SOX complex, thiosulfate => sulfate	Previous algorithm: distinct-gene set coverage	7	0	0	FALSE	FALSE
SY366YW-0-4_bin2	Nitrogen	Urea cycle	Previous algorithm: distinct-gene set coverage	6	1	16.6666666666667	FALSE	FALSE
SY366YW-0-4_bin2	Nitrogen	Urea transport system	Previous algorithm: distinct-gene set coverage	5	0	0	FALSE	FALSE
SY366YW-0-4_bin2	Sulfur	Sulfate/thiosulfate transport system	Previous algorithm: distinct-gene set coverage	5	0	0	FALSE	FALSE
SY366YW-0-4_bin2	Sulfur	Sulfonate transport system	Previous algorithm: distinct-gene set coverage	3	0	0	FALSE	FALSE
SY366YW-0-4_bin2	Vitamin B12	Cobalamin salvage	Previous algorithm: distinct-gene set coverage	4	0	0	FALSE	FALSE
SY366YW-0-4_bin2	Vitamin B12	Vitamin B12 transport system	Previous algorithm: distinct-gene set coverage	3	0	0	FALSE	FALSE
SY366YW-0-4_bin2	Carbon	Citrate cycle (TCA cycle, Krebs cycle)	Previous algorithm: distinct-gene set coverage	40	6	15	FALSE	FALSE
SY366YW-0-4_bin2	Carbon	Citrate cycle, first carbon oxidation, oxaloacetate => 2-oxoglutarate	Previous algorithm: distinct-gene set coverage	6	1	16.6666666666667	FALSE	FALSE
SY366YW-0-4_bin2	Carbon	Citrate cycle, second carbon oxidation, 2-oxoglutarate => oxaloacetate	Previous algorithm: distinct-gene set coverage	34	5	14.7058823529412	FALSE	FALSE
SY366YW-0-4_bin2	Carbon	Glycolysis (Embden-Meyerhof pathway), glucose => pyruvate	Previous algorithm: distinct-gene set coverage	29	7	24.1379310344828	FALSE	FALSE
SY366YW-0-4_bin2	Carbon	Glycolysis, core module involving three-carbon compounds	Previous algorithm: distinct-gene set coverage	12	5	41.6666666666667	FALSE	FALSE
SY366YW-0-4_bin2	Carbon	Incomplete reductive citrate cycle, acetyl-CoA => oxoglutarate	Previous algorithm: distinct-gene set coverage	17	3	17.6470588235294	FALSE	FALSE
SY366YW-0-4_bin2	Carbon	Pyruvate oxidation, pyruvate => acetyl-CoA	Previous algorithm: distinct-gene set coverage	11	2	18.1818181818182	FALSE	FALSE
SY366YW-0-4_bin2	Carbon	TCA /Reductive TCA	Previous algorithm: distinct-gene set coverage	1	0	0	FALSE	FALSE
SY366YW-0-4_bin34	Motility	Flagellar Assembly (partial 36-KO reconstruction)	Previous algorithm: distinct-gene set coverage	36	26	72.2222222222222	TRUE	FALSE
SY366YW-0-4_bin34	Vitamin B12	Cobalamin biosynthesis, cobinamide => cobalamin	Previous algorithm: distinct-gene set coverage	8	7	87.5	TRUE	TRUE
SY366YW-0-4_bin34	Vitamin B12	Cobalamin biosynthesis, precorrin2 => cobinamide	Previous algorithm: distinct-gene set coverage	25	13	52	TRUE	FALSE
SY366YW-0-4_bin34	Carbon	Acetyl-CoA pathway, CO2 => acetyl-CoA	Previous algorithm: distinct-gene set coverage	5	0	0	FALSE	FALSE
SY366YW-0-4_bin34	Carbon	Methane oxidation, methanotroph, methane => formaldehyde	Previous algorithm: distinct-gene set coverage	12	0	0	FALSE	FALSE
SY366YW-0-4_bin34	Carbon	Methanogenesis, CO2 => methane	Previous algorithm: distinct-gene set coverage	37	0	0	FALSE	FALSE
SY366YW-0-4_bin34	Carbon	Methanogenesis, acetate => methane	Previous algorithm: distinct-gene set coverage	31	1	3.2258064516129	FALSE	FALSE
SY366YW-0-4_bin34	Carbon	Methanogenesis, methanethiol => methane	Previous algorithm: distinct-gene set coverage	1	0	0	FALSE	FALSE
SY366YW-0-4_bin34	Carbon	Methanogenesis, methanol => methane	Previous algorithm: distinct-gene set coverage	19	0	0	FALSE	FALSE
SY366YW-0-4_bin34	Carbon	Methanogenesis, methylamine/dimethylamine/trimethylamine => methane	Previous algorithm: distinct-gene set coverage	23	1	4.34782608695652	FALSE	FALSE
SY366YW-0-4_bin34	Carbon	Reductive acetyl-CoA pathway (Wood-Ljungdahl pathway)	Previous algorithm: distinct-gene set coverage	10	3	30	FALSE	FALSE
SY366YW-0-4_bin34	Carbon	Reductive citrate cycle (Arnon-Buchanan cycle)	Previous algorithm: distinct-gene set coverage	43	16	37.2093023255814	FALSE	FALSE
SY366YW-0-4_bin34	Nitrogen	Assimilatory nitrate reduction, nitrate => ammonia	Previous algorithm: distinct-gene set coverage	6	0	0	FALSE	FALSE
SY366YW-0-4_bin34	Nitrogen	Complete nitrification, comammox, ammonia => nitrite => nitrate	Previous algorithm: distinct-gene set coverage	6	0	0	FALSE	FALSE
SY366YW-0-4_bin34	Nitrogen	Denitrification, nitrate => nitrogen	Previous algorithm: distinct-gene set coverage	11	6	54.5454545454545	TRUE	FALSE
SY366YW-0-4_bin34	Nitrogen	Dissimilatory nitrate reduction, nitrate => ammonia	Previous algorithm: distinct-gene set coverage	9	2	22.2222222222222	FALSE	FALSE
SY366YW-0-4_bin34	Nitrogen	Nitrate assimilation	Previous algorithm: distinct-gene set coverage	1	0	0	FALSE	FALSE
SY366YW-0-4_bin34	Nitrogen	Nitrification, ammonia => nitrite	Previous algorithm: distinct-gene set coverage	8	0	0	FALSE	FALSE
SY366YW-0-4_bin34	Nitrogen	Nitrogen fixation, nitrogen => ammonia	Previous algorithm: distinct-gene set coverage	8	0	0	FALSE	FALSE
SY366YW-0-4_bin34	Nitrogen	nitrite + ammonia => nitrogen	Previous algorithm: distinct-gene set coverage	9	1	11.1111111111111	FALSE	FALSE
SY366YW-0-4_bin34	Sulfur	Assimilatory sulfate reduction, sulfate => H2S	Previous algorithm: distinct-gene set coverage	10	5	50	TRUE	FALSE
SY366YW-0-4_bin34	Sulfur	Dissimilatory sulfate reduction, sulfate => H2S	Previous algorithm: distinct-gene set coverage	7	2	28.5714285714286	FALSE	FALSE
SY366YW-0-4_bin34	Sulfur	Thiosulfate oxidation by SOX complex, thiosulfate => sulfate	Previous algorithm: distinct-gene set coverage	7	0	0	FALSE	FALSE
SY366YW-0-4_bin34	Nitrogen	Urea cycle	Previous algorithm: distinct-gene set coverage	6	4	66.6666666666667	TRUE	FALSE
SY366YW-0-4_bin34	Nitrogen	Urea transport system	Previous algorithm: distinct-gene set coverage	5	4	80	TRUE	TRUE
SY366YW-0-4_bin34	Sulfur	Sulfate/thiosulfate transport system	Previous algorithm: distinct-gene set coverage	5	0	0	FALSE	FALSE
SY366YW-0-4_bin34	Sulfur	Sulfonate transport system	Previous algorithm: distinct-gene set coverage	3	0	0	FALSE	FALSE
SY366YW-0-4_bin34	Vitamin B12	Cobalamin salvage	Previous algorithm: distinct-gene set coverage	4	0	0	FALSE	FALSE
SY366YW-0-4_bin34	Vitamin B12	Vitamin B12 transport system	Previous algorithm: distinct-gene set coverage	3	0	0	FALSE	FALSE
SY366YW-0-4_bin34	Carbon	Citrate cycle (TCA cycle, Krebs cycle)	Previous algorithm: distinct-gene set coverage	40	18	45	FALSE	FALSE
SY366YW-0-4_bin34	Carbon	Citrate cycle, first carbon oxidation, oxaloacetate => 2-oxoglutarate	Previous algorithm: distinct-gene set coverage	6	3	50	TRUE	FALSE
SY366YW-0-4_bin34	Carbon	Citrate cycle, second carbon oxidation, 2-oxoglutarate => oxaloacetate	Previous algorithm: distinct-gene set coverage	34	15	44.1176470588235	FALSE	FALSE
SY366YW-0-4_bin34	Carbon	Glycolysis (Embden-Meyerhof pathway), glucose => pyruvate	Previous algorithm: distinct-gene set coverage	29	8	27.5862068965517	FALSE	FALSE
SY366YW-0-4_bin34	Carbon	Glycolysis, core module involving three-carbon compounds	Previous algorithm: distinct-gene set coverage	12	6	50	TRUE	FALSE
SY366YW-0-4_bin34	Carbon	Incomplete reductive citrate cycle, acetyl-CoA => oxoglutarate	Previous algorithm: distinct-gene set coverage	17	7	41.1764705882353	FALSE	FALSE
SY366YW-0-4_bin34	Carbon	Pyruvate oxidation, pyruvate => acetyl-CoA	Previous algorithm: distinct-gene set coverage	11	5	45.4545454545455	FALSE	FALSE
SY366YW-0-4_bin34	Carbon	TCA /Reductive TCA	Previous algorithm: distinct-gene set coverage	1	0	0	FALSE	FALSE
SY366YW-0-4_bin9	Motility	Flagellar Assembly (partial 36-KO reconstruction)	Previous algorithm: distinct-gene set coverage	36	25	69.4444444444444	TRUE	FALSE
SY366YW-0-4_bin9	Vitamin B12	Cobalamin biosynthesis, cobinamide => cobalamin	Previous algorithm: distinct-gene set coverage	8	7	87.5	TRUE	TRUE
SY366YW-0-4_bin9	Vitamin B12	Cobalamin biosynthesis, precorrin2 => cobinamide	Previous algorithm: distinct-gene set coverage	25	3	12	FALSE	FALSE
SY366YW-0-4_bin9	Carbon	Acetyl-CoA pathway, CO2 => acetyl-CoA	Previous algorithm: distinct-gene set coverage	5	0	0	FALSE	FALSE
SY366YW-0-4_bin9	Carbon	Methane oxidation, methanotroph, methane => formaldehyde	Previous algorithm: distinct-gene set coverage	12	0	0	FALSE	FALSE
SY366YW-0-4_bin9	Carbon	Methanogenesis, CO2 => methane	Previous algorithm: distinct-gene set coverage	37	3	8.10810810810811	FALSE	FALSE
SY366YW-0-4_bin9	Carbon	Methanogenesis, acetate => methane	Previous algorithm: distinct-gene set coverage	31	4	12.9032258064516	FALSE	FALSE
SY366YW-0-4_bin9	Carbon	Methanogenesis, methanethiol => methane	Previous algorithm: distinct-gene set coverage	1	0	0	FALSE	FALSE
SY366YW-0-4_bin9	Carbon	Methanogenesis, methanol => methane	Previous algorithm: distinct-gene set coverage	19	3	15.7894736842105	FALSE	FALSE
SY366YW-0-4_bin9	Carbon	Methanogenesis, methylamine/dimethylamine/trimethylamine => methane	Previous algorithm: distinct-gene set coverage	23	4	17.3913043478261	FALSE	FALSE
SY366YW-0-4_bin9	Carbon	Reductive acetyl-CoA pathway (Wood-Ljungdahl pathway)	Previous algorithm: distinct-gene set coverage	10	5	50	TRUE	FALSE
SY366YW-0-4_bin9	Carbon	Reductive citrate cycle (Arnon-Buchanan cycle)	Previous algorithm: distinct-gene set coverage	43	16	37.2093023255814	FALSE	FALSE
SY366YW-0-4_bin9	Nitrogen	Assimilatory nitrate reduction, nitrate => ammonia	Previous algorithm: distinct-gene set coverage	6	0	0	FALSE	FALSE
SY366YW-0-4_bin9	Nitrogen	Complete nitrification, comammox, ammonia => nitrite => nitrate	Previous algorithm: distinct-gene set coverage	6	0	0	FALSE	FALSE
SY366YW-0-4_bin9	Nitrogen	Denitrification, nitrate => nitrogen	Previous algorithm: distinct-gene set coverage	11	6	54.5454545454545	TRUE	FALSE
SY366YW-0-4_bin9	Nitrogen	Dissimilatory nitrate reduction, nitrate => ammonia	Previous algorithm: distinct-gene set coverage	9	2	22.2222222222222	FALSE	FALSE
SY366YW-0-4_bin9	Nitrogen	Nitrate assimilation	Previous algorithm: distinct-gene set coverage	1	0	0	FALSE	FALSE
SY366YW-0-4_bin9	Nitrogen	Nitrification, ammonia => nitrite	Previous algorithm: distinct-gene set coverage	8	0	0	FALSE	FALSE
SY366YW-0-4_bin9	Nitrogen	Nitrogen fixation, nitrogen => ammonia	Previous algorithm: distinct-gene set coverage	8	0	0	FALSE	FALSE
SY366YW-0-4_bin9	Nitrogen	nitrite + ammonia => nitrogen	Previous algorithm: distinct-gene set coverage	9	1	11.1111111111111	FALSE	FALSE
SY366YW-0-4_bin9	Sulfur	Assimilatory sulfate reduction, sulfate => H2S	Previous algorithm: distinct-gene set coverage	10	6	60	TRUE	FALSE
SY366YW-0-4_bin9	Sulfur	Dissimilatory sulfate reduction, sulfate => H2S	Previous algorithm: distinct-gene set coverage	7	2	28.5714285714286	FALSE	FALSE
SY366YW-0-4_bin9	Sulfur	Thiosulfate oxidation by SOX complex, thiosulfate => sulfate	Previous algorithm: distinct-gene set coverage	7	0	0	FALSE	FALSE
SY366YW-0-4_bin9	Nitrogen	Urea cycle	Previous algorithm: distinct-gene set coverage	6	3	50	TRUE	FALSE
SY366YW-0-4_bin9	Nitrogen	Urea transport system	Previous algorithm: distinct-gene set coverage	5	0	0	FALSE	FALSE
SY366YW-0-4_bin9	Sulfur	Sulfate/thiosulfate transport system	Previous algorithm: distinct-gene set coverage	5	0	0	FALSE	FALSE
SY366YW-0-4_bin9	Sulfur	Sulfonate transport system	Previous algorithm: distinct-gene set coverage	3	0	0	FALSE	FALSE
SY366YW-0-4_bin9	Vitamin B12	Cobalamin salvage	Previous algorithm: distinct-gene set coverage	4	0	0	FALSE	FALSE
SY366YW-0-4_bin9	Vitamin B12	Vitamin B12 transport system	Previous algorithm: distinct-gene set coverage	3	0	0	FALSE	FALSE
SY366YW-0-4_bin9	Carbon	Citrate cycle (TCA cycle, Krebs cycle)	Previous algorithm: distinct-gene set coverage	40	16	40	FALSE	FALSE
SY366YW-0-4_bin9	Carbon	Citrate cycle, first carbon oxidation, oxaloacetate => 2-oxoglutarate	Previous algorithm: distinct-gene set coverage	6	2	33.3333333333333	FALSE	FALSE
SY366YW-0-4_bin9	Carbon	Citrate cycle, second carbon oxidation, 2-oxoglutarate => oxaloacetate	Previous algorithm: distinct-gene set coverage	34	14	41.1764705882353	FALSE	FALSE
SY366YW-0-4_bin9	Carbon	Glycolysis (Embden-Meyerhof pathway), glucose => pyruvate	Previous algorithm: distinct-gene set coverage	29	8	27.5862068965517	FALSE	FALSE
SY366YW-0-4_bin9	Carbon	Glycolysis, core module involving three-carbon compounds	Previous algorithm: distinct-gene set coverage	12	6	50	TRUE	FALSE
SY366YW-0-4_bin9	Carbon	Incomplete reductive citrate cycle, acetyl-CoA => oxoglutarate	Previous algorithm: distinct-gene set coverage	17	8	47.0588235294118	FALSE	FALSE
SY366YW-0-4_bin9	Carbon	Pyruvate oxidation, pyruvate => acetyl-CoA	Previous algorithm: distinct-gene set coverage	11	6	54.5454545454545	TRUE	FALSE
SY366YW-0-4_bin9	Carbon	TCA /Reductive TCA	Previous algorithm: distinct-gene set coverage	1	0	0	FALSE	FALSE
SY366YW-4-8_bin7	Motility	Flagellar Assembly (partial 36-KO reconstruction)	Previous algorithm: distinct-gene set coverage	36	33	91.6666666666667	TRUE	TRUE
SY366YW-4-8_bin7	Vitamin B12	Cobalamin biosynthesis, cobinamide => cobalamin	Previous algorithm: distinct-gene set coverage	8	5	62.5	TRUE	FALSE
SY366YW-4-8_bin7	Vitamin B12	Cobalamin biosynthesis, precorrin2 => cobinamide	Previous algorithm: distinct-gene set coverage	25	1	4	FALSE	FALSE
SY366YW-4-8_bin7	Carbon	Acetyl-CoA pathway, CO2 => acetyl-CoA	Previous algorithm: distinct-gene set coverage	5	0	0	FALSE	FALSE
SY366YW-4-8_bin7	Carbon	Methane oxidation, methanotroph, methane => formaldehyde	Previous algorithm: distinct-gene set coverage	12	0	0	FALSE	FALSE
SY366YW-4-8_bin7	Carbon	Methanogenesis, CO2 => methane	Previous algorithm: distinct-gene set coverage	37	0	0	FALSE	FALSE
SY366YW-4-8_bin7	Carbon	Methanogenesis, acetate => methane	Previous algorithm: distinct-gene set coverage	31	1	3.2258064516129	FALSE	FALSE
SY366YW-4-8_bin7	Carbon	Methanogenesis, methanethiol => methane	Previous algorithm: distinct-gene set coverage	1	0	0	FALSE	FALSE
SY366YW-4-8_bin7	Carbon	Methanogenesis, methanol => methane	Previous algorithm: distinct-gene set coverage	19	0	0	FALSE	FALSE
SY366YW-4-8_bin7	Carbon	Methanogenesis, methylamine/dimethylamine/trimethylamine => methane	Previous algorithm: distinct-gene set coverage	23	0	0	FALSE	FALSE
SY366YW-4-8_bin7	Carbon	Reductive acetyl-CoA pathway (Wood-Ljungdahl pathway)	Previous algorithm: distinct-gene set coverage	10	2	20	FALSE	FALSE
SY366YW-4-8_bin7	Carbon	Reductive citrate cycle (Arnon-Buchanan cycle)	Previous algorithm: distinct-gene set coverage	43	14	32.5581395348837	FALSE	FALSE
SY366YW-4-8_bin7	Nitrogen	Assimilatory nitrate reduction, nitrate => ammonia	Previous algorithm: distinct-gene set coverage	6	1	16.6666666666667	FALSE	FALSE
SY366YW-4-8_bin7	Nitrogen	Complete nitrification, comammox, ammonia => nitrite => nitrate	Previous algorithm: distinct-gene set coverage	6	0	0	FALSE	FALSE
SY366YW-4-8_bin7	Nitrogen	Denitrification, nitrate => nitrogen	Previous algorithm: distinct-gene set coverage	11	4	36.3636363636364	FALSE	FALSE
SY366YW-4-8_bin7	Nitrogen	Dissimilatory nitrate reduction, nitrate => ammonia	Previous algorithm: distinct-gene set coverage	9	3	33.3333333333333	FALSE	FALSE
SY366YW-4-8_bin7	Nitrogen	Nitrate assimilation	Previous algorithm: distinct-gene set coverage	1	1	100	TRUE	TRUE
SY366YW-4-8_bin7	Nitrogen	Nitrification, ammonia => nitrite	Previous algorithm: distinct-gene set coverage	8	0	0	FALSE	FALSE
SY366YW-4-8_bin7	Nitrogen	Nitrogen fixation, nitrogen => ammonia	Previous algorithm: distinct-gene set coverage	8	0	0	FALSE	FALSE
SY366YW-4-8_bin7	Nitrogen	nitrite + ammonia => nitrogen	Previous algorithm: distinct-gene set coverage	9	0	0	FALSE	FALSE
SY366YW-4-8_bin7	Sulfur	Assimilatory sulfate reduction, sulfate => H2S	Previous algorithm: distinct-gene set coverage	10	3	30	FALSE	FALSE
SY366YW-4-8_bin7	Sulfur	Dissimilatory sulfate reduction, sulfate => H2S	Previous algorithm: distinct-gene set coverage	7	2	28.5714285714286	FALSE	FALSE
SY366YW-4-8_bin7	Sulfur	Thiosulfate oxidation by SOX complex, thiosulfate => sulfate	Previous algorithm: distinct-gene set coverage	7	1	14.2857142857143	FALSE	FALSE
SY366YW-4-8_bin7	Nitrogen	Urea cycle	Previous algorithm: distinct-gene set coverage	6	3	50	TRUE	FALSE
SY366YW-4-8_bin7	Nitrogen	Urea transport system	Previous algorithm: distinct-gene set coverage	5	5	100	TRUE	TRUE
SY366YW-4-8_bin7	Sulfur	Sulfate/thiosulfate transport system	Previous algorithm: distinct-gene set coverage	5	4	80	TRUE	TRUE
SY366YW-4-8_bin7	Sulfur	Sulfonate transport system	Previous algorithm: distinct-gene set coverage	3	0	0	FALSE	FALSE
SY366YW-4-8_bin7	Vitamin B12	Cobalamin salvage	Previous algorithm: distinct-gene set coverage	4	1	25	FALSE	FALSE
SY366YW-4-8_bin7	Vitamin B12	Vitamin B12 transport system	Previous algorithm: distinct-gene set coverage	3	0	0	FALSE	FALSE
SY366YW-4-8_bin7	Carbon	Citrate cycle (TCA cycle, Krebs cycle)	Previous algorithm: distinct-gene set coverage	40	18	45	FALSE	FALSE
SY366YW-4-8_bin7	Carbon	Citrate cycle, first carbon oxidation, oxaloacetate => 2-oxoglutarate	Previous algorithm: distinct-gene set coverage	6	3	50	TRUE	FALSE
SY366YW-4-8_bin7	Carbon	Citrate cycle, second carbon oxidation, 2-oxoglutarate => oxaloacetate	Previous algorithm: distinct-gene set coverage	34	15	44.1176470588235	FALSE	FALSE
SY366YW-4-8_bin7	Carbon	Glycolysis (Embden-Meyerhof pathway), glucose => pyruvate	Previous algorithm: distinct-gene set coverage	29	10	34.4827586206897	FALSE	FALSE
SY366YW-4-8_bin7	Carbon	Glycolysis, core module involving three-carbon compounds	Previous algorithm: distinct-gene set coverage	12	6	50	TRUE	FALSE
SY366YW-4-8_bin7	Carbon	Incomplete reductive citrate cycle, acetyl-CoA => oxoglutarate	Previous algorithm: distinct-gene set coverage	17	3	17.6470588235294	FALSE	FALSE
SY366YW-4-8_bin7	Carbon	Pyruvate oxidation, pyruvate => acetyl-CoA	Previous algorithm: distinct-gene set coverage	11	3	27.2727272727273	FALSE	FALSE
SY366YW-4-8_bin7	Carbon	TCA /Reductive TCA	Previous algorithm: distinct-gene set coverage	1	1	100	TRUE	TRUE
SY366YW-8-12_bin2	Motility	Flagellar Assembly (partial 36-KO reconstruction)	Previous algorithm: distinct-gene set coverage	36	21	58.3333333333333	TRUE	FALSE
SY366YW-8-12_bin2	Vitamin B12	Cobalamin biosynthesis, cobinamide => cobalamin	Previous algorithm: distinct-gene set coverage	8	7	87.5	TRUE	TRUE
SY366YW-8-12_bin2	Vitamin B12	Cobalamin biosynthesis, precorrin2 => cobinamide	Previous algorithm: distinct-gene set coverage	25	13	52	TRUE	FALSE
SY366YW-8-12_bin2	Carbon	Acetyl-CoA pathway, CO2 => acetyl-CoA	Previous algorithm: distinct-gene set coverage	5	0	0	FALSE	FALSE
SY366YW-8-12_bin2	Carbon	Methane oxidation, methanotroph, methane => formaldehyde	Previous algorithm: distinct-gene set coverage	12	0	0	FALSE	FALSE
SY366YW-8-12_bin2	Carbon	Methanogenesis, CO2 => methane	Previous algorithm: distinct-gene set coverage	37	0	0	FALSE	FALSE
SY366YW-8-12_bin2	Carbon	Methanogenesis, acetate => methane	Previous algorithm: distinct-gene set coverage	31	1	3.2258064516129	FALSE	FALSE
SY366YW-8-12_bin2	Carbon	Methanogenesis, methanethiol => methane	Previous algorithm: distinct-gene set coverage	1	0	0	FALSE	FALSE
SY366YW-8-12_bin2	Carbon	Methanogenesis, methanol => methane	Previous algorithm: distinct-gene set coverage	19	0	0	FALSE	FALSE
SY366YW-8-12_bin2	Carbon	Methanogenesis, methylamine/dimethylamine/trimethylamine => methane	Previous algorithm: distinct-gene set coverage	23	1	4.34782608695652	FALSE	FALSE
SY366YW-8-12_bin2	Carbon	Reductive acetyl-CoA pathway (Wood-Ljungdahl pathway)	Previous algorithm: distinct-gene set coverage	10	3	30	FALSE	FALSE
SY366YW-8-12_bin2	Carbon	Reductive citrate cycle (Arnon-Buchanan cycle)	Previous algorithm: distinct-gene set coverage	43	13	30.2325581395349	FALSE	FALSE
SY366YW-8-12_bin2	Nitrogen	Assimilatory nitrate reduction, nitrate => ammonia	Previous algorithm: distinct-gene set coverage	6	0	0	FALSE	FALSE
SY366YW-8-12_bin2	Nitrogen	Complete nitrification, comammox, ammonia => nitrite => nitrate	Previous algorithm: distinct-gene set coverage	6	0	0	FALSE	FALSE
SY366YW-8-12_bin2	Nitrogen	Denitrification, nitrate => nitrogen	Previous algorithm: distinct-gene set coverage	11	1	9.09090909090909	FALSE	FALSE
SY366YW-8-12_bin2	Nitrogen	Dissimilatory nitrate reduction, nitrate => ammonia	Previous algorithm: distinct-gene set coverage	9	1	11.1111111111111	FALSE	FALSE
SY366YW-8-12_bin2	Nitrogen	Nitrate assimilation	Previous algorithm: distinct-gene set coverage	1	1	100	TRUE	TRUE
SY366YW-8-12_bin2	Nitrogen	Nitrification, ammonia => nitrite	Previous algorithm: distinct-gene set coverage	8	0	0	FALSE	FALSE
SY366YW-8-12_bin2	Nitrogen	Nitrogen fixation, nitrogen => ammonia	Previous algorithm: distinct-gene set coverage	8	0	0	FALSE	FALSE
SY366YW-8-12_bin2	Nitrogen	nitrite + ammonia => nitrogen	Previous algorithm: distinct-gene set coverage	9	0	0	FALSE	FALSE
SY366YW-8-12_bin2	Sulfur	Assimilatory sulfate reduction, sulfate => H2S	Previous algorithm: distinct-gene set coverage	10	3	30	FALSE	FALSE
SY366YW-8-12_bin2	Sulfur	Dissimilatory sulfate reduction, sulfate => H2S	Previous algorithm: distinct-gene set coverage	7	1	14.2857142857143	FALSE	FALSE
SY366YW-8-12_bin2	Sulfur	Thiosulfate oxidation by SOX complex, thiosulfate => sulfate	Previous algorithm: distinct-gene set coverage	7	6	85.7142857142857	TRUE	TRUE
SY366YW-8-12_bin2	Nitrogen	Urea cycle	Previous algorithm: distinct-gene set coverage	6	4	66.6666666666667	TRUE	FALSE
SY366YW-8-12_bin2	Nitrogen	Urea transport system	Previous algorithm: distinct-gene set coverage	5	0	0	FALSE	FALSE
SY366YW-8-12_bin2	Sulfur	Sulfate/thiosulfate transport system	Previous algorithm: distinct-gene set coverage	5	0	0	FALSE	FALSE
SY366YW-8-12_bin2	Sulfur	Sulfonate transport system	Previous algorithm: distinct-gene set coverage	3	1	33.3333333333333	FALSE	FALSE
SY366YW-8-12_bin2	Vitamin B12	Cobalamin salvage	Previous algorithm: distinct-gene set coverage	4	0	0	FALSE	FALSE
SY366YW-8-12_bin2	Vitamin B12	Vitamin B12 transport system	Previous algorithm: distinct-gene set coverage	3	0	0	FALSE	FALSE
SY366YW-8-12_bin2	Carbon	Citrate cycle (TCA cycle, Krebs cycle)	Previous algorithm: distinct-gene set coverage	40	15	37.5	FALSE	FALSE
SY366YW-8-12_bin2	Carbon	Citrate cycle, first carbon oxidation, oxaloacetate => 2-oxoglutarate	Previous algorithm: distinct-gene set coverage	6	2	33.3333333333333	FALSE	FALSE
SY366YW-8-12_bin2	Carbon	Citrate cycle, second carbon oxidation, 2-oxoglutarate => oxaloacetate	Previous algorithm: distinct-gene set coverage	34	13	38.2352941176471	FALSE	FALSE
SY366YW-8-12_bin2	Carbon	Glycolysis (Embden-Meyerhof pathway), glucose => pyruvate	Previous algorithm: distinct-gene set coverage	29	9	31.0344827586207	FALSE	FALSE
SY366YW-8-12_bin2	Carbon	Glycolysis, core module involving three-carbon compounds	Previous algorithm: distinct-gene set coverage	12	6	50	TRUE	FALSE
SY366YW-8-12_bin2	Carbon	Incomplete reductive citrate cycle, acetyl-CoA => oxoglutarate	Previous algorithm: distinct-gene set coverage	17	3	17.6470588235294	FALSE	FALSE
SY366YW-8-12_bin2	Carbon	Pyruvate oxidation, pyruvate => acetyl-CoA	Previous algorithm: distinct-gene set coverage	11	5	45.4545454545455	FALSE	FALSE
SY366YW-8-12_bin2	Carbon	TCA /Reductive TCA	Previous algorithm: distinct-gene set coverage	1	0	0	FALSE	FALSE
SY368YW-4-8_bin24	Motility	Flagellar Assembly (partial 36-KO reconstruction)	Previous algorithm: distinct-gene set coverage	36	16	44.4444444444444	FALSE	FALSE
SY368YW-4-8_bin24	Vitamin B12	Cobalamin biosynthesis, cobinamide => cobalamin	Previous algorithm: distinct-gene set coverage	8	7	87.5	TRUE	TRUE
SY368YW-4-8_bin24	Vitamin B12	Cobalamin biosynthesis, precorrin2 => cobinamide	Previous algorithm: distinct-gene set coverage	25	10	40	FALSE	FALSE
SY368YW-4-8_bin24	Carbon	Acetyl-CoA pathway, CO2 => acetyl-CoA	Previous algorithm: distinct-gene set coverage	5	0	0	FALSE	FALSE
SY368YW-4-8_bin24	Carbon	Methane oxidation, methanotroph, methane => formaldehyde	Previous algorithm: distinct-gene set coverage	12	0	0	FALSE	FALSE
SY368YW-4-8_bin24	Carbon	Methanogenesis, CO2 => methane	Previous algorithm: distinct-gene set coverage	37	0	0	FALSE	FALSE
SY368YW-4-8_bin24	Carbon	Methanogenesis, acetate => methane	Previous algorithm: distinct-gene set coverage	31	2	6.45161290322581	FALSE	FALSE
SY368YW-4-8_bin24	Carbon	Methanogenesis, methanethiol => methane	Previous algorithm: distinct-gene set coverage	1	0	0	FALSE	FALSE
SY368YW-4-8_bin24	Carbon	Methanogenesis, methanol => methane	Previous algorithm: distinct-gene set coverage	19	0	0	FALSE	FALSE
SY368YW-4-8_bin24	Carbon	Methanogenesis, methylamine/dimethylamine/trimethylamine => methane	Previous algorithm: distinct-gene set coverage	23	1	4.34782608695652	FALSE	FALSE
SY368YW-4-8_bin24	Carbon	Reductive acetyl-CoA pathway (Wood-Ljungdahl pathway)	Previous algorithm: distinct-gene set coverage	10	1	10	FALSE	FALSE
SY368YW-4-8_bin24	Carbon	Reductive citrate cycle (Arnon-Buchanan cycle)	Previous algorithm: distinct-gene set coverage	43	10	23.2558139534884	FALSE	FALSE
SY368YW-4-8_bin24	Nitrogen	Assimilatory nitrate reduction, nitrate => ammonia	Previous algorithm: distinct-gene set coverage	6	0	0	FALSE	FALSE
SY368YW-4-8_bin24	Nitrogen	Complete nitrification, comammox, ammonia => nitrite => nitrate	Previous algorithm: distinct-gene set coverage	6	0	0	FALSE	FALSE
SY368YW-4-8_bin24	Nitrogen	Denitrification, nitrate => nitrogen	Previous algorithm: distinct-gene set coverage	11	2	18.1818181818182	FALSE	FALSE
SY368YW-4-8_bin24	Nitrogen	Dissimilatory nitrate reduction, nitrate => ammonia	Previous algorithm: distinct-gene set coverage	9	1	11.1111111111111	FALSE	FALSE
SY368YW-4-8_bin24	Nitrogen	Nitrate assimilation	Previous algorithm: distinct-gene set coverage	1	1	100	TRUE	TRUE
SY368YW-4-8_bin24	Nitrogen	Nitrification, ammonia => nitrite	Previous algorithm: distinct-gene set coverage	8	0	0	FALSE	FALSE
SY368YW-4-8_bin24	Nitrogen	Nitrogen fixation, nitrogen => ammonia	Previous algorithm: distinct-gene set coverage	8	0	0	FALSE	FALSE
SY368YW-4-8_bin24	Nitrogen	nitrite + ammonia => nitrogen	Previous algorithm: distinct-gene set coverage	9	0	0	FALSE	FALSE
SY368YW-4-8_bin24	Sulfur	Assimilatory sulfate reduction, sulfate => H2S	Previous algorithm: distinct-gene set coverage	10	2	20	FALSE	FALSE
SY368YW-4-8_bin24	Sulfur	Dissimilatory sulfate reduction, sulfate => H2S	Previous algorithm: distinct-gene set coverage	7	1	14.2857142857143	FALSE	FALSE
SY368YW-4-8_bin24	Sulfur	Thiosulfate oxidation by SOX complex, thiosulfate => sulfate	Previous algorithm: distinct-gene set coverage	7	7	100	TRUE	TRUE
SY368YW-4-8_bin24	Nitrogen	Urea cycle	Previous algorithm: distinct-gene set coverage	6	4	66.6666666666667	TRUE	FALSE
SY368YW-4-8_bin24	Nitrogen	Urea transport system	Previous algorithm: distinct-gene set coverage	5	0	0	FALSE	FALSE
SY368YW-4-8_bin24	Sulfur	Sulfate/thiosulfate transport system	Previous algorithm: distinct-gene set coverage	5	0	0	FALSE	FALSE
SY368YW-4-8_bin24	Sulfur	Sulfonate transport system	Previous algorithm: distinct-gene set coverage	3	0	0	FALSE	FALSE
SY368YW-4-8_bin24	Vitamin B12	Cobalamin salvage	Previous algorithm: distinct-gene set coverage	4	0	0	FALSE	FALSE
SY368YW-4-8_bin24	Vitamin B12	Vitamin B12 transport system	Previous algorithm: distinct-gene set coverage	3	0	0	FALSE	FALSE
SY368YW-4-8_bin24	Carbon	Citrate cycle (TCA cycle, Krebs cycle)	Previous algorithm: distinct-gene set coverage	40	12	30	FALSE	FALSE
SY368YW-4-8_bin24	Carbon	Citrate cycle, first carbon oxidation, oxaloacetate => 2-oxoglutarate	Previous algorithm: distinct-gene set coverage	6	2	33.3333333333333	FALSE	FALSE
SY368YW-4-8_bin24	Carbon	Citrate cycle, second carbon oxidation, 2-oxoglutarate => oxaloacetate	Previous algorithm: distinct-gene set coverage	34	10	29.4117647058824	FALSE	FALSE
SY368YW-4-8_bin24	Carbon	Glycolysis (Embden-Meyerhof pathway), glucose => pyruvate	Previous algorithm: distinct-gene set coverage	29	11	37.9310344827586	FALSE	FALSE
SY368YW-4-8_bin24	Carbon	Glycolysis, core module involving three-carbon compounds	Previous algorithm: distinct-gene set coverage	12	6	50	TRUE	FALSE
SY368YW-4-8_bin24	Carbon	Incomplete reductive citrate cycle, acetyl-CoA => oxoglutarate	Previous algorithm: distinct-gene set coverage	17	2	11.7647058823529	FALSE	FALSE
SY368YW-4-8_bin24	Carbon	Pyruvate oxidation, pyruvate => acetyl-CoA	Previous algorithm: distinct-gene set coverage	11	4	36.3636363636364	FALSE	FALSE
SY368YW-4-8_bin24	Carbon	TCA /Reductive TCA	Previous algorithm: distinct-gene set coverage	1	0	0	FALSE	FALSE
SY368YW-8-12_bin14	Motility	Flagellar Assembly (partial 36-KO reconstruction)	Previous algorithm: distinct-gene set coverage	36	0	0	FALSE	FALSE
SY368YW-8-12_bin14	Vitamin B12	Cobalamin biosynthesis, cobinamide => cobalamin	Previous algorithm: distinct-gene set coverage	8	1	12.5	FALSE	FALSE
SY368YW-8-12_bin14	Vitamin B12	Cobalamin biosynthesis, precorrin2 => cobinamide	Previous algorithm: distinct-gene set coverage	25	0	0	FALSE	FALSE
SY368YW-8-12_bin14	Carbon	Acetyl-CoA pathway, CO2 => acetyl-CoA	Previous algorithm: distinct-gene set coverage	5	0	0	FALSE	FALSE
SY368YW-8-12_bin14	Carbon	Methane oxidation, methanotroph, methane => formaldehyde	Previous algorithm: distinct-gene set coverage	12	0	0	FALSE	FALSE
SY368YW-8-12_bin14	Carbon	Methanogenesis, CO2 => methane	Previous algorithm: distinct-gene set coverage	37	2	5.4054054054054	FALSE	FALSE
SY368YW-8-12_bin14	Carbon	Methanogenesis, acetate => methane	Previous algorithm: distinct-gene set coverage	31	2	6.45161290322581	FALSE	FALSE
SY368YW-8-12_bin14	Carbon	Methanogenesis, methanethiol => methane	Previous algorithm: distinct-gene set coverage	1	0	0	FALSE	FALSE
SY368YW-8-12_bin14	Carbon	Methanogenesis, methanol => methane	Previous algorithm: distinct-gene set coverage	19	1	5.26315789473684	FALSE	FALSE
SY368YW-8-12_bin14	Carbon	Methanogenesis, methylamine/dimethylamine/trimethylamine => methane	Previous algorithm: distinct-gene set coverage	23	1	4.34782608695652	FALSE	FALSE
SY368YW-8-12_bin14	Carbon	Reductive acetyl-CoA pathway (Wood-Ljungdahl pathway)	Previous algorithm: distinct-gene set coverage	10	1	10	FALSE	FALSE
SY368YW-8-12_bin14	Carbon	Reductive citrate cycle (Arnon-Buchanan cycle)	Previous algorithm: distinct-gene set coverage	43	10	23.2558139534884	FALSE	FALSE
SY368YW-8-12_bin14	Nitrogen	Assimilatory nitrate reduction, nitrate => ammonia	Previous algorithm: distinct-gene set coverage	6	0	0	FALSE	FALSE
SY368YW-8-12_bin14	Nitrogen	Complete nitrification, comammox, ammonia => nitrite => nitrate	Previous algorithm: distinct-gene set coverage	6	0	0	FALSE	FALSE
SY368YW-8-12_bin14	Nitrogen	Denitrification, nitrate => nitrogen	Previous algorithm: distinct-gene set coverage	11	2	18.1818181818182	FALSE	FALSE
SY368YW-8-12_bin14	Nitrogen	Dissimilatory nitrate reduction, nitrate => ammonia	Previous algorithm: distinct-gene set coverage	9	0	0	FALSE	FALSE
SY368YW-8-12_bin14	Nitrogen	Nitrate assimilation	Previous algorithm: distinct-gene set coverage	1	0	0	FALSE	FALSE
SY368YW-8-12_bin14	Nitrogen	Nitrification, ammonia => nitrite	Previous algorithm: distinct-gene set coverage	8	0	0	FALSE	FALSE
SY368YW-8-12_bin14	Nitrogen	Nitrogen fixation, nitrogen => ammonia	Previous algorithm: distinct-gene set coverage	8	0	0	FALSE	FALSE
SY368YW-8-12_bin14	Nitrogen	nitrite + ammonia => nitrogen	Previous algorithm: distinct-gene set coverage	9	1	11.1111111111111	FALSE	FALSE
SY368YW-8-12_bin14	Sulfur	Assimilatory sulfate reduction, sulfate => H2S	Previous algorithm: distinct-gene set coverage	10	0	0	FALSE	FALSE
SY368YW-8-12_bin14	Sulfur	Dissimilatory sulfate reduction, sulfate => H2S	Previous algorithm: distinct-gene set coverage	7	0	0	FALSE	FALSE
SY368YW-8-12_bin14	Sulfur	Thiosulfate oxidation by SOX complex, thiosulfate => sulfate	Previous algorithm: distinct-gene set coverage	7	0	0	FALSE	FALSE
SY368YW-8-12_bin14	Nitrogen	Urea cycle	Previous algorithm: distinct-gene set coverage	6	2	33.3333333333333	FALSE	FALSE
SY368YW-8-12_bin14	Nitrogen	Urea transport system	Previous algorithm: distinct-gene set coverage	5	0	0	FALSE	FALSE
SY368YW-8-12_bin14	Sulfur	Sulfate/thiosulfate transport system	Previous algorithm: distinct-gene set coverage	5	0	0	FALSE	FALSE
SY368YW-8-12_bin14	Sulfur	Sulfonate transport system	Previous algorithm: distinct-gene set coverage	3	0	0	FALSE	FALSE
SY368YW-8-12_bin14	Vitamin B12	Cobalamin salvage	Previous algorithm: distinct-gene set coverage	4	0	0	FALSE	FALSE
SY368YW-8-12_bin14	Vitamin B12	Vitamin B12 transport system	Previous algorithm: distinct-gene set coverage	3	0	0	FALSE	FALSE
SY368YW-8-12_bin14	Carbon	Citrate cycle (TCA cycle, Krebs cycle)	Previous algorithm: distinct-gene set coverage	40	7	17.5	FALSE	FALSE
SY368YW-8-12_bin14	Carbon	Citrate cycle, first carbon oxidation, oxaloacetate => 2-oxoglutarate	Previous algorithm: distinct-gene set coverage	6	1	16.6666666666667	FALSE	FALSE
SY368YW-8-12_bin14	Carbon	Citrate cycle, second carbon oxidation, 2-oxoglutarate => oxaloacetate	Previous algorithm: distinct-gene set coverage	34	6	17.6470588235294	FALSE	FALSE
SY368YW-8-12_bin14	Carbon	Glycolysis (Embden-Meyerhof pathway), glucose => pyruvate	Previous algorithm: distinct-gene set coverage	29	7	24.1379310344828	FALSE	FALSE
SY368YW-8-12_bin14	Carbon	Glycolysis, core module involving three-carbon compounds	Previous algorithm: distinct-gene set coverage	12	6	50	TRUE	FALSE
SY368YW-8-12_bin14	Carbon	Incomplete reductive citrate cycle, acetyl-CoA => oxoglutarate	Previous algorithm: distinct-gene set coverage	17	3	17.6470588235294	FALSE	FALSE
SY368YW-8-12_bin14	Carbon	Pyruvate oxidation, pyruvate => acetyl-CoA	Previous algorithm: distinct-gene set coverage	11	2	18.1818181818182	FALSE	FALSE
SY368YW-8-12_bin14	Carbon	TCA /Reductive TCA	Previous algorithm: distinct-gene set coverage	1	0	0	FALSE	FALSE
SY368YW-8-12_bin16	Motility	Flagellar Assembly (partial 36-KO reconstruction)	Previous algorithm: distinct-gene set coverage	36	0	0	FALSE	FALSE
SY368YW-8-12_bin16	Vitamin B12	Cobalamin biosynthesis, cobinamide => cobalamin	Previous algorithm: distinct-gene set coverage	8	1	12.5	FALSE	FALSE
SY368YW-8-12_bin16	Vitamin B12	Cobalamin biosynthesis, precorrin2 => cobinamide	Previous algorithm: distinct-gene set coverage	25	0	0	FALSE	FALSE
SY368YW-8-12_bin16	Carbon	Acetyl-CoA pathway, CO2 => acetyl-CoA	Previous algorithm: distinct-gene set coverage	5	0	0	FALSE	FALSE
SY368YW-8-12_bin16	Carbon	Methane oxidation, methanotroph, methane => formaldehyde	Previous algorithm: distinct-gene set coverage	12	0	0	FALSE	FALSE
SY368YW-8-12_bin16	Carbon	Methanogenesis, CO2 => methane	Previous algorithm: distinct-gene set coverage	37	3	8.10810810810811	FALSE	FALSE
SY368YW-8-12_bin16	Carbon	Methanogenesis, acetate => methane	Previous algorithm: distinct-gene set coverage	31	3	9.67741935483871	FALSE	FALSE
SY368YW-8-12_bin16	Carbon	Methanogenesis, methanethiol => methane	Previous algorithm: distinct-gene set coverage	1	0	0	FALSE	FALSE
SY368YW-8-12_bin16	Carbon	Methanogenesis, methanol => methane	Previous algorithm: distinct-gene set coverage	19	2	10.5263157894737	FALSE	FALSE
SY368YW-8-12_bin16	Carbon	Methanogenesis, methylamine/dimethylamine/trimethylamine => methane	Previous algorithm: distinct-gene set coverage	23	2	8.69565217391304	FALSE	FALSE
SY368YW-8-12_bin16	Carbon	Reductive acetyl-CoA pathway (Wood-Ljungdahl pathway)	Previous algorithm: distinct-gene set coverage	10	1	10	FALSE	FALSE
SY368YW-8-12_bin16	Carbon	Reductive citrate cycle (Arnon-Buchanan cycle)	Previous algorithm: distinct-gene set coverage	43	14	32.5581395348837	FALSE	FALSE
SY368YW-8-12_bin16	Nitrogen	Assimilatory nitrate reduction, nitrate => ammonia	Previous algorithm: distinct-gene set coverage	6	0	0	FALSE	FALSE
SY368YW-8-12_bin16	Nitrogen	Complete nitrification, comammox, ammonia => nitrite => nitrate	Previous algorithm: distinct-gene set coverage	6	0	0	FALSE	FALSE
SY368YW-8-12_bin16	Nitrogen	Denitrification, nitrate => nitrogen	Previous algorithm: distinct-gene set coverage	11	2	18.1818181818182	FALSE	FALSE
SY368YW-8-12_bin16	Nitrogen	Dissimilatory nitrate reduction, nitrate => ammonia	Previous algorithm: distinct-gene set coverage	9	1	11.1111111111111	FALSE	FALSE
SY368YW-8-12_bin16	Nitrogen	Nitrate assimilation	Previous algorithm: distinct-gene set coverage	1	1	100	TRUE	TRUE
SY368YW-8-12_bin16	Nitrogen	Nitrification, ammonia => nitrite	Previous algorithm: distinct-gene set coverage	8	0	0	FALSE	FALSE
SY368YW-8-12_bin16	Nitrogen	Nitrogen fixation, nitrogen => ammonia	Previous algorithm: distinct-gene set coverage	8	0	0	FALSE	FALSE
SY368YW-8-12_bin16	Nitrogen	nitrite + ammonia => nitrogen	Previous algorithm: distinct-gene set coverage	9	0	0	FALSE	FALSE
SY368YW-8-12_bin16	Sulfur	Assimilatory sulfate reduction, sulfate => H2S	Previous algorithm: distinct-gene set coverage	10	0	0	FALSE	FALSE
SY368YW-8-12_bin16	Sulfur	Dissimilatory sulfate reduction, sulfate => H2S	Previous algorithm: distinct-gene set coverage	7	0	0	FALSE	FALSE
SY368YW-8-12_bin16	Sulfur	Thiosulfate oxidation by SOX complex, thiosulfate => sulfate	Previous algorithm: distinct-gene set coverage	7	0	0	FALSE	FALSE
SY368YW-8-12_bin16	Nitrogen	Urea cycle	Previous algorithm: distinct-gene set coverage	6	2	33.3333333333333	FALSE	FALSE
SY368YW-8-12_bin16	Nitrogen	Urea transport system	Previous algorithm: distinct-gene set coverage	5	0	0	FALSE	FALSE
SY368YW-8-12_bin16	Sulfur	Sulfate/thiosulfate transport system	Previous algorithm: distinct-gene set coverage	5	0	0	FALSE	FALSE
SY368YW-8-12_bin16	Sulfur	Sulfonate transport system	Previous algorithm: distinct-gene set coverage	3	0	0	FALSE	FALSE
SY368YW-8-12_bin16	Vitamin B12	Cobalamin salvage	Previous algorithm: distinct-gene set coverage	4	0	0	FALSE	FALSE
SY368YW-8-12_bin16	Vitamin B12	Vitamin B12 transport system	Previous algorithm: distinct-gene set coverage	3	0	0	FALSE	FALSE
SY368YW-8-12_bin16	Carbon	Citrate cycle (TCA cycle, Krebs cycle)	Previous algorithm: distinct-gene set coverage	40	13	32.5	FALSE	FALSE
SY368YW-8-12_bin16	Carbon	Citrate cycle, first carbon oxidation, oxaloacetate => 2-oxoglutarate	Previous algorithm: distinct-gene set coverage	6	2	33.3333333333333	FALSE	FALSE
SY368YW-8-12_bin16	Carbon	Citrate cycle, second carbon oxidation, 2-oxoglutarate => oxaloacetate	Previous algorithm: distinct-gene set coverage	34	11	32.3529411764706	FALSE	FALSE
SY368YW-8-12_bin16	Carbon	Glycolysis (Embden-Meyerhof pathway), glucose => pyruvate	Previous algorithm: distinct-gene set coverage	29	7	24.1379310344828	FALSE	FALSE
SY368YW-8-12_bin16	Carbon	Glycolysis, core module involving three-carbon compounds	Previous algorithm: distinct-gene set coverage	12	4	33.3333333333333	FALSE	FALSE
SY368YW-8-12_bin16	Carbon	Incomplete reductive citrate cycle, acetyl-CoA => oxoglutarate	Previous algorithm: distinct-gene set coverage	17	4	23.5294117647059	FALSE	FALSE
SY368YW-8-12_bin16	Carbon	Pyruvate oxidation, pyruvate => acetyl-CoA	Previous algorithm: distinct-gene set coverage	11	2	18.1818181818182	FALSE	FALSE
SY368YW-8-12_bin16	Carbon	TCA /Reductive TCA	Previous algorithm: distinct-gene set coverage	1	0	0	FALSE	FALSE
SY368YW-8-12_bin33	Motility	Flagellar Assembly (partial 36-KO reconstruction)	Previous algorithm: distinct-gene set coverage	36	3	8.33333333333333	FALSE	FALSE
SY368YW-8-12_bin33	Vitamin B12	Cobalamin biosynthesis, cobinamide => cobalamin	Previous algorithm: distinct-gene set coverage	8	4	50	TRUE	FALSE
SY368YW-8-12_bin33	Vitamin B12	Cobalamin biosynthesis, precorrin2 => cobinamide	Previous algorithm: distinct-gene set coverage	25	6	24	FALSE	FALSE
SY368YW-8-12_bin33	Carbon	Acetyl-CoA pathway, CO2 => acetyl-CoA	Previous algorithm: distinct-gene set coverage	5	0	0	FALSE	FALSE
SY368YW-8-12_bin33	Carbon	Methane oxidation, methanotroph, methane => formaldehyde	Previous algorithm: distinct-gene set coverage	12	0	0	FALSE	FALSE
SY368YW-8-12_bin33	Carbon	Methanogenesis, CO2 => methane	Previous algorithm: distinct-gene set coverage	37	0	0	FALSE	FALSE
SY368YW-8-12_bin33	Carbon	Methanogenesis, acetate => methane	Previous algorithm: distinct-gene set coverage	31	1	3.2258064516129	FALSE	FALSE
SY368YW-8-12_bin33	Carbon	Methanogenesis, methanethiol => methane	Previous algorithm: distinct-gene set coverage	1	0	0	FALSE	FALSE
SY368YW-8-12_bin33	Carbon	Methanogenesis, methanol => methane	Previous algorithm: distinct-gene set coverage	19	0	0	FALSE	FALSE
SY368YW-8-12_bin33	Carbon	Methanogenesis, methylamine/dimethylamine/trimethylamine => methane	Previous algorithm: distinct-gene set coverage	23	1	4.34782608695652	FALSE	FALSE
SY368YW-8-12_bin33	Carbon	Reductive acetyl-CoA pathway (Wood-Ljungdahl pathway)	Previous algorithm: distinct-gene set coverage	10	3	30	FALSE	FALSE
SY368YW-8-12_bin33	Carbon	Reductive citrate cycle (Arnon-Buchanan cycle)	Previous algorithm: distinct-gene set coverage	43	15	34.8837209302326	FALSE	FALSE
SY368YW-8-12_bin33	Nitrogen	Assimilatory nitrate reduction, nitrate => ammonia	Previous algorithm: distinct-gene set coverage	6	0	0	FALSE	FALSE
SY368YW-8-12_bin33	Nitrogen	Complete nitrification, comammox, ammonia => nitrite => nitrate	Previous algorithm: distinct-gene set coverage	6	0	0	FALSE	FALSE
SY368YW-8-12_bin33	Nitrogen	Denitrification, nitrate => nitrogen	Previous algorithm: distinct-gene set coverage	11	1	9.09090909090909	FALSE	FALSE
SY368YW-8-12_bin33	Nitrogen	Dissimilatory nitrate reduction, nitrate => ammonia	Previous algorithm: distinct-gene set coverage	9	2	22.2222222222222	FALSE	FALSE
SY368YW-8-12_bin33	Nitrogen	Nitrate assimilation	Previous algorithm: distinct-gene set coverage	1	0	0	FALSE	FALSE
SY368YW-8-12_bin33	Nitrogen	Nitrification, ammonia => nitrite	Previous algorithm: distinct-gene set coverage	8	0	0	FALSE	FALSE
SY368YW-8-12_bin33	Nitrogen	Nitrogen fixation, nitrogen => ammonia	Previous algorithm: distinct-gene set coverage	8	0	0	FALSE	FALSE
SY368YW-8-12_bin33	Nitrogen	nitrite + ammonia => nitrogen	Previous algorithm: distinct-gene set coverage	9	0	0	FALSE	FALSE
SY368YW-8-12_bin33	Sulfur	Assimilatory sulfate reduction, sulfate => H2S	Previous algorithm: distinct-gene set coverage	10	1	10	FALSE	FALSE
SY368YW-8-12_bin33	Sulfur	Dissimilatory sulfate reduction, sulfate => H2S	Previous algorithm: distinct-gene set coverage	7	3	42.8571428571429	FALSE	FALSE
SY368YW-8-12_bin33	Sulfur	Thiosulfate oxidation by SOX complex, thiosulfate => sulfate	Previous algorithm: distinct-gene set coverage	7	5	71.4285714285714	TRUE	FALSE
SY368YW-8-12_bin33	Nitrogen	Urea cycle	Previous algorithm: distinct-gene set coverage	6	2	33.3333333333333	FALSE	FALSE
SY368YW-8-12_bin33	Nitrogen	Urea transport system	Previous algorithm: distinct-gene set coverage	5	0	0	FALSE	FALSE
SY368YW-8-12_bin33	Sulfur	Sulfate/thiosulfate transport system	Previous algorithm: distinct-gene set coverage	5	0	0	FALSE	FALSE
SY368YW-8-12_bin33	Sulfur	Sulfonate transport system	Previous algorithm: distinct-gene set coverage	3	1	33.3333333333333	FALSE	FALSE
SY368YW-8-12_bin33	Vitamin B12	Cobalamin salvage	Previous algorithm: distinct-gene set coverage	4	0	0	FALSE	FALSE
SY368YW-8-12_bin33	Vitamin B12	Vitamin B12 transport system	Previous algorithm: distinct-gene set coverage	3	0	0	FALSE	FALSE
SY368YW-8-12_bin33	Carbon	Citrate cycle (TCA cycle, Krebs cycle)	Previous algorithm: distinct-gene set coverage	40	16	40	FALSE	FALSE
SY368YW-8-12_bin33	Carbon	Citrate cycle, first carbon oxidation, oxaloacetate => 2-oxoglutarate	Previous algorithm: distinct-gene set coverage	6	2	33.3333333333333	FALSE	FALSE
SY368YW-8-12_bin33	Carbon	Citrate cycle, second carbon oxidation, 2-oxoglutarate => oxaloacetate	Previous algorithm: distinct-gene set coverage	34	14	41.1764705882353	FALSE	FALSE
SY368YW-8-12_bin33	Carbon	Glycolysis (Embden-Meyerhof pathway), glucose => pyruvate	Previous algorithm: distinct-gene set coverage	29	8	27.5862068965517	FALSE	FALSE
SY368YW-8-12_bin33	Carbon	Glycolysis, core module involving three-carbon compounds	Previous algorithm: distinct-gene set coverage	12	5	41.6666666666667	FALSE	FALSE
SY368YW-8-12_bin33	Carbon	Incomplete reductive citrate cycle, acetyl-CoA => oxoglutarate	Previous algorithm: distinct-gene set coverage	17	7	41.1764705882353	FALSE	FALSE
SY368YW-8-12_bin33	Carbon	Pyruvate oxidation, pyruvate => acetyl-CoA	Previous algorithm: distinct-gene set coverage	11	4	36.3636363636364	FALSE	FALSE
SY368YW-8-12_bin33	Carbon	TCA /Reductive TCA	Previous algorithm: distinct-gene set coverage	1	0	0	FALSE	FALSE
SY456YB-0-4_bin8	Motility	Flagellar Assembly (partial 36-KO reconstruction)	Previous algorithm: distinct-gene set coverage	36	19	52.7777777777778	TRUE	FALSE
SY456YB-0-4_bin8	Vitamin B12	Cobalamin biosynthesis, cobinamide => cobalamin	Previous algorithm: distinct-gene set coverage	8	7	87.5	TRUE	TRUE
SY456YB-0-4_bin8	Vitamin B12	Cobalamin biosynthesis, precorrin2 => cobinamide	Previous algorithm: distinct-gene set coverage	25	14	56	TRUE	FALSE
SY456YB-0-4_bin8	Carbon	Acetyl-CoA pathway, CO2 => acetyl-CoA	Previous algorithm: distinct-gene set coverage	5	0	0	FALSE	FALSE
SY456YB-0-4_bin8	Carbon	Methane oxidation, methanotroph, methane => formaldehyde	Previous algorithm: distinct-gene set coverage	12	0	0	FALSE	FALSE
SY456YB-0-4_bin8	Carbon	Methanogenesis, CO2 => methane	Previous algorithm: distinct-gene set coverage	37	0	0	FALSE	FALSE
SY456YB-0-4_bin8	Carbon	Methanogenesis, acetate => methane	Previous algorithm: distinct-gene set coverage	31	1	3.2258064516129	FALSE	FALSE
SY456YB-0-4_bin8	Carbon	Methanogenesis, methanethiol => methane	Previous algorithm: distinct-gene set coverage	1	0	0	FALSE	FALSE
SY456YB-0-4_bin8	Carbon	Methanogenesis, methanol => methane	Previous algorithm: distinct-gene set coverage	19	0	0	FALSE	FALSE
SY456YB-0-4_bin8	Carbon	Methanogenesis, methylamine/dimethylamine/trimethylamine => methane	Previous algorithm: distinct-gene set coverage	23	1	4.34782608695652	FALSE	FALSE
SY456YB-0-4_bin8	Carbon	Reductive acetyl-CoA pathway (Wood-Ljungdahl pathway)	Previous algorithm: distinct-gene set coverage	10	3	30	FALSE	FALSE
SY456YB-0-4_bin8	Carbon	Reductive citrate cycle (Arnon-Buchanan cycle)	Previous algorithm: distinct-gene set coverage	43	18	41.8604651162791	FALSE	FALSE
SY456YB-0-4_bin8	Nitrogen	Assimilatory nitrate reduction, nitrate => ammonia	Previous algorithm: distinct-gene set coverage	6	0	0	FALSE	FALSE
SY456YB-0-4_bin8	Nitrogen	Complete nitrification, comammox, ammonia => nitrite => nitrate	Previous algorithm: distinct-gene set coverage	6	0	0	FALSE	FALSE
SY456YB-0-4_bin8	Nitrogen	Denitrification, nitrate => nitrogen	Previous algorithm: distinct-gene set coverage	11	5	45.4545454545455	FALSE	FALSE
SY456YB-0-4_bin8	Nitrogen	Dissimilatory nitrate reduction, nitrate => ammonia	Previous algorithm: distinct-gene set coverage	9	0	0	FALSE	FALSE
SY456YB-0-4_bin8	Nitrogen	Nitrate assimilation	Previous algorithm: distinct-gene set coverage	1	0	0	FALSE	FALSE
SY456YB-0-4_bin8	Nitrogen	Nitrification, ammonia => nitrite	Previous algorithm: distinct-gene set coverage	8	0	0	FALSE	FALSE
SY456YB-0-4_bin8	Nitrogen	Nitrogen fixation, nitrogen => ammonia	Previous algorithm: distinct-gene set coverage	8	0	0	FALSE	FALSE
SY456YB-0-4_bin8	Nitrogen	nitrite + ammonia => nitrogen	Previous algorithm: distinct-gene set coverage	9	2	22.2222222222222	FALSE	FALSE
SY456YB-0-4_bin8	Sulfur	Assimilatory sulfate reduction, sulfate => H2S	Previous algorithm: distinct-gene set coverage	10	3	30	FALSE	FALSE
SY456YB-0-4_bin8	Sulfur	Dissimilatory sulfate reduction, sulfate => H2S	Previous algorithm: distinct-gene set coverage	7	3	42.8571428571429	FALSE	FALSE
SY456YB-0-4_bin8	Sulfur	Thiosulfate oxidation by SOX complex, thiosulfate => sulfate	Previous algorithm: distinct-gene set coverage	7	7	100	TRUE	TRUE
SY456YB-0-4_bin8	Nitrogen	Urea cycle	Previous algorithm: distinct-gene set coverage	6	3	50	TRUE	FALSE
SY456YB-0-4_bin8	Nitrogen	Urea transport system	Previous algorithm: distinct-gene set coverage	5	1	20	FALSE	FALSE
SY456YB-0-4_bin8	Sulfur	Sulfate/thiosulfate transport system	Previous algorithm: distinct-gene set coverage	5	0	0	FALSE	FALSE
SY456YB-0-4_bin8	Sulfur	Sulfonate transport system	Previous algorithm: distinct-gene set coverage	3	0	0	FALSE	FALSE
SY456YB-0-4_bin8	Vitamin B12	Cobalamin salvage	Previous algorithm: distinct-gene set coverage	4	0	0	FALSE	FALSE
SY456YB-0-4_bin8	Vitamin B12	Vitamin B12 transport system	Previous algorithm: distinct-gene set coverage	3	0	0	FALSE	FALSE
SY456YB-0-4_bin8	Carbon	Citrate cycle (TCA cycle, Krebs cycle)	Previous algorithm: distinct-gene set coverage	40	17	42.5	FALSE	FALSE
SY456YB-0-4_bin8	Carbon	Citrate cycle, first carbon oxidation, oxaloacetate => 2-oxoglutarate	Previous algorithm: distinct-gene set coverage	6	2	33.3333333333333	FALSE	FALSE
SY456YB-0-4_bin8	Carbon	Citrate cycle, second carbon oxidation, 2-oxoglutarate => oxaloacetate	Previous algorithm: distinct-gene set coverage	34	15	44.1176470588235	FALSE	FALSE
SY456YB-0-4_bin8	Carbon	Glycolysis (Embden-Meyerhof pathway), glucose => pyruvate	Previous algorithm: distinct-gene set coverage	29	10	34.4827586206897	FALSE	FALSE
SY456YB-0-4_bin8	Carbon	Glycolysis, core module involving three-carbon compounds	Previous algorithm: distinct-gene set coverage	12	6	50	TRUE	FALSE
SY456YB-0-4_bin8	Carbon	Incomplete reductive citrate cycle, acetyl-CoA => oxoglutarate	Previous algorithm: distinct-gene set coverage	17	10	58.8235294117647	TRUE	FALSE
SY456YB-0-4_bin8	Carbon	Pyruvate oxidation, pyruvate => acetyl-CoA	Previous algorithm: distinct-gene set coverage	11	7	63.6363636363636	TRUE	FALSE
SY456YB-0-4_bin8	Carbon	TCA /Reductive TCA	Previous algorithm: distinct-gene set coverage	1	0	0	FALSE	FALSE
SY456YB-4-8_bin24	Motility	Flagellar Assembly (partial 36-KO reconstruction)	Previous algorithm: distinct-gene set coverage	36	0	0	FALSE	FALSE
SY456YB-4-8_bin24	Vitamin B12	Cobalamin biosynthesis, cobinamide => cobalamin	Previous algorithm: distinct-gene set coverage	8	1	12.5	FALSE	FALSE
SY456YB-4-8_bin24	Vitamin B12	Cobalamin biosynthesis, precorrin2 => cobinamide	Previous algorithm: distinct-gene set coverage	25	3	12	FALSE	FALSE
SY456YB-4-8_bin24	Carbon	Acetyl-CoA pathway, CO2 => acetyl-CoA	Previous algorithm: distinct-gene set coverage	5	0	0	FALSE	FALSE
SY456YB-4-8_bin24	Carbon	Methane oxidation, methanotroph, methane => formaldehyde	Previous algorithm: distinct-gene set coverage	12	4	33.3333333333333	FALSE	FALSE
SY456YB-4-8_bin24	Carbon	Methanogenesis, CO2 => methane	Previous algorithm: distinct-gene set coverage	37	0	0	FALSE	FALSE
SY456YB-4-8_bin24	Carbon	Methanogenesis, acetate => methane	Previous algorithm: distinct-gene set coverage	31	2	6.45161290322581	FALSE	FALSE
SY456YB-4-8_bin24	Carbon	Methanogenesis, methanethiol => methane	Previous algorithm: distinct-gene set coverage	1	0	0	FALSE	FALSE
SY456YB-4-8_bin24	Carbon	Methanogenesis, methanol => methane	Previous algorithm: distinct-gene set coverage	19	0	0	FALSE	FALSE
SY456YB-4-8_bin24	Carbon	Methanogenesis, methylamine/dimethylamine/trimethylamine => methane	Previous algorithm: distinct-gene set coverage	23	0	0	FALSE	FALSE
SY456YB-4-8_bin24	Carbon	Reductive acetyl-CoA pathway (Wood-Ljungdahl pathway)	Previous algorithm: distinct-gene set coverage	10	2	20	FALSE	FALSE
SY456YB-4-8_bin24	Carbon	Reductive citrate cycle (Arnon-Buchanan cycle)	Previous algorithm: distinct-gene set coverage	43	13	30.2325581395349	FALSE	FALSE
SY456YB-4-8_bin24	Nitrogen	Assimilatory nitrate reduction, nitrate => ammonia	Previous algorithm: distinct-gene set coverage	6	0	0	FALSE	FALSE
SY456YB-4-8_bin24	Nitrogen	Complete nitrification, comammox, ammonia => nitrite => nitrate	Previous algorithm: distinct-gene set coverage	6	4	66.6666666666667	TRUE	FALSE
SY456YB-4-8_bin24	Nitrogen	Denitrification, nitrate => nitrogen	Previous algorithm: distinct-gene set coverage	11	7	63.6363636363636	TRUE	FALSE
SY456YB-4-8_bin24	Nitrogen	Dissimilatory nitrate reduction, nitrate => ammonia	Previous algorithm: distinct-gene set coverage	9	2	22.2222222222222	FALSE	FALSE
SY456YB-4-8_bin24	Nitrogen	Nitrate assimilation	Previous algorithm: distinct-gene set coverage	1	0	0	FALSE	FALSE
SY456YB-4-8_bin24	Nitrogen	Nitrification, ammonia => nitrite	Previous algorithm: distinct-gene set coverage	8	4	50	TRUE	FALSE
SY456YB-4-8_bin24	Nitrogen	Nitrogen fixation, nitrogen => ammonia	Previous algorithm: distinct-gene set coverage	8	0	0	FALSE	FALSE
SY456YB-4-8_bin24	Nitrogen	nitrite + ammonia => nitrogen	Previous algorithm: distinct-gene set coverage	9	3	33.3333333333333	FALSE	FALSE
SY456YB-4-8_bin24	Sulfur	Assimilatory sulfate reduction, sulfate => H2S	Previous algorithm: distinct-gene set coverage	10	1	10	FALSE	FALSE
SY456YB-4-8_bin24	Sulfur	Dissimilatory sulfate reduction, sulfate => H2S	Previous algorithm: distinct-gene set coverage	7	5	71.4285714285714	TRUE	FALSE
SY456YB-4-8_bin24	Sulfur	Thiosulfate oxidation by SOX complex, thiosulfate => sulfate	Previous algorithm: distinct-gene set coverage	7	5	71.4285714285714	TRUE	FALSE
SY456YB-4-8_bin24	Nitrogen	Urea cycle	Previous algorithm: distinct-gene set coverage	6	3	50	TRUE	FALSE
SY456YB-4-8_bin24	Nitrogen	Urea transport system	Previous algorithm: distinct-gene set coverage	5	0	0	FALSE	FALSE
SY456YB-4-8_bin24	Sulfur	Sulfate/thiosulfate transport system	Previous algorithm: distinct-gene set coverage	5	0	0	FALSE	FALSE
SY456YB-4-8_bin24	Sulfur	Sulfonate transport system	Previous algorithm: distinct-gene set coverage	3	1	33.3333333333333	FALSE	FALSE
SY456YB-4-8_bin24	Vitamin B12	Cobalamin salvage	Previous algorithm: distinct-gene set coverage	4	1	25	FALSE	FALSE
SY456YB-4-8_bin24	Vitamin B12	Vitamin B12 transport system	Previous algorithm: distinct-gene set coverage	3	0	0	FALSE	FALSE
SY456YB-4-8_bin24	Carbon	Citrate cycle (TCA cycle, Krebs cycle)	Previous algorithm: distinct-gene set coverage	40	14	35	FALSE	FALSE
SY456YB-4-8_bin24	Carbon	Citrate cycle, first carbon oxidation, oxaloacetate => 2-oxoglutarate	Previous algorithm: distinct-gene set coverage	6	3	50	TRUE	FALSE
SY456YB-4-8_bin24	Carbon	Citrate cycle, second carbon oxidation, 2-oxoglutarate => oxaloacetate	Previous algorithm: distinct-gene set coverage	34	11	32.3529411764706	FALSE	FALSE
SY456YB-4-8_bin24	Carbon	Glycolysis (Embden-Meyerhof pathway), glucose => pyruvate	Previous algorithm: distinct-gene set coverage	29	9	31.0344827586207	FALSE	FALSE
SY456YB-4-8_bin24	Carbon	Glycolysis, core module involving three-carbon compounds	Previous algorithm: distinct-gene set coverage	12	6	50	TRUE	FALSE
SY456YB-4-8_bin24	Carbon	Incomplete reductive citrate cycle, acetyl-CoA => oxoglutarate	Previous algorithm: distinct-gene set coverage	17	2	11.7647058823529	FALSE	FALSE
SY456YB-4-8_bin24	Carbon	Pyruvate oxidation, pyruvate => acetyl-CoA	Previous algorithm: distinct-gene set coverage	11	4	36.3636363636364	FALSE	FALSE
SY456YB-4-8_bin24	Carbon	TCA /Reductive TCA	Previous algorithm: distinct-gene set coverage	1	0	0	FALSE	FALSE
SY456YB-8-12_bin27	Motility	Flagellar Assembly (partial 36-KO reconstruction)	Previous algorithm: distinct-gene set coverage	36	0	0	FALSE	FALSE
SY456YB-8-12_bin27	Vitamin B12	Cobalamin biosynthesis, cobinamide => cobalamin	Previous algorithm: distinct-gene set coverage	8	7	87.5	TRUE	TRUE
SY456YB-8-12_bin27	Vitamin B12	Cobalamin biosynthesis, precorrin2 => cobinamide	Previous algorithm: distinct-gene set coverage	25	13	52	TRUE	FALSE
SY456YB-8-12_bin27	Carbon	Acetyl-CoA pathway, CO2 => acetyl-CoA	Previous algorithm: distinct-gene set coverage	5	0	0	FALSE	FALSE
SY456YB-8-12_bin27	Carbon	Methane oxidation, methanotroph, methane => formaldehyde	Previous algorithm: distinct-gene set coverage	12	0	0	FALSE	FALSE
SY456YB-8-12_bin27	Carbon	Methanogenesis, CO2 => methane	Previous algorithm: distinct-gene set coverage	37	0	0	FALSE	FALSE
SY456YB-8-12_bin27	Carbon	Methanogenesis, acetate => methane	Previous algorithm: distinct-gene set coverage	31	1	3.2258064516129	FALSE	FALSE
SY456YB-8-12_bin27	Carbon	Methanogenesis, methanethiol => methane	Previous algorithm: distinct-gene set coverage	1	0	0	FALSE	FALSE
SY456YB-8-12_bin27	Carbon	Methanogenesis, methanol => methane	Previous algorithm: distinct-gene set coverage	19	0	0	FALSE	FALSE
SY456YB-8-12_bin27	Carbon	Methanogenesis, methylamine/dimethylamine/trimethylamine => methane	Previous algorithm: distinct-gene set coverage	23	1	4.34782608695652	FALSE	FALSE
SY456YB-8-12_bin27	Carbon	Reductive acetyl-CoA pathway (Wood-Ljungdahl pathway)	Previous algorithm: distinct-gene set coverage	10	3	30	FALSE	FALSE
SY456YB-8-12_bin27	Carbon	Reductive citrate cycle (Arnon-Buchanan cycle)	Previous algorithm: distinct-gene set coverage	43	11	25.5813953488372	FALSE	FALSE
SY456YB-8-12_bin27	Nitrogen	Assimilatory nitrate reduction, nitrate => ammonia	Previous algorithm: distinct-gene set coverage	6	0	0	FALSE	FALSE
SY456YB-8-12_bin27	Nitrogen	Complete nitrification, comammox, ammonia => nitrite => nitrate	Previous algorithm: distinct-gene set coverage	6	0	0	FALSE	FALSE
SY456YB-8-12_bin27	Nitrogen	Denitrification, nitrate => nitrogen	Previous algorithm: distinct-gene set coverage	11	5	45.4545454545455	FALSE	FALSE
SY456YB-8-12_bin27	Nitrogen	Dissimilatory nitrate reduction, nitrate => ammonia	Previous algorithm: distinct-gene set coverage	9	1	11.1111111111111	FALSE	FALSE
SY456YB-8-12_bin27	Nitrogen	Nitrate assimilation	Previous algorithm: distinct-gene set coverage	1	1	100	TRUE	TRUE
SY456YB-8-12_bin27	Nitrogen	Nitrification, ammonia => nitrite	Previous algorithm: distinct-gene set coverage	8	0	0	FALSE	FALSE
SY456YB-8-12_bin27	Nitrogen	Nitrogen fixation, nitrogen => ammonia	Previous algorithm: distinct-gene set coverage	8	0	0	FALSE	FALSE
SY456YB-8-12_bin27	Nitrogen	nitrite + ammonia => nitrogen	Previous algorithm: distinct-gene set coverage	9	1	11.1111111111111	FALSE	FALSE
SY456YB-8-12_bin27	Sulfur	Assimilatory sulfate reduction, sulfate => H2S	Previous algorithm: distinct-gene set coverage	10	3	30	FALSE	FALSE
SY456YB-8-12_bin27	Sulfur	Dissimilatory sulfate reduction, sulfate => H2S	Previous algorithm: distinct-gene set coverage	7	1	14.2857142857143	FALSE	FALSE
SY456YB-8-12_bin27	Sulfur	Thiosulfate oxidation by SOX complex, thiosulfate => sulfate	Previous algorithm: distinct-gene set coverage	7	5	71.4285714285714	TRUE	FALSE
SY456YB-8-12_bin27	Nitrogen	Urea cycle	Previous algorithm: distinct-gene set coverage	6	4	66.6666666666667	TRUE	FALSE
SY456YB-8-12_bin27	Nitrogen	Urea transport system	Previous algorithm: distinct-gene set coverage	5	0	0	FALSE	FALSE
SY456YB-8-12_bin27	Sulfur	Sulfate/thiosulfate transport system	Previous algorithm: distinct-gene set coverage	5	0	0	FALSE	FALSE
SY456YB-8-12_bin27	Sulfur	Sulfonate transport system	Previous algorithm: distinct-gene set coverage	3	0	0	FALSE	FALSE
SY456YB-8-12_bin27	Vitamin B12	Cobalamin salvage	Previous algorithm: distinct-gene set coverage	4	0	0	FALSE	FALSE
SY456YB-8-12_bin27	Vitamin B12	Vitamin B12 transport system	Previous algorithm: distinct-gene set coverage	3	0	0	FALSE	FALSE
SY456YB-8-12_bin27	Carbon	Citrate cycle (TCA cycle, Krebs cycle)	Previous algorithm: distinct-gene set coverage	40	13	32.5	FALSE	FALSE
SY456YB-8-12_bin27	Carbon	Citrate cycle, first carbon oxidation, oxaloacetate => 2-oxoglutarate	Previous algorithm: distinct-gene set coverage	6	2	33.3333333333333	FALSE	FALSE
SY456YB-8-12_bin27	Carbon	Citrate cycle, second carbon oxidation, 2-oxoglutarate => oxaloacetate	Previous algorithm: distinct-gene set coverage	34	11	32.3529411764706	FALSE	FALSE
SY456YB-8-12_bin27	Carbon	Glycolysis (Embden-Meyerhof pathway), glucose => pyruvate	Previous algorithm: distinct-gene set coverage	29	8	27.5862068965517	FALSE	FALSE
SY456YB-8-12_bin27	Carbon	Glycolysis, core module involving three-carbon compounds	Previous algorithm: distinct-gene set coverage	12	6	50	TRUE	FALSE
SY456YB-8-12_bin27	Carbon	Incomplete reductive citrate cycle, acetyl-CoA => oxoglutarate	Previous algorithm: distinct-gene set coverage	17	3	17.6470588235294	FALSE	FALSE
SY456YB-8-12_bin27	Carbon	Pyruvate oxidation, pyruvate => acetyl-CoA	Previous algorithm: distinct-gene set coverage	11	4	36.3636363636364	FALSE	FALSE
SY456YB-8-12_bin27	Carbon	TCA /Reductive TCA	Previous algorithm: distinct-gene set coverage	1	0	0	FALSE	FALSE
SY456YB-8-12_bin34	Motility	Flagellar Assembly (partial 36-KO reconstruction)	Previous algorithm: distinct-gene set coverage	36	10	27.7777777777778	FALSE	FALSE
SY456YB-8-12_bin34	Vitamin B12	Cobalamin biosynthesis, cobinamide => cobalamin	Previous algorithm: distinct-gene set coverage	8	7	87.5	TRUE	TRUE
SY456YB-8-12_bin34	Vitamin B12	Cobalamin biosynthesis, precorrin2 => cobinamide	Previous algorithm: distinct-gene set coverage	25	13	52	TRUE	FALSE
SY456YB-8-12_bin34	Carbon	Acetyl-CoA pathway, CO2 => acetyl-CoA	Previous algorithm: distinct-gene set coverage	5	0	0	FALSE	FALSE
SY456YB-8-12_bin34	Carbon	Methane oxidation, methanotroph, methane => formaldehyde	Previous algorithm: distinct-gene set coverage	12	0	0	FALSE	FALSE
SY456YB-8-12_bin34	Carbon	Methanogenesis, CO2 => methane	Previous algorithm: distinct-gene set coverage	37	0	0	FALSE	FALSE
SY456YB-8-12_bin34	Carbon	Methanogenesis, acetate => methane	Previous algorithm: distinct-gene set coverage	31	1	3.2258064516129	FALSE	FALSE
SY456YB-8-12_bin34	Carbon	Methanogenesis, methanethiol => methane	Previous algorithm: distinct-gene set coverage	1	0	0	FALSE	FALSE
SY456YB-8-12_bin34	Carbon	Methanogenesis, methanol => methane	Previous algorithm: distinct-gene set coverage	19	0	0	FALSE	FALSE
SY456YB-8-12_bin34	Carbon	Methanogenesis, methylamine/dimethylamine/trimethylamine => methane	Previous algorithm: distinct-gene set coverage	23	1	4.34782608695652	FALSE	FALSE
SY456YB-8-12_bin34	Carbon	Reductive acetyl-CoA pathway (Wood-Ljungdahl pathway)	Previous algorithm: distinct-gene set coverage	10	1	10	FALSE	FALSE
SY456YB-8-12_bin34	Carbon	Reductive citrate cycle (Arnon-Buchanan cycle)	Previous algorithm: distinct-gene set coverage	43	12	27.906976744186	FALSE	FALSE
SY456YB-8-12_bin34	Nitrogen	Assimilatory nitrate reduction, nitrate => ammonia	Previous algorithm: distinct-gene set coverage	6	0	0	FALSE	FALSE
SY456YB-8-12_bin34	Nitrogen	Complete nitrification, comammox, ammonia => nitrite => nitrate	Previous algorithm: distinct-gene set coverage	6	0	0	FALSE	FALSE
SY456YB-8-12_bin34	Nitrogen	Denitrification, nitrate => nitrogen	Previous algorithm: distinct-gene set coverage	11	1	9.09090909090909	FALSE	FALSE
SY456YB-8-12_bin34	Nitrogen	Dissimilatory nitrate reduction, nitrate => ammonia	Previous algorithm: distinct-gene set coverage	9	1	11.1111111111111	FALSE	FALSE
SY456YB-8-12_bin34	Nitrogen	Nitrate assimilation	Previous algorithm: distinct-gene set coverage	1	1	100	TRUE	TRUE
SY456YB-8-12_bin34	Nitrogen	Nitrification, ammonia => nitrite	Previous algorithm: distinct-gene set coverage	8	0	0	FALSE	FALSE
SY456YB-8-12_bin34	Nitrogen	Nitrogen fixation, nitrogen => ammonia	Previous algorithm: distinct-gene set coverage	8	0	0	FALSE	FALSE
SY456YB-8-12_bin34	Nitrogen	nitrite + ammonia => nitrogen	Previous algorithm: distinct-gene set coverage	9	0	0	FALSE	FALSE
SY456YB-8-12_bin34	Sulfur	Assimilatory sulfate reduction, sulfate => H2S	Previous algorithm: distinct-gene set coverage	10	3	30	FALSE	FALSE
SY456YB-8-12_bin34	Sulfur	Dissimilatory sulfate reduction, sulfate => H2S	Previous algorithm: distinct-gene set coverage	7	1	14.2857142857143	FALSE	FALSE
SY456YB-8-12_bin34	Sulfur	Thiosulfate oxidation by SOX complex, thiosulfate => sulfate	Previous algorithm: distinct-gene set coverage	7	5	71.4285714285714	TRUE	FALSE
SY456YB-8-12_bin34	Nitrogen	Urea cycle	Previous algorithm: distinct-gene set coverage	6	2	33.3333333333333	FALSE	FALSE
SY456YB-8-12_bin34	Nitrogen	Urea transport system	Previous algorithm: distinct-gene set coverage	5	0	0	FALSE	FALSE
SY456YB-8-12_bin34	Sulfur	Sulfate/thiosulfate transport system	Previous algorithm: distinct-gene set coverage	5	0	0	FALSE	FALSE
SY456YB-8-12_bin34	Sulfur	Sulfonate transport system	Previous algorithm: distinct-gene set coverage	3	1	33.3333333333333	FALSE	FALSE
SY456YB-8-12_bin34	Vitamin B12	Cobalamin salvage	Previous algorithm: distinct-gene set coverage	4	0	0	FALSE	FALSE
SY456YB-8-12_bin34	Vitamin B12	Vitamin B12 transport system	Previous algorithm: distinct-gene set coverage	3	0	0	FALSE	FALSE
SY456YB-8-12_bin34	Carbon	Citrate cycle (TCA cycle, Krebs cycle)	Previous algorithm: distinct-gene set coverage	40	14	35	FALSE	FALSE
SY456YB-8-12_bin34	Carbon	Citrate cycle, first carbon oxidation, oxaloacetate => 2-oxoglutarate	Previous algorithm: distinct-gene set coverage	6	1	16.6666666666667	FALSE	FALSE
SY456YB-8-12_bin34	Carbon	Citrate cycle, second carbon oxidation, 2-oxoglutarate => oxaloacetate	Previous algorithm: distinct-gene set coverage	34	13	38.2352941176471	FALSE	FALSE
SY456YB-8-12_bin34	Carbon	Glycolysis (Embden-Meyerhof pathway), glucose => pyruvate	Previous algorithm: distinct-gene set coverage	29	10	34.4827586206897	FALSE	FALSE
SY456YB-8-12_bin34	Carbon	Glycolysis, core module involving three-carbon compounds	Previous algorithm: distinct-gene set coverage	12	6	50	TRUE	FALSE
SY456YB-8-12_bin34	Carbon	Incomplete reductive citrate cycle, acetyl-CoA => oxoglutarate	Previous algorithm: distinct-gene set coverage	17	5	29.4117647058824	FALSE	FALSE
SY456YB-8-12_bin34	Carbon	Pyruvate oxidation, pyruvate => acetyl-CoA	Previous algorithm: distinct-gene set coverage	11	4	36.3636363636364	FALSE	FALSE
SY456YB-8-12_bin34	Carbon	TCA /Reductive TCA	Previous algorithm: distinct-gene set coverage	1	0	0	FALSE	FALSE
SY456YB-8-12_bin4	Motility	Flagellar Assembly (partial 36-KO reconstruction)	Previous algorithm: distinct-gene set coverage	36	22	61.1111111111111	TRUE	FALSE
SY456YB-8-12_bin4	Vitamin B12	Cobalamin biosynthesis, cobinamide => cobalamin	Previous algorithm: distinct-gene set coverage	8	6	75	TRUE	TRUE
SY456YB-8-12_bin4	Vitamin B12	Cobalamin biosynthesis, precorrin2 => cobinamide	Previous algorithm: distinct-gene set coverage	25	14	56	TRUE	FALSE
SY456YB-8-12_bin4	Carbon	Acetyl-CoA pathway, CO2 => acetyl-CoA	Previous algorithm: distinct-gene set coverage	5	0	0	FALSE	FALSE
SY456YB-8-12_bin4	Carbon	Methane oxidation, methanotroph, methane => formaldehyde	Previous algorithm: distinct-gene set coverage	12	0	0	FALSE	FALSE
SY456YB-8-12_bin4	Carbon	Methanogenesis, CO2 => methane	Previous algorithm: distinct-gene set coverage	37	2	5.4054054054054	FALSE	FALSE
SY456YB-8-12_bin4	Carbon	Methanogenesis, acetate => methane	Previous algorithm: distinct-gene set coverage	31	4	12.9032258064516	FALSE	FALSE
SY456YB-8-12_bin4	Carbon	Methanogenesis, methanethiol => methane	Previous algorithm: distinct-gene set coverage	1	0	0	FALSE	FALSE
SY456YB-8-12_bin4	Carbon	Methanogenesis, methanol => methane	Previous algorithm: distinct-gene set coverage	19	2	10.5263157894737	FALSE	FALSE
SY456YB-8-12_bin4	Carbon	Methanogenesis, methylamine/dimethylamine/trimethylamine => methane	Previous algorithm: distinct-gene set coverage	23	3	13.0434782608696	FALSE	FALSE
SY456YB-8-12_bin4	Carbon	Reductive acetyl-CoA pathway (Wood-Ljungdahl pathway)	Previous algorithm: distinct-gene set coverage	10	3	30	FALSE	FALSE
SY456YB-8-12_bin4	Carbon	Reductive citrate cycle (Arnon-Buchanan cycle)	Previous algorithm: distinct-gene set coverage	43	18	41.8604651162791	FALSE	FALSE
SY456YB-8-12_bin4	Nitrogen	Assimilatory nitrate reduction, nitrate => ammonia	Previous algorithm: distinct-gene set coverage	6	0	0	FALSE	FALSE
SY456YB-8-12_bin4	Nitrogen	Complete nitrification, comammox, ammonia => nitrite => nitrate	Previous algorithm: distinct-gene set coverage	6	0	0	FALSE	FALSE
SY456YB-8-12_bin4	Nitrogen	Denitrification, nitrate => nitrogen	Previous algorithm: distinct-gene set coverage	11	7	63.6363636363636	TRUE	FALSE
SY456YB-8-12_bin4	Nitrogen	Dissimilatory nitrate reduction, nitrate => ammonia	Previous algorithm: distinct-gene set coverage	9	2	22.2222222222222	FALSE	FALSE
SY456YB-8-12_bin4	Nitrogen	Nitrate assimilation	Previous algorithm: distinct-gene set coverage	1	0	0	FALSE	FALSE
SY456YB-8-12_bin4	Nitrogen	Nitrification, ammonia => nitrite	Previous algorithm: distinct-gene set coverage	8	0	0	FALSE	FALSE
SY456YB-8-12_bin4	Nitrogen	Nitrogen fixation, nitrogen => ammonia	Previous algorithm: distinct-gene set coverage	8	0	0	FALSE	FALSE
SY456YB-8-12_bin4	Nitrogen	nitrite + ammonia => nitrogen	Previous algorithm: distinct-gene set coverage	9	2	22.2222222222222	FALSE	FALSE
SY456YB-8-12_bin4	Sulfur	Assimilatory sulfate reduction, sulfate => H2S	Previous algorithm: distinct-gene set coverage	10	4	40	FALSE	FALSE
SY456YB-8-12_bin4	Sulfur	Dissimilatory sulfate reduction, sulfate => H2S	Previous algorithm: distinct-gene set coverage	7	5	71.4285714285714	TRUE	FALSE
SY456YB-8-12_bin4	Sulfur	Thiosulfate oxidation by SOX complex, thiosulfate => sulfate	Previous algorithm: distinct-gene set coverage	7	4	57.1428571428571	TRUE	FALSE
SY456YB-8-12_bin4	Nitrogen	Urea cycle	Previous algorithm: distinct-gene set coverage	6	3	50	TRUE	FALSE
SY456YB-8-12_bin4	Nitrogen	Urea transport system	Previous algorithm: distinct-gene set coverage	5	0	0	FALSE	FALSE
SY456YB-8-12_bin4	Sulfur	Sulfate/thiosulfate transport system	Previous algorithm: distinct-gene set coverage	5	0	0	FALSE	FALSE
SY456YB-8-12_bin4	Sulfur	Sulfonate transport system	Previous algorithm: distinct-gene set coverage	3	2	66.6666666666667	TRUE	FALSE
SY456YB-8-12_bin4	Vitamin B12	Cobalamin salvage	Previous algorithm: distinct-gene set coverage	4	0	0	FALSE	FALSE
SY456YB-8-12_bin4	Vitamin B12	Vitamin B12 transport system	Previous algorithm: distinct-gene set coverage	3	0	0	FALSE	FALSE
SY456YB-8-12_bin4	Carbon	Citrate cycle (TCA cycle, Krebs cycle)	Previous algorithm: distinct-gene set coverage	40	20	50	TRUE	FALSE
SY456YB-8-12_bin4	Carbon	Citrate cycle, first carbon oxidation, oxaloacetate => 2-oxoglutarate	Previous algorithm: distinct-gene set coverage	6	2	33.3333333333333	FALSE	FALSE
SY456YB-8-12_bin4	Carbon	Citrate cycle, second carbon oxidation, 2-oxoglutarate => oxaloacetate	Previous algorithm: distinct-gene set coverage	34	18	52.9411764705882	TRUE	FALSE
SY456YB-8-12_bin4	Carbon	Glycolysis (Embden-Meyerhof pathway), glucose => pyruvate	Previous algorithm: distinct-gene set coverage	29	8	27.5862068965517	FALSE	FALSE
SY456YB-8-12_bin4	Carbon	Glycolysis, core module involving three-carbon compounds	Previous algorithm: distinct-gene set coverage	12	6	50	TRUE	FALSE
SY456YB-8-12_bin4	Carbon	Incomplete reductive citrate cycle, acetyl-CoA => oxoglutarate	Previous algorithm: distinct-gene set coverage	17	7	41.1764705882353	FALSE	FALSE
SY456YB-8-12_bin4	Carbon	Pyruvate oxidation, pyruvate => acetyl-CoA	Previous algorithm: distinct-gene set coverage	11	5	45.4545454545455	FALSE	FALSE
SY456YB-8-12_bin4	Carbon	TCA /Reductive TCA	Previous algorithm: distinct-gene set coverage	1	0	0	FALSE	FALSE
SY456YB-8-12_bin5	Motility	Flagellar Assembly (partial 36-KO reconstruction)	Previous algorithm: distinct-gene set coverage	36	17	47.2222222222222	FALSE	FALSE
SY456YB-8-12_bin5	Vitamin B12	Cobalamin biosynthesis, cobinamide => cobalamin	Previous algorithm: distinct-gene set coverage	8	5	62.5	TRUE	FALSE
SY456YB-8-12_bin5	Vitamin B12	Cobalamin biosynthesis, precorrin2 => cobinamide	Previous algorithm: distinct-gene set coverage	25	3	12	FALSE	FALSE
SY456YB-8-12_bin5	Carbon	Acetyl-CoA pathway, CO2 => acetyl-CoA	Previous algorithm: distinct-gene set coverage	5	0	0	FALSE	FALSE
SY456YB-8-12_bin5	Carbon	Methane oxidation, methanotroph, methane => formaldehyde	Previous algorithm: distinct-gene set coverage	12	0	0	FALSE	FALSE
SY456YB-8-12_bin5	Carbon	Methanogenesis, CO2 => methane	Previous algorithm: distinct-gene set coverage	37	0	0	FALSE	FALSE
SY456YB-8-12_bin5	Carbon	Methanogenesis, acetate => methane	Previous algorithm: distinct-gene set coverage	31	1	3.2258064516129	FALSE	FALSE
SY456YB-8-12_bin5	Carbon	Methanogenesis, methanethiol => methane	Previous algorithm: distinct-gene set coverage	1	0	0	FALSE	FALSE
SY456YB-8-12_bin5	Carbon	Methanogenesis, methanol => methane	Previous algorithm: distinct-gene set coverage	19	0	0	FALSE	FALSE
SY456YB-8-12_bin5	Carbon	Methanogenesis, methylamine/dimethylamine/trimethylamine => methane	Previous algorithm: distinct-gene set coverage	23	1	4.34782608695652	FALSE	FALSE
SY456YB-8-12_bin5	Carbon	Reductive acetyl-CoA pathway (Wood-Ljungdahl pathway)	Previous algorithm: distinct-gene set coverage	10	2	20	FALSE	FALSE
SY456YB-8-12_bin5	Carbon	Reductive citrate cycle (Arnon-Buchanan cycle)	Previous algorithm: distinct-gene set coverage	43	14	32.5581395348837	FALSE	FALSE
SY456YB-8-12_bin5	Nitrogen	Assimilatory nitrate reduction, nitrate => ammonia	Previous algorithm: distinct-gene set coverage	6	0	0	FALSE	FALSE
SY456YB-8-12_bin5	Nitrogen	Complete nitrification, comammox, ammonia => nitrite => nitrate	Previous algorithm: distinct-gene set coverage	6	0	0	FALSE	FALSE
SY456YB-8-12_bin5	Nitrogen	Denitrification, nitrate => nitrogen	Previous algorithm: distinct-gene set coverage	11	3	27.2727272727273	FALSE	FALSE
SY456YB-8-12_bin5	Nitrogen	Dissimilatory nitrate reduction, nitrate => ammonia	Previous algorithm: distinct-gene set coverage	9	1	11.1111111111111	FALSE	FALSE
SY456YB-8-12_bin5	Nitrogen	Nitrate assimilation	Previous algorithm: distinct-gene set coverage	1	0	0	FALSE	FALSE
SY456YB-8-12_bin5	Nitrogen	Nitrification, ammonia => nitrite	Previous algorithm: distinct-gene set coverage	8	0	0	FALSE	FALSE
SY456YB-8-12_bin5	Nitrogen	Nitrogen fixation, nitrogen => ammonia	Previous algorithm: distinct-gene set coverage	8	0	0	FALSE	FALSE
SY456YB-8-12_bin5	Nitrogen	nitrite + ammonia => nitrogen	Previous algorithm: distinct-gene set coverage	9	1	11.1111111111111	FALSE	FALSE
SY456YB-8-12_bin5	Sulfur	Assimilatory sulfate reduction, sulfate => H2S	Previous algorithm: distinct-gene set coverage	10	0	0	FALSE	FALSE
SY456YB-8-12_bin5	Sulfur	Dissimilatory sulfate reduction, sulfate => H2S	Previous algorithm: distinct-gene set coverage	7	0	0	FALSE	FALSE
SY456YB-8-12_bin5	Sulfur	Thiosulfate oxidation by SOX complex, thiosulfate => sulfate	Previous algorithm: distinct-gene set coverage	7	7	100	TRUE	TRUE
SY456YB-8-12_bin5	Nitrogen	Urea cycle	Previous algorithm: distinct-gene set coverage	6	1	16.6666666666667	FALSE	FALSE
SY456YB-8-12_bin5	Nitrogen	Urea transport system	Previous algorithm: distinct-gene set coverage	5	0	0	FALSE	FALSE
SY456YB-8-12_bin5	Sulfur	Sulfate/thiosulfate transport system	Previous algorithm: distinct-gene set coverage	5	0	0	FALSE	FALSE
SY456YB-8-12_bin5	Sulfur	Sulfonate transport system	Previous algorithm: distinct-gene set coverage	3	0	0	FALSE	FALSE
SY456YB-8-12_bin5	Vitamin B12	Cobalamin salvage	Previous algorithm: distinct-gene set coverage	4	0	0	FALSE	FALSE
SY456YB-8-12_bin5	Vitamin B12	Vitamin B12 transport system	Previous algorithm: distinct-gene set coverage	3	0	0	FALSE	FALSE
SY456YB-8-12_bin5	Carbon	Citrate cycle (TCA cycle, Krebs cycle)	Previous algorithm: distinct-gene set coverage	40	13	32.5	FALSE	FALSE
SY456YB-8-12_bin5	Carbon	Citrate cycle, first carbon oxidation, oxaloacetate => 2-oxoglutarate	Previous algorithm: distinct-gene set coverage	6	1	16.6666666666667	FALSE	FALSE
SY456YB-8-12_bin5	Carbon	Citrate cycle, second carbon oxidation, 2-oxoglutarate => oxaloacetate	Previous algorithm: distinct-gene set coverage	34	12	35.2941176470588	FALSE	FALSE
SY456YB-8-12_bin5	Carbon	Glycolysis (Embden-Meyerhof pathway), glucose => pyruvate	Previous algorithm: distinct-gene set coverage	29	7	24.1379310344828	FALSE	FALSE
SY456YB-8-12_bin5	Carbon	Glycolysis, core module involving three-carbon compounds	Previous algorithm: distinct-gene set coverage	12	5	41.6666666666667	FALSE	FALSE
SY456YB-8-12_bin5	Carbon	Incomplete reductive citrate cycle, acetyl-CoA => oxoglutarate	Previous algorithm: distinct-gene set coverage	17	6	35.2941176470588	FALSE	FALSE
SY456YB-8-12_bin5	Carbon	Pyruvate oxidation, pyruvate => acetyl-CoA	Previous algorithm: distinct-gene set coverage	11	3	27.2727272727273	FALSE	FALSE
SY456YB-8-12_bin5	Carbon	TCA /Reductive TCA	Previous algorithm: distinct-gene set coverage	1	0	0	FALSE	FALSE
SY457BB-0-4_bin2	Motility	Flagellar Assembly (partial 36-KO reconstruction)	Previous algorithm: distinct-gene set coverage	36	0	0	FALSE	FALSE
SY457BB-0-4_bin2	Vitamin B12	Cobalamin biosynthesis, cobinamide => cobalamin	Previous algorithm: distinct-gene set coverage	8	5	62.5	TRUE	FALSE
SY457BB-0-4_bin2	Vitamin B12	Cobalamin biosynthesis, precorrin2 => cobinamide	Previous algorithm: distinct-gene set coverage	25	2	8	FALSE	FALSE
SY457BB-0-4_bin2	Carbon	Acetyl-CoA pathway, CO2 => acetyl-CoA	Previous algorithm: distinct-gene set coverage	5	0	0	FALSE	FALSE
SY457BB-0-4_bin2	Carbon	Methane oxidation, methanotroph, methane => formaldehyde	Previous algorithm: distinct-gene set coverage	12	0	0	FALSE	FALSE
SY457BB-0-4_bin2	Carbon	Methanogenesis, CO2 => methane	Previous algorithm: distinct-gene set coverage	37	0	0	FALSE	FALSE
SY457BB-0-4_bin2	Carbon	Methanogenesis, acetate => methane	Previous algorithm: distinct-gene set coverage	31	1	3.2258064516129	FALSE	FALSE
SY457BB-0-4_bin2	Carbon	Methanogenesis, methanethiol => methane	Previous algorithm: distinct-gene set coverage	1	0	0	FALSE	FALSE
SY457BB-0-4_bin2	Carbon	Methanogenesis, methanol => methane	Previous algorithm: distinct-gene set coverage	19	0	0	FALSE	FALSE
SY457BB-0-4_bin2	Carbon	Methanogenesis, methylamine/dimethylamine/trimethylamine => methane	Previous algorithm: distinct-gene set coverage	23	1	4.34782608695652	FALSE	FALSE
SY457BB-0-4_bin2	Carbon	Reductive acetyl-CoA pathway (Wood-Ljungdahl pathway)	Previous algorithm: distinct-gene set coverage	10	3	30	FALSE	FALSE
SY457BB-0-4_bin2	Carbon	Reductive citrate cycle (Arnon-Buchanan cycle)	Previous algorithm: distinct-gene set coverage	43	8	18.6046511627907	FALSE	FALSE
SY457BB-0-4_bin2	Nitrogen	Assimilatory nitrate reduction, nitrate => ammonia	Previous algorithm: distinct-gene set coverage	6	0	0	FALSE	FALSE
SY457BB-0-4_bin2	Nitrogen	Complete nitrification, comammox, ammonia => nitrite => nitrate	Previous algorithm: distinct-gene set coverage	6	0	0	FALSE	FALSE
SY457BB-0-4_bin2	Nitrogen	Denitrification, nitrate => nitrogen	Previous algorithm: distinct-gene set coverage	11	4	36.3636363636364	FALSE	FALSE
SY457BB-0-4_bin2	Nitrogen	Dissimilatory nitrate reduction, nitrate => ammonia	Previous algorithm: distinct-gene set coverage	9	3	33.3333333333333	FALSE	FALSE
SY457BB-0-4_bin2	Nitrogen	Nitrate assimilation	Previous algorithm: distinct-gene set coverage	1	1	100	TRUE	TRUE
SY457BB-0-4_bin2	Nitrogen	Nitrification, ammonia => nitrite	Previous algorithm: distinct-gene set coverage	8	0	0	FALSE	FALSE
SY457BB-0-4_bin2	Nitrogen	Nitrogen fixation, nitrogen => ammonia	Previous algorithm: distinct-gene set coverage	8	0	0	FALSE	FALSE
SY457BB-0-4_bin2	Nitrogen	nitrite + ammonia => nitrogen	Previous algorithm: distinct-gene set coverage	9	1	11.1111111111111	FALSE	FALSE
SY457BB-0-4_bin2	Sulfur	Assimilatory sulfate reduction, sulfate => H2S	Previous algorithm: distinct-gene set coverage	10	1	10	FALSE	FALSE
SY457BB-0-4_bin2	Sulfur	Dissimilatory sulfate reduction, sulfate => H2S	Previous algorithm: distinct-gene set coverage	7	5	71.4285714285714	TRUE	FALSE
SY457BB-0-4_bin2	Sulfur	Thiosulfate oxidation by SOX complex, thiosulfate => sulfate	Previous algorithm: distinct-gene set coverage	7	1	14.2857142857143	FALSE	FALSE
SY457BB-0-4_bin2	Nitrogen	Urea cycle	Previous algorithm: distinct-gene set coverage	6	3	50	TRUE	FALSE
SY457BB-0-4_bin2	Nitrogen	Urea transport system	Previous algorithm: distinct-gene set coverage	5	0	0	FALSE	FALSE
SY457BB-0-4_bin2	Sulfur	Sulfate/thiosulfate transport system	Previous algorithm: distinct-gene set coverage	5	0	0	FALSE	FALSE
SY457BB-0-4_bin2	Sulfur	Sulfonate transport system	Previous algorithm: distinct-gene set coverage	3	0	0	FALSE	FALSE
SY457BB-0-4_bin2	Vitamin B12	Cobalamin salvage	Previous algorithm: distinct-gene set coverage	4	1	25	FALSE	FALSE
SY457BB-0-4_bin2	Vitamin B12	Vitamin B12 transport system	Previous algorithm: distinct-gene set coverage	3	0	0	FALSE	FALSE
SY457BB-0-4_bin2	Carbon	Citrate cycle (TCA cycle, Krebs cycle)	Previous algorithm: distinct-gene set coverage	40	10	25	FALSE	FALSE
SY457BB-0-4_bin2	Carbon	Citrate cycle, first carbon oxidation, oxaloacetate => 2-oxoglutarate	Previous algorithm: distinct-gene set coverage	6	2	33.3333333333333	FALSE	FALSE
SY457BB-0-4_bin2	Carbon	Citrate cycle, second carbon oxidation, 2-oxoglutarate => oxaloacetate	Previous algorithm: distinct-gene set coverage	34	8	23.5294117647059	FALSE	FALSE
SY457BB-0-4_bin2	Carbon	Glycolysis (Embden-Meyerhof pathway), glucose => pyruvate	Previous algorithm: distinct-gene set coverage	29	8	27.5862068965517	FALSE	FALSE
SY457BB-0-4_bin2	Carbon	Glycolysis, core module involving three-carbon compounds	Previous algorithm: distinct-gene set coverage	12	6	50	TRUE	FALSE
SY457BB-0-4_bin2	Carbon	Incomplete reductive citrate cycle, acetyl-CoA => oxoglutarate	Previous algorithm: distinct-gene set coverage	17	0	0	FALSE	FALSE
SY457BB-0-4_bin2	Carbon	Pyruvate oxidation, pyruvate => acetyl-CoA	Previous algorithm: distinct-gene set coverage	11	3	27.2727272727273	FALSE	FALSE
SY457BB-0-4_bin2	Carbon	TCA /Reductive TCA	Previous algorithm: distinct-gene set coverage	1	0	0	FALSE	FALSE
SY457BB-0-4_bin35	Motility	Flagellar Assembly (partial 36-KO reconstruction)	Previous algorithm: distinct-gene set coverage	36	13	36.1111111111111	FALSE	FALSE
SY457BB-0-4_bin35	Vitamin B12	Cobalamin biosynthesis, cobinamide => cobalamin	Previous algorithm: distinct-gene set coverage	8	6	75	TRUE	TRUE
SY457BB-0-4_bin35	Vitamin B12	Cobalamin biosynthesis, precorrin2 => cobinamide	Previous algorithm: distinct-gene set coverage	25	11	44	FALSE	FALSE
SY457BB-0-4_bin35	Carbon	Acetyl-CoA pathway, CO2 => acetyl-CoA	Previous algorithm: distinct-gene set coverage	5	0	0	FALSE	FALSE
SY457BB-0-4_bin35	Carbon	Methane oxidation, methanotroph, methane => formaldehyde	Previous algorithm: distinct-gene set coverage	12	0	0	FALSE	FALSE
SY457BB-0-4_bin35	Carbon	Methanogenesis, CO2 => methane	Previous algorithm: distinct-gene set coverage	37	0	0	FALSE	FALSE
SY457BB-0-4_bin35	Carbon	Methanogenesis, acetate => methane	Previous algorithm: distinct-gene set coverage	31	1	3.2258064516129	FALSE	FALSE
SY457BB-0-4_bin35	Carbon	Methanogenesis, methanethiol => methane	Previous algorithm: distinct-gene set coverage	1	0	0	FALSE	FALSE
SY457BB-0-4_bin35	Carbon	Methanogenesis, methanol => methane	Previous algorithm: distinct-gene set coverage	19	0	0	FALSE	FALSE
SY457BB-0-4_bin35	Carbon	Methanogenesis, methylamine/dimethylamine/trimethylamine => methane	Previous algorithm: distinct-gene set coverage	23	0	0	FALSE	FALSE
SY457BB-0-4_bin35	Carbon	Reductive acetyl-CoA pathway (Wood-Ljungdahl pathway)	Previous algorithm: distinct-gene set coverage	10	2	20	FALSE	FALSE
SY457BB-0-4_bin35	Carbon	Reductive citrate cycle (Arnon-Buchanan cycle)	Previous algorithm: distinct-gene set coverage	43	9	20.9302325581395	FALSE	FALSE
SY457BB-0-4_bin35	Nitrogen	Assimilatory nitrate reduction, nitrate => ammonia	Previous algorithm: distinct-gene set coverage	6	0	0	FALSE	FALSE
SY457BB-0-4_bin35	Nitrogen	Complete nitrification, comammox, ammonia => nitrite => nitrate	Previous algorithm: distinct-gene set coverage	6	0	0	FALSE	FALSE
SY457BB-0-4_bin35	Nitrogen	Denitrification, nitrate => nitrogen	Previous algorithm: distinct-gene set coverage	11	4	36.3636363636364	FALSE	FALSE
SY457BB-0-4_bin35	Nitrogen	Dissimilatory nitrate reduction, nitrate => ammonia	Previous algorithm: distinct-gene set coverage	9	2	22.2222222222222	FALSE	FALSE
SY457BB-0-4_bin35	Nitrogen	Nitrate assimilation	Previous algorithm: distinct-gene set coverage	1	1	100	TRUE	TRUE
SY457BB-0-4_bin35	Nitrogen	Nitrification, ammonia => nitrite	Previous algorithm: distinct-gene set coverage	8	0	0	FALSE	FALSE
SY457BB-0-4_bin35	Nitrogen	Nitrogen fixation, nitrogen => ammonia	Previous algorithm: distinct-gene set coverage	8	0	0	FALSE	FALSE
SY457BB-0-4_bin35	Nitrogen	nitrite + ammonia => nitrogen	Previous algorithm: distinct-gene set coverage	9	1	11.1111111111111	FALSE	FALSE
SY457BB-0-4_bin35	Sulfur	Assimilatory sulfate reduction, sulfate => H2S	Previous algorithm: distinct-gene set coverage	10	2	20	FALSE	FALSE
SY457BB-0-4_bin35	Sulfur	Dissimilatory sulfate reduction, sulfate => H2S	Previous algorithm: distinct-gene set coverage	7	1	14.2857142857143	FALSE	FALSE
SY457BB-0-4_bin35	Sulfur	Thiosulfate oxidation by SOX complex, thiosulfate => sulfate	Previous algorithm: distinct-gene set coverage	7	0	0	FALSE	FALSE
SY457BB-0-4_bin35	Nitrogen	Urea cycle	Previous algorithm: distinct-gene set coverage	6	3	50	TRUE	FALSE
SY457BB-0-4_bin35	Nitrogen	Urea transport system	Previous algorithm: distinct-gene set coverage	5	0	0	FALSE	FALSE
SY457BB-0-4_bin35	Sulfur	Sulfate/thiosulfate transport system	Previous algorithm: distinct-gene set coverage	5	0	0	FALSE	FALSE
SY457BB-0-4_bin35	Sulfur	Sulfonate transport system	Previous algorithm: distinct-gene set coverage	3	1	33.3333333333333	FALSE	FALSE
SY457BB-0-4_bin35	Vitamin B12	Cobalamin salvage	Previous algorithm: distinct-gene set coverage	4	0	0	FALSE	FALSE
SY457BB-0-4_bin35	Vitamin B12	Vitamin B12 transport system	Previous algorithm: distinct-gene set coverage	3	0	0	FALSE	FALSE
SY457BB-0-4_bin35	Carbon	Citrate cycle (TCA cycle, Krebs cycle)	Previous algorithm: distinct-gene set coverage	40	11	27.5	FALSE	FALSE
SY457BB-0-4_bin35	Carbon	Citrate cycle, first carbon oxidation, oxaloacetate => 2-oxoglutarate	Previous algorithm: distinct-gene set coverage	6	1	16.6666666666667	FALSE	FALSE
SY457BB-0-4_bin35	Carbon	Citrate cycle, second carbon oxidation, 2-oxoglutarate => oxaloacetate	Previous algorithm: distinct-gene set coverage	34	10	29.4117647058824	FALSE	FALSE
SY457BB-0-4_bin35	Carbon	Glycolysis (Embden-Meyerhof pathway), glucose => pyruvate	Previous algorithm: distinct-gene set coverage	29	7	24.1379310344828	FALSE	FALSE
SY457BB-0-4_bin35	Carbon	Glycolysis, core module involving three-carbon compounds	Previous algorithm: distinct-gene set coverage	12	5	41.6666666666667	FALSE	FALSE
SY457BB-0-4_bin35	Carbon	Incomplete reductive citrate cycle, acetyl-CoA => oxoglutarate	Previous algorithm: distinct-gene set coverage	17	2	11.7647058823529	FALSE	FALSE
SY457BB-0-4_bin35	Carbon	Pyruvate oxidation, pyruvate => acetyl-CoA	Previous algorithm: distinct-gene set coverage	11	3	27.2727272727273	FALSE	FALSE
SY457BB-0-4_bin35	Carbon	TCA /Reductive TCA	Previous algorithm: distinct-gene set coverage	1	0	0	FALSE	FALSE
SY457BB-0-4_bin6	Motility	Flagellar Assembly (partial 36-KO reconstruction)	Previous algorithm: distinct-gene set coverage	36	23	63.8888888888889	TRUE	FALSE
SY457BB-0-4_bin6	Vitamin B12	Cobalamin biosynthesis, cobinamide => cobalamin	Previous algorithm: distinct-gene set coverage	8	6	75	TRUE	TRUE
SY457BB-0-4_bin6	Vitamin B12	Cobalamin biosynthesis, precorrin2 => cobinamide	Previous algorithm: distinct-gene set coverage	25	14	56	TRUE	FALSE
SY457BB-0-4_bin6	Carbon	Acetyl-CoA pathway, CO2 => acetyl-CoA	Previous algorithm: distinct-gene set coverage	5	0	0	FALSE	FALSE
SY457BB-0-4_bin6	Carbon	Methane oxidation, methanotroph, methane => formaldehyde	Previous algorithm: distinct-gene set coverage	12	0	0	FALSE	FALSE
SY457BB-0-4_bin6	Carbon	Methanogenesis, CO2 => methane	Previous algorithm: distinct-gene set coverage	37	0	0	FALSE	FALSE
SY457BB-0-4_bin6	Carbon	Methanogenesis, acetate => methane	Previous algorithm: distinct-gene set coverage	31	2	6.45161290322581	FALSE	FALSE
SY457BB-0-4_bin6	Carbon	Methanogenesis, methanethiol => methane	Previous algorithm: distinct-gene set coverage	1	0	0	FALSE	FALSE
SY457BB-0-4_bin6	Carbon	Methanogenesis, methanol => methane	Previous algorithm: distinct-gene set coverage	19	0	0	FALSE	FALSE
SY457BB-0-4_bin6	Carbon	Methanogenesis, methylamine/dimethylamine/trimethylamine => methane	Previous algorithm: distinct-gene set coverage	23	1	4.34782608695652	FALSE	FALSE
SY457BB-0-4_bin6	Carbon	Reductive acetyl-CoA pathway (Wood-Ljungdahl pathway)	Previous algorithm: distinct-gene set coverage	10	3	30	FALSE	FALSE
SY457BB-0-4_bin6	Carbon	Reductive citrate cycle (Arnon-Buchanan cycle)	Previous algorithm: distinct-gene set coverage	43	15	34.8837209302326	FALSE	FALSE
SY457BB-0-4_bin6	Nitrogen	Assimilatory nitrate reduction, nitrate => ammonia	Previous algorithm: distinct-gene set coverage	6	0	0	FALSE	FALSE
SY457BB-0-4_bin6	Nitrogen	Complete nitrification, comammox, ammonia => nitrite => nitrate	Previous algorithm: distinct-gene set coverage	6	0	0	FALSE	FALSE
SY457BB-0-4_bin6	Nitrogen	Denitrification, nitrate => nitrogen	Previous algorithm: distinct-gene set coverage	11	5	45.4545454545455	FALSE	FALSE
SY457BB-0-4_bin6	Nitrogen	Dissimilatory nitrate reduction, nitrate => ammonia	Previous algorithm: distinct-gene set coverage	9	2	22.2222222222222	FALSE	FALSE
SY457BB-0-4_bin6	Nitrogen	Nitrate assimilation	Previous algorithm: distinct-gene set coverage	1	1	100	TRUE	TRUE
SY457BB-0-4_bin6	Nitrogen	Nitrification, ammonia => nitrite	Previous algorithm: distinct-gene set coverage	8	0	0	FALSE	FALSE
SY457BB-0-4_bin6	Nitrogen	Nitrogen fixation, nitrogen => ammonia	Previous algorithm: distinct-gene set coverage	8	0	0	FALSE	FALSE
SY457BB-0-4_bin6	Nitrogen	nitrite + ammonia => nitrogen	Previous algorithm: distinct-gene set coverage	9	1	11.1111111111111	FALSE	FALSE
SY457BB-0-4_bin6	Sulfur	Assimilatory sulfate reduction, sulfate => H2S	Previous algorithm: distinct-gene set coverage	10	3	30	FALSE	FALSE
SY457BB-0-4_bin6	Sulfur	Dissimilatory sulfate reduction, sulfate => H2S	Previous algorithm: distinct-gene set coverage	7	3	42.8571428571429	FALSE	FALSE
SY457BB-0-4_bin6	Sulfur	Thiosulfate oxidation by SOX complex, thiosulfate => sulfate	Previous algorithm: distinct-gene set coverage	7	0	0	FALSE	FALSE
SY457BB-0-4_bin6	Nitrogen	Urea cycle	Previous algorithm: distinct-gene set coverage	6	4	66.6666666666667	TRUE	FALSE
SY457BB-0-4_bin6	Nitrogen	Urea transport system	Previous algorithm: distinct-gene set coverage	5	0	0	FALSE	FALSE
SY457BB-0-4_bin6	Sulfur	Sulfate/thiosulfate transport system	Previous algorithm: distinct-gene set coverage	5	0	0	FALSE	FALSE
SY457BB-0-4_bin6	Sulfur	Sulfonate transport system	Previous algorithm: distinct-gene set coverage	3	0	0	FALSE	FALSE
SY457BB-0-4_bin6	Vitamin B12	Cobalamin salvage	Previous algorithm: distinct-gene set coverage	4	0	0	FALSE	FALSE
SY457BB-0-4_bin6	Vitamin B12	Vitamin B12 transport system	Previous algorithm: distinct-gene set coverage	3	0	0	FALSE	FALSE
SY457BB-0-4_bin6	Carbon	Citrate cycle (TCA cycle, Krebs cycle)	Previous algorithm: distinct-gene set coverage	40	17	42.5	FALSE	FALSE
SY457BB-0-4_bin6	Carbon	Citrate cycle, first carbon oxidation, oxaloacetate => 2-oxoglutarate	Previous algorithm: distinct-gene set coverage	6	2	33.3333333333333	FALSE	FALSE
SY457BB-0-4_bin6	Carbon	Citrate cycle, second carbon oxidation, 2-oxoglutarate => oxaloacetate	Previous algorithm: distinct-gene set coverage	34	15	44.1176470588235	FALSE	FALSE
SY457BB-0-4_bin6	Carbon	Glycolysis (Embden-Meyerhof pathway), glucose => pyruvate	Previous algorithm: distinct-gene set coverage	29	9	31.0344827586207	FALSE	FALSE
SY457BB-0-4_bin6	Carbon	Glycolysis, core module involving three-carbon compounds	Previous algorithm: distinct-gene set coverage	12	6	50	TRUE	FALSE
SY457BB-0-4_bin6	Carbon	Incomplete reductive citrate cycle, acetyl-CoA => oxoglutarate	Previous algorithm: distinct-gene set coverage	17	4	23.5294117647059	FALSE	FALSE
SY457BB-0-4_bin6	Carbon	Pyruvate oxidation, pyruvate => acetyl-CoA	Previous algorithm: distinct-gene set coverage	11	4	36.3636363636364	FALSE	FALSE
SY457BB-0-4_bin6	Carbon	TCA /Reductive TCA	Previous algorithm: distinct-gene set coverage	1	0	0	FALSE	FALSE
SY457BB-4-8_bin29	Motility	Flagellar Assembly (partial 36-KO reconstruction)	Previous algorithm: distinct-gene set coverage	36	0	0	FALSE	FALSE
SY457BB-4-8_bin29	Vitamin B12	Cobalamin biosynthesis, cobinamide => cobalamin	Previous algorithm: distinct-gene set coverage	8	6	75	TRUE	TRUE
SY457BB-4-8_bin29	Vitamin B12	Cobalamin biosynthesis, precorrin2 => cobinamide	Previous algorithm: distinct-gene set coverage	25	9	36	FALSE	FALSE
SY457BB-4-8_bin29	Carbon	Acetyl-CoA pathway, CO2 => acetyl-CoA	Previous algorithm: distinct-gene set coverage	5	0	0	FALSE	FALSE
SY457BB-4-8_bin29	Carbon	Methane oxidation, methanotroph, methane => formaldehyde	Previous algorithm: distinct-gene set coverage	12	0	0	FALSE	FALSE
SY457BB-4-8_bin29	Carbon	Methanogenesis, CO2 => methane	Previous algorithm: distinct-gene set coverage	37	0	0	FALSE	FALSE
SY457BB-4-8_bin29	Carbon	Methanogenesis, acetate => methane	Previous algorithm: distinct-gene set coverage	31	1	3.2258064516129	FALSE	FALSE
SY457BB-4-8_bin29	Carbon	Methanogenesis, methanethiol => methane	Previous algorithm: distinct-gene set coverage	1	0	0	FALSE	FALSE
SY457BB-4-8_bin29	Carbon	Methanogenesis, methanol => methane	Previous algorithm: distinct-gene set coverage	19	0	0	FALSE	FALSE
SY457BB-4-8_bin29	Carbon	Methanogenesis, methylamine/dimethylamine/trimethylamine => methane	Previous algorithm: distinct-gene set coverage	23	1	4.34782608695652	FALSE	FALSE
SY457BB-4-8_bin29	Carbon	Reductive acetyl-CoA pathway (Wood-Ljungdahl pathway)	Previous algorithm: distinct-gene set coverage	10	3	30	FALSE	FALSE
SY457BB-4-8_bin29	Carbon	Reductive citrate cycle (Arnon-Buchanan cycle)	Previous algorithm: distinct-gene set coverage	43	12	27.906976744186	FALSE	FALSE
SY457BB-4-8_bin29	Nitrogen	Assimilatory nitrate reduction, nitrate => ammonia	Previous algorithm: distinct-gene set coverage	6	0	0	FALSE	FALSE
SY457BB-4-8_bin29	Nitrogen	Complete nitrification, comammox, ammonia => nitrite => nitrate	Previous algorithm: distinct-gene set coverage	6	0	0	FALSE	FALSE
SY457BB-4-8_bin29	Nitrogen	Denitrification, nitrate => nitrogen	Previous algorithm: distinct-gene set coverage	11	2	18.1818181818182	FALSE	FALSE
SY457BB-4-8_bin29	Nitrogen	Dissimilatory nitrate reduction, nitrate => ammonia	Previous algorithm: distinct-gene set coverage	9	1	11.1111111111111	FALSE	FALSE
SY457BB-4-8_bin29	Nitrogen	Nitrate assimilation	Previous algorithm: distinct-gene set coverage	1	1	100	TRUE	TRUE
SY457BB-4-8_bin29	Nitrogen	Nitrification, ammonia => nitrite	Previous algorithm: distinct-gene set coverage	8	0	0	FALSE	FALSE
SY457BB-4-8_bin29	Nitrogen	Nitrogen fixation, nitrogen => ammonia	Previous algorithm: distinct-gene set coverage	8	0	0	FALSE	FALSE
SY457BB-4-8_bin29	Nitrogen	nitrite + ammonia => nitrogen	Previous algorithm: distinct-gene set coverage	9	0	0	FALSE	FALSE
SY457BB-4-8_bin29	Sulfur	Assimilatory sulfate reduction, sulfate => H2S	Previous algorithm: distinct-gene set coverage	10	3	30	FALSE	FALSE
SY457BB-4-8_bin29	Sulfur	Dissimilatory sulfate reduction, sulfate => H2S	Previous algorithm: distinct-gene set coverage	7	3	42.8571428571429	FALSE	FALSE
SY457BB-4-8_bin29	Sulfur	Thiosulfate oxidation by SOX complex, thiosulfate => sulfate	Previous algorithm: distinct-gene set coverage	7	0	0	FALSE	FALSE
SY457BB-4-8_bin29	Nitrogen	Urea cycle	Previous algorithm: distinct-gene set coverage	6	3	50	TRUE	FALSE
SY457BB-4-8_bin29	Nitrogen	Urea transport system	Previous algorithm: distinct-gene set coverage	5	0	0	FALSE	FALSE
SY457BB-4-8_bin29	Sulfur	Sulfate/thiosulfate transport system	Previous algorithm: distinct-gene set coverage	5	0	0	FALSE	FALSE
SY457BB-4-8_bin29	Sulfur	Sulfonate transport system	Previous algorithm: distinct-gene set coverage	3	0	0	FALSE	FALSE
SY457BB-4-8_bin29	Vitamin B12	Cobalamin salvage	Previous algorithm: distinct-gene set coverage	4	0	0	FALSE	FALSE
SY457BB-4-8_bin29	Vitamin B12	Vitamin B12 transport system	Previous algorithm: distinct-gene set coverage	3	0	0	FALSE	FALSE
SY457BB-4-8_bin29	Carbon	Citrate cycle (TCA cycle, Krebs cycle)	Previous algorithm: distinct-gene set coverage	40	15	37.5	FALSE	FALSE
SY457BB-4-8_bin29	Carbon	Citrate cycle, first carbon oxidation, oxaloacetate => 2-oxoglutarate	Previous algorithm: distinct-gene set coverage	6	1	16.6666666666667	FALSE	FALSE
SY457BB-4-8_bin29	Carbon	Citrate cycle, second carbon oxidation, 2-oxoglutarate => oxaloacetate	Previous algorithm: distinct-gene set coverage	34	14	41.1764705882353	FALSE	FALSE
SY457BB-4-8_bin29	Carbon	Glycolysis (Embden-Meyerhof pathway), glucose => pyruvate	Previous algorithm: distinct-gene set coverage	29	8	27.5862068965517	FALSE	FALSE
SY457BB-4-8_bin29	Carbon	Glycolysis, core module involving three-carbon compounds	Previous algorithm: distinct-gene set coverage	12	6	50	TRUE	FALSE
SY457BB-4-8_bin29	Carbon	Incomplete reductive citrate cycle, acetyl-CoA => oxoglutarate	Previous algorithm: distinct-gene set coverage	17	6	35.2941176470588	FALSE	FALSE
SY457BB-4-8_bin29	Carbon	Pyruvate oxidation, pyruvate => acetyl-CoA	Previous algorithm: distinct-gene set coverage	11	2	18.1818181818182	FALSE	FALSE
SY457BB-4-8_bin29	Carbon	TCA /Reductive TCA	Previous algorithm: distinct-gene set coverage	1	0	0	FALSE	FALSE
SY457BB-4-8_bin33	Motility	Flagellar Assembly (partial 36-KO reconstruction)	Previous algorithm: distinct-gene set coverage	36	1	2.77777777777778	FALSE	FALSE
SY457BB-4-8_bin33	Vitamin B12	Cobalamin biosynthesis, cobinamide => cobalamin	Previous algorithm: distinct-gene set coverage	8	7	87.5	TRUE	TRUE
SY457BB-4-8_bin33	Vitamin B12	Cobalamin biosynthesis, precorrin2 => cobinamide	Previous algorithm: distinct-gene set coverage	25	14	56	TRUE	FALSE
SY457BB-4-8_bin33	Carbon	Acetyl-CoA pathway, CO2 => acetyl-CoA	Previous algorithm: distinct-gene set coverage	5	0	0	FALSE	FALSE
SY457BB-4-8_bin33	Carbon	Methane oxidation, methanotroph, methane => formaldehyde	Previous algorithm: distinct-gene set coverage	12	0	0	FALSE	FALSE
SY457BB-4-8_bin33	Carbon	Methanogenesis, CO2 => methane	Previous algorithm: distinct-gene set coverage	37	0	0	FALSE	FALSE
SY457BB-4-8_bin33	Carbon	Methanogenesis, acetate => methane	Previous algorithm: distinct-gene set coverage	31	2	6.45161290322581	FALSE	FALSE
SY457BB-4-8_bin33	Carbon	Methanogenesis, methanethiol => methane	Previous algorithm: distinct-gene set coverage	1	0	0	FALSE	FALSE
SY457BB-4-8_bin33	Carbon	Methanogenesis, methanol => methane	Previous algorithm: distinct-gene set coverage	19	0	0	FALSE	FALSE
SY457BB-4-8_bin33	Carbon	Methanogenesis, methylamine/dimethylamine/trimethylamine => methane	Previous algorithm: distinct-gene set coverage	23	1	4.34782608695652	FALSE	FALSE
SY457BB-4-8_bin33	Carbon	Reductive acetyl-CoA pathway (Wood-Ljungdahl pathway)	Previous algorithm: distinct-gene set coverage	10	3	30	FALSE	FALSE
SY457BB-4-8_bin33	Carbon	Reductive citrate cycle (Arnon-Buchanan cycle)	Previous algorithm: distinct-gene set coverage	43	18	41.8604651162791	FALSE	FALSE
SY457BB-4-8_bin33	Nitrogen	Assimilatory nitrate reduction, nitrate => ammonia	Previous algorithm: distinct-gene set coverage	6	0	0	FALSE	FALSE
SY457BB-4-8_bin33	Nitrogen	Complete nitrification, comammox, ammonia => nitrite => nitrate	Previous algorithm: distinct-gene set coverage	6	0	0	FALSE	FALSE
SY457BB-4-8_bin33	Nitrogen	Denitrification, nitrate => nitrogen	Previous algorithm: distinct-gene set coverage	11	4	36.3636363636364	FALSE	FALSE
SY457BB-4-8_bin33	Nitrogen	Dissimilatory nitrate reduction, nitrate => ammonia	Previous algorithm: distinct-gene set coverage	9	0	0	FALSE	FALSE
SY457BB-4-8_bin33	Nitrogen	Nitrate assimilation	Previous algorithm: distinct-gene set coverage	1	0	0	FALSE	FALSE
SY457BB-4-8_bin33	Nitrogen	Nitrification, ammonia => nitrite	Previous algorithm: distinct-gene set coverage	8	0	0	FALSE	FALSE
SY457BB-4-8_bin33	Nitrogen	Nitrogen fixation, nitrogen => ammonia	Previous algorithm: distinct-gene set coverage	8	0	0	FALSE	FALSE
SY457BB-4-8_bin33	Nitrogen	nitrite + ammonia => nitrogen	Previous algorithm: distinct-gene set coverage	9	1	11.1111111111111	FALSE	FALSE
SY457BB-4-8_bin33	Sulfur	Assimilatory sulfate reduction, sulfate => H2S	Previous algorithm: distinct-gene set coverage	10	3	30	FALSE	FALSE
SY457BB-4-8_bin33	Sulfur	Dissimilatory sulfate reduction, sulfate => H2S	Previous algorithm: distinct-gene set coverage	7	3	42.8571428571429	FALSE	FALSE
SY457BB-4-8_bin33	Sulfur	Thiosulfate oxidation by SOX complex, thiosulfate => sulfate	Previous algorithm: distinct-gene set coverage	7	0	0	FALSE	FALSE
SY457BB-4-8_bin33	Nitrogen	Urea cycle	Previous algorithm: distinct-gene set coverage	6	3	50	TRUE	FALSE
SY457BB-4-8_bin33	Nitrogen	Urea transport system	Previous algorithm: distinct-gene set coverage	5	0	0	FALSE	FALSE
SY457BB-4-8_bin33	Sulfur	Sulfate/thiosulfate transport system	Previous algorithm: distinct-gene set coverage	5	0	0	FALSE	FALSE
SY457BB-4-8_bin33	Sulfur	Sulfonate transport system	Previous algorithm: distinct-gene set coverage	3	1	33.3333333333333	FALSE	FALSE
SY457BB-4-8_bin33	Vitamin B12	Cobalamin salvage	Previous algorithm: distinct-gene set coverage	4	0	0	FALSE	FALSE
SY457BB-4-8_bin33	Vitamin B12	Vitamin B12 transport system	Previous algorithm: distinct-gene set coverage	3	0	0	FALSE	FALSE
SY457BB-4-8_bin33	Carbon	Citrate cycle (TCA cycle, Krebs cycle)	Previous algorithm: distinct-gene set coverage	40	17	42.5	FALSE	FALSE
SY457BB-4-8_bin33	Carbon	Citrate cycle, first carbon oxidation, oxaloacetate => 2-oxoglutarate	Previous algorithm: distinct-gene set coverage	6	2	33.3333333333333	FALSE	FALSE
SY457BB-4-8_bin33	Carbon	Citrate cycle, second carbon oxidation, 2-oxoglutarate => oxaloacetate	Previous algorithm: distinct-gene set coverage	34	15	44.1176470588235	FALSE	FALSE
SY457BB-4-8_bin33	Carbon	Glycolysis (Embden-Meyerhof pathway), glucose => pyruvate	Previous algorithm: distinct-gene set coverage	29	9	31.0344827586207	FALSE	FALSE
SY457BB-4-8_bin33	Carbon	Glycolysis, core module involving three-carbon compounds	Previous algorithm: distinct-gene set coverage	12	6	50	TRUE	FALSE
SY457BB-4-8_bin33	Carbon	Incomplete reductive citrate cycle, acetyl-CoA => oxoglutarate	Previous algorithm: distinct-gene set coverage	17	10	58.8235294117647	TRUE	FALSE
SY457BB-4-8_bin33	Carbon	Pyruvate oxidation, pyruvate => acetyl-CoA	Previous algorithm: distinct-gene set coverage	11	7	63.6363636363636	TRUE	FALSE
SY457BB-4-8_bin33	Carbon	TCA /Reductive TCA	Previous algorithm: distinct-gene set coverage	1	0	0	FALSE	FALSE
SY457BB-8-12_bin10	Motility	Flagellar Assembly (partial 36-KO reconstruction)	Previous algorithm: distinct-gene set coverage	36	11	30.5555555555556	FALSE	FALSE
SY457BB-8-12_bin10	Vitamin B12	Cobalamin biosynthesis, cobinamide => cobalamin	Previous algorithm: distinct-gene set coverage	8	6	75	TRUE	TRUE
SY457BB-8-12_bin10	Vitamin B12	Cobalamin biosynthesis, precorrin2 => cobinamide	Previous algorithm: distinct-gene set coverage	25	13	52	TRUE	FALSE
SY457BB-8-12_bin10	Carbon	Acetyl-CoA pathway, CO2 => acetyl-CoA	Previous algorithm: distinct-gene set coverage	5	0	0	FALSE	FALSE
SY457BB-8-12_bin10	Carbon	Methane oxidation, methanotroph, methane => formaldehyde	Previous algorithm: distinct-gene set coverage	12	0	0	FALSE	FALSE
SY457BB-8-12_bin10	Carbon	Methanogenesis, CO2 => methane	Previous algorithm: distinct-gene set coverage	37	0	0	FALSE	FALSE
SY457BB-8-12_bin10	Carbon	Methanogenesis, acetate => methane	Previous algorithm: distinct-gene set coverage	31	2	6.45161290322581	FALSE	FALSE
SY457BB-8-12_bin10	Carbon	Methanogenesis, methanethiol => methane	Previous algorithm: distinct-gene set coverage	1	0	0	FALSE	FALSE
SY457BB-8-12_bin10	Carbon	Methanogenesis, methanol => methane	Previous algorithm: distinct-gene set coverage	19	0	0	FALSE	FALSE
SY457BB-8-12_bin10	Carbon	Methanogenesis, methylamine/dimethylamine/trimethylamine => methane	Previous algorithm: distinct-gene set coverage	23	1	4.34782608695652	FALSE	FALSE
SY457BB-8-12_bin10	Carbon	Reductive acetyl-CoA pathway (Wood-Ljungdahl pathway)	Previous algorithm: distinct-gene set coverage	10	3	30	FALSE	FALSE
SY457BB-8-12_bin10	Carbon	Reductive citrate cycle (Arnon-Buchanan cycle)	Previous algorithm: distinct-gene set coverage	43	14	32.5581395348837	FALSE	FALSE
SY457BB-8-12_bin10	Nitrogen	Assimilatory nitrate reduction, nitrate => ammonia	Previous algorithm: distinct-gene set coverage	6	0	0	FALSE	FALSE
SY457BB-8-12_bin10	Nitrogen	Complete nitrification, comammox, ammonia => nitrite => nitrate	Previous algorithm: distinct-gene set coverage	6	0	0	FALSE	FALSE
SY457BB-8-12_bin10	Nitrogen	Denitrification, nitrate => nitrogen	Previous algorithm: distinct-gene set coverage	11	1	9.09090909090909	FALSE	FALSE
SY457BB-8-12_bin10	Nitrogen	Dissimilatory nitrate reduction, nitrate => ammonia	Previous algorithm: distinct-gene set coverage	9	0	0	FALSE	FALSE
SY457BB-8-12_bin10	Nitrogen	Nitrate assimilation	Previous algorithm: distinct-gene set coverage	1	0	0	FALSE	FALSE
SY457BB-8-12_bin10	Nitrogen	Nitrification, ammonia => nitrite	Previous algorithm: distinct-gene set coverage	8	0	0	FALSE	FALSE
SY457BB-8-12_bin10	Nitrogen	Nitrogen fixation, nitrogen => ammonia	Previous algorithm: distinct-gene set coverage	8	0	0	FALSE	FALSE
SY457BB-8-12_bin10	Nitrogen	nitrite + ammonia => nitrogen	Previous algorithm: distinct-gene set coverage	9	0	0	FALSE	FALSE
SY457BB-8-12_bin10	Sulfur	Assimilatory sulfate reduction, sulfate => H2S	Previous algorithm: distinct-gene set coverage	10	1	10	FALSE	FALSE
SY457BB-8-12_bin10	Sulfur	Dissimilatory sulfate reduction, sulfate => H2S	Previous algorithm: distinct-gene set coverage	7	3	42.8571428571429	FALSE	FALSE
SY457BB-8-12_bin10	Sulfur	Thiosulfate oxidation by SOX complex, thiosulfate => sulfate	Previous algorithm: distinct-gene set coverage	7	5	71.4285714285714	TRUE	FALSE
SY457BB-8-12_bin10	Nitrogen	Urea cycle	Previous algorithm: distinct-gene set coverage	6	2	33.3333333333333	FALSE	FALSE
SY457BB-8-12_bin10	Nitrogen	Urea transport system	Previous algorithm: distinct-gene set coverage	5	0	0	FALSE	FALSE
SY457BB-8-12_bin10	Sulfur	Sulfate/thiosulfate transport system	Previous algorithm: distinct-gene set coverage	5	0	0	FALSE	FALSE
SY457BB-8-12_bin10	Sulfur	Sulfonate transport system	Previous algorithm: distinct-gene set coverage	3	0	0	FALSE	FALSE
SY457BB-8-12_bin10	Vitamin B12	Cobalamin salvage	Previous algorithm: distinct-gene set coverage	4	0	0	FALSE	FALSE
SY457BB-8-12_bin10	Vitamin B12	Vitamin B12 transport system	Previous algorithm: distinct-gene set coverage	3	0	0	FALSE	FALSE
SY457BB-8-12_bin10	Carbon	Citrate cycle (TCA cycle, Krebs cycle)	Previous algorithm: distinct-gene set coverage	40	15	37.5	FALSE	FALSE
SY457BB-8-12_bin10	Carbon	Citrate cycle, first carbon oxidation, oxaloacetate => 2-oxoglutarate	Previous algorithm: distinct-gene set coverage	6	1	16.6666666666667	FALSE	FALSE
SY457BB-8-12_bin10	Carbon	Citrate cycle, second carbon oxidation, 2-oxoglutarate => oxaloacetate	Previous algorithm: distinct-gene set coverage	34	14	41.1764705882353	FALSE	FALSE
SY457BB-8-12_bin10	Carbon	Glycolysis (Embden-Meyerhof pathway), glucose => pyruvate	Previous algorithm: distinct-gene set coverage	29	7	24.1379310344828	FALSE	FALSE
SY457BB-8-12_bin10	Carbon	Glycolysis, core module involving three-carbon compounds	Previous algorithm: distinct-gene set coverage	12	5	41.6666666666667	FALSE	FALSE
SY457BB-8-12_bin10	Carbon	Incomplete reductive citrate cycle, acetyl-CoA => oxoglutarate	Previous algorithm: distinct-gene set coverage	17	7	41.1764705882353	FALSE	FALSE
SY457BB-8-12_bin10	Carbon	Pyruvate oxidation, pyruvate => acetyl-CoA	Previous algorithm: distinct-gene set coverage	11	1	9.09090909090909	FALSE	FALSE
SY457BB-8-12_bin10	Carbon	TCA /Reductive TCA	Previous algorithm: distinct-gene set coverage	1	0	0	FALSE	FALSE
SY457BB-8-12_bin15	Motility	Flagellar Assembly (partial 36-KO reconstruction)	Previous algorithm: distinct-gene set coverage	36	22	61.1111111111111	TRUE	FALSE
SY457BB-8-12_bin15	Vitamin B12	Cobalamin biosynthesis, cobinamide => cobalamin	Previous algorithm: distinct-gene set coverage	8	7	87.5	TRUE	TRUE
SY457BB-8-12_bin15	Vitamin B12	Cobalamin biosynthesis, precorrin2 => cobinamide	Previous algorithm: distinct-gene set coverage	25	14	56	TRUE	FALSE
SY457BB-8-12_bin15	Carbon	Acetyl-CoA pathway, CO2 => acetyl-CoA	Previous algorithm: distinct-gene set coverage	5	0	0	FALSE	FALSE
SY457BB-8-12_bin15	Carbon	Methane oxidation, methanotroph, methane => formaldehyde	Previous algorithm: distinct-gene set coverage	12	1	8.33333333333333	FALSE	FALSE
SY457BB-8-12_bin15	Carbon	Methanogenesis, CO2 => methane	Previous algorithm: distinct-gene set coverage	37	0	0	FALSE	FALSE
SY457BB-8-12_bin15	Carbon	Methanogenesis, acetate => methane	Previous algorithm: distinct-gene set coverage	31	1	3.2258064516129	FALSE	FALSE
SY457BB-8-12_bin15	Carbon	Methanogenesis, methanethiol => methane	Previous algorithm: distinct-gene set coverage	1	0	0	FALSE	FALSE
SY457BB-8-12_bin15	Carbon	Methanogenesis, methanol => methane	Previous algorithm: distinct-gene set coverage	19	0	0	FALSE	FALSE
SY457BB-8-12_bin15	Carbon	Methanogenesis, methylamine/dimethylamine/trimethylamine => methane	Previous algorithm: distinct-gene set coverage	23	1	4.34782608695652	FALSE	FALSE
SY457BB-8-12_bin15	Carbon	Reductive acetyl-CoA pathway (Wood-Ljungdahl pathway)	Previous algorithm: distinct-gene set coverage	10	3	30	FALSE	FALSE
SY457BB-8-12_bin15	Carbon	Reductive citrate cycle (Arnon-Buchanan cycle)	Previous algorithm: distinct-gene set coverage	43	18	41.8604651162791	FALSE	FALSE
SY457BB-8-12_bin15	Nitrogen	Assimilatory nitrate reduction, nitrate => ammonia	Previous algorithm: distinct-gene set coverage	6	0	0	FALSE	FALSE
SY457BB-8-12_bin15	Nitrogen	Complete nitrification, comammox, ammonia => nitrite => nitrate	Previous algorithm: distinct-gene set coverage	6	0	0	FALSE	FALSE
SY457BB-8-12_bin15	Nitrogen	Denitrification, nitrate => nitrogen	Previous algorithm: distinct-gene set coverage	11	5	45.4545454545455	FALSE	FALSE
SY457BB-8-12_bin15	Nitrogen	Dissimilatory nitrate reduction, nitrate => ammonia	Previous algorithm: distinct-gene set coverage	9	0	0	FALSE	FALSE
SY457BB-8-12_bin15	Nitrogen	Nitrate assimilation	Previous algorithm: distinct-gene set coverage	1	0	0	FALSE	FALSE
SY457BB-8-12_bin15	Nitrogen	Nitrification, ammonia => nitrite	Previous algorithm: distinct-gene set coverage	8	0	0	FALSE	FALSE
SY457BB-8-12_bin15	Nitrogen	Nitrogen fixation, nitrogen => ammonia	Previous algorithm: distinct-gene set coverage	8	0	0	FALSE	FALSE
SY457BB-8-12_bin15	Nitrogen	nitrite + ammonia => nitrogen	Previous algorithm: distinct-gene set coverage	9	2	22.2222222222222	FALSE	FALSE
SY457BB-8-12_bin15	Sulfur	Assimilatory sulfate reduction, sulfate => H2S	Previous algorithm: distinct-gene set coverage	10	1	10	FALSE	FALSE
SY457BB-8-12_bin15	Sulfur	Dissimilatory sulfate reduction, sulfate => H2S	Previous algorithm: distinct-gene set coverage	7	3	42.8571428571429	FALSE	FALSE
SY457BB-8-12_bin15	Sulfur	Thiosulfate oxidation by SOX complex, thiosulfate => sulfate	Previous algorithm: distinct-gene set coverage	7	4	57.1428571428571	TRUE	FALSE
SY457BB-8-12_bin15	Nitrogen	Urea cycle	Previous algorithm: distinct-gene set coverage	6	3	50	TRUE	FALSE
SY457BB-8-12_bin15	Nitrogen	Urea transport system	Previous algorithm: distinct-gene set coverage	5	0	0	FALSE	FALSE
SY457BB-8-12_bin15	Sulfur	Sulfate/thiosulfate transport system	Previous algorithm: distinct-gene set coverage	5	0	0	FALSE	FALSE
SY457BB-8-12_bin15	Sulfur	Sulfonate transport system	Previous algorithm: distinct-gene set coverage	3	0	0	FALSE	FALSE
SY457BB-8-12_bin15	Vitamin B12	Cobalamin salvage	Previous algorithm: distinct-gene set coverage	4	0	0	FALSE	FALSE
SY457BB-8-12_bin15	Vitamin B12	Vitamin B12 transport system	Previous algorithm: distinct-gene set coverage	3	0	0	FALSE	FALSE
SY457BB-8-12_bin15	Carbon	Citrate cycle (TCA cycle, Krebs cycle)	Previous algorithm: distinct-gene set coverage	40	17	42.5	FALSE	FALSE
SY457BB-8-12_bin15	Carbon	Citrate cycle, first carbon oxidation, oxaloacetate => 2-oxoglutarate	Previous algorithm: distinct-gene set coverage	6	2	33.3333333333333	FALSE	FALSE
SY457BB-8-12_bin15	Carbon	Citrate cycle, second carbon oxidation, 2-oxoglutarate => oxaloacetate	Previous algorithm: distinct-gene set coverage	34	15	44.1176470588235	FALSE	FALSE
SY457BB-8-12_bin15	Carbon	Glycolysis (Embden-Meyerhof pathway), glucose => pyruvate	Previous algorithm: distinct-gene set coverage	29	8	27.5862068965517	FALSE	FALSE
SY457BB-8-12_bin15	Carbon	Glycolysis, core module involving three-carbon compounds	Previous algorithm: distinct-gene set coverage	12	5	41.6666666666667	FALSE	FALSE
SY457BB-8-12_bin15	Carbon	Incomplete reductive citrate cycle, acetyl-CoA => oxoglutarate	Previous algorithm: distinct-gene set coverage	17	10	58.8235294117647	TRUE	FALSE
SY457BB-8-12_bin15	Carbon	Pyruvate oxidation, pyruvate => acetyl-CoA	Previous algorithm: distinct-gene set coverage	11	7	63.6363636363636	TRUE	FALSE
SY457BB-8-12_bin15	Carbon	TCA /Reductive TCA	Previous algorithm: distinct-gene set coverage	1	0	0	FALSE	FALSE
SY457BB-8-12_bin16	Motility	Flagellar Assembly (partial 36-KO reconstruction)	Previous algorithm: distinct-gene set coverage	36	13	36.1111111111111	FALSE	FALSE
SY457BB-8-12_bin16	Vitamin B12	Cobalamin biosynthesis, cobinamide => cobalamin	Previous algorithm: distinct-gene set coverage	8	7	87.5	TRUE	TRUE
SY457BB-8-12_bin16	Vitamin B12	Cobalamin biosynthesis, precorrin2 => cobinamide	Previous algorithm: distinct-gene set coverage	25	14	56	TRUE	FALSE
SY457BB-8-12_bin16	Carbon	Acetyl-CoA pathway, CO2 => acetyl-CoA	Previous algorithm: distinct-gene set coverage	5	0	0	FALSE	FALSE
SY457BB-8-12_bin16	Carbon	Methane oxidation, methanotroph, methane => formaldehyde	Previous algorithm: distinct-gene set coverage	12	0	0	FALSE	FALSE
SY457BB-8-12_bin16	Carbon	Methanogenesis, CO2 => methane	Previous algorithm: distinct-gene set coverage	37	0	0	FALSE	FALSE
SY457BB-8-12_bin16	Carbon	Methanogenesis, acetate => methane	Previous algorithm: distinct-gene set coverage	31	0	0	FALSE	FALSE
SY457BB-8-12_bin16	Carbon	Methanogenesis, methanethiol => methane	Previous algorithm: distinct-gene set coverage	1	0	0	FALSE	FALSE
SY457BB-8-12_bin16	Carbon	Methanogenesis, methanol => methane	Previous algorithm: distinct-gene set coverage	19	0	0	FALSE	FALSE
SY457BB-8-12_bin16	Carbon	Methanogenesis, methylamine/dimethylamine/trimethylamine => methane	Previous algorithm: distinct-gene set coverage	23	1	4.34782608695652	FALSE	FALSE
SY457BB-8-12_bin16	Carbon	Reductive acetyl-CoA pathway (Wood-Ljungdahl pathway)	Previous algorithm: distinct-gene set coverage	10	3	30	FALSE	FALSE
SY457BB-8-12_bin16	Carbon	Reductive citrate cycle (Arnon-Buchanan cycle)	Previous algorithm: distinct-gene set coverage	43	18	41.8604651162791	FALSE	FALSE
SY457BB-8-12_bin16	Nitrogen	Assimilatory nitrate reduction, nitrate => ammonia	Previous algorithm: distinct-gene set coverage	6	0	0	FALSE	FALSE
SY457BB-8-12_bin16	Nitrogen	Complete nitrification, comammox, ammonia => nitrite => nitrate	Previous algorithm: distinct-gene set coverage	6	0	0	FALSE	FALSE
SY457BB-8-12_bin16	Nitrogen	Denitrification, nitrate => nitrogen	Previous algorithm: distinct-gene set coverage	11	2	18.1818181818182	FALSE	FALSE
SY457BB-8-12_bin16	Nitrogen	Dissimilatory nitrate reduction, nitrate => ammonia	Previous algorithm: distinct-gene set coverage	9	0	0	FALSE	FALSE
SY457BB-8-12_bin16	Nitrogen	Nitrate assimilation	Previous algorithm: distinct-gene set coverage	1	0	0	FALSE	FALSE
SY457BB-8-12_bin16	Nitrogen	Nitrification, ammonia => nitrite	Previous algorithm: distinct-gene set coverage	8	0	0	FALSE	FALSE
SY457BB-8-12_bin16	Nitrogen	Nitrogen fixation, nitrogen => ammonia	Previous algorithm: distinct-gene set coverage	8	0	0	FALSE	FALSE
SY457BB-8-12_bin16	Nitrogen	nitrite + ammonia => nitrogen	Previous algorithm: distinct-gene set coverage	9	1	11.1111111111111	FALSE	FALSE
SY457BB-8-12_bin16	Sulfur	Assimilatory sulfate reduction, sulfate => H2S	Previous algorithm: distinct-gene set coverage	10	1	10	FALSE	FALSE
SY457BB-8-12_bin16	Sulfur	Dissimilatory sulfate reduction, sulfate => H2S	Previous algorithm: distinct-gene set coverage	7	3	42.8571428571429	FALSE	FALSE
SY457BB-8-12_bin16	Sulfur	Thiosulfate oxidation by SOX complex, thiosulfate => sulfate	Previous algorithm: distinct-gene set coverage	7	5	71.4285714285714	TRUE	FALSE
SY457BB-8-12_bin16	Nitrogen	Urea cycle	Previous algorithm: distinct-gene set coverage	6	2	33.3333333333333	FALSE	FALSE
SY457BB-8-12_bin16	Nitrogen	Urea transport system	Previous algorithm: distinct-gene set coverage	5	0	0	FALSE	FALSE
SY457BB-8-12_bin16	Sulfur	Sulfate/thiosulfate transport system	Previous algorithm: distinct-gene set coverage	5	0	0	FALSE	FALSE
SY457BB-8-12_bin16	Sulfur	Sulfonate transport system	Previous algorithm: distinct-gene set coverage	3	0	0	FALSE	FALSE
SY457BB-8-12_bin16	Vitamin B12	Cobalamin salvage	Previous algorithm: distinct-gene set coverage	4	0	0	FALSE	FALSE
SY457BB-8-12_bin16	Vitamin B12	Vitamin B12 transport system	Previous algorithm: distinct-gene set coverage	3	0	0	FALSE	FALSE
SY457BB-8-12_bin16	Carbon	Citrate cycle (TCA cycle, Krebs cycle)	Previous algorithm: distinct-gene set coverage	40	17	42.5	FALSE	FALSE
SY457BB-8-12_bin16	Carbon	Citrate cycle, first carbon oxidation, oxaloacetate => 2-oxoglutarate	Previous algorithm: distinct-gene set coverage	6	2	33.3333333333333	FALSE	FALSE
SY457BB-8-12_bin16	Carbon	Citrate cycle, second carbon oxidation, 2-oxoglutarate => oxaloacetate	Previous algorithm: distinct-gene set coverage	34	15	44.1176470588235	FALSE	FALSE
SY457BB-8-12_bin16	Carbon	Glycolysis (Embden-Meyerhof pathway), glucose => pyruvate	Previous algorithm: distinct-gene set coverage	29	7	24.1379310344828	FALSE	FALSE
SY457BB-8-12_bin16	Carbon	Glycolysis, core module involving three-carbon compounds	Previous algorithm: distinct-gene set coverage	12	5	41.6666666666667	FALSE	FALSE
SY457BB-8-12_bin16	Carbon	Incomplete reductive citrate cycle, acetyl-CoA => oxoglutarate	Previous algorithm: distinct-gene set coverage	17	10	58.8235294117647	TRUE	FALSE
SY457BB-8-12_bin16	Carbon	Pyruvate oxidation, pyruvate => acetyl-CoA	Previous algorithm: distinct-gene set coverage	11	7	63.6363636363636	TRUE	FALSE
SY457BB-8-12_bin16	Carbon	TCA /Reductive TCA	Previous algorithm: distinct-gene set coverage	1	0	0	FALSE	FALSE
SY457BB-8-12_bin25	Motility	Flagellar Assembly (partial 36-KO reconstruction)	Previous algorithm: distinct-gene set coverage	36	5	13.8888888888889	FALSE	FALSE
SY457BB-8-12_bin25	Vitamin B12	Cobalamin biosynthesis, cobinamide => cobalamin	Previous algorithm: distinct-gene set coverage	8	5	62.5	TRUE	FALSE
SY457BB-8-12_bin25	Vitamin B12	Cobalamin biosynthesis, precorrin2 => cobinamide	Previous algorithm: distinct-gene set coverage	25	13	52	TRUE	FALSE
SY457BB-8-12_bin25	Carbon	Acetyl-CoA pathway, CO2 => acetyl-CoA	Previous algorithm: distinct-gene set coverage	5	0	0	FALSE	FALSE
SY457BB-8-12_bin25	Carbon	Methane oxidation, methanotroph, methane => formaldehyde	Previous algorithm: distinct-gene set coverage	12	0	0	FALSE	FALSE
SY457BB-8-12_bin25	Carbon	Methanogenesis, CO2 => methane	Previous algorithm: distinct-gene set coverage	37	0	0	FALSE	FALSE
SY457BB-8-12_bin25	Carbon	Methanogenesis, acetate => methane	Previous algorithm: distinct-gene set coverage	31	1	3.2258064516129	FALSE	FALSE
SY457BB-8-12_bin25	Carbon	Methanogenesis, methanethiol => methane	Previous algorithm: distinct-gene set coverage	1	0	0	FALSE	FALSE
SY457BB-8-12_bin25	Carbon	Methanogenesis, methanol => methane	Previous algorithm: distinct-gene set coverage	19	0	0	FALSE	FALSE
SY457BB-8-12_bin25	Carbon	Methanogenesis, methylamine/dimethylamine/trimethylamine => methane	Previous algorithm: distinct-gene set coverage	23	1	4.34782608695652	FALSE	FALSE
SY457BB-8-12_bin25	Carbon	Reductive acetyl-CoA pathway (Wood-Ljungdahl pathway)	Previous algorithm: distinct-gene set coverage	10	3	30	FALSE	FALSE
SY457BB-8-12_bin25	Carbon	Reductive citrate cycle (Arnon-Buchanan cycle)	Previous algorithm: distinct-gene set coverage	43	13	30.2325581395349	FALSE	FALSE
SY457BB-8-12_bin25	Nitrogen	Assimilatory nitrate reduction, nitrate => ammonia	Previous algorithm: distinct-gene set coverage	6	0	0	FALSE	FALSE
SY457BB-8-12_bin25	Nitrogen	Complete nitrification, comammox, ammonia => nitrite => nitrate	Previous algorithm: distinct-gene set coverage	6	0	0	FALSE	FALSE
SY457BB-8-12_bin25	Nitrogen	Denitrification, nitrate => nitrogen	Previous algorithm: distinct-gene set coverage	11	2	18.1818181818182	FALSE	FALSE
SY457BB-8-12_bin25	Nitrogen	Dissimilatory nitrate reduction, nitrate => ammonia	Previous algorithm: distinct-gene set coverage	9	3	33.3333333333333	FALSE	FALSE
SY457BB-8-12_bin25	Nitrogen	Nitrate assimilation	Previous algorithm: distinct-gene set coverage	1	1	100	TRUE	TRUE
SY457BB-8-12_bin25	Nitrogen	Nitrification, ammonia => nitrite	Previous algorithm: distinct-gene set coverage	8	0	0	FALSE	FALSE
SY457BB-8-12_bin25	Nitrogen	Nitrogen fixation, nitrogen => ammonia	Previous algorithm: distinct-gene set coverage	8	0	0	FALSE	FALSE
SY457BB-8-12_bin25	Nitrogen	nitrite + ammonia => nitrogen	Previous algorithm: distinct-gene set coverage	9	0	0	FALSE	FALSE
SY457BB-8-12_bin25	Sulfur	Assimilatory sulfate reduction, sulfate => H2S	Previous algorithm: distinct-gene set coverage	10	1	10	FALSE	FALSE
SY457BB-8-12_bin25	Sulfur	Dissimilatory sulfate reduction, sulfate => H2S	Previous algorithm: distinct-gene set coverage	7	3	42.8571428571429	FALSE	FALSE
SY457BB-8-12_bin25	Sulfur	Thiosulfate oxidation by SOX complex, thiosulfate => sulfate	Previous algorithm: distinct-gene set coverage	7	4	57.1428571428571	TRUE	FALSE
SY457BB-8-12_bin25	Nitrogen	Urea cycle	Previous algorithm: distinct-gene set coverage	6	4	66.6666666666667	TRUE	FALSE
SY457BB-8-12_bin25	Nitrogen	Urea transport system	Previous algorithm: distinct-gene set coverage	5	0	0	FALSE	FALSE
SY457BB-8-12_bin25	Sulfur	Sulfate/thiosulfate transport system	Previous algorithm: distinct-gene set coverage	5	0	0	FALSE	FALSE
SY457BB-8-12_bin25	Sulfur	Sulfonate transport system	Previous algorithm: distinct-gene set coverage	3	1	33.3333333333333	FALSE	FALSE
SY457BB-8-12_bin25	Vitamin B12	Cobalamin salvage	Previous algorithm: distinct-gene set coverage	4	0	0	FALSE	FALSE
SY457BB-8-12_bin25	Vitamin B12	Vitamin B12 transport system	Previous algorithm: distinct-gene set coverage	3	0	0	FALSE	FALSE
SY457BB-8-12_bin25	Carbon	Citrate cycle (TCA cycle, Krebs cycle)	Previous algorithm: distinct-gene set coverage	40	9	22.5	FALSE	FALSE
SY457BB-8-12_bin25	Carbon	Citrate cycle, first carbon oxidation, oxaloacetate => 2-oxoglutarate	Previous algorithm: distinct-gene set coverage	6	1	16.6666666666667	FALSE	FALSE
SY457BB-8-12_bin25	Carbon	Citrate cycle, second carbon oxidation, 2-oxoglutarate => oxaloacetate	Previous algorithm: distinct-gene set coverage	34	8	23.5294117647059	FALSE	FALSE
SY457BB-8-12_bin25	Carbon	Glycolysis (Embden-Meyerhof pathway), glucose => pyruvate	Previous algorithm: distinct-gene set coverage	29	6	20.6896551724138	FALSE	FALSE
SY457BB-8-12_bin25	Carbon	Glycolysis, core module involving three-carbon compounds	Previous algorithm: distinct-gene set coverage	12	5	41.6666666666667	FALSE	FALSE
SY457BB-8-12_bin25	Carbon	Incomplete reductive citrate cycle, acetyl-CoA => oxoglutarate	Previous algorithm: distinct-gene set coverage	17	6	35.2941176470588	FALSE	FALSE
SY457BB-8-12_bin25	Carbon	Pyruvate oxidation, pyruvate => acetyl-CoA	Previous algorithm: distinct-gene set coverage	11	4	36.3636363636364	FALSE	FALSE
SY457BB-8-12_bin25	Carbon	TCA /Reductive TCA	Previous algorithm: distinct-gene set coverage	1	0	0	FALSE	FALSE
SY457BB-8-12_bin4	Motility	Flagellar Assembly (partial 36-KO reconstruction)	Previous algorithm: distinct-gene set coverage	36	18	50	TRUE	FALSE
SY457BB-8-12_bin4	Vitamin B12	Cobalamin biosynthesis, cobinamide => cobalamin	Previous algorithm: distinct-gene set coverage	8	6	75	TRUE	TRUE
SY457BB-8-12_bin4	Vitamin B12	Cobalamin biosynthesis, precorrin2 => cobinamide	Previous algorithm: distinct-gene set coverage	25	14	56	TRUE	FALSE
SY457BB-8-12_bin4	Carbon	Acetyl-CoA pathway, CO2 => acetyl-CoA	Previous algorithm: distinct-gene set coverage	5	0	0	FALSE	FALSE
SY457BB-8-12_bin4	Carbon	Methane oxidation, methanotroph, methane => formaldehyde	Previous algorithm: distinct-gene set coverage	12	0	0	FALSE	FALSE
SY457BB-8-12_bin4	Carbon	Methanogenesis, CO2 => methane	Previous algorithm: distinct-gene set coverage	37	0	0	FALSE	FALSE
SY457BB-8-12_bin4	Carbon	Methanogenesis, acetate => methane	Previous algorithm: distinct-gene set coverage	31	2	6.45161290322581	FALSE	FALSE
SY457BB-8-12_bin4	Carbon	Methanogenesis, methanethiol => methane	Previous algorithm: distinct-gene set coverage	1	0	0	FALSE	FALSE
SY457BB-8-12_bin4	Carbon	Methanogenesis, methanol => methane	Previous algorithm: distinct-gene set coverage	19	0	0	FALSE	FALSE
SY457BB-8-12_bin4	Carbon	Methanogenesis, methylamine/dimethylamine/trimethylamine => methane	Previous algorithm: distinct-gene set coverage	23	1	4.34782608695652	FALSE	FALSE
SY457BB-8-12_bin4	Carbon	Reductive acetyl-CoA pathway (Wood-Ljungdahl pathway)	Previous algorithm: distinct-gene set coverage	10	3	30	FALSE	FALSE
SY457BB-8-12_bin4	Carbon	Reductive citrate cycle (Arnon-Buchanan cycle)	Previous algorithm: distinct-gene set coverage	43	8	18.6046511627907	FALSE	FALSE
SY457BB-8-12_bin4	Nitrogen	Assimilatory nitrate reduction, nitrate => ammonia	Previous algorithm: distinct-gene set coverage	6	0	0	FALSE	FALSE
SY457BB-8-12_bin4	Nitrogen	Complete nitrification, comammox, ammonia => nitrite => nitrate	Previous algorithm: distinct-gene set coverage	6	0	0	FALSE	FALSE
SY457BB-8-12_bin4	Nitrogen	Denitrification, nitrate => nitrogen	Previous algorithm: distinct-gene set coverage	11	1	9.09090909090909	FALSE	FALSE
SY457BB-8-12_bin4	Nitrogen	Dissimilatory nitrate reduction, nitrate => ammonia	Previous algorithm: distinct-gene set coverage	9	1	11.1111111111111	FALSE	FALSE
SY457BB-8-12_bin4	Nitrogen	Nitrate assimilation	Previous algorithm: distinct-gene set coverage	1	1	100	TRUE	TRUE
SY457BB-8-12_bin4	Nitrogen	Nitrification, ammonia => nitrite	Previous algorithm: distinct-gene set coverage	8	0	0	FALSE	FALSE
SY457BB-8-12_bin4	Nitrogen	Nitrogen fixation, nitrogen => ammonia	Previous algorithm: distinct-gene set coverage	8	0	0	FALSE	FALSE
SY457BB-8-12_bin4	Nitrogen	nitrite + ammonia => nitrogen	Previous algorithm: distinct-gene set coverage	9	0	0	FALSE	FALSE
SY457BB-8-12_bin4	Sulfur	Assimilatory sulfate reduction, sulfate => H2S	Previous algorithm: distinct-gene set coverage	10	3	30	FALSE	FALSE
SY457BB-8-12_bin4	Sulfur	Dissimilatory sulfate reduction, sulfate => H2S	Previous algorithm: distinct-gene set coverage	7	3	42.8571428571429	FALSE	FALSE
SY457BB-8-12_bin4	Sulfur	Thiosulfate oxidation by SOX complex, thiosulfate => sulfate	Previous algorithm: distinct-gene set coverage	7	4	57.1428571428571	TRUE	FALSE
SY457BB-8-12_bin4	Nitrogen	Urea cycle	Previous algorithm: distinct-gene set coverage	6	3	50	TRUE	FALSE
SY457BB-8-12_bin4	Nitrogen	Urea transport system	Previous algorithm: distinct-gene set coverage	5	0	0	FALSE	FALSE
SY457BB-8-12_bin4	Sulfur	Sulfate/thiosulfate transport system	Previous algorithm: distinct-gene set coverage	5	0	0	FALSE	FALSE
SY457BB-8-12_bin4	Sulfur	Sulfonate transport system	Previous algorithm: distinct-gene set coverage	3	0	0	FALSE	FALSE
SY457BB-8-12_bin4	Vitamin B12	Cobalamin salvage	Previous algorithm: distinct-gene set coverage	4	0	0	FALSE	FALSE
SY457BB-8-12_bin4	Vitamin B12	Vitamin B12 transport system	Previous algorithm: distinct-gene set coverage	3	0	0	FALSE	FALSE
SY457BB-8-12_bin4	Carbon	Citrate cycle (TCA cycle, Krebs cycle)	Previous algorithm: distinct-gene set coverage	40	9	22.5	FALSE	FALSE
SY457BB-8-12_bin4	Carbon	Citrate cycle, first carbon oxidation, oxaloacetate => 2-oxoglutarate	Previous algorithm: distinct-gene set coverage	6	2	33.3333333333333	FALSE	FALSE
SY457BB-8-12_bin4	Carbon	Citrate cycle, second carbon oxidation, 2-oxoglutarate => oxaloacetate	Previous algorithm: distinct-gene set coverage	34	7	20.5882352941176	FALSE	FALSE
SY457BB-8-12_bin4	Carbon	Glycolysis (Embden-Meyerhof pathway), glucose => pyruvate	Previous algorithm: distinct-gene set coverage	29	8	27.5862068965517	FALSE	FALSE
SY457BB-8-12_bin4	Carbon	Glycolysis, core module involving three-carbon compounds	Previous algorithm: distinct-gene set coverage	12	6	50	TRUE	FALSE
SY457BB-8-12_bin4	Carbon	Incomplete reductive citrate cycle, acetyl-CoA => oxoglutarate	Previous algorithm: distinct-gene set coverage	17	2	11.7647058823529	FALSE	FALSE
SY457BB-8-12_bin4	Carbon	Pyruvate oxidation, pyruvate => acetyl-CoA	Previous algorithm: distinct-gene set coverage	11	3	27.2727272727273	FALSE	FALSE
SY457BB-8-12_bin4	Carbon	TCA /Reductive TCA	Previous algorithm: distinct-gene set coverage	1	0	0	FALSE	FALSE
SY459WG-0-4_bin26	Motility	Flagellar Assembly (partial 36-KO reconstruction)	Previous algorithm: distinct-gene set coverage	36	0	0	FALSE	FALSE
SY459WG-0-4_bin26	Vitamin B12	Cobalamin biosynthesis, cobinamide => cobalamin	Previous algorithm: distinct-gene set coverage	8	1	12.5	FALSE	FALSE
SY459WG-0-4_bin26	Vitamin B12	Cobalamin biosynthesis, precorrin2 => cobinamide	Previous algorithm: distinct-gene set coverage	25	0	0	FALSE	FALSE
SY459WG-0-4_bin26	Carbon	Acetyl-CoA pathway, CO2 => acetyl-CoA	Previous algorithm: distinct-gene set coverage	5	0	0	FALSE	FALSE
SY459WG-0-4_bin26	Carbon	Methane oxidation, methanotroph, methane => formaldehyde	Previous algorithm: distinct-gene set coverage	12	0	0	FALSE	FALSE
SY459WG-0-4_bin26	Carbon	Methanogenesis, CO2 => methane	Previous algorithm: distinct-gene set coverage	37	1	2.7027027027027	FALSE	FALSE
SY459WG-0-4_bin26	Carbon	Methanogenesis, acetate => methane	Previous algorithm: distinct-gene set coverage	31	1	3.2258064516129	FALSE	FALSE
SY459WG-0-4_bin26	Carbon	Methanogenesis, methanethiol => methane	Previous algorithm: distinct-gene set coverage	1	0	0	FALSE	FALSE
SY459WG-0-4_bin26	Carbon	Methanogenesis, methanol => methane	Previous algorithm: distinct-gene set coverage	19	1	5.26315789473684	FALSE	FALSE
SY459WG-0-4_bin26	Carbon	Methanogenesis, methylamine/dimethylamine/trimethylamine => methane	Previous algorithm: distinct-gene set coverage	23	1	4.34782608695652	FALSE	FALSE
SY459WG-0-4_bin26	Carbon	Reductive acetyl-CoA pathway (Wood-Ljungdahl pathway)	Previous algorithm: distinct-gene set coverage	10	0	0	FALSE	FALSE
SY459WG-0-4_bin26	Carbon	Reductive citrate cycle (Arnon-Buchanan cycle)	Previous algorithm: distinct-gene set coverage	43	8	18.6046511627907	FALSE	FALSE
SY459WG-0-4_bin26	Nitrogen	Assimilatory nitrate reduction, nitrate => ammonia	Previous algorithm: distinct-gene set coverage	6	0	0	FALSE	FALSE
SY459WG-0-4_bin26	Nitrogen	Complete nitrification, comammox, ammonia => nitrite => nitrate	Previous algorithm: distinct-gene set coverage	6	0	0	FALSE	FALSE
SY459WG-0-4_bin26	Nitrogen	Denitrification, nitrate => nitrogen	Previous algorithm: distinct-gene set coverage	11	1	9.09090909090909	FALSE	FALSE
SY459WG-0-4_bin26	Nitrogen	Dissimilatory nitrate reduction, nitrate => ammonia	Previous algorithm: distinct-gene set coverage	9	1	11.1111111111111	FALSE	FALSE
SY459WG-0-4_bin26	Nitrogen	Nitrate assimilation	Previous algorithm: distinct-gene set coverage	1	1	100	TRUE	TRUE
SY459WG-0-4_bin26	Nitrogen	Nitrification, ammonia => nitrite	Previous algorithm: distinct-gene set coverage	8	0	0	FALSE	FALSE
SY459WG-0-4_bin26	Nitrogen	Nitrogen fixation, nitrogen => ammonia	Previous algorithm: distinct-gene set coverage	8	0	0	FALSE	FALSE
SY459WG-0-4_bin26	Nitrogen	nitrite + ammonia => nitrogen	Previous algorithm: distinct-gene set coverage	9	0	0	FALSE	FALSE
SY459WG-0-4_bin26	Sulfur	Assimilatory sulfate reduction, sulfate => H2S	Previous algorithm: distinct-gene set coverage	10	0	0	FALSE	FALSE
SY459WG-0-4_bin26	Sulfur	Dissimilatory sulfate reduction, sulfate => H2S	Previous algorithm: distinct-gene set coverage	7	0	0	FALSE	FALSE
SY459WG-0-4_bin26	Sulfur	Thiosulfate oxidation by SOX complex, thiosulfate => sulfate	Previous algorithm: distinct-gene set coverage	7	0	0	FALSE	FALSE
SY459WG-0-4_bin26	Nitrogen	Urea cycle	Previous algorithm: distinct-gene set coverage	6	3	50	TRUE	FALSE
SY459WG-0-4_bin26	Nitrogen	Urea transport system	Previous algorithm: distinct-gene set coverage	5	0	0	FALSE	FALSE
SY459WG-0-4_bin26	Sulfur	Sulfate/thiosulfate transport system	Previous algorithm: distinct-gene set coverage	5	0	0	FALSE	FALSE
SY459WG-0-4_bin26	Sulfur	Sulfonate transport system	Previous algorithm: distinct-gene set coverage	3	0	0	FALSE	FALSE
SY459WG-0-4_bin26	Vitamin B12	Cobalamin salvage	Previous algorithm: distinct-gene set coverage	4	0	0	FALSE	FALSE
SY459WG-0-4_bin26	Vitamin B12	Vitamin B12 transport system	Previous algorithm: distinct-gene set coverage	3	0	0	FALSE	FALSE
SY459WG-0-4_bin26	Carbon	Citrate cycle (TCA cycle, Krebs cycle)	Previous algorithm: distinct-gene set coverage	40	5	12.5	FALSE	FALSE
SY459WG-0-4_bin26	Carbon	Citrate cycle, first carbon oxidation, oxaloacetate => 2-oxoglutarate	Previous algorithm: distinct-gene set coverage	6	1	16.6666666666667	FALSE	FALSE
SY459WG-0-4_bin26	Carbon	Citrate cycle, second carbon oxidation, 2-oxoglutarate => oxaloacetate	Previous algorithm: distinct-gene set coverage	34	4	11.7647058823529	FALSE	FALSE
SY459WG-0-4_bin26	Carbon	Glycolysis (Embden-Meyerhof pathway), glucose => pyruvate	Previous algorithm: distinct-gene set coverage	29	8	27.5862068965517	FALSE	FALSE
SY459WG-0-4_bin26	Carbon	Glycolysis, core module involving three-carbon compounds	Previous algorithm: distinct-gene set coverage	12	6	50	TRUE	FALSE
SY459WG-0-4_bin26	Carbon	Incomplete reductive citrate cycle, acetyl-CoA => oxoglutarate	Previous algorithm: distinct-gene set coverage	17	1	5.88235294117647	FALSE	FALSE
SY459WG-0-4_bin26	Carbon	Pyruvate oxidation, pyruvate => acetyl-CoA	Previous algorithm: distinct-gene set coverage	11	2	18.1818181818182	FALSE	FALSE
SY459WG-0-4_bin26	Carbon	TCA /Reductive TCA	Previous algorithm: distinct-gene set coverage	1	0	0	FALSE	FALSE
SY459WG-0-4_bin37	Motility	Flagellar Assembly (partial 36-KO reconstruction)	Previous algorithm: distinct-gene set coverage	36	21	58.3333333333333	TRUE	FALSE
SY459WG-0-4_bin37	Vitamin B12	Cobalamin biosynthesis, cobinamide => cobalamin	Previous algorithm: distinct-gene set coverage	8	6	75	TRUE	TRUE
SY459WG-0-4_bin37	Vitamin B12	Cobalamin biosynthesis, precorrin2 => cobinamide	Previous algorithm: distinct-gene set coverage	25	14	56	TRUE	FALSE
SY459WG-0-4_bin37	Carbon	Acetyl-CoA pathway, CO2 => acetyl-CoA	Previous algorithm: distinct-gene set coverage	5	0	0	FALSE	FALSE
SY459WG-0-4_bin37	Carbon	Methane oxidation, methanotroph, methane => formaldehyde	Previous algorithm: distinct-gene set coverage	12	0	0	FALSE	FALSE
SY459WG-0-4_bin37	Carbon	Methanogenesis, CO2 => methane	Previous algorithm: distinct-gene set coverage	37	0	0	FALSE	FALSE
SY459WG-0-4_bin37	Carbon	Methanogenesis, acetate => methane	Previous algorithm: distinct-gene set coverage	31	1	3.2258064516129	FALSE	FALSE
SY459WG-0-4_bin37	Carbon	Methanogenesis, methanethiol => methane	Previous algorithm: distinct-gene set coverage	1	0	0	FALSE	FALSE
SY459WG-0-4_bin37	Carbon	Methanogenesis, methanol => methane	Previous algorithm: distinct-gene set coverage	19	0	0	FALSE	FALSE
SY459WG-0-4_bin37	Carbon	Methanogenesis, methylamine/dimethylamine/trimethylamine => methane	Previous algorithm: distinct-gene set coverage	23	1	4.34782608695652	FALSE	FALSE
SY459WG-0-4_bin37	Carbon	Reductive acetyl-CoA pathway (Wood-Ljungdahl pathway)	Previous algorithm: distinct-gene set coverage	10	3	30	FALSE	FALSE
SY459WG-0-4_bin37	Carbon	Reductive citrate cycle (Arnon-Buchanan cycle)	Previous algorithm: distinct-gene set coverage	43	11	25.5813953488372	FALSE	FALSE
SY459WG-0-4_bin37	Nitrogen	Assimilatory nitrate reduction, nitrate => ammonia	Previous algorithm: distinct-gene set coverage	6	0	0	FALSE	FALSE
SY459WG-0-4_bin37	Nitrogen	Complete nitrification, comammox, ammonia => nitrite => nitrate	Previous algorithm: distinct-gene set coverage	6	0	0	FALSE	FALSE
SY459WG-0-4_bin37	Nitrogen	Denitrification, nitrate => nitrogen	Previous algorithm: distinct-gene set coverage	11	2	18.1818181818182	FALSE	FALSE
SY459WG-0-4_bin37	Nitrogen	Dissimilatory nitrate reduction, nitrate => ammonia	Previous algorithm: distinct-gene set coverage	9	0	0	FALSE	FALSE
SY459WG-0-4_bin37	Nitrogen	Nitrate assimilation	Previous algorithm: distinct-gene set coverage	1	0	0	FALSE	FALSE
SY459WG-0-4_bin37	Nitrogen	Nitrification, ammonia => nitrite	Previous algorithm: distinct-gene set coverage	8	0	0	FALSE	FALSE
SY459WG-0-4_bin37	Nitrogen	Nitrogen fixation, nitrogen => ammonia	Previous algorithm: distinct-gene set coverage	8	0	0	FALSE	FALSE
SY459WG-0-4_bin37	Nitrogen	nitrite + ammonia => nitrogen	Previous algorithm: distinct-gene set coverage	9	1	11.1111111111111	FALSE	FALSE
SY459WG-0-4_bin37	Sulfur	Assimilatory sulfate reduction, sulfate => H2S	Previous algorithm: distinct-gene set coverage	10	1	10	FALSE	FALSE
SY459WG-0-4_bin37	Sulfur	Dissimilatory sulfate reduction, sulfate => H2S	Previous algorithm: distinct-gene set coverage	7	3	42.8571428571429	FALSE	FALSE
SY459WG-0-4_bin37	Sulfur	Thiosulfate oxidation by SOX complex, thiosulfate => sulfate	Previous algorithm: distinct-gene set coverage	7	7	100	TRUE	TRUE
SY459WG-0-4_bin37	Nitrogen	Urea cycle	Previous algorithm: distinct-gene set coverage	6	3	50	TRUE	FALSE
SY459WG-0-4_bin37	Nitrogen	Urea transport system	Previous algorithm: distinct-gene set coverage	5	0	0	FALSE	FALSE
SY459WG-0-4_bin37	Sulfur	Sulfate/thiosulfate transport system	Previous algorithm: distinct-gene set coverage	5	0	0	FALSE	FALSE
SY459WG-0-4_bin37	Sulfur	Sulfonate transport system	Previous algorithm: distinct-gene set coverage	3	0	0	FALSE	FALSE
SY459WG-0-4_bin37	Vitamin B12	Cobalamin salvage	Previous algorithm: distinct-gene set coverage	4	0	0	FALSE	FALSE
SY459WG-0-4_bin37	Vitamin B12	Vitamin B12 transport system	Previous algorithm: distinct-gene set coverage	3	0	0	FALSE	FALSE
SY459WG-0-4_bin37	Carbon	Citrate cycle (TCA cycle, Krebs cycle)	Previous algorithm: distinct-gene set coverage	40	13	32.5	FALSE	FALSE
SY459WG-0-4_bin37	Carbon	Citrate cycle, first carbon oxidation, oxaloacetate => 2-oxoglutarate	Previous algorithm: distinct-gene set coverage	6	2	33.3333333333333	FALSE	FALSE
SY459WG-0-4_bin37	Carbon	Citrate cycle, second carbon oxidation, 2-oxoglutarate => oxaloacetate	Previous algorithm: distinct-gene set coverage	34	11	32.3529411764706	FALSE	FALSE
SY459WG-0-4_bin37	Carbon	Glycolysis (Embden-Meyerhof pathway), glucose => pyruvate	Previous algorithm: distinct-gene set coverage	29	8	27.5862068965517	FALSE	FALSE
SY459WG-0-4_bin37	Carbon	Glycolysis, core module involving three-carbon compounds	Previous algorithm: distinct-gene set coverage	12	6	50	TRUE	FALSE
SY459WG-0-4_bin37	Carbon	Incomplete reductive citrate cycle, acetyl-CoA => oxoglutarate	Previous algorithm: distinct-gene set coverage	17	3	17.6470588235294	FALSE	FALSE
SY459WG-0-4_bin37	Carbon	Pyruvate oxidation, pyruvate => acetyl-CoA	Previous algorithm: distinct-gene set coverage	11	4	36.3636363636364	FALSE	FALSE
SY459WG-0-4_bin37	Carbon	TCA /Reductive TCA	Previous algorithm: distinct-gene set coverage	1	0	0	FALSE	FALSE
SY459WG-4-8_bin39	Motility	Flagellar Assembly (partial 36-KO reconstruction)	Previous algorithm: distinct-gene set coverage	36	23	63.8888888888889	TRUE	FALSE
SY459WG-4-8_bin39	Vitamin B12	Cobalamin biosynthesis, cobinamide => cobalamin	Previous algorithm: distinct-gene set coverage	8	1	12.5	FALSE	FALSE
SY459WG-4-8_bin39	Vitamin B12	Cobalamin biosynthesis, precorrin2 => cobinamide	Previous algorithm: distinct-gene set coverage	25	0	0	FALSE	FALSE
SY459WG-4-8_bin39	Carbon	Acetyl-CoA pathway, CO2 => acetyl-CoA	Previous algorithm: distinct-gene set coverage	5	0	0	FALSE	FALSE
SY459WG-4-8_bin39	Carbon	Methane oxidation, methanotroph, methane => formaldehyde	Previous algorithm: distinct-gene set coverage	12	0	0	FALSE	FALSE
SY459WG-4-8_bin39	Carbon	Methanogenesis, CO2 => methane	Previous algorithm: distinct-gene set coverage	37	3	8.10810810810811	FALSE	FALSE
SY459WG-4-8_bin39	Carbon	Methanogenesis, acetate => methane	Previous algorithm: distinct-gene set coverage	31	2	6.45161290322581	FALSE	FALSE
SY459WG-4-8_bin39	Carbon	Methanogenesis, methanethiol => methane	Previous algorithm: distinct-gene set coverage	1	0	0	FALSE	FALSE
SY459WG-4-8_bin39	Carbon	Methanogenesis, methanol => methane	Previous algorithm: distinct-gene set coverage	19	1	5.26315789473684	FALSE	FALSE
SY459WG-4-8_bin39	Carbon	Methanogenesis, methylamine/dimethylamine/trimethylamine => methane	Previous algorithm: distinct-gene set coverage	23	1	4.34782608695652	FALSE	FALSE
SY459WG-4-8_bin39	Carbon	Reductive acetyl-CoA pathway (Wood-Ljungdahl pathway)	Previous algorithm: distinct-gene set coverage	10	1	10	FALSE	FALSE
SY459WG-4-8_bin39	Carbon	Reductive citrate cycle (Arnon-Buchanan cycle)	Previous algorithm: distinct-gene set coverage	43	13	30.2325581395349	FALSE	FALSE
SY459WG-4-8_bin39	Nitrogen	Assimilatory nitrate reduction, nitrate => ammonia	Previous algorithm: distinct-gene set coverage	6	0	0	FALSE	FALSE
SY459WG-4-8_bin39	Nitrogen	Complete nitrification, comammox, ammonia => nitrite => nitrate	Previous algorithm: distinct-gene set coverage	6	0	0	FALSE	FALSE
SY459WG-4-8_bin39	Nitrogen	Denitrification, nitrate => nitrogen	Previous algorithm: distinct-gene set coverage	11	2	18.1818181818182	FALSE	FALSE
SY459WG-4-8_bin39	Nitrogen	Dissimilatory nitrate reduction, nitrate => ammonia	Previous algorithm: distinct-gene set coverage	9	1	11.1111111111111	FALSE	FALSE
SY459WG-4-8_bin39	Nitrogen	Nitrate assimilation	Previous algorithm: distinct-gene set coverage	1	1	100	TRUE	TRUE
SY459WG-4-8_bin39	Nitrogen	Nitrification, ammonia => nitrite	Previous algorithm: distinct-gene set coverage	8	0	0	FALSE	FALSE
SY459WG-4-8_bin39	Nitrogen	Nitrogen fixation, nitrogen => ammonia	Previous algorithm: distinct-gene set coverage	8	0	0	FALSE	FALSE
SY459WG-4-8_bin39	Nitrogen	nitrite + ammonia => nitrogen	Previous algorithm: distinct-gene set coverage	9	1	11.1111111111111	FALSE	FALSE
SY459WG-4-8_bin39	Sulfur	Assimilatory sulfate reduction, sulfate => H2S	Previous algorithm: distinct-gene set coverage	10	3	30	FALSE	FALSE
SY459WG-4-8_bin39	Sulfur	Dissimilatory sulfate reduction, sulfate => H2S	Previous algorithm: distinct-gene set coverage	7	2	28.5714285714286	FALSE	FALSE
SY459WG-4-8_bin39	Sulfur	Thiosulfate oxidation by SOX complex, thiosulfate => sulfate	Previous algorithm: distinct-gene set coverage	7	0	0	FALSE	FALSE
SY459WG-4-8_bin39	Nitrogen	Urea cycle	Previous algorithm: distinct-gene set coverage	6	3	50	TRUE	FALSE
SY459WG-4-8_bin39	Nitrogen	Urea transport system	Previous algorithm: distinct-gene set coverage	5	0	0	FALSE	FALSE
SY459WG-4-8_bin39	Sulfur	Sulfate/thiosulfate transport system	Previous algorithm: distinct-gene set coverage	5	0	0	FALSE	FALSE
SY459WG-4-8_bin39	Sulfur	Sulfonate transport system	Previous algorithm: distinct-gene set coverage	3	0	0	FALSE	FALSE
SY459WG-4-8_bin39	Vitamin B12	Cobalamin salvage	Previous algorithm: distinct-gene set coverage	4	0	0	FALSE	FALSE
SY459WG-4-8_bin39	Vitamin B12	Vitamin B12 transport system	Previous algorithm: distinct-gene set coverage	3	0	0	FALSE	FALSE
SY459WG-4-8_bin39	Carbon	Citrate cycle (TCA cycle, Krebs cycle)	Previous algorithm: distinct-gene set coverage	40	13	32.5	FALSE	FALSE
SY459WG-4-8_bin39	Carbon	Citrate cycle, first carbon oxidation, oxaloacetate => 2-oxoglutarate	Previous algorithm: distinct-gene set coverage	6	2	33.3333333333333	FALSE	FALSE
SY459WG-4-8_bin39	Carbon	Citrate cycle, second carbon oxidation, 2-oxoglutarate => oxaloacetate	Previous algorithm: distinct-gene set coverage	34	11	32.3529411764706	FALSE	FALSE
SY459WG-4-8_bin39	Carbon	Glycolysis (Embden-Meyerhof pathway), glucose => pyruvate	Previous algorithm: distinct-gene set coverage	29	9	31.0344827586207	FALSE	FALSE
SY459WG-4-8_bin39	Carbon	Glycolysis, core module involving three-carbon compounds	Previous algorithm: distinct-gene set coverage	12	6	50	TRUE	FALSE
SY459WG-4-8_bin39	Carbon	Incomplete reductive citrate cycle, acetyl-CoA => oxoglutarate	Previous algorithm: distinct-gene set coverage	17	6	35.2941176470588	FALSE	FALSE
SY459WG-4-8_bin39	Carbon	Pyruvate oxidation, pyruvate => acetyl-CoA	Previous algorithm: distinct-gene set coverage	11	3	27.2727272727273	FALSE	FALSE
SY459WG-4-8_bin39	Carbon	TCA /Reductive TCA	Previous algorithm: distinct-gene set coverage	1	1	100	TRUE	TRUE
SY459WG-4-8_bin8	Motility	Flagellar Assembly (partial 36-KO reconstruction)	Previous algorithm: distinct-gene set coverage	36	0	0	FALSE	FALSE
SY459WG-4-8_bin8	Vitamin B12	Cobalamin biosynthesis, cobinamide => cobalamin	Previous algorithm: distinct-gene set coverage	8	4	50	TRUE	FALSE
SY459WG-4-8_bin8	Vitamin B12	Cobalamin biosynthesis, precorrin2 => cobinamide	Previous algorithm: distinct-gene set coverage	25	2	8	FALSE	FALSE
SY459WG-4-8_bin8	Carbon	Acetyl-CoA pathway, CO2 => acetyl-CoA	Previous algorithm: distinct-gene set coverage	5	0	0	FALSE	FALSE
SY459WG-4-8_bin8	Carbon	Methane oxidation, methanotroph, methane => formaldehyde	Previous algorithm: distinct-gene set coverage	12	0	0	FALSE	FALSE
SY459WG-4-8_bin8	Carbon	Methanogenesis, CO2 => methane	Previous algorithm: distinct-gene set coverage	37	0	0	FALSE	FALSE
SY459WG-4-8_bin8	Carbon	Methanogenesis, acetate => methane	Previous algorithm: distinct-gene set coverage	31	1	3.2258064516129	FALSE	FALSE
SY459WG-4-8_bin8	Carbon	Methanogenesis, methanethiol => methane	Previous algorithm: distinct-gene set coverage	1	0	0	FALSE	FALSE
SY459WG-4-8_bin8	Carbon	Methanogenesis, methanol => methane	Previous algorithm: distinct-gene set coverage	19	0	0	FALSE	FALSE
SY459WG-4-8_bin8	Carbon	Methanogenesis, methylamine/dimethylamine/trimethylamine => methane	Previous algorithm: distinct-gene set coverage	23	1	4.34782608695652	FALSE	FALSE
SY459WG-4-8_bin8	Carbon	Reductive acetyl-CoA pathway (Wood-Ljungdahl pathway)	Previous algorithm: distinct-gene set coverage	10	3	30	FALSE	FALSE
SY459WG-4-8_bin8	Carbon	Reductive citrate cycle (Arnon-Buchanan cycle)	Previous algorithm: distinct-gene set coverage	43	9	20.9302325581395	FALSE	FALSE
SY459WG-4-8_bin8	Nitrogen	Assimilatory nitrate reduction, nitrate => ammonia	Previous algorithm: distinct-gene set coverage	6	0	0	FALSE	FALSE
SY459WG-4-8_bin8	Nitrogen	Complete nitrification, comammox, ammonia => nitrite => nitrate	Previous algorithm: distinct-gene set coverage	6	0	0	FALSE	FALSE
SY459WG-4-8_bin8	Nitrogen	Denitrification, nitrate => nitrogen	Previous algorithm: distinct-gene set coverage	11	6	54.5454545454545	TRUE	FALSE
SY459WG-4-8_bin8	Nitrogen	Dissimilatory nitrate reduction, nitrate => ammonia	Previous algorithm: distinct-gene set coverage	9	3	33.3333333333333	FALSE	FALSE
SY459WG-4-8_bin8	Nitrogen	Nitrate assimilation	Previous algorithm: distinct-gene set coverage	1	0	0	FALSE	FALSE
SY459WG-4-8_bin8	Nitrogen	Nitrification, ammonia => nitrite	Previous algorithm: distinct-gene set coverage	8	0	0	FALSE	FALSE
SY459WG-4-8_bin8	Nitrogen	Nitrogen fixation, nitrogen => ammonia	Previous algorithm: distinct-gene set coverage	8	0	0	FALSE	FALSE
SY459WG-4-8_bin8	Nitrogen	nitrite + ammonia => nitrogen	Previous algorithm: distinct-gene set coverage	9	1	11.1111111111111	FALSE	FALSE
SY459WG-4-8_bin8	Sulfur	Assimilatory sulfate reduction, sulfate => H2S	Previous algorithm: distinct-gene set coverage	10	1	10	FALSE	FALSE
SY459WG-4-8_bin8	Sulfur	Dissimilatory sulfate reduction, sulfate => H2S	Previous algorithm: distinct-gene set coverage	7	5	71.4285714285714	TRUE	FALSE
SY459WG-4-8_bin8	Sulfur	Thiosulfate oxidation by SOX complex, thiosulfate => sulfate	Previous algorithm: distinct-gene set coverage	7	4	57.1428571428571	TRUE	FALSE
SY459WG-4-8_bin8	Nitrogen	Urea cycle	Previous algorithm: distinct-gene set coverage	6	3	50	TRUE	FALSE
SY459WG-4-8_bin8	Nitrogen	Urea transport system	Previous algorithm: distinct-gene set coverage	5	0	0	FALSE	FALSE
SY459WG-4-8_bin8	Sulfur	Sulfate/thiosulfate transport system	Previous algorithm: distinct-gene set coverage	5	0	0	FALSE	FALSE
SY459WG-4-8_bin8	Sulfur	Sulfonate transport system	Previous algorithm: distinct-gene set coverage	3	1	33.3333333333333	FALSE	FALSE
SY459WG-4-8_bin8	Vitamin B12	Cobalamin salvage	Previous algorithm: distinct-gene set coverage	4	1	25	FALSE	FALSE
SY459WG-4-8_bin8	Vitamin B12	Vitamin B12 transport system	Previous algorithm: distinct-gene set coverage	3	0	0	FALSE	FALSE
SY459WG-4-8_bin8	Carbon	Citrate cycle (TCA cycle, Krebs cycle)	Previous algorithm: distinct-gene set coverage	40	11	27.5	FALSE	FALSE
SY459WG-4-8_bin8	Carbon	Citrate cycle, first carbon oxidation, oxaloacetate => 2-oxoglutarate	Previous algorithm: distinct-gene set coverage	6	1	16.6666666666667	FALSE	FALSE
SY459WG-4-8_bin8	Carbon	Citrate cycle, second carbon oxidation, 2-oxoglutarate => oxaloacetate	Previous algorithm: distinct-gene set coverage	34	10	29.4117647058824	FALSE	FALSE
SY459WG-4-8_bin8	Carbon	Glycolysis (Embden-Meyerhof pathway), glucose => pyruvate	Previous algorithm: distinct-gene set coverage	29	9	31.0344827586207	FALSE	FALSE
SY459WG-4-8_bin8	Carbon	Glycolysis, core module involving three-carbon compounds	Previous algorithm: distinct-gene set coverage	12	6	50	TRUE	FALSE
SY459WG-4-8_bin8	Carbon	Incomplete reductive citrate cycle, acetyl-CoA => oxoglutarate	Previous algorithm: distinct-gene set coverage	17	2	11.7647058823529	FALSE	FALSE
SY459WG-4-8_bin8	Carbon	Pyruvate oxidation, pyruvate => acetyl-CoA	Previous algorithm: distinct-gene set coverage	11	3	27.2727272727273	FALSE	FALSE
SY459WG-4-8_bin8	Carbon	TCA /Reductive TCA	Previous algorithm: distinct-gene set coverage	1	0	0	FALSE	FALSE
SY459WG-8-12_bin19	Motility	Flagellar Assembly (partial 36-KO reconstruction)	Previous algorithm: distinct-gene set coverage	36	17	47.2222222222222	FALSE	FALSE
SY459WG-8-12_bin19	Vitamin B12	Cobalamin biosynthesis, cobinamide => cobalamin	Previous algorithm: distinct-gene set coverage	8	7	87.5	TRUE	TRUE
SY459WG-8-12_bin19	Vitamin B12	Cobalamin biosynthesis, precorrin2 => cobinamide	Previous algorithm: distinct-gene set coverage	25	14	56	TRUE	FALSE
SY459WG-8-12_bin19	Carbon	Acetyl-CoA pathway, CO2 => acetyl-CoA	Previous algorithm: distinct-gene set coverage	5	0	0	FALSE	FALSE
SY459WG-8-12_bin19	Carbon	Methane oxidation, methanotroph, methane => formaldehyde	Previous algorithm: distinct-gene set coverage	12	0	0	FALSE	FALSE
SY459WG-8-12_bin19	Carbon	Methanogenesis, CO2 => methane	Previous algorithm: distinct-gene set coverage	37	0	0	FALSE	FALSE
SY459WG-8-12_bin19	Carbon	Methanogenesis, acetate => methane	Previous algorithm: distinct-gene set coverage	31	2	6.45161290322581	FALSE	FALSE
SY459WG-8-12_bin19	Carbon	Methanogenesis, methanethiol => methane	Previous algorithm: distinct-gene set coverage	1	0	0	FALSE	FALSE
SY459WG-8-12_bin19	Carbon	Methanogenesis, methanol => methane	Previous algorithm: distinct-gene set coverage	19	0	0	FALSE	FALSE
SY459WG-8-12_bin19	Carbon	Methanogenesis, methylamine/dimethylamine/trimethylamine => methane	Previous algorithm: distinct-gene set coverage	23	1	4.34782608695652	FALSE	FALSE
SY459WG-8-12_bin19	Carbon	Reductive acetyl-CoA pathway (Wood-Ljungdahl pathway)	Previous algorithm: distinct-gene set coverage	10	3	30	FALSE	FALSE
SY459WG-8-12_bin19	Carbon	Reductive citrate cycle (Arnon-Buchanan cycle)	Previous algorithm: distinct-gene set coverage	43	21	48.8372093023256	FALSE	FALSE
SY459WG-8-12_bin19	Nitrogen	Assimilatory nitrate reduction, nitrate => ammonia	Previous algorithm: distinct-gene set coverage	6	0	0	FALSE	FALSE
SY459WG-8-12_bin19	Nitrogen	Complete nitrification, comammox, ammonia => nitrite => nitrate	Previous algorithm: distinct-gene set coverage	6	0	0	FALSE	FALSE
SY459WG-8-12_bin19	Nitrogen	Denitrification, nitrate => nitrogen	Previous algorithm: distinct-gene set coverage	11	6	54.5454545454545	TRUE	FALSE
SY459WG-8-12_bin19	Nitrogen	Dissimilatory nitrate reduction, nitrate => ammonia	Previous algorithm: distinct-gene set coverage	9	2	22.2222222222222	FALSE	FALSE
SY459WG-8-12_bin19	Nitrogen	Nitrate assimilation	Previous algorithm: distinct-gene set coverage	1	0	0	FALSE	FALSE
SY459WG-8-12_bin19	Nitrogen	Nitrification, ammonia => nitrite	Previous algorithm: distinct-gene set coverage	8	0	0	FALSE	FALSE
SY459WG-8-12_bin19	Nitrogen	Nitrogen fixation, nitrogen => ammonia	Previous algorithm: distinct-gene set coverage	8	0	0	FALSE	FALSE
SY459WG-8-12_bin19	Nitrogen	nitrite + ammonia => nitrogen	Previous algorithm: distinct-gene set coverage	9	1	11.1111111111111	FALSE	FALSE
SY459WG-8-12_bin19	Sulfur	Assimilatory sulfate reduction, sulfate => H2S	Previous algorithm: distinct-gene set coverage	10	1	10	FALSE	FALSE
SY459WG-8-12_bin19	Sulfur	Dissimilatory sulfate reduction, sulfate => H2S	Previous algorithm: distinct-gene set coverage	7	5	71.4285714285714	TRUE	FALSE
SY459WG-8-12_bin19	Sulfur	Thiosulfate oxidation by SOX complex, thiosulfate => sulfate	Previous algorithm: distinct-gene set coverage	7	5	71.4285714285714	TRUE	FALSE
SY459WG-8-12_bin19	Nitrogen	Urea cycle	Previous algorithm: distinct-gene set coverage	6	4	66.6666666666667	TRUE	FALSE
SY459WG-8-12_bin19	Nitrogen	Urea transport system	Previous algorithm: distinct-gene set coverage	5	2	40	FALSE	FALSE
SY459WG-8-12_bin19	Sulfur	Sulfate/thiosulfate transport system	Previous algorithm: distinct-gene set coverage	5	0	0	FALSE	FALSE
SY459WG-8-12_bin19	Sulfur	Sulfonate transport system	Previous algorithm: distinct-gene set coverage	3	1	33.3333333333333	FALSE	FALSE
SY459WG-8-12_bin19	Vitamin B12	Cobalamin salvage	Previous algorithm: distinct-gene set coverage	4	0	0	FALSE	FALSE
SY459WG-8-12_bin19	Vitamin B12	Vitamin B12 transport system	Previous algorithm: distinct-gene set coverage	3	0	0	FALSE	FALSE
SY459WG-8-12_bin19	Carbon	Citrate cycle (TCA cycle, Krebs cycle)	Previous algorithm: distinct-gene set coverage	40	19	47.5	FALSE	FALSE
SY459WG-8-12_bin19	Carbon	Citrate cycle, first carbon oxidation, oxaloacetate => 2-oxoglutarate	Previous algorithm: distinct-gene set coverage	6	1	16.6666666666667	FALSE	FALSE
SY459WG-8-12_bin19	Carbon	Citrate cycle, second carbon oxidation, 2-oxoglutarate => oxaloacetate	Previous algorithm: distinct-gene set coverage	34	18	52.9411764705882	TRUE	FALSE
SY459WG-8-12_bin19	Carbon	Glycolysis (Embden-Meyerhof pathway), glucose => pyruvate	Previous algorithm: distinct-gene set coverage	29	10	34.4827586206897	FALSE	FALSE
SY459WG-8-12_bin19	Carbon	Glycolysis, core module involving three-carbon compounds	Previous algorithm: distinct-gene set coverage	12	6	50	TRUE	FALSE
SY459WG-8-12_bin19	Carbon	Incomplete reductive citrate cycle, acetyl-CoA => oxoglutarate	Previous algorithm: distinct-gene set coverage	17	10	58.8235294117647	TRUE	FALSE
SY459WG-8-12_bin19	Carbon	Pyruvate oxidation, pyruvate => acetyl-CoA	Previous algorithm: distinct-gene set coverage	11	6	54.5454545454545	TRUE	FALSE
SY459WG-8-12_bin19	Carbon	TCA /Reductive TCA	Previous algorithm: distinct-gene set coverage	1	0	0	FALSE	FALSE
SY459WG-8-12_bin2	Motility	Flagellar Assembly (partial 36-KO reconstruction)	Previous algorithm: distinct-gene set coverage	36	22	61.1111111111111	TRUE	FALSE
SY459WG-8-12_bin2	Vitamin B12	Cobalamin biosynthesis, cobinamide => cobalamin	Previous algorithm: distinct-gene set coverage	8	6	75	TRUE	TRUE
SY459WG-8-12_bin2	Vitamin B12	Cobalamin biosynthesis, precorrin2 => cobinamide	Previous algorithm: distinct-gene set coverage	25	14	56	TRUE	FALSE
SY459WG-8-12_bin2	Carbon	Acetyl-CoA pathway, CO2 => acetyl-CoA	Previous algorithm: distinct-gene set coverage	5	0	0	FALSE	FALSE
SY459WG-8-12_bin2	Carbon	Methane oxidation, methanotroph, methane => formaldehyde	Previous algorithm: distinct-gene set coverage	12	1	8.33333333333333	FALSE	FALSE
SY459WG-8-12_bin2	Carbon	Methanogenesis, CO2 => methane	Previous algorithm: distinct-gene set coverage	37	0	0	FALSE	FALSE
SY459WG-8-12_bin2	Carbon	Methanogenesis, acetate => methane	Previous algorithm: distinct-gene set coverage	31	2	6.45161290322581	FALSE	FALSE
SY459WG-8-12_bin2	Carbon	Methanogenesis, methanethiol => methane	Previous algorithm: distinct-gene set coverage	1	0	0	FALSE	FALSE
SY459WG-8-12_bin2	Carbon	Methanogenesis, methanol => methane	Previous algorithm: distinct-gene set coverage	19	0	0	FALSE	FALSE
SY459WG-8-12_bin2	Carbon	Methanogenesis, methylamine/dimethylamine/trimethylamine => methane	Previous algorithm: distinct-gene set coverage	23	1	4.34782608695652	FALSE	FALSE
SY459WG-8-12_bin2	Carbon	Reductive acetyl-CoA pathway (Wood-Ljungdahl pathway)	Previous algorithm: distinct-gene set coverage	10	3	30	FALSE	FALSE
SY459WG-8-12_bin2	Carbon	Reductive citrate cycle (Arnon-Buchanan cycle)	Previous algorithm: distinct-gene set coverage	43	12	27.906976744186	FALSE	FALSE
SY459WG-8-12_bin2	Nitrogen	Assimilatory nitrate reduction, nitrate => ammonia	Previous algorithm: distinct-gene set coverage	6	0	0	FALSE	FALSE
SY459WG-8-12_bin2	Nitrogen	Complete nitrification, comammox, ammonia => nitrite => nitrate	Previous algorithm: distinct-gene set coverage	6	0	0	FALSE	FALSE
SY459WG-8-12_bin2	Nitrogen	Denitrification, nitrate => nitrogen	Previous algorithm: distinct-gene set coverage	11	5	45.4545454545455	FALSE	FALSE
SY459WG-8-12_bin2	Nitrogen	Dissimilatory nitrate reduction, nitrate => ammonia	Previous algorithm: distinct-gene set coverage	9	3	33.3333333333333	FALSE	FALSE
SY459WG-8-12_bin2	Nitrogen	Nitrate assimilation	Previous algorithm: distinct-gene set coverage	1	1	100	TRUE	TRUE
SY459WG-8-12_bin2	Nitrogen	Nitrification, ammonia => nitrite	Previous algorithm: distinct-gene set coverage	8	0	0	FALSE	FALSE
SY459WG-8-12_bin2	Nitrogen	Nitrogen fixation, nitrogen => ammonia	Previous algorithm: distinct-gene set coverage	8	0	0	FALSE	FALSE
SY459WG-8-12_bin2	Nitrogen	nitrite + ammonia => nitrogen	Previous algorithm: distinct-gene set coverage	9	1	11.1111111111111	FALSE	FALSE
SY459WG-8-12_bin2	Sulfur	Assimilatory sulfate reduction, sulfate => H2S	Previous algorithm: distinct-gene set coverage	10	3	30	FALSE	FALSE
SY459WG-8-12_bin2	Sulfur	Dissimilatory sulfate reduction, sulfate => H2S	Previous algorithm: distinct-gene set coverage	7	3	42.8571428571429	FALSE	FALSE
SY459WG-8-12_bin2	Sulfur	Thiosulfate oxidation by SOX complex, thiosulfate => sulfate	Previous algorithm: distinct-gene set coverage	7	5	71.4285714285714	TRUE	FALSE
SY459WG-8-12_bin2	Nitrogen	Urea cycle	Previous algorithm: distinct-gene set coverage	6	3	50	TRUE	FALSE
SY459WG-8-12_bin2	Nitrogen	Urea transport system	Previous algorithm: distinct-gene set coverage	5	5	100	TRUE	TRUE
SY459WG-8-12_bin2	Sulfur	Sulfate/thiosulfate transport system	Previous algorithm: distinct-gene set coverage	5	0	0	FALSE	FALSE
SY459WG-8-12_bin2	Sulfur	Sulfonate transport system	Previous algorithm: distinct-gene set coverage	3	0	0	FALSE	FALSE
SY459WG-8-12_bin2	Vitamin B12	Cobalamin salvage	Previous algorithm: distinct-gene set coverage	4	0	0	FALSE	FALSE
SY459WG-8-12_bin2	Vitamin B12	Vitamin B12 transport system	Previous algorithm: distinct-gene set coverage	3	0	0	FALSE	FALSE
SY459WG-8-12_bin2	Carbon	Citrate cycle (TCA cycle, Krebs cycle)	Previous algorithm: distinct-gene set coverage	40	13	32.5	FALSE	FALSE
SY459WG-8-12_bin2	Carbon	Citrate cycle, first carbon oxidation, oxaloacetate => 2-oxoglutarate	Previous algorithm: distinct-gene set coverage	6	2	33.3333333333333	FALSE	FALSE
SY459WG-8-12_bin2	Carbon	Citrate cycle, second carbon oxidation, 2-oxoglutarate => oxaloacetate	Previous algorithm: distinct-gene set coverage	34	11	32.3529411764706	FALSE	FALSE
SY459WG-8-12_bin2	Carbon	Glycolysis (Embden-Meyerhof pathway), glucose => pyruvate	Previous algorithm: distinct-gene set coverage	29	10	34.4827586206897	FALSE	FALSE
SY459WG-8-12_bin2	Carbon	Glycolysis, core module involving three-carbon compounds	Previous algorithm: distinct-gene set coverage	12	6	50	TRUE	FALSE
SY459WG-8-12_bin2	Carbon	Incomplete reductive citrate cycle, acetyl-CoA => oxoglutarate	Previous algorithm: distinct-gene set coverage	17	3	17.6470588235294	FALSE	FALSE
SY459WG-8-12_bin2	Carbon	Pyruvate oxidation, pyruvate => acetyl-CoA	Previous algorithm: distinct-gene set coverage	11	5	45.4545454545455	FALSE	FALSE
SY459WG-8-12_bin2	Carbon	TCA /Reductive TCA	Previous algorithm: distinct-gene set coverage	1	0	0	FALSE	FALSE
C1_12-18_bin19	Arsenic	Arsenate-reduction marker carriage	Independent non-focal arsenic HMM-marker carriage	1	1	100	TRUE	TRUE
C1_12-18_bin19	Arsenic	Arsenite-oxidation marker carriage	Independent non-focal arsenic HMM-marker carriage	1	0	0	FALSE	FALSE
C1_12-18_bin24	Arsenic	Arsenate-reduction marker carriage	Independent non-focal arsenic HMM-marker carriage	1	0	0	FALSE	FALSE
C1_12-18_bin24	Arsenic	Arsenite-oxidation marker carriage	Independent non-focal arsenic HMM-marker carriage	1	0	0	FALSE	FALSE
C2_12-18_bin11	Arsenic	Arsenate-reduction marker carriage	Independent non-focal arsenic HMM-marker carriage	1	0	0	FALSE	FALSE
C2_12-18_bin11	Arsenic	Arsenite-oxidation marker carriage	Independent non-focal arsenic HMM-marker carriage	1	0	0	FALSE	FALSE
C2_12-18_bin17	Arsenic	Arsenate-reduction marker carriage	Independent non-focal arsenic HMM-marker carriage	1	0	0	FALSE	FALSE
C2_12-18_bin17	Arsenic	Arsenite-oxidation marker carriage	Independent non-focal arsenic HMM-marker carriage	1	0	0	FALSE	FALSE
R2111_N500_0-10_bin13	Arsenic	Arsenate-reduction marker carriage	Independent non-focal arsenic HMM-marker carriage	1	0	0	FALSE	FALSE
R2111_N500_0-10_bin13	Arsenic	Arsenite-oxidation marker carriage	Independent non-focal arsenic HMM-marker carriage	1	0	0	FALSE	FALSE
R2111_S300_0-10_bin19	Arsenic	Arsenate-reduction marker carriage	Independent non-focal arsenic HMM-marker carriage	1	0	0	FALSE	FALSE
R2111_S300_0-10_bin19	Arsenic	Arsenite-oxidation marker carriage	Independent non-focal arsenic HMM-marker carriage	1	0	0	FALSE	FALSE
S1_9-12_bin1	Arsenic	Arsenate-reduction marker carriage	Independent non-focal arsenic HMM-marker carriage	1	0	0	FALSE	FALSE
S1_9-12_bin1	Arsenic	Arsenite-oxidation marker carriage	Independent non-focal arsenic HMM-marker carriage	1	0	0	FALSE	FALSE
S13_0-2_bin3	Arsenic	Arsenate-reduction marker carriage	Independent non-focal arsenic HMM-marker carriage	1	1	100	TRUE	TRUE
S13_0-2_bin3	Arsenic	Arsenite-oxidation marker carriage	Independent non-focal arsenic HMM-marker carriage	1	0	0	FALSE	FALSE
S15_8-10_bin20	Arsenic	Arsenate-reduction marker carriage	Independent non-focal arsenic HMM-marker carriage	1	1	100	TRUE	TRUE
S15_8-10_bin20	Arsenic	Arsenite-oxidation marker carriage	Independent non-focal arsenic HMM-marker carriage	1	0	0	FALSE	FALSE
SQ_58_0-4_bin4	Arsenic	Arsenate-reduction marker carriage	Independent non-focal arsenic HMM-marker carriage	1	0	0	FALSE	FALSE
SQ_58_0-4_bin4	Arsenic	Arsenite-oxidation marker carriage	Independent non-focal arsenic HMM-marker carriage	1	0	0	FALSE	FALSE
SY365BB-0-4_bin24	Arsenic	Arsenate-reduction marker carriage	Independent non-focal arsenic HMM-marker carriage	1	1	100	TRUE	TRUE
SY365BB-0-4_bin24	Arsenic	Arsenite-oxidation marker carriage	Independent non-focal arsenic HMM-marker carriage	1	0	0	FALSE	FALSE
SY365BB-8-12_bin10	Arsenic	Arsenate-reduction marker carriage	Independent non-focal arsenic HMM-marker carriage	1	1	100	TRUE	TRUE
SY365BB-8-12_bin10	Arsenic	Arsenite-oxidation marker carriage	Independent non-focal arsenic HMM-marker carriage	1	0	0	FALSE	FALSE
SY365BB-8-12_bin26	Arsenic	Arsenate-reduction marker carriage	Independent non-focal arsenic HMM-marker carriage	1	0	0	FALSE	FALSE
SY365BB-8-12_bin26	Arsenic	Arsenite-oxidation marker carriage	Independent non-focal arsenic HMM-marker carriage	1	0	0	FALSE	FALSE
SY365BB-8-12_bin7	Arsenic	Arsenate-reduction marker carriage	Independent non-focal arsenic HMM-marker carriage	1	0	0	FALSE	FALSE
SY365BB-8-12_bin7	Arsenic	Arsenite-oxidation marker carriage	Independent non-focal arsenic HMM-marker carriage	1	0	0	FALSE	FALSE
SY365BB-8-12_bin8	Arsenic	Arsenate-reduction marker carriage	Independent non-focal arsenic HMM-marker carriage	1	1	100	TRUE	TRUE
SY365BB-8-12_bin8	Arsenic	Arsenite-oxidation marker carriage	Independent non-focal arsenic HMM-marker carriage	1	0	0	FALSE	FALSE
SY366YB-0-4_bin3	Arsenic	Arsenate-reduction marker carriage	Independent non-focal arsenic HMM-marker carriage	1	0	0	FALSE	FALSE
SY366YB-0-4_bin3	Arsenic	Arsenite-oxidation marker carriage	Independent non-focal arsenic HMM-marker carriage	1	0	0	FALSE	FALSE
SY366YB-0-4_bin5	Arsenic	Arsenate-reduction marker carriage	Independent non-focal arsenic HMM-marker carriage	1	0	0	FALSE	FALSE
SY366YB-0-4_bin5	Arsenic	Arsenite-oxidation marker carriage	Independent non-focal arsenic HMM-marker carriage	1	0	0	FALSE	FALSE
SY366YW-0-4_bin2	Arsenic	Arsenate-reduction marker carriage	Independent non-focal arsenic HMM-marker carriage	1	0	0	FALSE	FALSE
SY366YW-0-4_bin2	Arsenic	Arsenite-oxidation marker carriage	Independent non-focal arsenic HMM-marker carriage	1	0	0	FALSE	FALSE
SY366YW-0-4_bin34	Arsenic	Arsenate-reduction marker carriage	Independent non-focal arsenic HMM-marker carriage	1	1	100	TRUE	TRUE
SY366YW-0-4_bin34	Arsenic	Arsenite-oxidation marker carriage	Independent non-focal arsenic HMM-marker carriage	1	0	0	FALSE	FALSE
SY366YW-0-4_bin9	Arsenic	Arsenate-reduction marker carriage	Independent non-focal arsenic HMM-marker carriage	1	1	100	TRUE	TRUE
SY366YW-0-4_bin9	Arsenic	Arsenite-oxidation marker carriage	Independent non-focal arsenic HMM-marker carriage	1	0	0	FALSE	FALSE
SY366YW-4-8_bin7	Arsenic	Arsenate-reduction marker carriage	Independent non-focal arsenic HMM-marker carriage	1	0	0	FALSE	FALSE
SY366YW-4-8_bin7	Arsenic	Arsenite-oxidation marker carriage	Independent non-focal arsenic HMM-marker carriage	1	0	0	FALSE	FALSE
SY366YW-8-12_bin2	Arsenic	Arsenate-reduction marker carriage	Independent non-focal arsenic HMM-marker carriage	1	1	100	TRUE	TRUE
SY366YW-8-12_bin2	Arsenic	Arsenite-oxidation marker carriage	Independent non-focal arsenic HMM-marker carriage	1	0	0	FALSE	FALSE
SY368YW-4-8_bin24	Arsenic	Arsenate-reduction marker carriage	Independent non-focal arsenic HMM-marker carriage	1	1	100	TRUE	TRUE
SY368YW-4-8_bin24	Arsenic	Arsenite-oxidation marker carriage	Independent non-focal arsenic HMM-marker carriage	1	0	0	FALSE	FALSE
SY368YW-8-12_bin14	Arsenic	Arsenate-reduction marker carriage	Independent non-focal arsenic HMM-marker carriage	1	0	0	FALSE	FALSE
SY368YW-8-12_bin14	Arsenic	Arsenite-oxidation marker carriage	Independent non-focal arsenic HMM-marker carriage	1	0	0	FALSE	FALSE
SY368YW-8-12_bin16	Arsenic	Arsenate-reduction marker carriage	Independent non-focal arsenic HMM-marker carriage	1	0	0	FALSE	FALSE
SY368YW-8-12_bin16	Arsenic	Arsenite-oxidation marker carriage	Independent non-focal arsenic HMM-marker carriage	1	0	0	FALSE	FALSE
SY368YW-8-12_bin33	Arsenic	Arsenate-reduction marker carriage	Independent non-focal arsenic HMM-marker carriage	1	1	100	TRUE	TRUE
SY368YW-8-12_bin33	Arsenic	Arsenite-oxidation marker carriage	Independent non-focal arsenic HMM-marker carriage	1	0	0	FALSE	FALSE
SY456YB-0-4_bin8	Arsenic	Arsenate-reduction marker carriage	Independent non-focal arsenic HMM-marker carriage	1	1	100	TRUE	TRUE
SY456YB-0-4_bin8	Arsenic	Arsenite-oxidation marker carriage	Independent non-focal arsenic HMM-marker carriage	1	0	0	FALSE	FALSE
SY456YB-4-8_bin24	Arsenic	Arsenate-reduction marker carriage	Independent non-focal arsenic HMM-marker carriage	1	1	100	TRUE	TRUE
SY456YB-4-8_bin24	Arsenic	Arsenite-oxidation marker carriage	Independent non-focal arsenic HMM-marker carriage	1	0	0	FALSE	FALSE
SY456YB-8-12_bin27	Arsenic	Arsenate-reduction marker carriage	Independent non-focal arsenic HMM-marker carriage	1	1	100	TRUE	TRUE
SY456YB-8-12_bin27	Arsenic	Arsenite-oxidation marker carriage	Independent non-focal arsenic HMM-marker carriage	1	0	0	FALSE	FALSE
SY456YB-8-12_bin34	Arsenic	Arsenate-reduction marker carriage	Independent non-focal arsenic HMM-marker carriage	1	1	100	TRUE	TRUE
SY456YB-8-12_bin34	Arsenic	Arsenite-oxidation marker carriage	Independent non-focal arsenic HMM-marker carriage	1	0	0	FALSE	FALSE
SY456YB-8-12_bin4	Arsenic	Arsenate-reduction marker carriage	Independent non-focal arsenic HMM-marker carriage	1	1	100	TRUE	TRUE
SY456YB-8-12_bin4	Arsenic	Arsenite-oxidation marker carriage	Independent non-focal arsenic HMM-marker carriage	1	0	0	FALSE	FALSE
SY456YB-8-12_bin5	Arsenic	Arsenate-reduction marker carriage	Independent non-focal arsenic HMM-marker carriage	1	0	0	FALSE	FALSE
SY456YB-8-12_bin5	Arsenic	Arsenite-oxidation marker carriage	Independent non-focal arsenic HMM-marker carriage	1	0	0	FALSE	FALSE
SY457BB-0-4_bin2	Arsenic	Arsenate-reduction marker carriage	Independent non-focal arsenic HMM-marker carriage	1	1	100	TRUE	TRUE
SY457BB-0-4_bin2	Arsenic	Arsenite-oxidation marker carriage	Independent non-focal arsenic HMM-marker carriage	1	0	0	FALSE	FALSE
SY457BB-0-4_bin35	Arsenic	Arsenate-reduction marker carriage	Independent non-focal arsenic HMM-marker carriage	1	0	0	FALSE	FALSE
SY457BB-0-4_bin35	Arsenic	Arsenite-oxidation marker carriage	Independent non-focal arsenic HMM-marker carriage	1	0	0	FALSE	FALSE
SY457BB-0-4_bin6	Arsenic	Arsenate-reduction marker carriage	Independent non-focal arsenic HMM-marker carriage	1	0	0	FALSE	FALSE
SY457BB-0-4_bin6	Arsenic	Arsenite-oxidation marker carriage	Independent non-focal arsenic HMM-marker carriage	1	0	0	FALSE	FALSE
SY457BB-4-8_bin29	Arsenic	Arsenate-reduction marker carriage	Independent non-focal arsenic HMM-marker carriage	1	1	100	TRUE	TRUE
SY457BB-4-8_bin29	Arsenic	Arsenite-oxidation marker carriage	Independent non-focal arsenic HMM-marker carriage	1	0	0	FALSE	FALSE
SY457BB-4-8_bin33	Arsenic	Arsenate-reduction marker carriage	Independent non-focal arsenic HMM-marker carriage	1	1	100	TRUE	TRUE
SY457BB-4-8_bin33	Arsenic	Arsenite-oxidation marker carriage	Independent non-focal arsenic HMM-marker carriage	1	0	0	FALSE	FALSE
SY457BB-8-12_bin10	Arsenic	Arsenate-reduction marker carriage	Independent non-focal arsenic HMM-marker carriage	1	1	100	TRUE	TRUE
SY457BB-8-12_bin10	Arsenic	Arsenite-oxidation marker carriage	Independent non-focal arsenic HMM-marker carriage	1	0	0	FALSE	FALSE
SY457BB-8-12_bin15	Arsenic	Arsenate-reduction marker carriage	Independent non-focal arsenic HMM-marker carriage	1	1	100	TRUE	TRUE
SY457BB-8-12_bin15	Arsenic	Arsenite-oxidation marker carriage	Independent non-focal arsenic HMM-marker carriage	1	0	0	FALSE	FALSE
SY457BB-8-12_bin16	Arsenic	Arsenate-reduction marker carriage	Independent non-focal arsenic HMM-marker carriage	1	1	100	TRUE	TRUE
SY457BB-8-12_bin16	Arsenic	Arsenite-oxidation marker carriage	Independent non-focal arsenic HMM-marker carriage	1	0	0	FALSE	FALSE
SY457BB-8-12_bin25	Arsenic	Arsenate-reduction marker carriage	Independent non-focal arsenic HMM-marker carriage	1	1	100	TRUE	TRUE
SY457BB-8-12_bin25	Arsenic	Arsenite-oxidation marker carriage	Independent non-focal arsenic HMM-marker carriage	1	0	0	FALSE	FALSE
SY457BB-8-12_bin4	Arsenic	Arsenate-reduction marker carriage	Independent non-focal arsenic HMM-marker carriage	1	1	100	TRUE	TRUE
SY457BB-8-12_bin4	Arsenic	Arsenite-oxidation marker carriage	Independent non-focal arsenic HMM-marker carriage	1	0	0	FALSE	FALSE
SY459WG-0-4_bin26	Arsenic	Arsenate-reduction marker carriage	Independent non-focal arsenic HMM-marker carriage	1	0	0	FALSE	FALSE
SY459WG-0-4_bin26	Arsenic	Arsenite-oxidation marker carriage	Independent non-focal arsenic HMM-marker carriage	1	0	0	FALSE	FALSE
SY459WG-0-4_bin37	Arsenic	Arsenate-reduction marker carriage	Independent non-focal arsenic HMM-marker carriage	1	1	100	TRUE	TRUE
SY459WG-0-4_bin37	Arsenic	Arsenite-oxidation marker carriage	Independent non-focal arsenic HMM-marker carriage	1	0	0	FALSE	FALSE
SY459WG-4-8_bin39	Arsenic	Arsenate-reduction marker carriage	Independent non-focal arsenic HMM-marker carriage	1	0	0	FALSE	FALSE
SY459WG-4-8_bin39	Arsenic	Arsenite-oxidation marker carriage	Independent non-focal arsenic HMM-marker carriage	1	0	0	FALSE	FALSE
SY459WG-4-8_bin8	Arsenic	Arsenate-reduction marker carriage	Independent non-focal arsenic HMM-marker carriage	1	1	100	TRUE	TRUE
SY459WG-4-8_bin8	Arsenic	Arsenite-oxidation marker carriage	Independent non-focal arsenic HMM-marker carriage	1	0	0	FALSE	FALSE
SY459WG-8-12_bin19	Arsenic	Arsenate-reduction marker carriage	Independent non-focal arsenic HMM-marker carriage	1	1	100	TRUE	TRUE
SY459WG-8-12_bin19	Arsenic	Arsenite-oxidation marker carriage	Independent non-focal arsenic HMM-marker carriage	1	0	0	FALSE	FALSE
SY459WG-8-12_bin2	Arsenic	Arsenate-reduction marker carriage	Independent non-focal arsenic HMM-marker carriage	1	1	100	TRUE	TRUE
SY459WG-8-12_bin2	Arsenic	Arsenite-oxidation marker carriage	Independent non-focal arsenic HMM-marker carriage	1	0	0	FALSE	FALSE
