research_category	feature_name	source_type	habitat	final_clade	final_clade_name	MAG	n_sequence_memberships	reconstruction_score_pct	score_ge_50	score_ge_75
Arsenic	Arsenate-reduction marker carriage	Independent non-focal arsenic HMM-marker carriage	IS	Clade 1	Canonical AioA-associated	SY366YW-4-8_bin7	1	0	FALSE	FALSE
Arsenic	Arsenate-reduction marker carriage	Independent non-focal arsenic HMM-marker carriage	IS	Clade 2	Unknown/uncertain DMSOR	SY366YW-0-4_bin2	1	0	FALSE	FALSE
Arsenic	Arsenate-reduction marker carriage	Independent non-focal arsenic HMM-marker carriage	IS	Clade 2	Unknown/uncertain DMSOR	SY368YW-8-12_bin14	1	0	FALSE	FALSE
Arsenic	Arsenate-reduction marker carriage	Independent non-focal arsenic HMM-marker carriage	IS	Clade 2	Unknown/uncertain DMSOR	SY368YW-8-12_bin16	1	0	FALSE	FALSE
Arsenic	Arsenate-reduction marker carriage	Independent non-focal arsenic HMM-marker carriage	IS	Clade 2	Unknown/uncertain DMSOR	SY459WG-0-4_bin26	1	0	FALSE	FALSE
Arsenic	Arsenate-reduction marker carriage	Independent non-focal arsenic HMM-marker carriage	IS	Clade 2	Unknown/uncertain DMSOR	SY459WG-4-8_bin39	1	0	FALSE	FALSE
Arsenic	Arsenate-reduction marker carriage	Independent non-focal arsenic HMM-marker carriage	IS	Clade 3	IdrA-associated without complete DIRM-like synteny	SY365BB-0-4_bin24	1	100	TRUE	TRUE
Arsenic	Arsenate-reduction marker carriage	Independent non-focal arsenic HMM-marker carriage	IS	Clade 3	IdrA-associated without complete DIRM-like synteny	SY365BB-8-12_bin7	1	0	FALSE	FALSE
Arsenic	Arsenate-reduction marker carriage	Independent non-focal arsenic HMM-marker carriage	IS	Clade 3	IdrA-associated without complete DIRM-like synteny	SY366YB-0-4_bin3	1	0	FALSE	FALSE
Arsenic	Arsenate-reduction marker carriage	Independent non-focal arsenic HMM-marker carriage	IS	Clade 3	IdrA-associated without complete DIRM-like synteny	SY366YB-0-4_bin5	1	0	FALSE	FALSE
Arsenic	Arsenate-reduction marker carriage	Independent non-focal arsenic HMM-marker carriage	IS	Clade 3	IdrA-associated without complete DIRM-like synteny	SY368YW-4-8_bin24	1	100	TRUE	TRUE
Arsenic	Arsenate-reduction marker carriage	Independent non-focal arsenic HMM-marker carriage	IS	Clade 3	IdrA-associated without complete DIRM-like synteny	SY456YB-4-8_bin24	1	100	TRUE	TRUE
Arsenic	Arsenate-reduction marker carriage	Independent non-focal arsenic HMM-marker carriage	IS	Clade 3	IdrA-associated without complete DIRM-like synteny	SY456YB-8-12_bin5	1	0	FALSE	FALSE
Arsenic	Arsenate-reduction marker carriage	Independent non-focal arsenic HMM-marker carriage	IS	Clade 3	IdrA-associated without complete DIRM-like synteny	SY457BB-0-4_bin2	1	100	TRUE	TRUE
Arsenic	Arsenate-reduction marker carriage	Independent non-focal arsenic HMM-marker carriage	IS	Clade 3	IdrA-associated without complete DIRM-like synteny	SY457BB-8-12_bin10	1	100	TRUE	TRUE
Arsenic	Arsenate-reduction marker carriage	Independent non-focal arsenic HMM-marker carriage	IS	Clade 3	IdrA-associated without complete DIRM-like synteny	SY457BB-8-12_bin16	1	100	TRUE	TRUE
Arsenic	Arsenate-reduction marker carriage	Independent non-focal arsenic HMM-marker carriage	IS	Clade 3	IdrA-associated without complete DIRM-like synteny	SY459WG-4-8_bin8	1	100	TRUE	TRUE
Arsenic	Arsenate-reduction marker carriage	Independent non-focal arsenic HMM-marker carriage	IS	Clade 3	IdrA-associated without complete DIRM-like synteny	SY459WG-8-12_bin19	1	100	TRUE	TRUE
Arsenic	Arsenate-reduction marker carriage	Independent non-focal arsenic HMM-marker carriage	IS	Clade 4	IdrA-associated with DIRM-like synteny	SY365BB-8-12_bin10	1	100	TRUE	TRUE
Arsenic	Arsenate-reduction marker carriage	Independent non-focal arsenic HMM-marker carriage	IS	Clade 4	IdrA-associated with DIRM-like synteny	SY365BB-8-12_bin26	1	0	FALSE	FALSE
Arsenic	Arsenate-reduction marker carriage	Independent non-focal arsenic HMM-marker carriage	IS	Clade 4	IdrA-associated with DIRM-like synteny	SY365BB-8-12_bin8	1	100	TRUE	TRUE
Arsenic	Arsenate-reduction marker carriage	Independent non-focal arsenic HMM-marker carriage	IS	Clade 4	IdrA-associated with DIRM-like synteny	SY366YW-0-4_bin34	1	100	TRUE	TRUE
Arsenic	Arsenate-reduction marker carriage	Independent non-focal arsenic HMM-marker carriage	IS	Clade 4	IdrA-associated with DIRM-like synteny	SY366YW-0-4_bin9	1	100	TRUE	TRUE
Arsenic	Arsenate-reduction marker carriage	Independent non-focal arsenic HMM-marker carriage	IS	Clade 4	IdrA-associated with DIRM-like synteny	SY366YW-8-12_bin2	1	100	TRUE	TRUE
Arsenic	Arsenate-reduction marker carriage	Independent non-focal arsenic HMM-marker carriage	IS	Clade 4	IdrA-associated with DIRM-like synteny	SY368YW-8-12_bin33	1	100	TRUE	TRUE
Arsenic	Arsenate-reduction marker carriage	Independent non-focal arsenic HMM-marker carriage	IS	Clade 4	IdrA-associated with DIRM-like synteny	SY456YB-0-4_bin8	1	100	TRUE	TRUE
Arsenic	Arsenate-reduction marker carriage	Independent non-focal arsenic HMM-marker carriage	IS	Clade 4	IdrA-associated with DIRM-like synteny	SY456YB-8-12_bin27	1	100	TRUE	TRUE
Arsenic	Arsenate-reduction marker carriage	Independent non-focal arsenic HMM-marker carriage	IS	Clade 4	IdrA-associated with DIRM-like synteny	SY456YB-8-12_bin34	1	100	TRUE	TRUE
Arsenic	Arsenate-reduction marker carriage	Independent non-focal arsenic HMM-marker carriage	IS	Clade 4	IdrA-associated with DIRM-like synteny	SY456YB-8-12_bin4	1	100	TRUE	TRUE
Arsenic	Arsenate-reduction marker carriage	Independent non-focal arsenic HMM-marker carriage	IS	Clade 4	IdrA-associated with DIRM-like synteny	SY457BB-0-4_bin35	1	0	FALSE	FALSE
Arsenic	Arsenate-reduction marker carriage	Independent non-focal arsenic HMM-marker carriage	IS	Clade 4	IdrA-associated with DIRM-like synteny	SY457BB-0-4_bin6	1	0	FALSE	FALSE
Arsenic	Arsenate-reduction marker carriage	Independent non-focal arsenic HMM-marker carriage	IS	Clade 4	IdrA-associated with DIRM-like synteny	SY457BB-4-8_bin29	1	100	TRUE	TRUE
Arsenic	Arsenate-reduction marker carriage	Independent non-focal arsenic HMM-marker carriage	IS	Clade 4	IdrA-associated with DIRM-like synteny	SY457BB-4-8_bin33	1	100	TRUE	TRUE
Arsenic	Arsenate-reduction marker carriage	Independent non-focal arsenic HMM-marker carriage	IS	Clade 4	IdrA-associated with DIRM-like synteny	SY457BB-8-12_bin15	1	100	TRUE	TRUE
Arsenic	Arsenate-reduction marker carriage	Independent non-focal arsenic HMM-marker carriage	IS	Clade 4	IdrA-associated with DIRM-like synteny	SY457BB-8-12_bin25	1	100	TRUE	TRUE
Arsenic	Arsenate-reduction marker carriage	Independent non-focal arsenic HMM-marker carriage	IS	Clade 4	IdrA-associated with DIRM-like synteny	SY457BB-8-12_bin4	1	100	TRUE	TRUE
Arsenic	Arsenate-reduction marker carriage	Independent non-focal arsenic HMM-marker carriage	IS	Clade 4	IdrA-associated with DIRM-like synteny	SY459WG-0-4_bin37	1	100	TRUE	TRUE
Arsenic	Arsenate-reduction marker carriage	Independent non-focal arsenic HMM-marker carriage	IS	Clade 4	IdrA-associated with DIRM-like synteny	SY459WG-8-12_bin2	1	100	TRUE	TRUE
Arsenic	Arsenate-reduction marker carriage	Independent non-focal arsenic HMM-marker carriage	AS	Clade 1	Canonical AioA-associated	S1_9-12_bin1	1	0	FALSE	FALSE
Arsenic	Arsenate-reduction marker carriage	Independent non-focal arsenic HMM-marker carriage	AS	Clade 2	Unknown/uncertain DMSOR	SQ_58_0-4_bin4	1	0	FALSE	FALSE
Arsenic	Arsenate-reduction marker carriage	Independent non-focal arsenic HMM-marker carriage	AS	Clade 3	IdrA-associated without complete DIRM-like synteny	S1_9-12_bin1	1	0	FALSE	FALSE
Arsenic	Arsenate-reduction marker carriage	Independent non-focal arsenic HMM-marker carriage	ES	Clade 3	IdrA-associated without complete DIRM-like synteny	C1_12-18_bin19	1	100	TRUE	TRUE
Arsenic	Arsenate-reduction marker carriage	Independent non-focal arsenic HMM-marker carriage	ES	Clade 3	IdrA-associated without complete DIRM-like synteny	C1_12-18_bin24	1	0	FALSE	FALSE
Arsenic	Arsenate-reduction marker carriage	Independent non-focal arsenic HMM-marker carriage	ES	Clade 3	IdrA-associated without complete DIRM-like synteny	C2_12-18_bin11	1	0	FALSE	FALSE
Arsenic	Arsenate-reduction marker carriage	Independent non-focal arsenic HMM-marker carriage	ES	Clade 3	IdrA-associated without complete DIRM-like synteny	C2_12-18_bin17	1	0	FALSE	FALSE
Arsenic	Arsenate-reduction marker carriage	Independent non-focal arsenic HMM-marker carriage	ES	Clade 3	IdrA-associated without complete DIRM-like synteny	S13_0-2_bin3	1	100	TRUE	TRUE
Arsenic	Arsenate-reduction marker carriage	Independent non-focal arsenic HMM-marker carriage	ES	Clade 3	IdrA-associated without complete DIRM-like synteny	S15_8-10_bin20	1	100	TRUE	TRUE
Arsenic	Arsenate-reduction marker carriage	Independent non-focal arsenic HMM-marker carriage	NS	Clade 1	Canonical AioA-associated	R2111_S300_0-10_bin19	1	0	FALSE	FALSE
Arsenic	Arsenate-reduction marker carriage	Independent non-focal arsenic HMM-marker carriage	NS	Clade 2	Unknown/uncertain DMSOR	R2111_N500_0-10_bin13	1	0	FALSE	FALSE
Arsenic	Arsenite-oxidation marker carriage	Independent non-focal arsenic HMM-marker carriage	IS	Clade 1	Canonical AioA-associated	SY366YW-4-8_bin7	1	0	FALSE	FALSE
Arsenic	Arsenite-oxidation marker carriage	Independent non-focal arsenic HMM-marker carriage	IS	Clade 2	Unknown/uncertain DMSOR	SY366YW-0-4_bin2	1	0	FALSE	FALSE
Arsenic	Arsenite-oxidation marker carriage	Independent non-focal arsenic HMM-marker carriage	IS	Clade 2	Unknown/uncertain DMSOR	SY368YW-8-12_bin14	1	0	FALSE	FALSE
Arsenic	Arsenite-oxidation marker carriage	Independent non-focal arsenic HMM-marker carriage	IS	Clade 2	Unknown/uncertain DMSOR	SY368YW-8-12_bin16	1	0	FALSE	FALSE
Arsenic	Arsenite-oxidation marker carriage	Independent non-focal arsenic HMM-marker carriage	IS	Clade 2	Unknown/uncertain DMSOR	SY459WG-0-4_bin26	1	0	FALSE	FALSE
Arsenic	Arsenite-oxidation marker carriage	Independent non-focal arsenic HMM-marker carriage	IS	Clade 2	Unknown/uncertain DMSOR	SY459WG-4-8_bin39	1	0	FALSE	FALSE
Arsenic	Arsenite-oxidation marker carriage	Independent non-focal arsenic HMM-marker carriage	IS	Clade 3	IdrA-associated without complete DIRM-like synteny	SY365BB-0-4_bin24	1	0	FALSE	FALSE
Arsenic	Arsenite-oxidation marker carriage	Independent non-focal arsenic HMM-marker carriage	IS	Clade 3	IdrA-associated without complete DIRM-like synteny	SY365BB-8-12_bin7	1	0	FALSE	FALSE
Arsenic	Arsenite-oxidation marker carriage	Independent non-focal arsenic HMM-marker carriage	IS	Clade 3	IdrA-associated without complete DIRM-like synteny	SY366YB-0-4_bin3	1	0	FALSE	FALSE
Arsenic	Arsenite-oxidation marker carriage	Independent non-focal arsenic HMM-marker carriage	IS	Clade 3	IdrA-associated without complete DIRM-like synteny	SY366YB-0-4_bin5	1	0	FALSE	FALSE
Arsenic	Arsenite-oxidation marker carriage	Independent non-focal arsenic HMM-marker carriage	IS	Clade 3	IdrA-associated without complete DIRM-like synteny	SY368YW-4-8_bin24	1	0	FALSE	FALSE
Arsenic	Arsenite-oxidation marker carriage	Independent non-focal arsenic HMM-marker carriage	IS	Clade 3	IdrA-associated without complete DIRM-like synteny	SY456YB-4-8_bin24	1	0	FALSE	FALSE
Arsenic	Arsenite-oxidation marker carriage	Independent non-focal arsenic HMM-marker carriage	IS	Clade 3	IdrA-associated without complete DIRM-like synteny	SY456YB-8-12_bin5	1	0	FALSE	FALSE
Arsenic	Arsenite-oxidation marker carriage	Independent non-focal arsenic HMM-marker carriage	IS	Clade 3	IdrA-associated without complete DIRM-like synteny	SY457BB-0-4_bin2	1	0	FALSE	FALSE
Arsenic	Arsenite-oxidation marker carriage	Independent non-focal arsenic HMM-marker carriage	IS	Clade 3	IdrA-associated without complete DIRM-like synteny	SY457BB-8-12_bin10	1	0	FALSE	FALSE
Arsenic	Arsenite-oxidation marker carriage	Independent non-focal arsenic HMM-marker carriage	IS	Clade 3	IdrA-associated without complete DIRM-like synteny	SY457BB-8-12_bin16	1	0	FALSE	FALSE
Arsenic	Arsenite-oxidation marker carriage	Independent non-focal arsenic HMM-marker carriage	IS	Clade 3	IdrA-associated without complete DIRM-like synteny	SY459WG-4-8_bin8	1	0	FALSE	FALSE
Arsenic	Arsenite-oxidation marker carriage	Independent non-focal arsenic HMM-marker carriage	IS	Clade 3	IdrA-associated without complete DIRM-like synteny	SY459WG-8-12_bin19	1	0	FALSE	FALSE
Arsenic	Arsenite-oxidation marker carriage	Independent non-focal arsenic HMM-marker carriage	IS	Clade 4	IdrA-associated with DIRM-like synteny	SY365BB-8-12_bin10	1	0	FALSE	FALSE
Arsenic	Arsenite-oxidation marker carriage	Independent non-focal arsenic HMM-marker carriage	IS	Clade 4	IdrA-associated with DIRM-like synteny	SY365BB-8-12_bin26	1	0	FALSE	FALSE
Arsenic	Arsenite-oxidation marker carriage	Independent non-focal arsenic HMM-marker carriage	IS	Clade 4	IdrA-associated with DIRM-like synteny	SY365BB-8-12_bin8	1	0	FALSE	FALSE
Arsenic	Arsenite-oxidation marker carriage	Independent non-focal arsenic HMM-marker carriage	IS	Clade 4	IdrA-associated with DIRM-like synteny	SY366YW-0-4_bin34	1	0	FALSE	FALSE
Arsenic	Arsenite-oxidation marker carriage	Independent non-focal arsenic HMM-marker carriage	IS	Clade 4	IdrA-associated with DIRM-like synteny	SY366YW-0-4_bin9	1	0	FALSE	FALSE
Arsenic	Arsenite-oxidation marker carriage	Independent non-focal arsenic HMM-marker carriage	IS	Clade 4	IdrA-associated with DIRM-like synteny	SY366YW-8-12_bin2	1	0	FALSE	FALSE
Arsenic	Arsenite-oxidation marker carriage	Independent non-focal arsenic HMM-marker carriage	IS	Clade 4	IdrA-associated with DIRM-like synteny	SY368YW-8-12_bin33	1	0	FALSE	FALSE
Arsenic	Arsenite-oxidation marker carriage	Independent non-focal arsenic HMM-marker carriage	IS	Clade 4	IdrA-associated with DIRM-like synteny	SY456YB-0-4_bin8	1	0	FALSE	FALSE
Arsenic	Arsenite-oxidation marker carriage	Independent non-focal arsenic HMM-marker carriage	IS	Clade 4	IdrA-associated with DIRM-like synteny	SY456YB-8-12_bin27	1	0	FALSE	FALSE
Arsenic	Arsenite-oxidation marker carriage	Independent non-focal arsenic HMM-marker carriage	IS	Clade 4	IdrA-associated with DIRM-like synteny	SY456YB-8-12_bin34	1	0	FALSE	FALSE
Arsenic	Arsenite-oxidation marker carriage	Independent non-focal arsenic HMM-marker carriage	IS	Clade 4	IdrA-associated with DIRM-like synteny	SY456YB-8-12_bin4	1	0	FALSE	FALSE
Arsenic	Arsenite-oxidation marker carriage	Independent non-focal arsenic HMM-marker carriage	IS	Clade 4	IdrA-associated with DIRM-like synteny	SY457BB-0-4_bin35	1	0	FALSE	FALSE
Arsenic	Arsenite-oxidation marker carriage	Independent non-focal arsenic HMM-marker carriage	IS	Clade 4	IdrA-associated with DIRM-like synteny	SY457BB-0-4_bin6	1	0	FALSE	FALSE
Arsenic	Arsenite-oxidation marker carriage	Independent non-focal arsenic HMM-marker carriage	IS	Clade 4	IdrA-associated with DIRM-like synteny	SY457BB-4-8_bin29	1	0	FALSE	FALSE
Arsenic	Arsenite-oxidation marker carriage	Independent non-focal arsenic HMM-marker carriage	IS	Clade 4	IdrA-associated with DIRM-like synteny	SY457BB-4-8_bin33	1	0	FALSE	FALSE
Arsenic	Arsenite-oxidation marker carriage	Independent non-focal arsenic HMM-marker carriage	IS	Clade 4	IdrA-associated with DIRM-like synteny	SY457BB-8-12_bin15	1	0	FALSE	FALSE
Arsenic	Arsenite-oxidation marker carriage	Independent non-focal arsenic HMM-marker carriage	IS	Clade 4	IdrA-associated with DIRM-like synteny	SY457BB-8-12_bin25	1	0	FALSE	FALSE
Arsenic	Arsenite-oxidation marker carriage	Independent non-focal arsenic HMM-marker carriage	IS	Clade 4	IdrA-associated with DIRM-like synteny	SY457BB-8-12_bin4	1	0	FALSE	FALSE
Arsenic	Arsenite-oxidation marker carriage	Independent non-focal arsenic HMM-marker carriage	IS	Clade 4	IdrA-associated with DIRM-like synteny	SY459WG-0-4_bin37	1	0	FALSE	FALSE
Arsenic	Arsenite-oxidation marker carriage	Independent non-focal arsenic HMM-marker carriage	IS	Clade 4	IdrA-associated with DIRM-like synteny	SY459WG-8-12_bin2	1	0	FALSE	FALSE
Arsenic	Arsenite-oxidation marker carriage	Independent non-focal arsenic HMM-marker carriage	AS	Clade 1	Canonical AioA-associated	S1_9-12_bin1	1	0	FALSE	FALSE
Arsenic	Arsenite-oxidation marker carriage	Independent non-focal arsenic HMM-marker carriage	AS	Clade 2	Unknown/uncertain DMSOR	SQ_58_0-4_bin4	1	0	FALSE	FALSE
Arsenic	Arsenite-oxidation marker carriage	Independent non-focal arsenic HMM-marker carriage	AS	Clade 3	IdrA-associated without complete DIRM-like synteny	S1_9-12_bin1	1	0	FALSE	FALSE
Arsenic	Arsenite-oxidation marker carriage	Independent non-focal arsenic HMM-marker carriage	ES	Clade 3	IdrA-associated without complete DIRM-like synteny	C1_12-18_bin19	1	0	FALSE	FALSE
Arsenic	Arsenite-oxidation marker carriage	Independent non-focal arsenic HMM-marker carriage	ES	Clade 3	IdrA-associated without complete DIRM-like synteny	C1_12-18_bin24	1	0	FALSE	FALSE
Arsenic	Arsenite-oxidation marker carriage	Independent non-focal arsenic HMM-marker carriage	ES	Clade 3	IdrA-associated without complete DIRM-like synteny	C2_12-18_bin11	1	0	FALSE	FALSE
Arsenic	Arsenite-oxidation marker carriage	Independent non-focal arsenic HMM-marker carriage	ES	Clade 3	IdrA-associated without complete DIRM-like synteny	C2_12-18_bin17	1	0	FALSE	FALSE
Arsenic	Arsenite-oxidation marker carriage	Independent non-focal arsenic HMM-marker carriage	ES	Clade 3	IdrA-associated without complete DIRM-like synteny	S13_0-2_bin3	1	0	FALSE	FALSE
Arsenic	Arsenite-oxidation marker carriage	Independent non-focal arsenic HMM-marker carriage	ES	Clade 3	IdrA-associated without complete DIRM-like synteny	S15_8-10_bin20	1	0	FALSE	FALSE
Arsenic	Arsenite-oxidation marker carriage	Independent non-focal arsenic HMM-marker carriage	NS	Clade 1	Canonical AioA-associated	R2111_S300_0-10_bin19	1	0	FALSE	FALSE
Arsenic	Arsenite-oxidation marker carriage	Independent non-focal arsenic HMM-marker carriage	NS	Clade 2	Unknown/uncertain DMSOR	R2111_N500_0-10_bin13	1	0	FALSE	FALSE
Carbon	Acetyl-CoA pathway, CO2 => acetyl-CoA	Previous algorithm: distinct-gene set coverage	IS	Clade 1	Canonical AioA-associated	SY366YW-4-8_bin7	1	0	FALSE	FALSE
Carbon	Acetyl-CoA pathway, CO2 => acetyl-CoA	Previous algorithm: distinct-gene set coverage	IS	Clade 2	Unknown/uncertain DMSOR	SY366YW-0-4_bin2	1	0	FALSE	FALSE
Carbon	Acetyl-CoA pathway, CO2 => acetyl-CoA	Previous algorithm: distinct-gene set coverage	IS	Clade 2	Unknown/uncertain DMSOR	SY368YW-8-12_bin14	1	0	FALSE	FALSE
Carbon	Acetyl-CoA pathway, CO2 => acetyl-CoA	Previous algorithm: distinct-gene set coverage	IS	Clade 2	Unknown/uncertain DMSOR	SY368YW-8-12_bin16	1	0	FALSE	FALSE
Carbon	Acetyl-CoA pathway, CO2 => acetyl-CoA	Previous algorithm: distinct-gene set coverage	IS	Clade 2	Unknown/uncertain DMSOR	SY459WG-0-4_bin26	1	0	FALSE	FALSE
Carbon	Acetyl-CoA pathway, CO2 => acetyl-CoA	Previous algorithm: distinct-gene set coverage	IS	Clade 2	Unknown/uncertain DMSOR	SY459WG-4-8_bin39	1	0	FALSE	FALSE
Carbon	Acetyl-CoA pathway, CO2 => acetyl-CoA	Previous algorithm: distinct-gene set coverage	IS	Clade 3	IdrA-associated without complete DIRM-like synteny	SY365BB-0-4_bin24	1	0	FALSE	FALSE
Carbon	Acetyl-CoA pathway, CO2 => acetyl-CoA	Previous algorithm: distinct-gene set coverage	IS	Clade 3	IdrA-associated without complete DIRM-like synteny	SY365BB-8-12_bin7	1	0	FALSE	FALSE
Carbon	Acetyl-CoA pathway, CO2 => acetyl-CoA	Previous algorithm: distinct-gene set coverage	IS	Clade 3	IdrA-associated without complete DIRM-like synteny	SY366YB-0-4_bin3	1	0	FALSE	FALSE
Carbon	Acetyl-CoA pathway, CO2 => acetyl-CoA	Previous algorithm: distinct-gene set coverage	IS	Clade 3	IdrA-associated without complete DIRM-like synteny	SY366YB-0-4_bin5	1	0	FALSE	FALSE
Carbon	Acetyl-CoA pathway, CO2 => acetyl-CoA	Previous algorithm: distinct-gene set coverage	IS	Clade 3	IdrA-associated without complete DIRM-like synteny	SY368YW-4-8_bin24	1	0	FALSE	FALSE
Carbon	Acetyl-CoA pathway, CO2 => acetyl-CoA	Previous algorithm: distinct-gene set coverage	IS	Clade 3	IdrA-associated without complete DIRM-like synteny	SY456YB-4-8_bin24	1	0	FALSE	FALSE
Carbon	Acetyl-CoA pathway, CO2 => acetyl-CoA	Previous algorithm: distinct-gene set coverage	IS	Clade 3	IdrA-associated without complete DIRM-like synteny	SY456YB-8-12_bin5	1	0	FALSE	FALSE
Carbon	Acetyl-CoA pathway, CO2 => acetyl-CoA	Previous algorithm: distinct-gene set coverage	IS	Clade 3	IdrA-associated without complete DIRM-like synteny	SY457BB-0-4_bin2	1	0	FALSE	FALSE
Carbon	Acetyl-CoA pathway, CO2 => acetyl-CoA	Previous algorithm: distinct-gene set coverage	IS	Clade 3	IdrA-associated without complete DIRM-like synteny	SY457BB-8-12_bin10	1	0	FALSE	FALSE
Carbon	Acetyl-CoA pathway, CO2 => acetyl-CoA	Previous algorithm: distinct-gene set coverage	IS	Clade 3	IdrA-associated without complete DIRM-like synteny	SY457BB-8-12_bin16	1	0	FALSE	FALSE
Carbon	Acetyl-CoA pathway, CO2 => acetyl-CoA	Previous algorithm: distinct-gene set coverage	IS	Clade 3	IdrA-associated without complete DIRM-like synteny	SY459WG-4-8_bin8	1	0	FALSE	FALSE
Carbon	Acetyl-CoA pathway, CO2 => acetyl-CoA	Previous algorithm: distinct-gene set coverage	IS	Clade 3	IdrA-associated without complete DIRM-like synteny	SY459WG-8-12_bin19	1	0	FALSE	FALSE
Carbon	Acetyl-CoA pathway, CO2 => acetyl-CoA	Previous algorithm: distinct-gene set coverage	IS	Clade 4	IdrA-associated with DIRM-like synteny	SY365BB-8-12_bin10	1	0	FALSE	FALSE
Carbon	Acetyl-CoA pathway, CO2 => acetyl-CoA	Previous algorithm: distinct-gene set coverage	IS	Clade 4	IdrA-associated with DIRM-like synteny	SY365BB-8-12_bin26	1	0	FALSE	FALSE
Carbon	Acetyl-CoA pathway, CO2 => acetyl-CoA	Previous algorithm: distinct-gene set coverage	IS	Clade 4	IdrA-associated with DIRM-like synteny	SY365BB-8-12_bin8	1	0	FALSE	FALSE
Carbon	Acetyl-CoA pathway, CO2 => acetyl-CoA	Previous algorithm: distinct-gene set coverage	IS	Clade 4	IdrA-associated with DIRM-like synteny	SY366YW-0-4_bin34	1	0	FALSE	FALSE
Carbon	Acetyl-CoA pathway, CO2 => acetyl-CoA	Previous algorithm: distinct-gene set coverage	IS	Clade 4	IdrA-associated with DIRM-like synteny	SY366YW-0-4_bin9	1	0	FALSE	FALSE
Carbon	Acetyl-CoA pathway, CO2 => acetyl-CoA	Previous algorithm: distinct-gene set coverage	IS	Clade 4	IdrA-associated with DIRM-like synteny	SY366YW-8-12_bin2	1	0	FALSE	FALSE
Carbon	Acetyl-CoA pathway, CO2 => acetyl-CoA	Previous algorithm: distinct-gene set coverage	IS	Clade 4	IdrA-associated with DIRM-like synteny	SY368YW-8-12_bin33	1	0	FALSE	FALSE
Carbon	Acetyl-CoA pathway, CO2 => acetyl-CoA	Previous algorithm: distinct-gene set coverage	IS	Clade 4	IdrA-associated with DIRM-like synteny	SY456YB-0-4_bin8	1	0	FALSE	FALSE
Carbon	Acetyl-CoA pathway, CO2 => acetyl-CoA	Previous algorithm: distinct-gene set coverage	IS	Clade 4	IdrA-associated with DIRM-like synteny	SY456YB-8-12_bin27	1	0	FALSE	FALSE
Carbon	Acetyl-CoA pathway, CO2 => acetyl-CoA	Previous algorithm: distinct-gene set coverage	IS	Clade 4	IdrA-associated with DIRM-like synteny	SY456YB-8-12_bin34	1	0	FALSE	FALSE
Carbon	Acetyl-CoA pathway, CO2 => acetyl-CoA	Previous algorithm: distinct-gene set coverage	IS	Clade 4	IdrA-associated with DIRM-like synteny	SY456YB-8-12_bin4	1	0	FALSE	FALSE
Carbon	Acetyl-CoA pathway, CO2 => acetyl-CoA	Previous algorithm: distinct-gene set coverage	IS	Clade 4	IdrA-associated with DIRM-like synteny	SY457BB-0-4_bin35	1	0	FALSE	FALSE
Carbon	Acetyl-CoA pathway, CO2 => acetyl-CoA	Previous algorithm: distinct-gene set coverage	IS	Clade 4	IdrA-associated with DIRM-like synteny	SY457BB-0-4_bin6	1	0	FALSE	FALSE
Carbon	Acetyl-CoA pathway, CO2 => acetyl-CoA	Previous algorithm: distinct-gene set coverage	IS	Clade 4	IdrA-associated with DIRM-like synteny	SY457BB-4-8_bin29	1	0	FALSE	FALSE
Carbon	Acetyl-CoA pathway, CO2 => acetyl-CoA	Previous algorithm: distinct-gene set coverage	IS	Clade 4	IdrA-associated with DIRM-like synteny	SY457BB-4-8_bin33	1	0	FALSE	FALSE
Carbon	Acetyl-CoA pathway, CO2 => acetyl-CoA	Previous algorithm: distinct-gene set coverage	IS	Clade 4	IdrA-associated with DIRM-like synteny	SY457BB-8-12_bin15	1	0	FALSE	FALSE
Carbon	Acetyl-CoA pathway, CO2 => acetyl-CoA	Previous algorithm: distinct-gene set coverage	IS	Clade 4	IdrA-associated with DIRM-like synteny	SY457BB-8-12_bin25	1	0	FALSE	FALSE
Carbon	Acetyl-CoA pathway, CO2 => acetyl-CoA	Previous algorithm: distinct-gene set coverage	IS	Clade 4	IdrA-associated with DIRM-like synteny	SY457BB-8-12_bin4	1	0	FALSE	FALSE
Carbon	Acetyl-CoA pathway, CO2 => acetyl-CoA	Previous algorithm: distinct-gene set coverage	IS	Clade 4	IdrA-associated with DIRM-like synteny	SY459WG-0-4_bin37	1	0	FALSE	FALSE
Carbon	Acetyl-CoA pathway, CO2 => acetyl-CoA	Previous algorithm: distinct-gene set coverage	IS	Clade 4	IdrA-associated with DIRM-like synteny	SY459WG-8-12_bin2	1	0	FALSE	FALSE
Carbon	Acetyl-CoA pathway, CO2 => acetyl-CoA	Previous algorithm: distinct-gene set coverage	AS	Clade 1	Canonical AioA-associated	S1_9-12_bin1	1	0	FALSE	FALSE
Carbon	Acetyl-CoA pathway, CO2 => acetyl-CoA	Previous algorithm: distinct-gene set coverage	AS	Clade 2	Unknown/uncertain DMSOR	SQ_58_0-4_bin4	1	0	FALSE	FALSE
Carbon	Acetyl-CoA pathway, CO2 => acetyl-CoA	Previous algorithm: distinct-gene set coverage	AS	Clade 3	IdrA-associated without complete DIRM-like synteny	S1_9-12_bin1	1	0	FALSE	FALSE
Carbon	Acetyl-CoA pathway, CO2 => acetyl-CoA	Previous algorithm: distinct-gene set coverage	ES	Clade 3	IdrA-associated without complete DIRM-like synteny	C1_12-18_bin19	1	0	FALSE	FALSE
Carbon	Acetyl-CoA pathway, CO2 => acetyl-CoA	Previous algorithm: distinct-gene set coverage	ES	Clade 3	IdrA-associated without complete DIRM-like synteny	C1_12-18_bin24	1	0	FALSE	FALSE
Carbon	Acetyl-CoA pathway, CO2 => acetyl-CoA	Previous algorithm: distinct-gene set coverage	ES	Clade 3	IdrA-associated without complete DIRM-like synteny	C2_12-18_bin11	1	0	FALSE	FALSE
Carbon	Acetyl-CoA pathway, CO2 => acetyl-CoA	Previous algorithm: distinct-gene set coverage	ES	Clade 3	IdrA-associated without complete DIRM-like synteny	C2_12-18_bin17	1	0	FALSE	FALSE
Carbon	Acetyl-CoA pathway, CO2 => acetyl-CoA	Previous algorithm: distinct-gene set coverage	ES	Clade 3	IdrA-associated without complete DIRM-like synteny	S13_0-2_bin3	1	0	FALSE	FALSE
Carbon	Acetyl-CoA pathway, CO2 => acetyl-CoA	Previous algorithm: distinct-gene set coverage	ES	Clade 3	IdrA-associated without complete DIRM-like synteny	S15_8-10_bin20	1	0	FALSE	FALSE
Carbon	Acetyl-CoA pathway, CO2 => acetyl-CoA	Previous algorithm: distinct-gene set coverage	NS	Clade 1	Canonical AioA-associated	R2111_S300_0-10_bin19	1	0	FALSE	FALSE
Carbon	Acetyl-CoA pathway, CO2 => acetyl-CoA	Previous algorithm: distinct-gene set coverage	NS	Clade 2	Unknown/uncertain DMSOR	R2111_N500_0-10_bin13	1	0	FALSE	FALSE
Carbon	Citrate cycle (TCA cycle, Krebs cycle)	Previous algorithm: distinct-gene set coverage	IS	Clade 1	Canonical AioA-associated	SY366YW-4-8_bin7	1	45	FALSE	FALSE
Carbon	Citrate cycle (TCA cycle, Krebs cycle)	Previous algorithm: distinct-gene set coverage	IS	Clade 2	Unknown/uncertain DMSOR	SY366YW-0-4_bin2	1	15	FALSE	FALSE
Carbon	Citrate cycle (TCA cycle, Krebs cycle)	Previous algorithm: distinct-gene set coverage	IS	Clade 2	Unknown/uncertain DMSOR	SY368YW-8-12_bin14	1	17.5	FALSE	FALSE
Carbon	Citrate cycle (TCA cycle, Krebs cycle)	Previous algorithm: distinct-gene set coverage	IS	Clade 2	Unknown/uncertain DMSOR	SY368YW-8-12_bin16	1	32.5	FALSE	FALSE
Carbon	Citrate cycle (TCA cycle, Krebs cycle)	Previous algorithm: distinct-gene set coverage	IS	Clade 2	Unknown/uncertain DMSOR	SY459WG-0-4_bin26	1	12.5	FALSE	FALSE
Carbon	Citrate cycle (TCA cycle, Krebs cycle)	Previous algorithm: distinct-gene set coverage	IS	Clade 2	Unknown/uncertain DMSOR	SY459WG-4-8_bin39	1	32.5	FALSE	FALSE
Carbon	Citrate cycle (TCA cycle, Krebs cycle)	Previous algorithm: distinct-gene set coverage	IS	Clade 3	IdrA-associated without complete DIRM-like synteny	SY365BB-0-4_bin24	1	37.5	FALSE	FALSE
Carbon	Citrate cycle (TCA cycle, Krebs cycle)	Previous algorithm: distinct-gene set coverage	IS	Clade 3	IdrA-associated without complete DIRM-like synteny	SY365BB-8-12_bin7	1	35	FALSE	FALSE
Carbon	Citrate cycle (TCA cycle, Krebs cycle)	Previous algorithm: distinct-gene set coverage	IS	Clade 3	IdrA-associated without complete DIRM-like synteny	SY366YB-0-4_bin3	1	25	FALSE	FALSE
Carbon	Citrate cycle (TCA cycle, Krebs cycle)	Previous algorithm: distinct-gene set coverage	IS	Clade 3	IdrA-associated without complete DIRM-like synteny	SY366YB-0-4_bin5	1	25	FALSE	FALSE
Carbon	Citrate cycle (TCA cycle, Krebs cycle)	Previous algorithm: distinct-gene set coverage	IS	Clade 3	IdrA-associated without complete DIRM-like synteny	SY368YW-4-8_bin24	1	30	FALSE	FALSE
Carbon	Citrate cycle (TCA cycle, Krebs cycle)	Previous algorithm: distinct-gene set coverage	IS	Clade 3	IdrA-associated without complete DIRM-like synteny	SY456YB-4-8_bin24	1	35	FALSE	FALSE
Carbon	Citrate cycle (TCA cycle, Krebs cycle)	Previous algorithm: distinct-gene set coverage	IS	Clade 3	IdrA-associated without complete DIRM-like synteny	SY456YB-8-12_bin5	1	32.5	FALSE	FALSE
Carbon	Citrate cycle (TCA cycle, Krebs cycle)	Previous algorithm: distinct-gene set coverage	IS	Clade 3	IdrA-associated without complete DIRM-like synteny	SY457BB-0-4_bin2	1	25	FALSE	FALSE
Carbon	Citrate cycle (TCA cycle, Krebs cycle)	Previous algorithm: distinct-gene set coverage	IS	Clade 3	IdrA-associated without complete DIRM-like synteny	SY457BB-8-12_bin10	1	37.5	FALSE	FALSE
Carbon	Citrate cycle (TCA cycle, Krebs cycle)	Previous algorithm: distinct-gene set coverage	IS	Clade 3	IdrA-associated without complete DIRM-like synteny	SY457BB-8-12_bin16	1	42.5	FALSE	FALSE
Carbon	Citrate cycle (TCA cycle, Krebs cycle)	Previous algorithm: distinct-gene set coverage	IS	Clade 3	IdrA-associated without complete DIRM-like synteny	SY459WG-4-8_bin8	1	27.5	FALSE	FALSE
Carbon	Citrate cycle (TCA cycle, Krebs cycle)	Previous algorithm: distinct-gene set coverage	IS	Clade 3	IdrA-associated without complete DIRM-like synteny	SY459WG-8-12_bin19	1	47.5	FALSE	FALSE
Carbon	Citrate cycle (TCA cycle, Krebs cycle)	Previous algorithm: distinct-gene set coverage	IS	Clade 4	IdrA-associated with DIRM-like synteny	SY365BB-8-12_bin10	1	42.5	FALSE	FALSE
Carbon	Citrate cycle (TCA cycle, Krebs cycle)	Previous algorithm: distinct-gene set coverage	IS	Clade 4	IdrA-associated with DIRM-like synteny	SY365BB-8-12_bin26	1	35	FALSE	FALSE
Carbon	Citrate cycle (TCA cycle, Krebs cycle)	Previous algorithm: distinct-gene set coverage	IS	Clade 4	IdrA-associated with DIRM-like synteny	SY365BB-8-12_bin8	1	32.5	FALSE	FALSE
Carbon	Citrate cycle (TCA cycle, Krebs cycle)	Previous algorithm: distinct-gene set coverage	IS	Clade 4	IdrA-associated with DIRM-like synteny	SY366YW-0-4_bin34	1	45	FALSE	FALSE
Carbon	Citrate cycle (TCA cycle, Krebs cycle)	Previous algorithm: distinct-gene set coverage	IS	Clade 4	IdrA-associated with DIRM-like synteny	SY366YW-0-4_bin9	1	40	FALSE	FALSE
Carbon	Citrate cycle (TCA cycle, Krebs cycle)	Previous algorithm: distinct-gene set coverage	IS	Clade 4	IdrA-associated with DIRM-like synteny	SY366YW-8-12_bin2	1	37.5	FALSE	FALSE
Carbon	Citrate cycle (TCA cycle, Krebs cycle)	Previous algorithm: distinct-gene set coverage	IS	Clade 4	IdrA-associated with DIRM-like synteny	SY368YW-8-12_bin33	1	40	FALSE	FALSE
Carbon	Citrate cycle (TCA cycle, Krebs cycle)	Previous algorithm: distinct-gene set coverage	IS	Clade 4	IdrA-associated with DIRM-like synteny	SY456YB-0-4_bin8	1	42.5	FALSE	FALSE
Carbon	Citrate cycle (TCA cycle, Krebs cycle)	Previous algorithm: distinct-gene set coverage	IS	Clade 4	IdrA-associated with DIRM-like synteny	SY456YB-8-12_bin27	1	32.5	FALSE	FALSE
Carbon	Citrate cycle (TCA cycle, Krebs cycle)	Previous algorithm: distinct-gene set coverage	IS	Clade 4	IdrA-associated with DIRM-like synteny	SY456YB-8-12_bin34	1	35	FALSE	FALSE
Carbon	Citrate cycle (TCA cycle, Krebs cycle)	Previous algorithm: distinct-gene set coverage	IS	Clade 4	IdrA-associated with DIRM-like synteny	SY456YB-8-12_bin4	1	50	TRUE	FALSE
Carbon	Citrate cycle (TCA cycle, Krebs cycle)	Previous algorithm: distinct-gene set coverage	IS	Clade 4	IdrA-associated with DIRM-like synteny	SY457BB-0-4_bin35	1	27.5	FALSE	FALSE
Carbon	Citrate cycle (TCA cycle, Krebs cycle)	Previous algorithm: distinct-gene set coverage	IS	Clade 4	IdrA-associated with DIRM-like synteny	SY457BB-0-4_bin6	1	42.5	FALSE	FALSE
Carbon	Citrate cycle (TCA cycle, Krebs cycle)	Previous algorithm: distinct-gene set coverage	IS	Clade 4	IdrA-associated with DIRM-like synteny	SY457BB-4-8_bin29	1	37.5	FALSE	FALSE
Carbon	Citrate cycle (TCA cycle, Krebs cycle)	Previous algorithm: distinct-gene set coverage	IS	Clade 4	IdrA-associated with DIRM-like synteny	SY457BB-4-8_bin33	1	42.5	FALSE	FALSE
Carbon	Citrate cycle (TCA cycle, Krebs cycle)	Previous algorithm: distinct-gene set coverage	IS	Clade 4	IdrA-associated with DIRM-like synteny	SY457BB-8-12_bin15	1	42.5	FALSE	FALSE
Carbon	Citrate cycle (TCA cycle, Krebs cycle)	Previous algorithm: distinct-gene set coverage	IS	Clade 4	IdrA-associated with DIRM-like synteny	SY457BB-8-12_bin25	1	22.5	FALSE	FALSE
Carbon	Citrate cycle (TCA cycle, Krebs cycle)	Previous algorithm: distinct-gene set coverage	IS	Clade 4	IdrA-associated with DIRM-like synteny	SY457BB-8-12_bin4	1	22.5	FALSE	FALSE
Carbon	Citrate cycle (TCA cycle, Krebs cycle)	Previous algorithm: distinct-gene set coverage	IS	Clade 4	IdrA-associated with DIRM-like synteny	SY459WG-0-4_bin37	1	32.5	FALSE	FALSE
Carbon	Citrate cycle (TCA cycle, Krebs cycle)	Previous algorithm: distinct-gene set coverage	IS	Clade 4	IdrA-associated with DIRM-like synteny	SY459WG-8-12_bin2	1	32.5	FALSE	FALSE
Carbon	Citrate cycle (TCA cycle, Krebs cycle)	Previous algorithm: distinct-gene set coverage	AS	Clade 1	Canonical AioA-associated	S1_9-12_bin1	1	15	FALSE	FALSE
Carbon	Citrate cycle (TCA cycle, Krebs cycle)	Previous algorithm: distinct-gene set coverage	AS	Clade 2	Unknown/uncertain DMSOR	SQ_58_0-4_bin4	1	22.5	FALSE	FALSE
Carbon	Citrate cycle (TCA cycle, Krebs cycle)	Previous algorithm: distinct-gene set coverage	AS	Clade 3	IdrA-associated without complete DIRM-like synteny	S1_9-12_bin1	1	15	FALSE	FALSE
Carbon	Citrate cycle (TCA cycle, Krebs cycle)	Previous algorithm: distinct-gene set coverage	ES	Clade 3	IdrA-associated without complete DIRM-like synteny	C1_12-18_bin19	1	32.5	FALSE	FALSE
Carbon	Citrate cycle (TCA cycle, Krebs cycle)	Previous algorithm: distinct-gene set coverage	ES	Clade 3	IdrA-associated without complete DIRM-like synteny	C1_12-18_bin24	1	32.5	FALSE	FALSE
Carbon	Citrate cycle (TCA cycle, Krebs cycle)	Previous algorithm: distinct-gene set coverage	ES	Clade 3	IdrA-associated without complete DIRM-like synteny	C2_12-18_bin11	1	27.5	FALSE	FALSE
Carbon	Citrate cycle (TCA cycle, Krebs cycle)	Previous algorithm: distinct-gene set coverage	ES	Clade 3	IdrA-associated without complete DIRM-like synteny	C2_12-18_bin17	1	20	FALSE	FALSE
Carbon	Citrate cycle (TCA cycle, Krebs cycle)	Previous algorithm: distinct-gene set coverage	ES	Clade 3	IdrA-associated without complete DIRM-like synteny	S13_0-2_bin3	1	17.5	FALSE	FALSE
Carbon	Citrate cycle (TCA cycle, Krebs cycle)	Previous algorithm: distinct-gene set coverage	ES	Clade 3	IdrA-associated without complete DIRM-like synteny	S15_8-10_bin20	1	32.5	FALSE	FALSE
Carbon	Citrate cycle (TCA cycle, Krebs cycle)	Previous algorithm: distinct-gene set coverage	NS	Clade 1	Canonical AioA-associated	R2111_S300_0-10_bin19	1	42.5	FALSE	FALSE
Carbon	Citrate cycle (TCA cycle, Krebs cycle)	Previous algorithm: distinct-gene set coverage	NS	Clade 2	Unknown/uncertain DMSOR	R2111_N500_0-10_bin13	1	10	FALSE	FALSE
Carbon	Citrate cycle, first carbon oxidation, oxaloacetate => 2-oxoglutarate	Previous algorithm: distinct-gene set coverage	IS	Clade 1	Canonical AioA-associated	SY366YW-4-8_bin7	1	50	TRUE	FALSE
Carbon	Citrate cycle, first carbon oxidation, oxaloacetate => 2-oxoglutarate	Previous algorithm: distinct-gene set coverage	IS	Clade 2	Unknown/uncertain DMSOR	SY366YW-0-4_bin2	1	16.6666666666667	FALSE	FALSE
Carbon	Citrate cycle, first carbon oxidation, oxaloacetate => 2-oxoglutarate	Previous algorithm: distinct-gene set coverage	IS	Clade 2	Unknown/uncertain DMSOR	SY368YW-8-12_bin14	1	16.6666666666667	FALSE	FALSE
Carbon	Citrate cycle, first carbon oxidation, oxaloacetate => 2-oxoglutarate	Previous algorithm: distinct-gene set coverage	IS	Clade 2	Unknown/uncertain DMSOR	SY368YW-8-12_bin16	1	33.3333333333333	FALSE	FALSE
Carbon	Citrate cycle, first carbon oxidation, oxaloacetate => 2-oxoglutarate	Previous algorithm: distinct-gene set coverage	IS	Clade 2	Unknown/uncertain DMSOR	SY459WG-0-4_bin26	1	16.6666666666667	FALSE	FALSE
Carbon	Citrate cycle, first carbon oxidation, oxaloacetate => 2-oxoglutarate	Previous algorithm: distinct-gene set coverage	IS	Clade 2	Unknown/uncertain DMSOR	SY459WG-4-8_bin39	1	33.3333333333333	FALSE	FALSE
Carbon	Citrate cycle, first carbon oxidation, oxaloacetate => 2-oxoglutarate	Previous algorithm: distinct-gene set coverage	IS	Clade 3	IdrA-associated without complete DIRM-like synteny	SY365BB-0-4_bin24	1	50	TRUE	FALSE
Carbon	Citrate cycle, first carbon oxidation, oxaloacetate => 2-oxoglutarate	Previous algorithm: distinct-gene set coverage	IS	Clade 3	IdrA-associated without complete DIRM-like synteny	SY365BB-8-12_bin7	1	50	TRUE	FALSE
Carbon	Citrate cycle, first carbon oxidation, oxaloacetate => 2-oxoglutarate	Previous algorithm: distinct-gene set coverage	IS	Clade 3	IdrA-associated without complete DIRM-like synteny	SY366YB-0-4_bin3	1	0	FALSE	FALSE
Carbon	Citrate cycle, first carbon oxidation, oxaloacetate => 2-oxoglutarate	Previous algorithm: distinct-gene set coverage	IS	Clade 3	IdrA-associated without complete DIRM-like synteny	SY366YB-0-4_bin5	1	33.3333333333333	FALSE	FALSE
Carbon	Citrate cycle, first carbon oxidation, oxaloacetate => 2-oxoglutarate	Previous algorithm: distinct-gene set coverage	IS	Clade 3	IdrA-associated without complete DIRM-like synteny	SY368YW-4-8_bin24	1	33.3333333333333	FALSE	FALSE
Carbon	Citrate cycle, first carbon oxidation, oxaloacetate => 2-oxoglutarate	Previous algorithm: distinct-gene set coverage	IS	Clade 3	IdrA-associated without complete DIRM-like synteny	SY456YB-4-8_bin24	1	50	TRUE	FALSE
Carbon	Citrate cycle, first carbon oxidation, oxaloacetate => 2-oxoglutarate	Previous algorithm: distinct-gene set coverage	IS	Clade 3	IdrA-associated without complete DIRM-like synteny	SY456YB-8-12_bin5	1	16.6666666666667	FALSE	FALSE
Carbon	Citrate cycle, first carbon oxidation, oxaloacetate => 2-oxoglutarate	Previous algorithm: distinct-gene set coverage	IS	Clade 3	IdrA-associated without complete DIRM-like synteny	SY457BB-0-4_bin2	1	33.3333333333333	FALSE	FALSE
Carbon	Citrate cycle, first carbon oxidation, oxaloacetate => 2-oxoglutarate	Previous algorithm: distinct-gene set coverage	IS	Clade 3	IdrA-associated without complete DIRM-like synteny	SY457BB-8-12_bin10	1	16.6666666666667	FALSE	FALSE
Carbon	Citrate cycle, first carbon oxidation, oxaloacetate => 2-oxoglutarate	Previous algorithm: distinct-gene set coverage	IS	Clade 3	IdrA-associated without complete DIRM-like synteny	SY457BB-8-12_bin16	1	33.3333333333333	FALSE	FALSE
Carbon	Citrate cycle, first carbon oxidation, oxaloacetate => 2-oxoglutarate	Previous algorithm: distinct-gene set coverage	IS	Clade 3	IdrA-associated without complete DIRM-like synteny	SY459WG-4-8_bin8	1	16.6666666666667	FALSE	FALSE
Carbon	Citrate cycle, first carbon oxidation, oxaloacetate => 2-oxoglutarate	Previous algorithm: distinct-gene set coverage	IS	Clade 3	IdrA-associated without complete DIRM-like synteny	SY459WG-8-12_bin19	1	16.6666666666667	FALSE	FALSE
Carbon	Citrate cycle, first carbon oxidation, oxaloacetate => 2-oxoglutarate	Previous algorithm: distinct-gene set coverage	IS	Clade 4	IdrA-associated with DIRM-like synteny	SY365BB-8-12_bin10	1	33.3333333333333	FALSE	FALSE
Carbon	Citrate cycle, first carbon oxidation, oxaloacetate => 2-oxoglutarate	Previous algorithm: distinct-gene set coverage	IS	Clade 4	IdrA-associated with DIRM-like synteny	SY365BB-8-12_bin26	1	33.3333333333333	FALSE	FALSE
Carbon	Citrate cycle, first carbon oxidation, oxaloacetate => 2-oxoglutarate	Previous algorithm: distinct-gene set coverage	IS	Clade 4	IdrA-associated with DIRM-like synteny	SY365BB-8-12_bin8	1	33.3333333333333	FALSE	FALSE
Carbon	Citrate cycle, first carbon oxidation, oxaloacetate => 2-oxoglutarate	Previous algorithm: distinct-gene set coverage	IS	Clade 4	IdrA-associated with DIRM-like synteny	SY366YW-0-4_bin34	1	50	TRUE	FALSE
Carbon	Citrate cycle, first carbon oxidation, oxaloacetate => 2-oxoglutarate	Previous algorithm: distinct-gene set coverage	IS	Clade 4	IdrA-associated with DIRM-like synteny	SY366YW-0-4_bin9	1	33.3333333333333	FALSE	FALSE
Carbon	Citrate cycle, first carbon oxidation, oxaloacetate => 2-oxoglutarate	Previous algorithm: distinct-gene set coverage	IS	Clade 4	IdrA-associated with DIRM-like synteny	SY366YW-8-12_bin2	1	33.3333333333333	FALSE	FALSE
Carbon	Citrate cycle, first carbon oxidation, oxaloacetate => 2-oxoglutarate	Previous algorithm: distinct-gene set coverage	IS	Clade 4	IdrA-associated with DIRM-like synteny	SY368YW-8-12_bin33	1	33.3333333333333	FALSE	FALSE
Carbon	Citrate cycle, first carbon oxidation, oxaloacetate => 2-oxoglutarate	Previous algorithm: distinct-gene set coverage	IS	Clade 4	IdrA-associated with DIRM-like synteny	SY456YB-0-4_bin8	1	33.3333333333333	FALSE	FALSE
Carbon	Citrate cycle, first carbon oxidation, oxaloacetate => 2-oxoglutarate	Previous algorithm: distinct-gene set coverage	IS	Clade 4	IdrA-associated with DIRM-like synteny	SY456YB-8-12_bin27	1	33.3333333333333	FALSE	FALSE
Carbon	Citrate cycle, first carbon oxidation, oxaloacetate => 2-oxoglutarate	Previous algorithm: distinct-gene set coverage	IS	Clade 4	IdrA-associated with DIRM-like synteny	SY456YB-8-12_bin34	1	16.6666666666667	FALSE	FALSE
Carbon	Citrate cycle, first carbon oxidation, oxaloacetate => 2-oxoglutarate	Previous algorithm: distinct-gene set coverage	IS	Clade 4	IdrA-associated with DIRM-like synteny	SY456YB-8-12_bin4	1	33.3333333333333	FALSE	FALSE
Carbon	Citrate cycle, first carbon oxidation, oxaloacetate => 2-oxoglutarate	Previous algorithm: distinct-gene set coverage	IS	Clade 4	IdrA-associated with DIRM-like synteny	SY457BB-0-4_bin35	1	16.6666666666667	FALSE	FALSE
Carbon	Citrate cycle, first carbon oxidation, oxaloacetate => 2-oxoglutarate	Previous algorithm: distinct-gene set coverage	IS	Clade 4	IdrA-associated with DIRM-like synteny	SY457BB-0-4_bin6	1	33.3333333333333	FALSE	FALSE
Carbon	Citrate cycle, first carbon oxidation, oxaloacetate => 2-oxoglutarate	Previous algorithm: distinct-gene set coverage	IS	Clade 4	IdrA-associated with DIRM-like synteny	SY457BB-4-8_bin29	1	16.6666666666667	FALSE	FALSE
Carbon	Citrate cycle, first carbon oxidation, oxaloacetate => 2-oxoglutarate	Previous algorithm: distinct-gene set coverage	IS	Clade 4	IdrA-associated with DIRM-like synteny	SY457BB-4-8_bin33	1	33.3333333333333	FALSE	FALSE
Carbon	Citrate cycle, first carbon oxidation, oxaloacetate => 2-oxoglutarate	Previous algorithm: distinct-gene set coverage	IS	Clade 4	IdrA-associated with DIRM-like synteny	SY457BB-8-12_bin15	1	33.3333333333333	FALSE	FALSE
Carbon	Citrate cycle, first carbon oxidation, oxaloacetate => 2-oxoglutarate	Previous algorithm: distinct-gene set coverage	IS	Clade 4	IdrA-associated with DIRM-like synteny	SY457BB-8-12_bin25	1	16.6666666666667	FALSE	FALSE
Carbon	Citrate cycle, first carbon oxidation, oxaloacetate => 2-oxoglutarate	Previous algorithm: distinct-gene set coverage	IS	Clade 4	IdrA-associated with DIRM-like synteny	SY457BB-8-12_bin4	1	33.3333333333333	FALSE	FALSE
Carbon	Citrate cycle, first carbon oxidation, oxaloacetate => 2-oxoglutarate	Previous algorithm: distinct-gene set coverage	IS	Clade 4	IdrA-associated with DIRM-like synteny	SY459WG-0-4_bin37	1	33.3333333333333	FALSE	FALSE
Carbon	Citrate cycle, first carbon oxidation, oxaloacetate => 2-oxoglutarate	Previous algorithm: distinct-gene set coverage	IS	Clade 4	IdrA-associated with DIRM-like synteny	SY459WG-8-12_bin2	1	33.3333333333333	FALSE	FALSE
Carbon	Citrate cycle, first carbon oxidation, oxaloacetate => 2-oxoglutarate	Previous algorithm: distinct-gene set coverage	AS	Clade 1	Canonical AioA-associated	S1_9-12_bin1	1	0	FALSE	FALSE
Carbon	Citrate cycle, first carbon oxidation, oxaloacetate => 2-oxoglutarate	Previous algorithm: distinct-gene set coverage	AS	Clade 2	Unknown/uncertain DMSOR	SQ_58_0-4_bin4	1	16.6666666666667	FALSE	FALSE
Carbon	Citrate cycle, first carbon oxidation, oxaloacetate => 2-oxoglutarate	Previous algorithm: distinct-gene set coverage	AS	Clade 3	IdrA-associated without complete DIRM-like synteny	S1_9-12_bin1	1	0	FALSE	FALSE
Carbon	Citrate cycle, first carbon oxidation, oxaloacetate => 2-oxoglutarate	Previous algorithm: distinct-gene set coverage	ES	Clade 3	IdrA-associated without complete DIRM-like synteny	C1_12-18_bin19	1	16.6666666666667	FALSE	FALSE
Carbon	Citrate cycle, first carbon oxidation, oxaloacetate => 2-oxoglutarate	Previous algorithm: distinct-gene set coverage	ES	Clade 3	IdrA-associated without complete DIRM-like synteny	C1_12-18_bin24	1	33.3333333333333	FALSE	FALSE
Carbon	Citrate cycle, first carbon oxidation, oxaloacetate => 2-oxoglutarate	Previous algorithm: distinct-gene set coverage	ES	Clade 3	IdrA-associated without complete DIRM-like synteny	C2_12-18_bin11	1	0	FALSE	FALSE
Carbon	Citrate cycle, first carbon oxidation, oxaloacetate => 2-oxoglutarate	Previous algorithm: distinct-gene set coverage	ES	Clade 3	IdrA-associated without complete DIRM-like synteny	C2_12-18_bin17	1	0	FALSE	FALSE
Carbon	Citrate cycle, first carbon oxidation, oxaloacetate => 2-oxoglutarate	Previous algorithm: distinct-gene set coverage	ES	Clade 3	IdrA-associated without complete DIRM-like synteny	S13_0-2_bin3	1	0	FALSE	FALSE
Carbon	Citrate cycle, first carbon oxidation, oxaloacetate => 2-oxoglutarate	Previous algorithm: distinct-gene set coverage	ES	Clade 3	IdrA-associated without complete DIRM-like synteny	S15_8-10_bin20	1	33.3333333333333	FALSE	FALSE
Carbon	Citrate cycle, first carbon oxidation, oxaloacetate => 2-oxoglutarate	Previous algorithm: distinct-gene set coverage	NS	Clade 1	Canonical AioA-associated	R2111_S300_0-10_bin19	1	50	TRUE	FALSE
Carbon	Citrate cycle, first carbon oxidation, oxaloacetate => 2-oxoglutarate	Previous algorithm: distinct-gene set coverage	NS	Clade 2	Unknown/uncertain DMSOR	R2111_N500_0-10_bin13	1	33.3333333333333	FALSE	FALSE
Carbon	Citrate cycle, second carbon oxidation, 2-oxoglutarate => oxaloacetate	Previous algorithm: distinct-gene set coverage	IS	Clade 1	Canonical AioA-associated	SY366YW-4-8_bin7	1	44.1176470588235	FALSE	FALSE
Carbon	Citrate cycle, second carbon oxidation, 2-oxoglutarate => oxaloacetate	Previous algorithm: distinct-gene set coverage	IS	Clade 2	Unknown/uncertain DMSOR	SY366YW-0-4_bin2	1	14.7058823529412	FALSE	FALSE
Carbon	Citrate cycle, second carbon oxidation, 2-oxoglutarate => oxaloacetate	Previous algorithm: distinct-gene set coverage	IS	Clade 2	Unknown/uncertain DMSOR	SY368YW-8-12_bin14	1	17.6470588235294	FALSE	FALSE
Carbon	Citrate cycle, second carbon oxidation, 2-oxoglutarate => oxaloacetate	Previous algorithm: distinct-gene set coverage	IS	Clade 2	Unknown/uncertain DMSOR	SY368YW-8-12_bin16	1	32.3529411764706	FALSE	FALSE
Carbon	Citrate cycle, second carbon oxidation, 2-oxoglutarate => oxaloacetate	Previous algorithm: distinct-gene set coverage	IS	Clade 2	Unknown/uncertain DMSOR	SY459WG-0-4_bin26	1	11.7647058823529	FALSE	FALSE
Carbon	Citrate cycle, second carbon oxidation, 2-oxoglutarate => oxaloacetate	Previous algorithm: distinct-gene set coverage	IS	Clade 2	Unknown/uncertain DMSOR	SY459WG-4-8_bin39	1	32.3529411764706	FALSE	FALSE
Carbon	Citrate cycle, second carbon oxidation, 2-oxoglutarate => oxaloacetate	Previous algorithm: distinct-gene set coverage	IS	Clade 3	IdrA-associated without complete DIRM-like synteny	SY365BB-0-4_bin24	1	35.2941176470588	FALSE	FALSE
Carbon	Citrate cycle, second carbon oxidation, 2-oxoglutarate => oxaloacetate	Previous algorithm: distinct-gene set coverage	IS	Clade 3	IdrA-associated without complete DIRM-like synteny	SY365BB-8-12_bin7	1	32.3529411764706	FALSE	FALSE
Carbon	Citrate cycle, second carbon oxidation, 2-oxoglutarate => oxaloacetate	Previous algorithm: distinct-gene set coverage	IS	Clade 3	IdrA-associated without complete DIRM-like synteny	SY366YB-0-4_bin3	1	29.4117647058824	FALSE	FALSE
Carbon	Citrate cycle, second carbon oxidation, 2-oxoglutarate => oxaloacetate	Previous algorithm: distinct-gene set coverage	IS	Clade 3	IdrA-associated without complete DIRM-like synteny	SY366YB-0-4_bin5	1	23.5294117647059	FALSE	FALSE
Carbon	Citrate cycle, second carbon oxidation, 2-oxoglutarate => oxaloacetate	Previous algorithm: distinct-gene set coverage	IS	Clade 3	IdrA-associated without complete DIRM-like synteny	SY368YW-4-8_bin24	1	29.4117647058824	FALSE	FALSE
Carbon	Citrate cycle, second carbon oxidation, 2-oxoglutarate => oxaloacetate	Previous algorithm: distinct-gene set coverage	IS	Clade 3	IdrA-associated without complete DIRM-like synteny	SY456YB-4-8_bin24	1	32.3529411764706	FALSE	FALSE
Carbon	Citrate cycle, second carbon oxidation, 2-oxoglutarate => oxaloacetate	Previous algorithm: distinct-gene set coverage	IS	Clade 3	IdrA-associated without complete DIRM-like synteny	SY456YB-8-12_bin5	1	35.2941176470588	FALSE	FALSE
Carbon	Citrate cycle, second carbon oxidation, 2-oxoglutarate => oxaloacetate	Previous algorithm: distinct-gene set coverage	IS	Clade 3	IdrA-associated without complete DIRM-like synteny	SY457BB-0-4_bin2	1	23.5294117647059	FALSE	FALSE
Carbon	Citrate cycle, second carbon oxidation, 2-oxoglutarate => oxaloacetate	Previous algorithm: distinct-gene set coverage	IS	Clade 3	IdrA-associated without complete DIRM-like synteny	SY457BB-8-12_bin10	1	41.1764705882353	FALSE	FALSE
Carbon	Citrate cycle, second carbon oxidation, 2-oxoglutarate => oxaloacetate	Previous algorithm: distinct-gene set coverage	IS	Clade 3	IdrA-associated without complete DIRM-like synteny	SY457BB-8-12_bin16	1	44.1176470588235	FALSE	FALSE
Carbon	Citrate cycle, second carbon oxidation, 2-oxoglutarate => oxaloacetate	Previous algorithm: distinct-gene set coverage	IS	Clade 3	IdrA-associated without complete DIRM-like synteny	SY459WG-4-8_bin8	1	29.4117647058824	FALSE	FALSE
Carbon	Citrate cycle, second carbon oxidation, 2-oxoglutarate => oxaloacetate	Previous algorithm: distinct-gene set coverage	IS	Clade 3	IdrA-associated without complete DIRM-like synteny	SY459WG-8-12_bin19	1	52.9411764705882	TRUE	FALSE
Carbon	Citrate cycle, second carbon oxidation, 2-oxoglutarate => oxaloacetate	Previous algorithm: distinct-gene set coverage	IS	Clade 4	IdrA-associated with DIRM-like synteny	SY365BB-8-12_bin10	1	44.1176470588235	FALSE	FALSE
Carbon	Citrate cycle, second carbon oxidation, 2-oxoglutarate => oxaloacetate	Previous algorithm: distinct-gene set coverage	IS	Clade 4	IdrA-associated with DIRM-like synteny	SY365BB-8-12_bin26	1	35.2941176470588	FALSE	FALSE
Carbon	Citrate cycle, second carbon oxidation, 2-oxoglutarate => oxaloacetate	Previous algorithm: distinct-gene set coverage	IS	Clade 4	IdrA-associated with DIRM-like synteny	SY365BB-8-12_bin8	1	32.3529411764706	FALSE	FALSE
Carbon	Citrate cycle, second carbon oxidation, 2-oxoglutarate => oxaloacetate	Previous algorithm: distinct-gene set coverage	IS	Clade 4	IdrA-associated with DIRM-like synteny	SY366YW-0-4_bin34	1	44.1176470588235	FALSE	FALSE
Carbon	Citrate cycle, second carbon oxidation, 2-oxoglutarate => oxaloacetate	Previous algorithm: distinct-gene set coverage	IS	Clade 4	IdrA-associated with DIRM-like synteny	SY366YW-0-4_bin9	1	41.1764705882353	FALSE	FALSE
Carbon	Citrate cycle, second carbon oxidation, 2-oxoglutarate => oxaloacetate	Previous algorithm: distinct-gene set coverage	IS	Clade 4	IdrA-associated with DIRM-like synteny	SY366YW-8-12_bin2	1	38.2352941176471	FALSE	FALSE
Carbon	Citrate cycle, second carbon oxidation, 2-oxoglutarate => oxaloacetate	Previous algorithm: distinct-gene set coverage	IS	Clade 4	IdrA-associated with DIRM-like synteny	SY368YW-8-12_bin33	1	41.1764705882353	FALSE	FALSE
Carbon	Citrate cycle, second carbon oxidation, 2-oxoglutarate => oxaloacetate	Previous algorithm: distinct-gene set coverage	IS	Clade 4	IdrA-associated with DIRM-like synteny	SY456YB-0-4_bin8	1	44.1176470588235	FALSE	FALSE
Carbon	Citrate cycle, second carbon oxidation, 2-oxoglutarate => oxaloacetate	Previous algorithm: distinct-gene set coverage	IS	Clade 4	IdrA-associated with DIRM-like synteny	SY456YB-8-12_bin27	1	32.3529411764706	FALSE	FALSE
Carbon	Citrate cycle, second carbon oxidation, 2-oxoglutarate => oxaloacetate	Previous algorithm: distinct-gene set coverage	IS	Clade 4	IdrA-associated with DIRM-like synteny	SY456YB-8-12_bin34	1	38.2352941176471	FALSE	FALSE
Carbon	Citrate cycle, second carbon oxidation, 2-oxoglutarate => oxaloacetate	Previous algorithm: distinct-gene set coverage	IS	Clade 4	IdrA-associated with DIRM-like synteny	SY456YB-8-12_bin4	1	52.9411764705882	TRUE	FALSE
Carbon	Citrate cycle, second carbon oxidation, 2-oxoglutarate => oxaloacetate	Previous algorithm: distinct-gene set coverage	IS	Clade 4	IdrA-associated with DIRM-like synteny	SY457BB-0-4_bin35	1	29.4117647058824	FALSE	FALSE
Carbon	Citrate cycle, second carbon oxidation, 2-oxoglutarate => oxaloacetate	Previous algorithm: distinct-gene set coverage	IS	Clade 4	IdrA-associated with DIRM-like synteny	SY457BB-0-4_bin6	1	44.1176470588235	FALSE	FALSE
Carbon	Citrate cycle, second carbon oxidation, 2-oxoglutarate => oxaloacetate	Previous algorithm: distinct-gene set coverage	IS	Clade 4	IdrA-associated with DIRM-like synteny	SY457BB-4-8_bin29	1	41.1764705882353	FALSE	FALSE
Carbon	Citrate cycle, second carbon oxidation, 2-oxoglutarate => oxaloacetate	Previous algorithm: distinct-gene set coverage	IS	Clade 4	IdrA-associated with DIRM-like synteny	SY457BB-4-8_bin33	1	44.1176470588235	FALSE	FALSE
Carbon	Citrate cycle, second carbon oxidation, 2-oxoglutarate => oxaloacetate	Previous algorithm: distinct-gene set coverage	IS	Clade 4	IdrA-associated with DIRM-like synteny	SY457BB-8-12_bin15	1	44.1176470588235	FALSE	FALSE
Carbon	Citrate cycle, second carbon oxidation, 2-oxoglutarate => oxaloacetate	Previous algorithm: distinct-gene set coverage	IS	Clade 4	IdrA-associated with DIRM-like synteny	SY457BB-8-12_bin25	1	23.5294117647059	FALSE	FALSE
Carbon	Citrate cycle, second carbon oxidation, 2-oxoglutarate => oxaloacetate	Previous algorithm: distinct-gene set coverage	IS	Clade 4	IdrA-associated with DIRM-like synteny	SY457BB-8-12_bin4	1	20.5882352941176	FALSE	FALSE
Carbon	Citrate cycle, second carbon oxidation, 2-oxoglutarate => oxaloacetate	Previous algorithm: distinct-gene set coverage	IS	Clade 4	IdrA-associated with DIRM-like synteny	SY459WG-0-4_bin37	1	32.3529411764706	FALSE	FALSE
Carbon	Citrate cycle, second carbon oxidation, 2-oxoglutarate => oxaloacetate	Previous algorithm: distinct-gene set coverage	IS	Clade 4	IdrA-associated with DIRM-like synteny	SY459WG-8-12_bin2	1	32.3529411764706	FALSE	FALSE
Carbon	Citrate cycle, second carbon oxidation, 2-oxoglutarate => oxaloacetate	Previous algorithm: distinct-gene set coverage	AS	Clade 1	Canonical AioA-associated	S1_9-12_bin1	1	17.6470588235294	FALSE	FALSE
Carbon	Citrate cycle, second carbon oxidation, 2-oxoglutarate => oxaloacetate	Previous algorithm: distinct-gene set coverage	AS	Clade 2	Unknown/uncertain DMSOR	SQ_58_0-4_bin4	1	23.5294117647059	FALSE	FALSE
Carbon	Citrate cycle, second carbon oxidation, 2-oxoglutarate => oxaloacetate	Previous algorithm: distinct-gene set coverage	AS	Clade 3	IdrA-associated without complete DIRM-like synteny	S1_9-12_bin1	1	17.6470588235294	FALSE	FALSE
Carbon	Citrate cycle, second carbon oxidation, 2-oxoglutarate => oxaloacetate	Previous algorithm: distinct-gene set coverage	ES	Clade 3	IdrA-associated without complete DIRM-like synteny	C1_12-18_bin19	1	35.2941176470588	FALSE	FALSE
Carbon	Citrate cycle, second carbon oxidation, 2-oxoglutarate => oxaloacetate	Previous algorithm: distinct-gene set coverage	ES	Clade 3	IdrA-associated without complete DIRM-like synteny	C1_12-18_bin24	1	32.3529411764706	FALSE	FALSE
Carbon	Citrate cycle, second carbon oxidation, 2-oxoglutarate => oxaloacetate	Previous algorithm: distinct-gene set coverage	ES	Clade 3	IdrA-associated without complete DIRM-like synteny	C2_12-18_bin11	1	32.3529411764706	FALSE	FALSE
Carbon	Citrate cycle, second carbon oxidation, 2-oxoglutarate => oxaloacetate	Previous algorithm: distinct-gene set coverage	ES	Clade 3	IdrA-associated without complete DIRM-like synteny	C2_12-18_bin17	1	23.5294117647059	FALSE	FALSE
Carbon	Citrate cycle, second carbon oxidation, 2-oxoglutarate => oxaloacetate	Previous algorithm: distinct-gene set coverage	ES	Clade 3	IdrA-associated without complete DIRM-like synteny	S13_0-2_bin3	1	20.5882352941176	FALSE	FALSE
Carbon	Citrate cycle, second carbon oxidation, 2-oxoglutarate => oxaloacetate	Previous algorithm: distinct-gene set coverage	ES	Clade 3	IdrA-associated without complete DIRM-like synteny	S15_8-10_bin20	1	32.3529411764706	FALSE	FALSE
Carbon	Citrate cycle, second carbon oxidation, 2-oxoglutarate => oxaloacetate	Previous algorithm: distinct-gene set coverage	NS	Clade 1	Canonical AioA-associated	R2111_S300_0-10_bin19	1	41.1764705882353	FALSE	FALSE
Carbon	Citrate cycle, second carbon oxidation, 2-oxoglutarate => oxaloacetate	Previous algorithm: distinct-gene set coverage	NS	Clade 2	Unknown/uncertain DMSOR	R2111_N500_0-10_bin13	1	5.88235294117647	FALSE	FALSE
Carbon	Glycolysis (Embden-Meyerhof pathway), glucose => pyruvate	Previous algorithm: distinct-gene set coverage	IS	Clade 1	Canonical AioA-associated	SY366YW-4-8_bin7	1	34.4827586206897	FALSE	FALSE
Carbon	Glycolysis (Embden-Meyerhof pathway), glucose => pyruvate	Previous algorithm: distinct-gene set coverage	IS	Clade 2	Unknown/uncertain DMSOR	SY366YW-0-4_bin2	1	24.1379310344828	FALSE	FALSE
Carbon	Glycolysis (Embden-Meyerhof pathway), glucose => pyruvate	Previous algorithm: distinct-gene set coverage	IS	Clade 2	Unknown/uncertain DMSOR	SY368YW-8-12_bin14	1	24.1379310344828	FALSE	FALSE
Carbon	Glycolysis (Embden-Meyerhof pathway), glucose => pyruvate	Previous algorithm: distinct-gene set coverage	IS	Clade 2	Unknown/uncertain DMSOR	SY368YW-8-12_bin16	1	24.1379310344828	FALSE	FALSE
Carbon	Glycolysis (Embden-Meyerhof pathway), glucose => pyruvate	Previous algorithm: distinct-gene set coverage	IS	Clade 2	Unknown/uncertain DMSOR	SY459WG-0-4_bin26	1	27.5862068965517	FALSE	FALSE
Carbon	Glycolysis (Embden-Meyerhof pathway), glucose => pyruvate	Previous algorithm: distinct-gene set coverage	IS	Clade 2	Unknown/uncertain DMSOR	SY459WG-4-8_bin39	1	31.0344827586207	FALSE	FALSE
Carbon	Glycolysis (Embden-Meyerhof pathway), glucose => pyruvate	Previous algorithm: distinct-gene set coverage	IS	Clade 3	IdrA-associated without complete DIRM-like synteny	SY365BB-0-4_bin24	1	27.5862068965517	FALSE	FALSE
Carbon	Glycolysis (Embden-Meyerhof pathway), glucose => pyruvate	Previous algorithm: distinct-gene set coverage	IS	Clade 3	IdrA-associated without complete DIRM-like synteny	SY365BB-8-12_bin7	1	27.5862068965517	FALSE	FALSE
Carbon	Glycolysis (Embden-Meyerhof pathway), glucose => pyruvate	Previous algorithm: distinct-gene set coverage	IS	Clade 3	IdrA-associated without complete DIRM-like synteny	SY366YB-0-4_bin3	1	20.6896551724138	FALSE	FALSE
Carbon	Glycolysis (Embden-Meyerhof pathway), glucose => pyruvate	Previous algorithm: distinct-gene set coverage	IS	Clade 3	IdrA-associated without complete DIRM-like synteny	SY366YB-0-4_bin5	1	20.6896551724138	FALSE	FALSE
Carbon	Glycolysis (Embden-Meyerhof pathway), glucose => pyruvate	Previous algorithm: distinct-gene set coverage	IS	Clade 3	IdrA-associated without complete DIRM-like synteny	SY368YW-4-8_bin24	1	37.9310344827586	FALSE	FALSE
Carbon	Glycolysis (Embden-Meyerhof pathway), glucose => pyruvate	Previous algorithm: distinct-gene set coverage	IS	Clade 3	IdrA-associated without complete DIRM-like synteny	SY456YB-4-8_bin24	1	31.0344827586207	FALSE	FALSE
Carbon	Glycolysis (Embden-Meyerhof pathway), glucose => pyruvate	Previous algorithm: distinct-gene set coverage	IS	Clade 3	IdrA-associated without complete DIRM-like synteny	SY456YB-8-12_bin5	1	24.1379310344828	FALSE	FALSE
Carbon	Glycolysis (Embden-Meyerhof pathway), glucose => pyruvate	Previous algorithm: distinct-gene set coverage	IS	Clade 3	IdrA-associated without complete DIRM-like synteny	SY457BB-0-4_bin2	1	27.5862068965517	FALSE	FALSE
Carbon	Glycolysis (Embden-Meyerhof pathway), glucose => pyruvate	Previous algorithm: distinct-gene set coverage	IS	Clade 3	IdrA-associated without complete DIRM-like synteny	SY457BB-8-12_bin10	1	24.1379310344828	FALSE	FALSE
Carbon	Glycolysis (Embden-Meyerhof pathway), glucose => pyruvate	Previous algorithm: distinct-gene set coverage	IS	Clade 3	IdrA-associated without complete DIRM-like synteny	SY457BB-8-12_bin16	1	24.1379310344828	FALSE	FALSE
Carbon	Glycolysis (Embden-Meyerhof pathway), glucose => pyruvate	Previous algorithm: distinct-gene set coverage	IS	Clade 3	IdrA-associated without complete DIRM-like synteny	SY459WG-4-8_bin8	1	31.0344827586207	FALSE	FALSE
Carbon	Glycolysis (Embden-Meyerhof pathway), glucose => pyruvate	Previous algorithm: distinct-gene set coverage	IS	Clade 3	IdrA-associated without complete DIRM-like synteny	SY459WG-8-12_bin19	1	34.4827586206897	FALSE	FALSE
Carbon	Glycolysis (Embden-Meyerhof pathway), glucose => pyruvate	Previous algorithm: distinct-gene set coverage	IS	Clade 4	IdrA-associated with DIRM-like synteny	SY365BB-8-12_bin10	1	34.4827586206897	FALSE	FALSE
Carbon	Glycolysis (Embden-Meyerhof pathway), glucose => pyruvate	Previous algorithm: distinct-gene set coverage	IS	Clade 4	IdrA-associated with DIRM-like synteny	SY365BB-8-12_bin26	1	31.0344827586207	FALSE	FALSE
Carbon	Glycolysis (Embden-Meyerhof pathway), glucose => pyruvate	Previous algorithm: distinct-gene set coverage	IS	Clade 4	IdrA-associated with DIRM-like synteny	SY365BB-8-12_bin8	1	24.1379310344828	FALSE	FALSE
Carbon	Glycolysis (Embden-Meyerhof pathway), glucose => pyruvate	Previous algorithm: distinct-gene set coverage	IS	Clade 4	IdrA-associated with DIRM-like synteny	SY366YW-0-4_bin34	1	27.5862068965517	FALSE	FALSE
Carbon	Glycolysis (Embden-Meyerhof pathway), glucose => pyruvate	Previous algorithm: distinct-gene set coverage	IS	Clade 4	IdrA-associated with DIRM-like synteny	SY366YW-0-4_bin9	1	27.5862068965517	FALSE	FALSE
Carbon	Glycolysis (Embden-Meyerhof pathway), glucose => pyruvate	Previous algorithm: distinct-gene set coverage	IS	Clade 4	IdrA-associated with DIRM-like synteny	SY366YW-8-12_bin2	1	31.0344827586207	FALSE	FALSE
Carbon	Glycolysis (Embden-Meyerhof pathway), glucose => pyruvate	Previous algorithm: distinct-gene set coverage	IS	Clade 4	IdrA-associated with DIRM-like synteny	SY368YW-8-12_bin33	1	27.5862068965517	FALSE	FALSE
Carbon	Glycolysis (Embden-Meyerhof pathway), glucose => pyruvate	Previous algorithm: distinct-gene set coverage	IS	Clade 4	IdrA-associated with DIRM-like synteny	SY456YB-0-4_bin8	1	34.4827586206897	FALSE	FALSE
Carbon	Glycolysis (Embden-Meyerhof pathway), glucose => pyruvate	Previous algorithm: distinct-gene set coverage	IS	Clade 4	IdrA-associated with DIRM-like synteny	SY456YB-8-12_bin27	1	27.5862068965517	FALSE	FALSE
Carbon	Glycolysis (Embden-Meyerhof pathway), glucose => pyruvate	Previous algorithm: distinct-gene set coverage	IS	Clade 4	IdrA-associated with DIRM-like synteny	SY456YB-8-12_bin34	1	34.4827586206897	FALSE	FALSE
Carbon	Glycolysis (Embden-Meyerhof pathway), glucose => pyruvate	Previous algorithm: distinct-gene set coverage	IS	Clade 4	IdrA-associated with DIRM-like synteny	SY456YB-8-12_bin4	1	27.5862068965517	FALSE	FALSE
Carbon	Glycolysis (Embden-Meyerhof pathway), glucose => pyruvate	Previous algorithm: distinct-gene set coverage	IS	Clade 4	IdrA-associated with DIRM-like synteny	SY457BB-0-4_bin35	1	24.1379310344828	FALSE	FALSE
Carbon	Glycolysis (Embden-Meyerhof pathway), glucose => pyruvate	Previous algorithm: distinct-gene set coverage	IS	Clade 4	IdrA-associated with DIRM-like synteny	SY457BB-0-4_bin6	1	31.0344827586207	FALSE	FALSE
Carbon	Glycolysis (Embden-Meyerhof pathway), glucose => pyruvate	Previous algorithm: distinct-gene set coverage	IS	Clade 4	IdrA-associated with DIRM-like synteny	SY457BB-4-8_bin29	1	27.5862068965517	FALSE	FALSE
Carbon	Glycolysis (Embden-Meyerhof pathway), glucose => pyruvate	Previous algorithm: distinct-gene set coverage	IS	Clade 4	IdrA-associated with DIRM-like synteny	SY457BB-4-8_bin33	1	31.0344827586207	FALSE	FALSE
Carbon	Glycolysis (Embden-Meyerhof pathway), glucose => pyruvate	Previous algorithm: distinct-gene set coverage	IS	Clade 4	IdrA-associated with DIRM-like synteny	SY457BB-8-12_bin15	1	27.5862068965517	FALSE	FALSE
Carbon	Glycolysis (Embden-Meyerhof pathway), glucose => pyruvate	Previous algorithm: distinct-gene set coverage	IS	Clade 4	IdrA-associated with DIRM-like synteny	SY457BB-8-12_bin25	1	20.6896551724138	FALSE	FALSE
Carbon	Glycolysis (Embden-Meyerhof pathway), glucose => pyruvate	Previous algorithm: distinct-gene set coverage	IS	Clade 4	IdrA-associated with DIRM-like synteny	SY457BB-8-12_bin4	1	27.5862068965517	FALSE	FALSE
Carbon	Glycolysis (Embden-Meyerhof pathway), glucose => pyruvate	Previous algorithm: distinct-gene set coverage	IS	Clade 4	IdrA-associated with DIRM-like synteny	SY459WG-0-4_bin37	1	27.5862068965517	FALSE	FALSE
Carbon	Glycolysis (Embden-Meyerhof pathway), glucose => pyruvate	Previous algorithm: distinct-gene set coverage	IS	Clade 4	IdrA-associated with DIRM-like synteny	SY459WG-8-12_bin2	1	34.4827586206897	FALSE	FALSE
Carbon	Glycolysis (Embden-Meyerhof pathway), glucose => pyruvate	Previous algorithm: distinct-gene set coverage	AS	Clade 1	Canonical AioA-associated	S1_9-12_bin1	1	31.0344827586207	FALSE	FALSE
Carbon	Glycolysis (Embden-Meyerhof pathway), glucose => pyruvate	Previous algorithm: distinct-gene set coverage	AS	Clade 2	Unknown/uncertain DMSOR	SQ_58_0-4_bin4	1	17.2413793103448	FALSE	FALSE
Carbon	Glycolysis (Embden-Meyerhof pathway), glucose => pyruvate	Previous algorithm: distinct-gene set coverage	AS	Clade 3	IdrA-associated without complete DIRM-like synteny	S1_9-12_bin1	1	31.0344827586207	FALSE	FALSE
Carbon	Glycolysis (Embden-Meyerhof pathway), glucose => pyruvate	Previous algorithm: distinct-gene set coverage	ES	Clade 3	IdrA-associated without complete DIRM-like synteny	C1_12-18_bin19	1	34.4827586206897	FALSE	FALSE
Carbon	Glycolysis (Embden-Meyerhof pathway), glucose => pyruvate	Previous algorithm: distinct-gene set coverage	ES	Clade 3	IdrA-associated without complete DIRM-like synteny	C1_12-18_bin24	1	20.6896551724138	FALSE	FALSE
Carbon	Glycolysis (Embden-Meyerhof pathway), glucose => pyruvate	Previous algorithm: distinct-gene set coverage	ES	Clade 3	IdrA-associated without complete DIRM-like synteny	C2_12-18_bin11	1	24.1379310344828	FALSE	FALSE
Carbon	Glycolysis (Embden-Meyerhof pathway), glucose => pyruvate	Previous algorithm: distinct-gene set coverage	ES	Clade 3	IdrA-associated without complete DIRM-like synteny	C2_12-18_bin17	1	34.4827586206897	FALSE	FALSE
Carbon	Glycolysis (Embden-Meyerhof pathway), glucose => pyruvate	Previous algorithm: distinct-gene set coverage	ES	Clade 3	IdrA-associated without complete DIRM-like synteny	S13_0-2_bin3	1	17.2413793103448	FALSE	FALSE
Carbon	Glycolysis (Embden-Meyerhof pathway), glucose => pyruvate	Previous algorithm: distinct-gene set coverage	ES	Clade 3	IdrA-associated without complete DIRM-like synteny	S15_8-10_bin20	1	27.5862068965517	FALSE	FALSE
Carbon	Glycolysis (Embden-Meyerhof pathway), glucose => pyruvate	Previous algorithm: distinct-gene set coverage	NS	Clade 1	Canonical AioA-associated	R2111_S300_0-10_bin19	1	24.1379310344828	FALSE	FALSE
Carbon	Glycolysis (Embden-Meyerhof pathway), glucose => pyruvate	Previous algorithm: distinct-gene set coverage	NS	Clade 2	Unknown/uncertain DMSOR	R2111_N500_0-10_bin13	1	17.2413793103448	FALSE	FALSE
Carbon	Glycolysis, core module involving three-carbon compounds	Previous algorithm: distinct-gene set coverage	IS	Clade 1	Canonical AioA-associated	SY366YW-4-8_bin7	1	50	TRUE	FALSE
Carbon	Glycolysis, core module involving three-carbon compounds	Previous algorithm: distinct-gene set coverage	IS	Clade 2	Unknown/uncertain DMSOR	SY366YW-0-4_bin2	1	41.6666666666667	FALSE	FALSE
Carbon	Glycolysis, core module involving three-carbon compounds	Previous algorithm: distinct-gene set coverage	IS	Clade 2	Unknown/uncertain DMSOR	SY368YW-8-12_bin14	1	50	TRUE	FALSE
Carbon	Glycolysis, core module involving three-carbon compounds	Previous algorithm: distinct-gene set coverage	IS	Clade 2	Unknown/uncertain DMSOR	SY368YW-8-12_bin16	1	33.3333333333333	FALSE	FALSE
Carbon	Glycolysis, core module involving three-carbon compounds	Previous algorithm: distinct-gene set coverage	IS	Clade 2	Unknown/uncertain DMSOR	SY459WG-0-4_bin26	1	50	TRUE	FALSE
Carbon	Glycolysis, core module involving three-carbon compounds	Previous algorithm: distinct-gene set coverage	IS	Clade 2	Unknown/uncertain DMSOR	SY459WG-4-8_bin39	1	50	TRUE	FALSE
Carbon	Glycolysis, core module involving three-carbon compounds	Previous algorithm: distinct-gene set coverage	IS	Clade 3	IdrA-associated without complete DIRM-like synteny	SY365BB-0-4_bin24	1	41.6666666666667	FALSE	FALSE
Carbon	Glycolysis, core module involving three-carbon compounds	Previous algorithm: distinct-gene set coverage	IS	Clade 3	IdrA-associated without complete DIRM-like synteny	SY365BB-8-12_bin7	1	41.6666666666667	FALSE	FALSE
Carbon	Glycolysis, core module involving three-carbon compounds	Previous algorithm: distinct-gene set coverage	IS	Clade 3	IdrA-associated without complete DIRM-like synteny	SY366YB-0-4_bin3	1	41.6666666666667	FALSE	FALSE
Carbon	Glycolysis, core module involving three-carbon compounds	Previous algorithm: distinct-gene set coverage	IS	Clade 3	IdrA-associated without complete DIRM-like synteny	SY366YB-0-4_bin5	1	33.3333333333333	FALSE	FALSE
Carbon	Glycolysis, core module involving three-carbon compounds	Previous algorithm: distinct-gene set coverage	IS	Clade 3	IdrA-associated without complete DIRM-like synteny	SY368YW-4-8_bin24	1	50	TRUE	FALSE
Carbon	Glycolysis, core module involving three-carbon compounds	Previous algorithm: distinct-gene set coverage	IS	Clade 3	IdrA-associated without complete DIRM-like synteny	SY456YB-4-8_bin24	1	50	TRUE	FALSE
Carbon	Glycolysis, core module involving three-carbon compounds	Previous algorithm: distinct-gene set coverage	IS	Clade 3	IdrA-associated without complete DIRM-like synteny	SY456YB-8-12_bin5	1	41.6666666666667	FALSE	FALSE
Carbon	Glycolysis, core module involving three-carbon compounds	Previous algorithm: distinct-gene set coverage	IS	Clade 3	IdrA-associated without complete DIRM-like synteny	SY457BB-0-4_bin2	1	50	TRUE	FALSE
Carbon	Glycolysis, core module involving three-carbon compounds	Previous algorithm: distinct-gene set coverage	IS	Clade 3	IdrA-associated without complete DIRM-like synteny	SY457BB-8-12_bin10	1	41.6666666666667	FALSE	FALSE
Carbon	Glycolysis, core module involving three-carbon compounds	Previous algorithm: distinct-gene set coverage	IS	Clade 3	IdrA-associated without complete DIRM-like synteny	SY457BB-8-12_bin16	1	41.6666666666667	FALSE	FALSE
Carbon	Glycolysis, core module involving three-carbon compounds	Previous algorithm: distinct-gene set coverage	IS	Clade 3	IdrA-associated without complete DIRM-like synteny	SY459WG-4-8_bin8	1	50	TRUE	FALSE
Carbon	Glycolysis, core module involving three-carbon compounds	Previous algorithm: distinct-gene set coverage	IS	Clade 3	IdrA-associated without complete DIRM-like synteny	SY459WG-8-12_bin19	1	50	TRUE	FALSE
Carbon	Glycolysis, core module involving three-carbon compounds	Previous algorithm: distinct-gene set coverage	IS	Clade 4	IdrA-associated with DIRM-like synteny	SY365BB-8-12_bin10	1	50	TRUE	FALSE
Carbon	Glycolysis, core module involving three-carbon compounds	Previous algorithm: distinct-gene set coverage	IS	Clade 4	IdrA-associated with DIRM-like synteny	SY365BB-8-12_bin26	1	50	TRUE	FALSE
Carbon	Glycolysis, core module involving three-carbon compounds	Previous algorithm: distinct-gene set coverage	IS	Clade 4	IdrA-associated with DIRM-like synteny	SY365BB-8-12_bin8	1	33.3333333333333	FALSE	FALSE
Carbon	Glycolysis, core module involving three-carbon compounds	Previous algorithm: distinct-gene set coverage	IS	Clade 4	IdrA-associated with DIRM-like synteny	SY366YW-0-4_bin34	1	50	TRUE	FALSE
Carbon	Glycolysis, core module involving three-carbon compounds	Previous algorithm: distinct-gene set coverage	IS	Clade 4	IdrA-associated with DIRM-like synteny	SY366YW-0-4_bin9	1	50	TRUE	FALSE
Carbon	Glycolysis, core module involving three-carbon compounds	Previous algorithm: distinct-gene set coverage	IS	Clade 4	IdrA-associated with DIRM-like synteny	SY366YW-8-12_bin2	1	50	TRUE	FALSE
Carbon	Glycolysis, core module involving three-carbon compounds	Previous algorithm: distinct-gene set coverage	IS	Clade 4	IdrA-associated with DIRM-like synteny	SY368YW-8-12_bin33	1	41.6666666666667	FALSE	FALSE
Carbon	Glycolysis, core module involving three-carbon compounds	Previous algorithm: distinct-gene set coverage	IS	Clade 4	IdrA-associated with DIRM-like synteny	SY456YB-0-4_bin8	1	50	TRUE	FALSE
Carbon	Glycolysis, core module involving three-carbon compounds	Previous algorithm: distinct-gene set coverage	IS	Clade 4	IdrA-associated with DIRM-like synteny	SY456YB-8-12_bin27	1	50	TRUE	FALSE
Carbon	Glycolysis, core module involving three-carbon compounds	Previous algorithm: distinct-gene set coverage	IS	Clade 4	IdrA-associated with DIRM-like synteny	SY456YB-8-12_bin34	1	50	TRUE	FALSE
Carbon	Glycolysis, core module involving three-carbon compounds	Previous algorithm: distinct-gene set coverage	IS	Clade 4	IdrA-associated with DIRM-like synteny	SY456YB-8-12_bin4	1	50	TRUE	FALSE
Carbon	Glycolysis, core module involving three-carbon compounds	Previous algorithm: distinct-gene set coverage	IS	Clade 4	IdrA-associated with DIRM-like synteny	SY457BB-0-4_bin35	1	41.6666666666667	FALSE	FALSE
Carbon	Glycolysis, core module involving three-carbon compounds	Previous algorithm: distinct-gene set coverage	IS	Clade 4	IdrA-associated with DIRM-like synteny	SY457BB-0-4_bin6	1	50	TRUE	FALSE
Carbon	Glycolysis, core module involving three-carbon compounds	Previous algorithm: distinct-gene set coverage	IS	Clade 4	IdrA-associated with DIRM-like synteny	SY457BB-4-8_bin29	1	50	TRUE	FALSE
Carbon	Glycolysis, core module involving three-carbon compounds	Previous algorithm: distinct-gene set coverage	IS	Clade 4	IdrA-associated with DIRM-like synteny	SY457BB-4-8_bin33	1	50	TRUE	FALSE
Carbon	Glycolysis, core module involving three-carbon compounds	Previous algorithm: distinct-gene set coverage	IS	Clade 4	IdrA-associated with DIRM-like synteny	SY457BB-8-12_bin15	1	41.6666666666667	FALSE	FALSE
Carbon	Glycolysis, core module involving three-carbon compounds	Previous algorithm: distinct-gene set coverage	IS	Clade 4	IdrA-associated with DIRM-like synteny	SY457BB-8-12_bin25	1	41.6666666666667	FALSE	FALSE
Carbon	Glycolysis, core module involving three-carbon compounds	Previous algorithm: distinct-gene set coverage	IS	Clade 4	IdrA-associated with DIRM-like synteny	SY457BB-8-12_bin4	1	50	TRUE	FALSE
Carbon	Glycolysis, core module involving three-carbon compounds	Previous algorithm: distinct-gene set coverage	IS	Clade 4	IdrA-associated with DIRM-like synteny	SY459WG-0-4_bin37	1	50	TRUE	FALSE
Carbon	Glycolysis, core module involving three-carbon compounds	Previous algorithm: distinct-gene set coverage	IS	Clade 4	IdrA-associated with DIRM-like synteny	SY459WG-8-12_bin2	1	50	TRUE	FALSE
Carbon	Glycolysis, core module involving three-carbon compounds	Previous algorithm: distinct-gene set coverage	AS	Clade 1	Canonical AioA-associated	S1_9-12_bin1	1	41.6666666666667	FALSE	FALSE
Carbon	Glycolysis, core module involving three-carbon compounds	Previous algorithm: distinct-gene set coverage	AS	Clade 2	Unknown/uncertain DMSOR	SQ_58_0-4_bin4	1	33.3333333333333	FALSE	FALSE
Carbon	Glycolysis, core module involving three-carbon compounds	Previous algorithm: distinct-gene set coverage	AS	Clade 3	IdrA-associated without complete DIRM-like synteny	S1_9-12_bin1	1	41.6666666666667	FALSE	FALSE
Carbon	Glycolysis, core module involving three-carbon compounds	Previous algorithm: distinct-gene set coverage	ES	Clade 3	IdrA-associated without complete DIRM-like synteny	C1_12-18_bin19	1	58.3333333333333	TRUE	FALSE
Carbon	Glycolysis, core module involving three-carbon compounds	Previous algorithm: distinct-gene set coverage	ES	Clade 3	IdrA-associated without complete DIRM-like synteny	C1_12-18_bin24	1	33.3333333333333	FALSE	FALSE
Carbon	Glycolysis, core module involving three-carbon compounds	Previous algorithm: distinct-gene set coverage	ES	Clade 3	IdrA-associated without complete DIRM-like synteny	C2_12-18_bin11	1	41.6666666666667	FALSE	FALSE
Carbon	Glycolysis, core module involving three-carbon compounds	Previous algorithm: distinct-gene set coverage	ES	Clade 3	IdrA-associated without complete DIRM-like synteny	C2_12-18_bin17	1	58.3333333333333	TRUE	FALSE
Carbon	Glycolysis, core module involving three-carbon compounds	Previous algorithm: distinct-gene set coverage	ES	Clade 3	IdrA-associated without complete DIRM-like synteny	S13_0-2_bin3	1	25	FALSE	FALSE
Carbon	Glycolysis, core module involving three-carbon compounds	Previous algorithm: distinct-gene set coverage	ES	Clade 3	IdrA-associated without complete DIRM-like synteny	S15_8-10_bin20	1	50	TRUE	FALSE
Carbon	Glycolysis, core module involving three-carbon compounds	Previous algorithm: distinct-gene set coverage	NS	Clade 1	Canonical AioA-associated	R2111_S300_0-10_bin19	1	50	TRUE	FALSE
Carbon	Glycolysis, core module involving three-carbon compounds	Previous algorithm: distinct-gene set coverage	NS	Clade 2	Unknown/uncertain DMSOR	R2111_N500_0-10_bin13	1	16.6666666666667	FALSE	FALSE
Carbon	Incomplete reductive citrate cycle, acetyl-CoA => oxoglutarate	Previous algorithm: distinct-gene set coverage	IS	Clade 1	Canonical AioA-associated	SY366YW-4-8_bin7	1	17.6470588235294	FALSE	FALSE
Carbon	Incomplete reductive citrate cycle, acetyl-CoA => oxoglutarate	Previous algorithm: distinct-gene set coverage	IS	Clade 2	Unknown/uncertain DMSOR	SY366YW-0-4_bin2	1	17.6470588235294	FALSE	FALSE
Carbon	Incomplete reductive citrate cycle, acetyl-CoA => oxoglutarate	Previous algorithm: distinct-gene set coverage	IS	Clade 2	Unknown/uncertain DMSOR	SY368YW-8-12_bin14	1	17.6470588235294	FALSE	FALSE
Carbon	Incomplete reductive citrate cycle, acetyl-CoA => oxoglutarate	Previous algorithm: distinct-gene set coverage	IS	Clade 2	Unknown/uncertain DMSOR	SY368YW-8-12_bin16	1	23.5294117647059	FALSE	FALSE
Carbon	Incomplete reductive citrate cycle, acetyl-CoA => oxoglutarate	Previous algorithm: distinct-gene set coverage	IS	Clade 2	Unknown/uncertain DMSOR	SY459WG-0-4_bin26	1	5.88235294117647	FALSE	FALSE
Carbon	Incomplete reductive citrate cycle, acetyl-CoA => oxoglutarate	Previous algorithm: distinct-gene set coverage	IS	Clade 2	Unknown/uncertain DMSOR	SY459WG-4-8_bin39	1	35.2941176470588	FALSE	FALSE
Carbon	Incomplete reductive citrate cycle, acetyl-CoA => oxoglutarate	Previous algorithm: distinct-gene set coverage	IS	Clade 3	IdrA-associated without complete DIRM-like synteny	SY365BB-0-4_bin24	1	41.1764705882353	FALSE	FALSE
Carbon	Incomplete reductive citrate cycle, acetyl-CoA => oxoglutarate	Previous algorithm: distinct-gene set coverage	IS	Clade 3	IdrA-associated without complete DIRM-like synteny	SY365BB-8-12_bin7	1	5.88235294117647	FALSE	FALSE
Carbon	Incomplete reductive citrate cycle, acetyl-CoA => oxoglutarate	Previous algorithm: distinct-gene set coverage	IS	Clade 3	IdrA-associated without complete DIRM-like synteny	SY366YB-0-4_bin3	1	29.4117647058824	FALSE	FALSE
Carbon	Incomplete reductive citrate cycle, acetyl-CoA => oxoglutarate	Previous algorithm: distinct-gene set coverage	IS	Clade 3	IdrA-associated without complete DIRM-like synteny	SY366YB-0-4_bin5	1	17.6470588235294	FALSE	FALSE
Carbon	Incomplete reductive citrate cycle, acetyl-CoA => oxoglutarate	Previous algorithm: distinct-gene set coverage	IS	Clade 3	IdrA-associated without complete DIRM-like synteny	SY368YW-4-8_bin24	1	11.7647058823529	FALSE	FALSE
Carbon	Incomplete reductive citrate cycle, acetyl-CoA => oxoglutarate	Previous algorithm: distinct-gene set coverage	IS	Clade 3	IdrA-associated without complete DIRM-like synteny	SY456YB-4-8_bin24	1	11.7647058823529	FALSE	FALSE
Carbon	Incomplete reductive citrate cycle, acetyl-CoA => oxoglutarate	Previous algorithm: distinct-gene set coverage	IS	Clade 3	IdrA-associated without complete DIRM-like synteny	SY456YB-8-12_bin5	1	35.2941176470588	FALSE	FALSE
Carbon	Incomplete reductive citrate cycle, acetyl-CoA => oxoglutarate	Previous algorithm: distinct-gene set coverage	IS	Clade 3	IdrA-associated without complete DIRM-like synteny	SY457BB-0-4_bin2	1	0	FALSE	FALSE
Carbon	Incomplete reductive citrate cycle, acetyl-CoA => oxoglutarate	Previous algorithm: distinct-gene set coverage	IS	Clade 3	IdrA-associated without complete DIRM-like synteny	SY457BB-8-12_bin10	1	41.1764705882353	FALSE	FALSE
Carbon	Incomplete reductive citrate cycle, acetyl-CoA => oxoglutarate	Previous algorithm: distinct-gene set coverage	IS	Clade 3	IdrA-associated without complete DIRM-like synteny	SY457BB-8-12_bin16	1	58.8235294117647	TRUE	FALSE
Carbon	Incomplete reductive citrate cycle, acetyl-CoA => oxoglutarate	Previous algorithm: distinct-gene set coverage	IS	Clade 3	IdrA-associated without complete DIRM-like synteny	SY459WG-4-8_bin8	1	11.7647058823529	FALSE	FALSE
Carbon	Incomplete reductive citrate cycle, acetyl-CoA => oxoglutarate	Previous algorithm: distinct-gene set coverage	IS	Clade 3	IdrA-associated without complete DIRM-like synteny	SY459WG-8-12_bin19	1	58.8235294117647	TRUE	FALSE
Carbon	Incomplete reductive citrate cycle, acetyl-CoA => oxoglutarate	Previous algorithm: distinct-gene set coverage	IS	Clade 4	IdrA-associated with DIRM-like synteny	SY365BB-8-12_bin10	1	41.1764705882353	FALSE	FALSE
Carbon	Incomplete reductive citrate cycle, acetyl-CoA => oxoglutarate	Previous algorithm: distinct-gene set coverage	IS	Clade 4	IdrA-associated with DIRM-like synteny	SY365BB-8-12_bin26	1	29.4117647058824	FALSE	FALSE
Carbon	Incomplete reductive citrate cycle, acetyl-CoA => oxoglutarate	Previous algorithm: distinct-gene set coverage	IS	Clade 4	IdrA-associated with DIRM-like synteny	SY365BB-8-12_bin8	1	41.1764705882353	FALSE	FALSE
Carbon	Incomplete reductive citrate cycle, acetyl-CoA => oxoglutarate	Previous algorithm: distinct-gene set coverage	IS	Clade 4	IdrA-associated with DIRM-like synteny	SY366YW-0-4_bin34	1	41.1764705882353	FALSE	FALSE
Carbon	Incomplete reductive citrate cycle, acetyl-CoA => oxoglutarate	Previous algorithm: distinct-gene set coverage	IS	Clade 4	IdrA-associated with DIRM-like synteny	SY366YW-0-4_bin9	1	47.0588235294118	FALSE	FALSE
Carbon	Incomplete reductive citrate cycle, acetyl-CoA => oxoglutarate	Previous algorithm: distinct-gene set coverage	IS	Clade 4	IdrA-associated with DIRM-like synteny	SY366YW-8-12_bin2	1	17.6470588235294	FALSE	FALSE
Carbon	Incomplete reductive citrate cycle, acetyl-CoA => oxoglutarate	Previous algorithm: distinct-gene set coverage	IS	Clade 4	IdrA-associated with DIRM-like synteny	SY368YW-8-12_bin33	1	41.1764705882353	FALSE	FALSE
Carbon	Incomplete reductive citrate cycle, acetyl-CoA => oxoglutarate	Previous algorithm: distinct-gene set coverage	IS	Clade 4	IdrA-associated with DIRM-like synteny	SY456YB-0-4_bin8	1	58.8235294117647	TRUE	FALSE
Carbon	Incomplete reductive citrate cycle, acetyl-CoA => oxoglutarate	Previous algorithm: distinct-gene set coverage	IS	Clade 4	IdrA-associated with DIRM-like synteny	SY456YB-8-12_bin27	1	17.6470588235294	FALSE	FALSE
Carbon	Incomplete reductive citrate cycle, acetyl-CoA => oxoglutarate	Previous algorithm: distinct-gene set coverage	IS	Clade 4	IdrA-associated with DIRM-like synteny	SY456YB-8-12_bin34	1	29.4117647058824	FALSE	FALSE
Carbon	Incomplete reductive citrate cycle, acetyl-CoA => oxoglutarate	Previous algorithm: distinct-gene set coverage	IS	Clade 4	IdrA-associated with DIRM-like synteny	SY456YB-8-12_bin4	1	41.1764705882353	FALSE	FALSE
Carbon	Incomplete reductive citrate cycle, acetyl-CoA => oxoglutarate	Previous algorithm: distinct-gene set coverage	IS	Clade 4	IdrA-associated with DIRM-like synteny	SY457BB-0-4_bin35	1	11.7647058823529	FALSE	FALSE
Carbon	Incomplete reductive citrate cycle, acetyl-CoA => oxoglutarate	Previous algorithm: distinct-gene set coverage	IS	Clade 4	IdrA-associated with DIRM-like synteny	SY457BB-0-4_bin6	1	23.5294117647059	FALSE	FALSE
Carbon	Incomplete reductive citrate cycle, acetyl-CoA => oxoglutarate	Previous algorithm: distinct-gene set coverage	IS	Clade 4	IdrA-associated with DIRM-like synteny	SY457BB-4-8_bin29	1	35.2941176470588	FALSE	FALSE
Carbon	Incomplete reductive citrate cycle, acetyl-CoA => oxoglutarate	Previous algorithm: distinct-gene set coverage	IS	Clade 4	IdrA-associated with DIRM-like synteny	SY457BB-4-8_bin33	1	58.8235294117647	TRUE	FALSE
Carbon	Incomplete reductive citrate cycle, acetyl-CoA => oxoglutarate	Previous algorithm: distinct-gene set coverage	IS	Clade 4	IdrA-associated with DIRM-like synteny	SY457BB-8-12_bin15	1	58.8235294117647	TRUE	FALSE
Carbon	Incomplete reductive citrate cycle, acetyl-CoA => oxoglutarate	Previous algorithm: distinct-gene set coverage	IS	Clade 4	IdrA-associated with DIRM-like synteny	SY457BB-8-12_bin25	1	35.2941176470588	FALSE	FALSE
Carbon	Incomplete reductive citrate cycle, acetyl-CoA => oxoglutarate	Previous algorithm: distinct-gene set coverage	IS	Clade 4	IdrA-associated with DIRM-like synteny	SY457BB-8-12_bin4	1	11.7647058823529	FALSE	FALSE
Carbon	Incomplete reductive citrate cycle, acetyl-CoA => oxoglutarate	Previous algorithm: distinct-gene set coverage	IS	Clade 4	IdrA-associated with DIRM-like synteny	SY459WG-0-4_bin37	1	17.6470588235294	FALSE	FALSE
Carbon	Incomplete reductive citrate cycle, acetyl-CoA => oxoglutarate	Previous algorithm: distinct-gene set coverage	IS	Clade 4	IdrA-associated with DIRM-like synteny	SY459WG-8-12_bin2	1	17.6470588235294	FALSE	FALSE
Carbon	Incomplete reductive citrate cycle, acetyl-CoA => oxoglutarate	Previous algorithm: distinct-gene set coverage	AS	Clade 1	Canonical AioA-associated	S1_9-12_bin1	1	0	FALSE	FALSE
Carbon	Incomplete reductive citrate cycle, acetyl-CoA => oxoglutarate	Previous algorithm: distinct-gene set coverage	AS	Clade 2	Unknown/uncertain DMSOR	SQ_58_0-4_bin4	1	23.5294117647059	FALSE	FALSE
Carbon	Incomplete reductive citrate cycle, acetyl-CoA => oxoglutarate	Previous algorithm: distinct-gene set coverage	AS	Clade 3	IdrA-associated without complete DIRM-like synteny	S1_9-12_bin1	1	0	FALSE	FALSE
Carbon	Incomplete reductive citrate cycle, acetyl-CoA => oxoglutarate	Previous algorithm: distinct-gene set coverage	ES	Clade 3	IdrA-associated without complete DIRM-like synteny	C1_12-18_bin19	1	47.0588235294118	FALSE	FALSE
Carbon	Incomplete reductive citrate cycle, acetyl-CoA => oxoglutarate	Previous algorithm: distinct-gene set coverage	ES	Clade 3	IdrA-associated without complete DIRM-like synteny	C1_12-18_bin24	1	41.1764705882353	FALSE	FALSE
Carbon	Incomplete reductive citrate cycle, acetyl-CoA => oxoglutarate	Previous algorithm: distinct-gene set coverage	ES	Clade 3	IdrA-associated without complete DIRM-like synteny	C2_12-18_bin11	1	35.2941176470588	FALSE	FALSE
Carbon	Incomplete reductive citrate cycle, acetyl-CoA => oxoglutarate	Previous algorithm: distinct-gene set coverage	ES	Clade 3	IdrA-associated without complete DIRM-like synteny	C2_12-18_bin17	1	23.5294117647059	FALSE	FALSE
Carbon	Incomplete reductive citrate cycle, acetyl-CoA => oxoglutarate	Previous algorithm: distinct-gene set coverage	ES	Clade 3	IdrA-associated without complete DIRM-like synteny	S13_0-2_bin3	1	17.6470588235294	FALSE	FALSE
Carbon	Incomplete reductive citrate cycle, acetyl-CoA => oxoglutarate	Previous algorithm: distinct-gene set coverage	ES	Clade 3	IdrA-associated without complete DIRM-like synteny	S15_8-10_bin20	1	29.4117647058824	FALSE	FALSE
Carbon	Incomplete reductive citrate cycle, acetyl-CoA => oxoglutarate	Previous algorithm: distinct-gene set coverage	NS	Clade 1	Canonical AioA-associated	R2111_S300_0-10_bin19	1	23.5294117647059	FALSE	FALSE
Carbon	Incomplete reductive citrate cycle, acetyl-CoA => oxoglutarate	Previous algorithm: distinct-gene set coverage	NS	Clade 2	Unknown/uncertain DMSOR	R2111_N500_0-10_bin13	1	11.7647058823529	FALSE	FALSE
Carbon	Methane oxidation, methanotroph, methane => formaldehyde	Previous algorithm: distinct-gene set coverage	IS	Clade 1	Canonical AioA-associated	SY366YW-4-8_bin7	1	0	FALSE	FALSE
Carbon	Methane oxidation, methanotroph, methane => formaldehyde	Previous algorithm: distinct-gene set coverage	IS	Clade 2	Unknown/uncertain DMSOR	SY366YW-0-4_bin2	1	0	FALSE	FALSE
Carbon	Methane oxidation, methanotroph, methane => formaldehyde	Previous algorithm: distinct-gene set coverage	IS	Clade 2	Unknown/uncertain DMSOR	SY368YW-8-12_bin14	1	0	FALSE	FALSE
Carbon	Methane oxidation, methanotroph, methane => formaldehyde	Previous algorithm: distinct-gene set coverage	IS	Clade 2	Unknown/uncertain DMSOR	SY368YW-8-12_bin16	1	0	FALSE	FALSE
Carbon	Methane oxidation, methanotroph, methane => formaldehyde	Previous algorithm: distinct-gene set coverage	IS	Clade 2	Unknown/uncertain DMSOR	SY459WG-0-4_bin26	1	0	FALSE	FALSE
Carbon	Methane oxidation, methanotroph, methane => formaldehyde	Previous algorithm: distinct-gene set coverage	IS	Clade 2	Unknown/uncertain DMSOR	SY459WG-4-8_bin39	1	0	FALSE	FALSE
Carbon	Methane oxidation, methanotroph, methane => formaldehyde	Previous algorithm: distinct-gene set coverage	IS	Clade 3	IdrA-associated without complete DIRM-like synteny	SY365BB-0-4_bin24	1	0	FALSE	FALSE
Carbon	Methane oxidation, methanotroph, methane => formaldehyde	Previous algorithm: distinct-gene set coverage	IS	Clade 3	IdrA-associated without complete DIRM-like synteny	SY365BB-8-12_bin7	1	0	FALSE	FALSE
Carbon	Methane oxidation, methanotroph, methane => formaldehyde	Previous algorithm: distinct-gene set coverage	IS	Clade 3	IdrA-associated without complete DIRM-like synteny	SY366YB-0-4_bin3	1	0	FALSE	FALSE
Carbon	Methane oxidation, methanotroph, methane => formaldehyde	Previous algorithm: distinct-gene set coverage	IS	Clade 3	IdrA-associated without complete DIRM-like synteny	SY366YB-0-4_bin5	1	0	FALSE	FALSE
Carbon	Methane oxidation, methanotroph, methane => formaldehyde	Previous algorithm: distinct-gene set coverage	IS	Clade 3	IdrA-associated without complete DIRM-like synteny	SY368YW-4-8_bin24	1	0	FALSE	FALSE
Carbon	Methane oxidation, methanotroph, methane => formaldehyde	Previous algorithm: distinct-gene set coverage	IS	Clade 3	IdrA-associated without complete DIRM-like synteny	SY456YB-4-8_bin24	1	33.3333333333333	FALSE	FALSE
Carbon	Methane oxidation, methanotroph, methane => formaldehyde	Previous algorithm: distinct-gene set coverage	IS	Clade 3	IdrA-associated without complete DIRM-like synteny	SY456YB-8-12_bin5	1	0	FALSE	FALSE
Carbon	Methane oxidation, methanotroph, methane => formaldehyde	Previous algorithm: distinct-gene set coverage	IS	Clade 3	IdrA-associated without complete DIRM-like synteny	SY457BB-0-4_bin2	1	0	FALSE	FALSE
Carbon	Methane oxidation, methanotroph, methane => formaldehyde	Previous algorithm: distinct-gene set coverage	IS	Clade 3	IdrA-associated without complete DIRM-like synteny	SY457BB-8-12_bin10	1	0	FALSE	FALSE
Carbon	Methane oxidation, methanotroph, methane => formaldehyde	Previous algorithm: distinct-gene set coverage	IS	Clade 3	IdrA-associated without complete DIRM-like synteny	SY457BB-8-12_bin16	1	0	FALSE	FALSE
Carbon	Methane oxidation, methanotroph, methane => formaldehyde	Previous algorithm: distinct-gene set coverage	IS	Clade 3	IdrA-associated without complete DIRM-like synteny	SY459WG-4-8_bin8	1	0	FALSE	FALSE
Carbon	Methane oxidation, methanotroph, methane => formaldehyde	Previous algorithm: distinct-gene set coverage	IS	Clade 3	IdrA-associated without complete DIRM-like synteny	SY459WG-8-12_bin19	1	0	FALSE	FALSE
Carbon	Methane oxidation, methanotroph, methane => formaldehyde	Previous algorithm: distinct-gene set coverage	IS	Clade 4	IdrA-associated with DIRM-like synteny	SY365BB-8-12_bin10	1	0	FALSE	FALSE
Carbon	Methane oxidation, methanotroph, methane => formaldehyde	Previous algorithm: distinct-gene set coverage	IS	Clade 4	IdrA-associated with DIRM-like synteny	SY365BB-8-12_bin26	1	0	FALSE	FALSE
Carbon	Methane oxidation, methanotroph, methane => formaldehyde	Previous algorithm: distinct-gene set coverage	IS	Clade 4	IdrA-associated with DIRM-like synteny	SY365BB-8-12_bin8	1	0	FALSE	FALSE
Carbon	Methane oxidation, methanotroph, methane => formaldehyde	Previous algorithm: distinct-gene set coverage	IS	Clade 4	IdrA-associated with DIRM-like synteny	SY366YW-0-4_bin34	1	0	FALSE	FALSE
Carbon	Methane oxidation, methanotroph, methane => formaldehyde	Previous algorithm: distinct-gene set coverage	IS	Clade 4	IdrA-associated with DIRM-like synteny	SY366YW-0-4_bin9	1	0	FALSE	FALSE
Carbon	Methane oxidation, methanotroph, methane => formaldehyde	Previous algorithm: distinct-gene set coverage	IS	Clade 4	IdrA-associated with DIRM-like synteny	SY366YW-8-12_bin2	1	0	FALSE	FALSE
Carbon	Methane oxidation, methanotroph, methane => formaldehyde	Previous algorithm: distinct-gene set coverage	IS	Clade 4	IdrA-associated with DIRM-like synteny	SY368YW-8-12_bin33	1	0	FALSE	FALSE
Carbon	Methane oxidation, methanotroph, methane => formaldehyde	Previous algorithm: distinct-gene set coverage	IS	Clade 4	IdrA-associated with DIRM-like synteny	SY456YB-0-4_bin8	1	0	FALSE	FALSE
Carbon	Methane oxidation, methanotroph, methane => formaldehyde	Previous algorithm: distinct-gene set coverage	IS	Clade 4	IdrA-associated with DIRM-like synteny	SY456YB-8-12_bin27	1	0	FALSE	FALSE
Carbon	Methane oxidation, methanotroph, methane => formaldehyde	Previous algorithm: distinct-gene set coverage	IS	Clade 4	IdrA-associated with DIRM-like synteny	SY456YB-8-12_bin34	1	0	FALSE	FALSE
Carbon	Methane oxidation, methanotroph, methane => formaldehyde	Previous algorithm: distinct-gene set coverage	IS	Clade 4	IdrA-associated with DIRM-like synteny	SY456YB-8-12_bin4	1	0	FALSE	FALSE
Carbon	Methane oxidation, methanotroph, methane => formaldehyde	Previous algorithm: distinct-gene set coverage	IS	Clade 4	IdrA-associated with DIRM-like synteny	SY457BB-0-4_bin35	1	0	FALSE	FALSE
Carbon	Methane oxidation, methanotroph, methane => formaldehyde	Previous algorithm: distinct-gene set coverage	IS	Clade 4	IdrA-associated with DIRM-like synteny	SY457BB-0-4_bin6	1	0	FALSE	FALSE
Carbon	Methane oxidation, methanotroph, methane => formaldehyde	Previous algorithm: distinct-gene set coverage	IS	Clade 4	IdrA-associated with DIRM-like synteny	SY457BB-4-8_bin29	1	0	FALSE	FALSE
Carbon	Methane oxidation, methanotroph, methane => formaldehyde	Previous algorithm: distinct-gene set coverage	IS	Clade 4	IdrA-associated with DIRM-like synteny	SY457BB-4-8_bin33	1	0	FALSE	FALSE
Carbon	Methane oxidation, methanotroph, methane => formaldehyde	Previous algorithm: distinct-gene set coverage	IS	Clade 4	IdrA-associated with DIRM-like synteny	SY457BB-8-12_bin15	1	8.33333333333333	FALSE	FALSE
Carbon	Methane oxidation, methanotroph, methane => formaldehyde	Previous algorithm: distinct-gene set coverage	IS	Clade 4	IdrA-associated with DIRM-like synteny	SY457BB-8-12_bin25	1	0	FALSE	FALSE
Carbon	Methane oxidation, methanotroph, methane => formaldehyde	Previous algorithm: distinct-gene set coverage	IS	Clade 4	IdrA-associated with DIRM-like synteny	SY457BB-8-12_bin4	1	0	FALSE	FALSE
Carbon	Methane oxidation, methanotroph, methane => formaldehyde	Previous algorithm: distinct-gene set coverage	IS	Clade 4	IdrA-associated with DIRM-like synteny	SY459WG-0-4_bin37	1	0	FALSE	FALSE
Carbon	Methane oxidation, methanotroph, methane => formaldehyde	Previous algorithm: distinct-gene set coverage	IS	Clade 4	IdrA-associated with DIRM-like synteny	SY459WG-8-12_bin2	1	8.33333333333333	FALSE	FALSE
Carbon	Methane oxidation, methanotroph, methane => formaldehyde	Previous algorithm: distinct-gene set coverage	AS	Clade 1	Canonical AioA-associated	S1_9-12_bin1	1	0	FALSE	FALSE
Carbon	Methane oxidation, methanotroph, methane => formaldehyde	Previous algorithm: distinct-gene set coverage	AS	Clade 2	Unknown/uncertain DMSOR	SQ_58_0-4_bin4	1	0	FALSE	FALSE
Carbon	Methane oxidation, methanotroph, methane => formaldehyde	Previous algorithm: distinct-gene set coverage	AS	Clade 3	IdrA-associated without complete DIRM-like synteny	S1_9-12_bin1	1	0	FALSE	FALSE
Carbon	Methane oxidation, methanotroph, methane => formaldehyde	Previous algorithm: distinct-gene set coverage	ES	Clade 3	IdrA-associated without complete DIRM-like synteny	C1_12-18_bin19	1	0	FALSE	FALSE
Carbon	Methane oxidation, methanotroph, methane => formaldehyde	Previous algorithm: distinct-gene set coverage	ES	Clade 3	IdrA-associated without complete DIRM-like synteny	C1_12-18_bin24	1	0	FALSE	FALSE
Carbon	Methane oxidation, methanotroph, methane => formaldehyde	Previous algorithm: distinct-gene set coverage	ES	Clade 3	IdrA-associated without complete DIRM-like synteny	C2_12-18_bin11	1	0	FALSE	FALSE
Carbon	Methane oxidation, methanotroph, methane => formaldehyde	Previous algorithm: distinct-gene set coverage	ES	Clade 3	IdrA-associated without complete DIRM-like synteny	C2_12-18_bin17	1	0	FALSE	FALSE
Carbon	Methane oxidation, methanotroph, methane => formaldehyde	Previous algorithm: distinct-gene set coverage	ES	Clade 3	IdrA-associated without complete DIRM-like synteny	S13_0-2_bin3	1	0	FALSE	FALSE
Carbon	Methane oxidation, methanotroph, methane => formaldehyde	Previous algorithm: distinct-gene set coverage	ES	Clade 3	IdrA-associated without complete DIRM-like synteny	S15_8-10_bin20	1	0	FALSE	FALSE
Carbon	Methane oxidation, methanotroph, methane => formaldehyde	Previous algorithm: distinct-gene set coverage	NS	Clade 1	Canonical AioA-associated	R2111_S300_0-10_bin19	1	0	FALSE	FALSE
Carbon	Methane oxidation, methanotroph, methane => formaldehyde	Previous algorithm: distinct-gene set coverage	NS	Clade 2	Unknown/uncertain DMSOR	R2111_N500_0-10_bin13	1	0	FALSE	FALSE
Carbon	Methanogenesis, CO2 => methane	Previous algorithm: distinct-gene set coverage	IS	Clade 1	Canonical AioA-associated	SY366YW-4-8_bin7	1	0	FALSE	FALSE
Carbon	Methanogenesis, CO2 => methane	Previous algorithm: distinct-gene set coverage	IS	Clade 2	Unknown/uncertain DMSOR	SY366YW-0-4_bin2	1	2.7027027027027	FALSE	FALSE
Carbon	Methanogenesis, CO2 => methane	Previous algorithm: distinct-gene set coverage	IS	Clade 2	Unknown/uncertain DMSOR	SY368YW-8-12_bin14	1	5.4054054054054	FALSE	FALSE
Carbon	Methanogenesis, CO2 => methane	Previous algorithm: distinct-gene set coverage	IS	Clade 2	Unknown/uncertain DMSOR	SY368YW-8-12_bin16	1	8.10810810810811	FALSE	FALSE
Carbon	Methanogenesis, CO2 => methane	Previous algorithm: distinct-gene set coverage	IS	Clade 2	Unknown/uncertain DMSOR	SY459WG-0-4_bin26	1	2.7027027027027	FALSE	FALSE
Carbon	Methanogenesis, CO2 => methane	Previous algorithm: distinct-gene set coverage	IS	Clade 2	Unknown/uncertain DMSOR	SY459WG-4-8_bin39	1	8.10810810810811	FALSE	FALSE
Carbon	Methanogenesis, CO2 => methane	Previous algorithm: distinct-gene set coverage	IS	Clade 3	IdrA-associated without complete DIRM-like synteny	SY365BB-0-4_bin24	1	0	FALSE	FALSE
Carbon	Methanogenesis, CO2 => methane	Previous algorithm: distinct-gene set coverage	IS	Clade 3	IdrA-associated without complete DIRM-like synteny	SY365BB-8-12_bin7	1	0	FALSE	FALSE
Carbon	Methanogenesis, CO2 => methane	Previous algorithm: distinct-gene set coverage	IS	Clade 3	IdrA-associated without complete DIRM-like synteny	SY366YB-0-4_bin3	1	0	FALSE	FALSE
Carbon	Methanogenesis, CO2 => methane	Previous algorithm: distinct-gene set coverage	IS	Clade 3	IdrA-associated without complete DIRM-like synteny	SY366YB-0-4_bin5	1	0	FALSE	FALSE
Carbon	Methanogenesis, CO2 => methane	Previous algorithm: distinct-gene set coverage	IS	Clade 3	IdrA-associated without complete DIRM-like synteny	SY368YW-4-8_bin24	1	0	FALSE	FALSE
Carbon	Methanogenesis, CO2 => methane	Previous algorithm: distinct-gene set coverage	IS	Clade 3	IdrA-associated without complete DIRM-like synteny	SY456YB-4-8_bin24	1	0	FALSE	FALSE
Carbon	Methanogenesis, CO2 => methane	Previous algorithm: distinct-gene set coverage	IS	Clade 3	IdrA-associated without complete DIRM-like synteny	SY456YB-8-12_bin5	1	0	FALSE	FALSE
Carbon	Methanogenesis, CO2 => methane	Previous algorithm: distinct-gene set coverage	IS	Clade 3	IdrA-associated without complete DIRM-like synteny	SY457BB-0-4_bin2	1	0	FALSE	FALSE
Carbon	Methanogenesis, CO2 => methane	Previous algorithm: distinct-gene set coverage	IS	Clade 3	IdrA-associated without complete DIRM-like synteny	SY457BB-8-12_bin10	1	0	FALSE	FALSE
Carbon	Methanogenesis, CO2 => methane	Previous algorithm: distinct-gene set coverage	IS	Clade 3	IdrA-associated without complete DIRM-like synteny	SY457BB-8-12_bin16	1	0	FALSE	FALSE
Carbon	Methanogenesis, CO2 => methane	Previous algorithm: distinct-gene set coverage	IS	Clade 3	IdrA-associated without complete DIRM-like synteny	SY459WG-4-8_bin8	1	0	FALSE	FALSE
Carbon	Methanogenesis, CO2 => methane	Previous algorithm: distinct-gene set coverage	IS	Clade 3	IdrA-associated without complete DIRM-like synteny	SY459WG-8-12_bin19	1	0	FALSE	FALSE
Carbon	Methanogenesis, CO2 => methane	Previous algorithm: distinct-gene set coverage	IS	Clade 4	IdrA-associated with DIRM-like synteny	SY365BB-8-12_bin10	1	0	FALSE	FALSE
Carbon	Methanogenesis, CO2 => methane	Previous algorithm: distinct-gene set coverage	IS	Clade 4	IdrA-associated with DIRM-like synteny	SY365BB-8-12_bin26	1	0	FALSE	FALSE
Carbon	Methanogenesis, CO2 => methane	Previous algorithm: distinct-gene set coverage	IS	Clade 4	IdrA-associated with DIRM-like synteny	SY365BB-8-12_bin8	1	0	FALSE	FALSE
Carbon	Methanogenesis, CO2 => methane	Previous algorithm: distinct-gene set coverage	IS	Clade 4	IdrA-associated with DIRM-like synteny	SY366YW-0-4_bin34	1	0	FALSE	FALSE
Carbon	Methanogenesis, CO2 => methane	Previous algorithm: distinct-gene set coverage	IS	Clade 4	IdrA-associated with DIRM-like synteny	SY366YW-0-4_bin9	1	8.10810810810811	FALSE	FALSE
Carbon	Methanogenesis, CO2 => methane	Previous algorithm: distinct-gene set coverage	IS	Clade 4	IdrA-associated with DIRM-like synteny	SY366YW-8-12_bin2	1	0	FALSE	FALSE
Carbon	Methanogenesis, CO2 => methane	Previous algorithm: distinct-gene set coverage	IS	Clade 4	IdrA-associated with DIRM-like synteny	SY368YW-8-12_bin33	1	0	FALSE	FALSE
Carbon	Methanogenesis, CO2 => methane	Previous algorithm: distinct-gene set coverage	IS	Clade 4	IdrA-associated with DIRM-like synteny	SY456YB-0-4_bin8	1	0	FALSE	FALSE
Carbon	Methanogenesis, CO2 => methane	Previous algorithm: distinct-gene set coverage	IS	Clade 4	IdrA-associated with DIRM-like synteny	SY456YB-8-12_bin27	1	0	FALSE	FALSE
Carbon	Methanogenesis, CO2 => methane	Previous algorithm: distinct-gene set coverage	IS	Clade 4	IdrA-associated with DIRM-like synteny	SY456YB-8-12_bin34	1	0	FALSE	FALSE
Carbon	Methanogenesis, CO2 => methane	Previous algorithm: distinct-gene set coverage	IS	Clade 4	IdrA-associated with DIRM-like synteny	SY456YB-8-12_bin4	1	5.4054054054054	FALSE	FALSE
Carbon	Methanogenesis, CO2 => methane	Previous algorithm: distinct-gene set coverage	IS	Clade 4	IdrA-associated with DIRM-like synteny	SY457BB-0-4_bin35	1	0	FALSE	FALSE
Carbon	Methanogenesis, CO2 => methane	Previous algorithm: distinct-gene set coverage	IS	Clade 4	IdrA-associated with DIRM-like synteny	SY457BB-0-4_bin6	1	0	FALSE	FALSE
Carbon	Methanogenesis, CO2 => methane	Previous algorithm: distinct-gene set coverage	IS	Clade 4	IdrA-associated with DIRM-like synteny	SY457BB-4-8_bin29	1	0	FALSE	FALSE
Carbon	Methanogenesis, CO2 => methane	Previous algorithm: distinct-gene set coverage	IS	Clade 4	IdrA-associated with DIRM-like synteny	SY457BB-4-8_bin33	1	0	FALSE	FALSE
Carbon	Methanogenesis, CO2 => methane	Previous algorithm: distinct-gene set coverage	IS	Clade 4	IdrA-associated with DIRM-like synteny	SY457BB-8-12_bin15	1	0	FALSE	FALSE
Carbon	Methanogenesis, CO2 => methane	Previous algorithm: distinct-gene set coverage	IS	Clade 4	IdrA-associated with DIRM-like synteny	SY457BB-8-12_bin25	1	0	FALSE	FALSE
Carbon	Methanogenesis, CO2 => methane	Previous algorithm: distinct-gene set coverage	IS	Clade 4	IdrA-associated with DIRM-like synteny	SY457BB-8-12_bin4	1	0	FALSE	FALSE
Carbon	Methanogenesis, CO2 => methane	Previous algorithm: distinct-gene set coverage	IS	Clade 4	IdrA-associated with DIRM-like synteny	SY459WG-0-4_bin37	1	0	FALSE	FALSE
Carbon	Methanogenesis, CO2 => methane	Previous algorithm: distinct-gene set coverage	IS	Clade 4	IdrA-associated with DIRM-like synteny	SY459WG-8-12_bin2	1	0	FALSE	FALSE
Carbon	Methanogenesis, CO2 => methane	Previous algorithm: distinct-gene set coverage	AS	Clade 1	Canonical AioA-associated	S1_9-12_bin1	1	0	FALSE	FALSE
Carbon	Methanogenesis, CO2 => methane	Previous algorithm: distinct-gene set coverage	AS	Clade 2	Unknown/uncertain DMSOR	SQ_58_0-4_bin4	1	2.7027027027027	FALSE	FALSE
Carbon	Methanogenesis, CO2 => methane	Previous algorithm: distinct-gene set coverage	AS	Clade 3	IdrA-associated without complete DIRM-like synteny	S1_9-12_bin1	1	0	FALSE	FALSE
Carbon	Methanogenesis, CO2 => methane	Previous algorithm: distinct-gene set coverage	ES	Clade 3	IdrA-associated without complete DIRM-like synteny	C1_12-18_bin19	1	5.4054054054054	FALSE	FALSE
Carbon	Methanogenesis, CO2 => methane	Previous algorithm: distinct-gene set coverage	ES	Clade 3	IdrA-associated without complete DIRM-like synteny	C1_12-18_bin24	1	8.10810810810811	FALSE	FALSE
Carbon	Methanogenesis, CO2 => methane	Previous algorithm: distinct-gene set coverage	ES	Clade 3	IdrA-associated without complete DIRM-like synteny	C2_12-18_bin11	1	0	FALSE	FALSE
Carbon	Methanogenesis, CO2 => methane	Previous algorithm: distinct-gene set coverage	ES	Clade 3	IdrA-associated without complete DIRM-like synteny	C2_12-18_bin17	1	18.9189189189189	FALSE	FALSE
Carbon	Methanogenesis, CO2 => methane	Previous algorithm: distinct-gene set coverage	ES	Clade 3	IdrA-associated without complete DIRM-like synteny	S13_0-2_bin3	1	0	FALSE	FALSE
Carbon	Methanogenesis, CO2 => methane	Previous algorithm: distinct-gene set coverage	ES	Clade 3	IdrA-associated without complete DIRM-like synteny	S15_8-10_bin20	1	0	FALSE	FALSE
Carbon	Methanogenesis, CO2 => methane	Previous algorithm: distinct-gene set coverage	NS	Clade 1	Canonical AioA-associated	R2111_S300_0-10_bin19	1	0	FALSE	FALSE
Carbon	Methanogenesis, CO2 => methane	Previous algorithm: distinct-gene set coverage	NS	Clade 2	Unknown/uncertain DMSOR	R2111_N500_0-10_bin13	1	2.7027027027027	FALSE	FALSE
Carbon	Methanogenesis, acetate => methane	Previous algorithm: distinct-gene set coverage	IS	Clade 1	Canonical AioA-associated	SY366YW-4-8_bin7	1	3.2258064516129	FALSE	FALSE
Carbon	Methanogenesis, acetate => methane	Previous algorithm: distinct-gene set coverage	IS	Clade 2	Unknown/uncertain DMSOR	SY366YW-0-4_bin2	1	0	FALSE	FALSE
Carbon	Methanogenesis, acetate => methane	Previous algorithm: distinct-gene set coverage	IS	Clade 2	Unknown/uncertain DMSOR	SY368YW-8-12_bin14	1	6.45161290322581	FALSE	FALSE
Carbon	Methanogenesis, acetate => methane	Previous algorithm: distinct-gene set coverage	IS	Clade 2	Unknown/uncertain DMSOR	SY368YW-8-12_bin16	1	9.67741935483871	FALSE	FALSE
Carbon	Methanogenesis, acetate => methane	Previous algorithm: distinct-gene set coverage	IS	Clade 2	Unknown/uncertain DMSOR	SY459WG-0-4_bin26	1	3.2258064516129	FALSE	FALSE
Carbon	Methanogenesis, acetate => methane	Previous algorithm: distinct-gene set coverage	IS	Clade 2	Unknown/uncertain DMSOR	SY459WG-4-8_bin39	1	6.45161290322581	FALSE	FALSE
Carbon	Methanogenesis, acetate => methane	Previous algorithm: distinct-gene set coverage	IS	Clade 3	IdrA-associated without complete DIRM-like synteny	SY365BB-0-4_bin24	1	12.9032258064516	FALSE	FALSE
Carbon	Methanogenesis, acetate => methane	Previous algorithm: distinct-gene set coverage	IS	Clade 3	IdrA-associated without complete DIRM-like synteny	SY365BB-8-12_bin7	1	12.9032258064516	FALSE	FALSE
Carbon	Methanogenesis, acetate => methane	Previous algorithm: distinct-gene set coverage	IS	Clade 3	IdrA-associated without complete DIRM-like synteny	SY366YB-0-4_bin3	1	0	FALSE	FALSE
Carbon	Methanogenesis, acetate => methane	Previous algorithm: distinct-gene set coverage	IS	Clade 3	IdrA-associated without complete DIRM-like synteny	SY366YB-0-4_bin5	1	3.2258064516129	FALSE	FALSE
Carbon	Methanogenesis, acetate => methane	Previous algorithm: distinct-gene set coverage	IS	Clade 3	IdrA-associated without complete DIRM-like synteny	SY368YW-4-8_bin24	1	6.45161290322581	FALSE	FALSE
Carbon	Methanogenesis, acetate => methane	Previous algorithm: distinct-gene set coverage	IS	Clade 3	IdrA-associated without complete DIRM-like synteny	SY456YB-4-8_bin24	1	6.45161290322581	FALSE	FALSE
Carbon	Methanogenesis, acetate => methane	Previous algorithm: distinct-gene set coverage	IS	Clade 3	IdrA-associated without complete DIRM-like synteny	SY456YB-8-12_bin5	1	3.2258064516129	FALSE	FALSE
Carbon	Methanogenesis, acetate => methane	Previous algorithm: distinct-gene set coverage	IS	Clade 3	IdrA-associated without complete DIRM-like synteny	SY457BB-0-4_bin2	1	3.2258064516129	FALSE	FALSE
Carbon	Methanogenesis, acetate => methane	Previous algorithm: distinct-gene set coverage	IS	Clade 3	IdrA-associated without complete DIRM-like synteny	SY457BB-8-12_bin10	1	6.45161290322581	FALSE	FALSE
Carbon	Methanogenesis, acetate => methane	Previous algorithm: distinct-gene set coverage	IS	Clade 3	IdrA-associated without complete DIRM-like synteny	SY457BB-8-12_bin16	1	0	FALSE	FALSE
Carbon	Methanogenesis, acetate => methane	Previous algorithm: distinct-gene set coverage	IS	Clade 3	IdrA-associated without complete DIRM-like synteny	SY459WG-4-8_bin8	1	3.2258064516129	FALSE	FALSE
Carbon	Methanogenesis, acetate => methane	Previous algorithm: distinct-gene set coverage	IS	Clade 3	IdrA-associated without complete DIRM-like synteny	SY459WG-8-12_bin19	1	6.45161290322581	FALSE	FALSE
Carbon	Methanogenesis, acetate => methane	Previous algorithm: distinct-gene set coverage	IS	Clade 4	IdrA-associated with DIRM-like synteny	SY365BB-8-12_bin10	1	3.2258064516129	FALSE	FALSE
Carbon	Methanogenesis, acetate => methane	Previous algorithm: distinct-gene set coverage	IS	Clade 4	IdrA-associated with DIRM-like synteny	SY365BB-8-12_bin26	1	6.45161290322581	FALSE	FALSE
Carbon	Methanogenesis, acetate => methane	Previous algorithm: distinct-gene set coverage	IS	Clade 4	IdrA-associated with DIRM-like synteny	SY365BB-8-12_bin8	1	3.2258064516129	FALSE	FALSE
Carbon	Methanogenesis, acetate => methane	Previous algorithm: distinct-gene set coverage	IS	Clade 4	IdrA-associated with DIRM-like synteny	SY366YW-0-4_bin34	1	3.2258064516129	FALSE	FALSE
Carbon	Methanogenesis, acetate => methane	Previous algorithm: distinct-gene set coverage	IS	Clade 4	IdrA-associated with DIRM-like synteny	SY366YW-0-4_bin9	1	12.9032258064516	FALSE	FALSE
Carbon	Methanogenesis, acetate => methane	Previous algorithm: distinct-gene set coverage	IS	Clade 4	IdrA-associated with DIRM-like synteny	SY366YW-8-12_bin2	1	3.2258064516129	FALSE	FALSE
Carbon	Methanogenesis, acetate => methane	Previous algorithm: distinct-gene set coverage	IS	Clade 4	IdrA-associated with DIRM-like synteny	SY368YW-8-12_bin33	1	3.2258064516129	FALSE	FALSE
Carbon	Methanogenesis, acetate => methane	Previous algorithm: distinct-gene set coverage	IS	Clade 4	IdrA-associated with DIRM-like synteny	SY456YB-0-4_bin8	1	3.2258064516129	FALSE	FALSE
Carbon	Methanogenesis, acetate => methane	Previous algorithm: distinct-gene set coverage	IS	Clade 4	IdrA-associated with DIRM-like synteny	SY456YB-8-12_bin27	1	3.2258064516129	FALSE	FALSE
Carbon	Methanogenesis, acetate => methane	Previous algorithm: distinct-gene set coverage	IS	Clade 4	IdrA-associated with DIRM-like synteny	SY456YB-8-12_bin34	1	3.2258064516129	FALSE	FALSE
Carbon	Methanogenesis, acetate => methane	Previous algorithm: distinct-gene set coverage	IS	Clade 4	IdrA-associated with DIRM-like synteny	SY456YB-8-12_bin4	1	12.9032258064516	FALSE	FALSE
Carbon	Methanogenesis, acetate => methane	Previous algorithm: distinct-gene set coverage	IS	Clade 4	IdrA-associated with DIRM-like synteny	SY457BB-0-4_bin35	1	3.2258064516129	FALSE	FALSE
Carbon	Methanogenesis, acetate => methane	Previous algorithm: distinct-gene set coverage	IS	Clade 4	IdrA-associated with DIRM-like synteny	SY457BB-0-4_bin6	1	6.45161290322581	FALSE	FALSE
Carbon	Methanogenesis, acetate => methane	Previous algorithm: distinct-gene set coverage	IS	Clade 4	IdrA-associated with DIRM-like synteny	SY457BB-4-8_bin29	1	3.2258064516129	FALSE	FALSE
Carbon	Methanogenesis, acetate => methane	Previous algorithm: distinct-gene set coverage	IS	Clade 4	IdrA-associated with DIRM-like synteny	SY457BB-4-8_bin33	1	6.45161290322581	FALSE	FALSE
Carbon	Methanogenesis, acetate => methane	Previous algorithm: distinct-gene set coverage	IS	Clade 4	IdrA-associated with DIRM-like synteny	SY457BB-8-12_bin15	1	3.2258064516129	FALSE	FALSE
Carbon	Methanogenesis, acetate => methane	Previous algorithm: distinct-gene set coverage	IS	Clade 4	IdrA-associated with DIRM-like synteny	SY457BB-8-12_bin25	1	3.2258064516129	FALSE	FALSE
Carbon	Methanogenesis, acetate => methane	Previous algorithm: distinct-gene set coverage	IS	Clade 4	IdrA-associated with DIRM-like synteny	SY457BB-8-12_bin4	1	6.45161290322581	FALSE	FALSE
Carbon	Methanogenesis, acetate => methane	Previous algorithm: distinct-gene set coverage	IS	Clade 4	IdrA-associated with DIRM-like synteny	SY459WG-0-4_bin37	1	3.2258064516129	FALSE	FALSE
Carbon	Methanogenesis, acetate => methane	Previous algorithm: distinct-gene set coverage	IS	Clade 4	IdrA-associated with DIRM-like synteny	SY459WG-8-12_bin2	1	6.45161290322581	FALSE	FALSE
Carbon	Methanogenesis, acetate => methane	Previous algorithm: distinct-gene set coverage	AS	Clade 1	Canonical AioA-associated	S1_9-12_bin1	1	3.2258064516129	FALSE	FALSE
Carbon	Methanogenesis, acetate => methane	Previous algorithm: distinct-gene set coverage	AS	Clade 2	Unknown/uncertain DMSOR	SQ_58_0-4_bin4	1	0	FALSE	FALSE
Carbon	Methanogenesis, acetate => methane	Previous algorithm: distinct-gene set coverage	AS	Clade 3	IdrA-associated without complete DIRM-like synteny	S1_9-12_bin1	1	3.2258064516129	FALSE	FALSE
Carbon	Methanogenesis, acetate => methane	Previous algorithm: distinct-gene set coverage	ES	Clade 3	IdrA-associated without complete DIRM-like synteny	C1_12-18_bin19	1	9.67741935483871	FALSE	FALSE
Carbon	Methanogenesis, acetate => methane	Previous algorithm: distinct-gene set coverage	ES	Clade 3	IdrA-associated without complete DIRM-like synteny	C1_12-18_bin24	1	16.1290322580645	FALSE	FALSE
Carbon	Methanogenesis, acetate => methane	Previous algorithm: distinct-gene set coverage	ES	Clade 3	IdrA-associated without complete DIRM-like synteny	C2_12-18_bin11	1	6.45161290322581	FALSE	FALSE
Carbon	Methanogenesis, acetate => methane	Previous algorithm: distinct-gene set coverage	ES	Clade 3	IdrA-associated without complete DIRM-like synteny	C2_12-18_bin17	1	19.3548387096774	FALSE	FALSE
Carbon	Methanogenesis, acetate => methane	Previous algorithm: distinct-gene set coverage	ES	Clade 3	IdrA-associated without complete DIRM-like synteny	S13_0-2_bin3	1	6.45161290322581	FALSE	FALSE
Carbon	Methanogenesis, acetate => methane	Previous algorithm: distinct-gene set coverage	ES	Clade 3	IdrA-associated without complete DIRM-like synteny	S15_8-10_bin20	1	0	FALSE	FALSE
Carbon	Methanogenesis, acetate => methane	Previous algorithm: distinct-gene set coverage	NS	Clade 1	Canonical AioA-associated	R2111_S300_0-10_bin19	1	6.45161290322581	FALSE	FALSE
Carbon	Methanogenesis, acetate => methane	Previous algorithm: distinct-gene set coverage	NS	Clade 2	Unknown/uncertain DMSOR	R2111_N500_0-10_bin13	1	9.67741935483871	FALSE	FALSE
Carbon	Methanogenesis, methanethiol => methane	Previous algorithm: distinct-gene set coverage	IS	Clade 1	Canonical AioA-associated	SY366YW-4-8_bin7	1	0	FALSE	FALSE
Carbon	Methanogenesis, methanethiol => methane	Previous algorithm: distinct-gene set coverage	IS	Clade 2	Unknown/uncertain DMSOR	SY366YW-0-4_bin2	1	0	FALSE	FALSE
Carbon	Methanogenesis, methanethiol => methane	Previous algorithm: distinct-gene set coverage	IS	Clade 2	Unknown/uncertain DMSOR	SY368YW-8-12_bin14	1	0	FALSE	FALSE
Carbon	Methanogenesis, methanethiol => methane	Previous algorithm: distinct-gene set coverage	IS	Clade 2	Unknown/uncertain DMSOR	SY368YW-8-12_bin16	1	0	FALSE	FALSE
Carbon	Methanogenesis, methanethiol => methane	Previous algorithm: distinct-gene set coverage	IS	Clade 2	Unknown/uncertain DMSOR	SY459WG-0-4_bin26	1	0	FALSE	FALSE
Carbon	Methanogenesis, methanethiol => methane	Previous algorithm: distinct-gene set coverage	IS	Clade 2	Unknown/uncertain DMSOR	SY459WG-4-8_bin39	1	0	FALSE	FALSE
Carbon	Methanogenesis, methanethiol => methane	Previous algorithm: distinct-gene set coverage	IS	Clade 3	IdrA-associated without complete DIRM-like synteny	SY365BB-0-4_bin24	1	0	FALSE	FALSE
Carbon	Methanogenesis, methanethiol => methane	Previous algorithm: distinct-gene set coverage	IS	Clade 3	IdrA-associated without complete DIRM-like synteny	SY365BB-8-12_bin7	1	0	FALSE	FALSE
Carbon	Methanogenesis, methanethiol => methane	Previous algorithm: distinct-gene set coverage	IS	Clade 3	IdrA-associated without complete DIRM-like synteny	SY366YB-0-4_bin3	1	0	FALSE	FALSE
Carbon	Methanogenesis, methanethiol => methane	Previous algorithm: distinct-gene set coverage	IS	Clade 3	IdrA-associated without complete DIRM-like synteny	SY366YB-0-4_bin5	1	0	FALSE	FALSE
Carbon	Methanogenesis, methanethiol => methane	Previous algorithm: distinct-gene set coverage	IS	Clade 3	IdrA-associated without complete DIRM-like synteny	SY368YW-4-8_bin24	1	0	FALSE	FALSE
Carbon	Methanogenesis, methanethiol => methane	Previous algorithm: distinct-gene set coverage	IS	Clade 3	IdrA-associated without complete DIRM-like synteny	SY456YB-4-8_bin24	1	0	FALSE	FALSE
Carbon	Methanogenesis, methanethiol => methane	Previous algorithm: distinct-gene set coverage	IS	Clade 3	IdrA-associated without complete DIRM-like synteny	SY456YB-8-12_bin5	1	0	FALSE	FALSE
Carbon	Methanogenesis, methanethiol => methane	Previous algorithm: distinct-gene set coverage	IS	Clade 3	IdrA-associated without complete DIRM-like synteny	SY457BB-0-4_bin2	1	0	FALSE	FALSE
Carbon	Methanogenesis, methanethiol => methane	Previous algorithm: distinct-gene set coverage	IS	Clade 3	IdrA-associated without complete DIRM-like synteny	SY457BB-8-12_bin10	1	0	FALSE	FALSE
Carbon	Methanogenesis, methanethiol => methane	Previous algorithm: distinct-gene set coverage	IS	Clade 3	IdrA-associated without complete DIRM-like synteny	SY457BB-8-12_bin16	1	0	FALSE	FALSE
Carbon	Methanogenesis, methanethiol => methane	Previous algorithm: distinct-gene set coverage	IS	Clade 3	IdrA-associated without complete DIRM-like synteny	SY459WG-4-8_bin8	1	0	FALSE	FALSE
Carbon	Methanogenesis, methanethiol => methane	Previous algorithm: distinct-gene set coverage	IS	Clade 3	IdrA-associated without complete DIRM-like synteny	SY459WG-8-12_bin19	1	0	FALSE	FALSE
Carbon	Methanogenesis, methanethiol => methane	Previous algorithm: distinct-gene set coverage	IS	Clade 4	IdrA-associated with DIRM-like synteny	SY365BB-8-12_bin10	1	0	FALSE	FALSE
Carbon	Methanogenesis, methanethiol => methane	Previous algorithm: distinct-gene set coverage	IS	Clade 4	IdrA-associated with DIRM-like synteny	SY365BB-8-12_bin26	1	0	FALSE	FALSE
Carbon	Methanogenesis, methanethiol => methane	Previous algorithm: distinct-gene set coverage	IS	Clade 4	IdrA-associated with DIRM-like synteny	SY365BB-8-12_bin8	1	0	FALSE	FALSE
Carbon	Methanogenesis, methanethiol => methane	Previous algorithm: distinct-gene set coverage	IS	Clade 4	IdrA-associated with DIRM-like synteny	SY366YW-0-4_bin34	1	0	FALSE	FALSE
Carbon	Methanogenesis, methanethiol => methane	Previous algorithm: distinct-gene set coverage	IS	Clade 4	IdrA-associated with DIRM-like synteny	SY366YW-0-4_bin9	1	0	FALSE	FALSE
Carbon	Methanogenesis, methanethiol => methane	Previous algorithm: distinct-gene set coverage	IS	Clade 4	IdrA-associated with DIRM-like synteny	SY366YW-8-12_bin2	1	0	FALSE	FALSE
Carbon	Methanogenesis, methanethiol => methane	Previous algorithm: distinct-gene set coverage	IS	Clade 4	IdrA-associated with DIRM-like synteny	SY368YW-8-12_bin33	1	0	FALSE	FALSE
Carbon	Methanogenesis, methanethiol => methane	Previous algorithm: distinct-gene set coverage	IS	Clade 4	IdrA-associated with DIRM-like synteny	SY456YB-0-4_bin8	1	0	FALSE	FALSE
Carbon	Methanogenesis, methanethiol => methane	Previous algorithm: distinct-gene set coverage	IS	Clade 4	IdrA-associated with DIRM-like synteny	SY456YB-8-12_bin27	1	0	FALSE	FALSE
Carbon	Methanogenesis, methanethiol => methane	Previous algorithm: distinct-gene set coverage	IS	Clade 4	IdrA-associated with DIRM-like synteny	SY456YB-8-12_bin34	1	0	FALSE	FALSE
Carbon	Methanogenesis, methanethiol => methane	Previous algorithm: distinct-gene set coverage	IS	Clade 4	IdrA-associated with DIRM-like synteny	SY456YB-8-12_bin4	1	0	FALSE	FALSE
Carbon	Methanogenesis, methanethiol => methane	Previous algorithm: distinct-gene set coverage	IS	Clade 4	IdrA-associated with DIRM-like synteny	SY457BB-0-4_bin35	1	0	FALSE	FALSE
Carbon	Methanogenesis, methanethiol => methane	Previous algorithm: distinct-gene set coverage	IS	Clade 4	IdrA-associated with DIRM-like synteny	SY457BB-0-4_bin6	1	0	FALSE	FALSE
Carbon	Methanogenesis, methanethiol => methane	Previous algorithm: distinct-gene set coverage	IS	Clade 4	IdrA-associated with DIRM-like synteny	SY457BB-4-8_bin29	1	0	FALSE	FALSE
Carbon	Methanogenesis, methanethiol => methane	Previous algorithm: distinct-gene set coverage	IS	Clade 4	IdrA-associated with DIRM-like synteny	SY457BB-4-8_bin33	1	0	FALSE	FALSE
Carbon	Methanogenesis, methanethiol => methane	Previous algorithm: distinct-gene set coverage	IS	Clade 4	IdrA-associated with DIRM-like synteny	SY457BB-8-12_bin15	1	0	FALSE	FALSE
Carbon	Methanogenesis, methanethiol => methane	Previous algorithm: distinct-gene set coverage	IS	Clade 4	IdrA-associated with DIRM-like synteny	SY457BB-8-12_bin25	1	0	FALSE	FALSE
Carbon	Methanogenesis, methanethiol => methane	Previous algorithm: distinct-gene set coverage	IS	Clade 4	IdrA-associated with DIRM-like synteny	SY457BB-8-12_bin4	1	0	FALSE	FALSE
Carbon	Methanogenesis, methanethiol => methane	Previous algorithm: distinct-gene set coverage	IS	Clade 4	IdrA-associated with DIRM-like synteny	SY459WG-0-4_bin37	1	0	FALSE	FALSE
Carbon	Methanogenesis, methanethiol => methane	Previous algorithm: distinct-gene set coverage	IS	Clade 4	IdrA-associated with DIRM-like synteny	SY459WG-8-12_bin2	1	0	FALSE	FALSE
Carbon	Methanogenesis, methanethiol => methane	Previous algorithm: distinct-gene set coverage	AS	Clade 1	Canonical AioA-associated	S1_9-12_bin1	1	0	FALSE	FALSE
Carbon	Methanogenesis, methanethiol => methane	Previous algorithm: distinct-gene set coverage	AS	Clade 2	Unknown/uncertain DMSOR	SQ_58_0-4_bin4	1	0	FALSE	FALSE
Carbon	Methanogenesis, methanethiol => methane	Previous algorithm: distinct-gene set coverage	AS	Clade 3	IdrA-associated without complete DIRM-like synteny	S1_9-12_bin1	1	0	FALSE	FALSE
Carbon	Methanogenesis, methanethiol => methane	Previous algorithm: distinct-gene set coverage	ES	Clade 3	IdrA-associated without complete DIRM-like synteny	C1_12-18_bin19	1	0	FALSE	FALSE
Carbon	Methanogenesis, methanethiol => methane	Previous algorithm: distinct-gene set coverage	ES	Clade 3	IdrA-associated without complete DIRM-like synteny	C1_12-18_bin24	1	0	FALSE	FALSE
Carbon	Methanogenesis, methanethiol => methane	Previous algorithm: distinct-gene set coverage	ES	Clade 3	IdrA-associated without complete DIRM-like synteny	C2_12-18_bin11	1	0	FALSE	FALSE
Carbon	Methanogenesis, methanethiol => methane	Previous algorithm: distinct-gene set coverage	ES	Clade 3	IdrA-associated without complete DIRM-like synteny	C2_12-18_bin17	1	0	FALSE	FALSE
Carbon	Methanogenesis, methanethiol => methane	Previous algorithm: distinct-gene set coverage	ES	Clade 3	IdrA-associated without complete DIRM-like synteny	S13_0-2_bin3	1	0	FALSE	FALSE
Carbon	Methanogenesis, methanethiol => methane	Previous algorithm: distinct-gene set coverage	ES	Clade 3	IdrA-associated without complete DIRM-like synteny	S15_8-10_bin20	1	0	FALSE	FALSE
Carbon	Methanogenesis, methanethiol => methane	Previous algorithm: distinct-gene set coverage	NS	Clade 1	Canonical AioA-associated	R2111_S300_0-10_bin19	1	0	FALSE	FALSE
Carbon	Methanogenesis, methanethiol => methane	Previous algorithm: distinct-gene set coverage	NS	Clade 2	Unknown/uncertain DMSOR	R2111_N500_0-10_bin13	1	0	FALSE	FALSE
Carbon	Methanogenesis, methanol => methane	Previous algorithm: distinct-gene set coverage	IS	Clade 1	Canonical AioA-associated	SY366YW-4-8_bin7	1	0	FALSE	FALSE
Carbon	Methanogenesis, methanol => methane	Previous algorithm: distinct-gene set coverage	IS	Clade 2	Unknown/uncertain DMSOR	SY366YW-0-4_bin2	1	0	FALSE	FALSE
Carbon	Methanogenesis, methanol => methane	Previous algorithm: distinct-gene set coverage	IS	Clade 2	Unknown/uncertain DMSOR	SY368YW-8-12_bin14	1	5.26315789473684	FALSE	FALSE
Carbon	Methanogenesis, methanol => methane	Previous algorithm: distinct-gene set coverage	IS	Clade 2	Unknown/uncertain DMSOR	SY368YW-8-12_bin16	1	10.5263157894737	FALSE	FALSE
Carbon	Methanogenesis, methanol => methane	Previous algorithm: distinct-gene set coverage	IS	Clade 2	Unknown/uncertain DMSOR	SY459WG-0-4_bin26	1	5.26315789473684	FALSE	FALSE
Carbon	Methanogenesis, methanol => methane	Previous algorithm: distinct-gene set coverage	IS	Clade 2	Unknown/uncertain DMSOR	SY459WG-4-8_bin39	1	5.26315789473684	FALSE	FALSE
Carbon	Methanogenesis, methanol => methane	Previous algorithm: distinct-gene set coverage	IS	Clade 3	IdrA-associated without complete DIRM-like synteny	SY365BB-0-4_bin24	1	0	FALSE	FALSE
Carbon	Methanogenesis, methanol => methane	Previous algorithm: distinct-gene set coverage	IS	Clade 3	IdrA-associated without complete DIRM-like synteny	SY365BB-8-12_bin7	1	0	FALSE	FALSE
Carbon	Methanogenesis, methanol => methane	Previous algorithm: distinct-gene set coverage	IS	Clade 3	IdrA-associated without complete DIRM-like synteny	SY366YB-0-4_bin3	1	0	FALSE	FALSE
Carbon	Methanogenesis, methanol => methane	Previous algorithm: distinct-gene set coverage	IS	Clade 3	IdrA-associated without complete DIRM-like synteny	SY366YB-0-4_bin5	1	0	FALSE	FALSE
Carbon	Methanogenesis, methanol => methane	Previous algorithm: distinct-gene set coverage	IS	Clade 3	IdrA-associated without complete DIRM-like synteny	SY368YW-4-8_bin24	1	0	FALSE	FALSE
Carbon	Methanogenesis, methanol => methane	Previous algorithm: distinct-gene set coverage	IS	Clade 3	IdrA-associated without complete DIRM-like synteny	SY456YB-4-8_bin24	1	0	FALSE	FALSE
Carbon	Methanogenesis, methanol => methane	Previous algorithm: distinct-gene set coverage	IS	Clade 3	IdrA-associated without complete DIRM-like synteny	SY456YB-8-12_bin5	1	0	FALSE	FALSE
Carbon	Methanogenesis, methanol => methane	Previous algorithm: distinct-gene set coverage	IS	Clade 3	IdrA-associated without complete DIRM-like synteny	SY457BB-0-4_bin2	1	0	FALSE	FALSE
Carbon	Methanogenesis, methanol => methane	Previous algorithm: distinct-gene set coverage	IS	Clade 3	IdrA-associated without complete DIRM-like synteny	SY457BB-8-12_bin10	1	0	FALSE	FALSE
Carbon	Methanogenesis, methanol => methane	Previous algorithm: distinct-gene set coverage	IS	Clade 3	IdrA-associated without complete DIRM-like synteny	SY457BB-8-12_bin16	1	0	FALSE	FALSE
Carbon	Methanogenesis, methanol => methane	Previous algorithm: distinct-gene set coverage	IS	Clade 3	IdrA-associated without complete DIRM-like synteny	SY459WG-4-8_bin8	1	0	FALSE	FALSE
Carbon	Methanogenesis, methanol => methane	Previous algorithm: distinct-gene set coverage	IS	Clade 3	IdrA-associated without complete DIRM-like synteny	SY459WG-8-12_bin19	1	0	FALSE	FALSE
Carbon	Methanogenesis, methanol => methane	Previous algorithm: distinct-gene set coverage	IS	Clade 4	IdrA-associated with DIRM-like synteny	SY365BB-8-12_bin10	1	0	FALSE	FALSE
Carbon	Methanogenesis, methanol => methane	Previous algorithm: distinct-gene set coverage	IS	Clade 4	IdrA-associated with DIRM-like synteny	SY365BB-8-12_bin26	1	0	FALSE	FALSE
Carbon	Methanogenesis, methanol => methane	Previous algorithm: distinct-gene set coverage	IS	Clade 4	IdrA-associated with DIRM-like synteny	SY365BB-8-12_bin8	1	0	FALSE	FALSE
Carbon	Methanogenesis, methanol => methane	Previous algorithm: distinct-gene set coverage	IS	Clade 4	IdrA-associated with DIRM-like synteny	SY366YW-0-4_bin34	1	0	FALSE	FALSE
Carbon	Methanogenesis, methanol => methane	Previous algorithm: distinct-gene set coverage	IS	Clade 4	IdrA-associated with DIRM-like synteny	SY366YW-0-4_bin9	1	15.7894736842105	FALSE	FALSE
Carbon	Methanogenesis, methanol => methane	Previous algorithm: distinct-gene set coverage	IS	Clade 4	IdrA-associated with DIRM-like synteny	SY366YW-8-12_bin2	1	0	FALSE	FALSE
Carbon	Methanogenesis, methanol => methane	Previous algorithm: distinct-gene set coverage	IS	Clade 4	IdrA-associated with DIRM-like synteny	SY368YW-8-12_bin33	1	0	FALSE	FALSE
Carbon	Methanogenesis, methanol => methane	Previous algorithm: distinct-gene set coverage	IS	Clade 4	IdrA-associated with DIRM-like synteny	SY456YB-0-4_bin8	1	0	FALSE	FALSE
Carbon	Methanogenesis, methanol => methane	Previous algorithm: distinct-gene set coverage	IS	Clade 4	IdrA-associated with DIRM-like synteny	SY456YB-8-12_bin27	1	0	FALSE	FALSE
Carbon	Methanogenesis, methanol => methane	Previous algorithm: distinct-gene set coverage	IS	Clade 4	IdrA-associated with DIRM-like synteny	SY456YB-8-12_bin34	1	0	FALSE	FALSE
Carbon	Methanogenesis, methanol => methane	Previous algorithm: distinct-gene set coverage	IS	Clade 4	IdrA-associated with DIRM-like synteny	SY456YB-8-12_bin4	1	10.5263157894737	FALSE	FALSE
Carbon	Methanogenesis, methanol => methane	Previous algorithm: distinct-gene set coverage	IS	Clade 4	IdrA-associated with DIRM-like synteny	SY457BB-0-4_bin35	1	0	FALSE	FALSE
Carbon	Methanogenesis, methanol => methane	Previous algorithm: distinct-gene set coverage	IS	Clade 4	IdrA-associated with DIRM-like synteny	SY457BB-0-4_bin6	1	0	FALSE	FALSE
Carbon	Methanogenesis, methanol => methane	Previous algorithm: distinct-gene set coverage	IS	Clade 4	IdrA-associated with DIRM-like synteny	SY457BB-4-8_bin29	1	0	FALSE	FALSE
Carbon	Methanogenesis, methanol => methane	Previous algorithm: distinct-gene set coverage	IS	Clade 4	IdrA-associated with DIRM-like synteny	SY457BB-4-8_bin33	1	0	FALSE	FALSE
Carbon	Methanogenesis, methanol => methane	Previous algorithm: distinct-gene set coverage	IS	Clade 4	IdrA-associated with DIRM-like synteny	SY457BB-8-12_bin15	1	0	FALSE	FALSE
Carbon	Methanogenesis, methanol => methane	Previous algorithm: distinct-gene set coverage	IS	Clade 4	IdrA-associated with DIRM-like synteny	SY457BB-8-12_bin25	1	0	FALSE	FALSE
Carbon	Methanogenesis, methanol => methane	Previous algorithm: distinct-gene set coverage	IS	Clade 4	IdrA-associated with DIRM-like synteny	SY457BB-8-12_bin4	1	0	FALSE	FALSE
Carbon	Methanogenesis, methanol => methane	Previous algorithm: distinct-gene set coverage	IS	Clade 4	IdrA-associated with DIRM-like synteny	SY459WG-0-4_bin37	1	0	FALSE	FALSE
Carbon	Methanogenesis, methanol => methane	Previous algorithm: distinct-gene set coverage	IS	Clade 4	IdrA-associated with DIRM-like synteny	SY459WG-8-12_bin2	1	0	FALSE	FALSE
Carbon	Methanogenesis, methanol => methane	Previous algorithm: distinct-gene set coverage	AS	Clade 1	Canonical AioA-associated	S1_9-12_bin1	1	0	FALSE	FALSE
Carbon	Methanogenesis, methanol => methane	Previous algorithm: distinct-gene set coverage	AS	Clade 2	Unknown/uncertain DMSOR	SQ_58_0-4_bin4	1	0	FALSE	FALSE
Carbon	Methanogenesis, methanol => methane	Previous algorithm: distinct-gene set coverage	AS	Clade 3	IdrA-associated without complete DIRM-like synteny	S1_9-12_bin1	1	0	FALSE	FALSE
Carbon	Methanogenesis, methanol => methane	Previous algorithm: distinct-gene set coverage	ES	Clade 3	IdrA-associated without complete DIRM-like synteny	C1_12-18_bin19	1	10.5263157894737	FALSE	FALSE
Carbon	Methanogenesis, methanol => methane	Previous algorithm: distinct-gene set coverage	ES	Clade 3	IdrA-associated without complete DIRM-like synteny	C1_12-18_bin24	1	15.7894736842105	FALSE	FALSE
Carbon	Methanogenesis, methanol => methane	Previous algorithm: distinct-gene set coverage	ES	Clade 3	IdrA-associated without complete DIRM-like synteny	C2_12-18_bin11	1	0	FALSE	FALSE
Carbon	Methanogenesis, methanol => methane	Previous algorithm: distinct-gene set coverage	ES	Clade 3	IdrA-associated without complete DIRM-like synteny	C2_12-18_bin17	1	26.3157894736842	FALSE	FALSE
Carbon	Methanogenesis, methanol => methane	Previous algorithm: distinct-gene set coverage	ES	Clade 3	IdrA-associated without complete DIRM-like synteny	S13_0-2_bin3	1	0	FALSE	FALSE
Carbon	Methanogenesis, methanol => methane	Previous algorithm: distinct-gene set coverage	ES	Clade 3	IdrA-associated without complete DIRM-like synteny	S15_8-10_bin20	1	0	FALSE	FALSE
Carbon	Methanogenesis, methanol => methane	Previous algorithm: distinct-gene set coverage	NS	Clade 1	Canonical AioA-associated	R2111_S300_0-10_bin19	1	0	FALSE	FALSE
Carbon	Methanogenesis, methanol => methane	Previous algorithm: distinct-gene set coverage	NS	Clade 2	Unknown/uncertain DMSOR	R2111_N500_0-10_bin13	1	5.26315789473684	FALSE	FALSE
Carbon	Methanogenesis, methylamine/dimethylamine/trimethylamine => methane	Previous algorithm: distinct-gene set coverage	IS	Clade 1	Canonical AioA-associated	SY366YW-4-8_bin7	1	0	FALSE	FALSE
Carbon	Methanogenesis, methylamine/dimethylamine/trimethylamine => methane	Previous algorithm: distinct-gene set coverage	IS	Clade 2	Unknown/uncertain DMSOR	SY366YW-0-4_bin2	1	0	FALSE	FALSE
Carbon	Methanogenesis, methylamine/dimethylamine/trimethylamine => methane	Previous algorithm: distinct-gene set coverage	IS	Clade 2	Unknown/uncertain DMSOR	SY368YW-8-12_bin14	1	4.34782608695652	FALSE	FALSE
Carbon	Methanogenesis, methylamine/dimethylamine/trimethylamine => methane	Previous algorithm: distinct-gene set coverage	IS	Clade 2	Unknown/uncertain DMSOR	SY368YW-8-12_bin16	1	8.69565217391304	FALSE	FALSE
Carbon	Methanogenesis, methylamine/dimethylamine/trimethylamine => methane	Previous algorithm: distinct-gene set coverage	IS	Clade 2	Unknown/uncertain DMSOR	SY459WG-0-4_bin26	1	4.34782608695652	FALSE	FALSE
Carbon	Methanogenesis, methylamine/dimethylamine/trimethylamine => methane	Previous algorithm: distinct-gene set coverage	IS	Clade 2	Unknown/uncertain DMSOR	SY459WG-4-8_bin39	1	4.34782608695652	FALSE	FALSE
Carbon	Methanogenesis, methylamine/dimethylamine/trimethylamine => methane	Previous algorithm: distinct-gene set coverage	IS	Clade 3	IdrA-associated without complete DIRM-like synteny	SY365BB-0-4_bin24	1	4.34782608695652	FALSE	FALSE
Carbon	Methanogenesis, methylamine/dimethylamine/trimethylamine => methane	Previous algorithm: distinct-gene set coverage	IS	Clade 3	IdrA-associated without complete DIRM-like synteny	SY365BB-8-12_bin7	1	0	FALSE	FALSE
Carbon	Methanogenesis, methylamine/dimethylamine/trimethylamine => methane	Previous algorithm: distinct-gene set coverage	IS	Clade 3	IdrA-associated without complete DIRM-like synteny	SY366YB-0-4_bin3	1	4.34782608695652	FALSE	FALSE
Carbon	Methanogenesis, methylamine/dimethylamine/trimethylamine => methane	Previous algorithm: distinct-gene set coverage	IS	Clade 3	IdrA-associated without complete DIRM-like synteny	SY366YB-0-4_bin5	1	4.34782608695652	FALSE	FALSE
Carbon	Methanogenesis, methylamine/dimethylamine/trimethylamine => methane	Previous algorithm: distinct-gene set coverage	IS	Clade 3	IdrA-associated without complete DIRM-like synteny	SY368YW-4-8_bin24	1	4.34782608695652	FALSE	FALSE
Carbon	Methanogenesis, methylamine/dimethylamine/trimethylamine => methane	Previous algorithm: distinct-gene set coverage	IS	Clade 3	IdrA-associated without complete DIRM-like synteny	SY456YB-4-8_bin24	1	0	FALSE	FALSE
Carbon	Methanogenesis, methylamine/dimethylamine/trimethylamine => methane	Previous algorithm: distinct-gene set coverage	IS	Clade 3	IdrA-associated without complete DIRM-like synteny	SY456YB-8-12_bin5	1	4.34782608695652	FALSE	FALSE
Carbon	Methanogenesis, methylamine/dimethylamine/trimethylamine => methane	Previous algorithm: distinct-gene set coverage	IS	Clade 3	IdrA-associated without complete DIRM-like synteny	SY457BB-0-4_bin2	1	4.34782608695652	FALSE	FALSE
Carbon	Methanogenesis, methylamine/dimethylamine/trimethylamine => methane	Previous algorithm: distinct-gene set coverage	IS	Clade 3	IdrA-associated without complete DIRM-like synteny	SY457BB-8-12_bin10	1	4.34782608695652	FALSE	FALSE
Carbon	Methanogenesis, methylamine/dimethylamine/trimethylamine => methane	Previous algorithm: distinct-gene set coverage	IS	Clade 3	IdrA-associated without complete DIRM-like synteny	SY457BB-8-12_bin16	1	4.34782608695652	FALSE	FALSE
Carbon	Methanogenesis, methylamine/dimethylamine/trimethylamine => methane	Previous algorithm: distinct-gene set coverage	IS	Clade 3	IdrA-associated without complete DIRM-like synteny	SY459WG-4-8_bin8	1	4.34782608695652	FALSE	FALSE
Carbon	Methanogenesis, methylamine/dimethylamine/trimethylamine => methane	Previous algorithm: distinct-gene set coverage	IS	Clade 3	IdrA-associated without complete DIRM-like synteny	SY459WG-8-12_bin19	1	4.34782608695652	FALSE	FALSE
Carbon	Methanogenesis, methylamine/dimethylamine/trimethylamine => methane	Previous algorithm: distinct-gene set coverage	IS	Clade 4	IdrA-associated with DIRM-like synteny	SY365BB-8-12_bin10	1	4.34782608695652	FALSE	FALSE
Carbon	Methanogenesis, methylamine/dimethylamine/trimethylamine => methane	Previous algorithm: distinct-gene set coverage	IS	Clade 4	IdrA-associated with DIRM-like synteny	SY365BB-8-12_bin26	1	4.34782608695652	FALSE	FALSE
Carbon	Methanogenesis, methylamine/dimethylamine/trimethylamine => methane	Previous algorithm: distinct-gene set coverage	IS	Clade 4	IdrA-associated with DIRM-like synteny	SY365BB-8-12_bin8	1	4.34782608695652	FALSE	FALSE
Carbon	Methanogenesis, methylamine/dimethylamine/trimethylamine => methane	Previous algorithm: distinct-gene set coverage	IS	Clade 4	IdrA-associated with DIRM-like synteny	SY366YW-0-4_bin34	1	4.34782608695652	FALSE	FALSE
Carbon	Methanogenesis, methylamine/dimethylamine/trimethylamine => methane	Previous algorithm: distinct-gene set coverage	IS	Clade 4	IdrA-associated with DIRM-like synteny	SY366YW-0-4_bin9	1	17.3913043478261	FALSE	FALSE
Carbon	Methanogenesis, methylamine/dimethylamine/trimethylamine => methane	Previous algorithm: distinct-gene set coverage	IS	Clade 4	IdrA-associated with DIRM-like synteny	SY366YW-8-12_bin2	1	4.34782608695652	FALSE	FALSE
Carbon	Methanogenesis, methylamine/dimethylamine/trimethylamine => methane	Previous algorithm: distinct-gene set coverage	IS	Clade 4	IdrA-associated with DIRM-like synteny	SY368YW-8-12_bin33	1	4.34782608695652	FALSE	FALSE
Carbon	Methanogenesis, methylamine/dimethylamine/trimethylamine => methane	Previous algorithm: distinct-gene set coverage	IS	Clade 4	IdrA-associated with DIRM-like synteny	SY456YB-0-4_bin8	1	4.34782608695652	FALSE	FALSE
Carbon	Methanogenesis, methylamine/dimethylamine/trimethylamine => methane	Previous algorithm: distinct-gene set coverage	IS	Clade 4	IdrA-associated with DIRM-like synteny	SY456YB-8-12_bin27	1	4.34782608695652	FALSE	FALSE
Carbon	Methanogenesis, methylamine/dimethylamine/trimethylamine => methane	Previous algorithm: distinct-gene set coverage	IS	Clade 4	IdrA-associated with DIRM-like synteny	SY456YB-8-12_bin34	1	4.34782608695652	FALSE	FALSE
Carbon	Methanogenesis, methylamine/dimethylamine/trimethylamine => methane	Previous algorithm: distinct-gene set coverage	IS	Clade 4	IdrA-associated with DIRM-like synteny	SY456YB-8-12_bin4	1	13.0434782608696	FALSE	FALSE
Carbon	Methanogenesis, methylamine/dimethylamine/trimethylamine => methane	Previous algorithm: distinct-gene set coverage	IS	Clade 4	IdrA-associated with DIRM-like synteny	SY457BB-0-4_bin35	1	0	FALSE	FALSE
Carbon	Methanogenesis, methylamine/dimethylamine/trimethylamine => methane	Previous algorithm: distinct-gene set coverage	IS	Clade 4	IdrA-associated with DIRM-like synteny	SY457BB-0-4_bin6	1	4.34782608695652	FALSE	FALSE
Carbon	Methanogenesis, methylamine/dimethylamine/trimethylamine => methane	Previous algorithm: distinct-gene set coverage	IS	Clade 4	IdrA-associated with DIRM-like synteny	SY457BB-4-8_bin29	1	4.34782608695652	FALSE	FALSE
Carbon	Methanogenesis, methylamine/dimethylamine/trimethylamine => methane	Previous algorithm: distinct-gene set coverage	IS	Clade 4	IdrA-associated with DIRM-like synteny	SY457BB-4-8_bin33	1	4.34782608695652	FALSE	FALSE
Carbon	Methanogenesis, methylamine/dimethylamine/trimethylamine => methane	Previous algorithm: distinct-gene set coverage	IS	Clade 4	IdrA-associated with DIRM-like synteny	SY457BB-8-12_bin15	1	4.34782608695652	FALSE	FALSE
Carbon	Methanogenesis, methylamine/dimethylamine/trimethylamine => methane	Previous algorithm: distinct-gene set coverage	IS	Clade 4	IdrA-associated with DIRM-like synteny	SY457BB-8-12_bin25	1	4.34782608695652	FALSE	FALSE
Carbon	Methanogenesis, methylamine/dimethylamine/trimethylamine => methane	Previous algorithm: distinct-gene set coverage	IS	Clade 4	IdrA-associated with DIRM-like synteny	SY457BB-8-12_bin4	1	4.34782608695652	FALSE	FALSE
Carbon	Methanogenesis, methylamine/dimethylamine/trimethylamine => methane	Previous algorithm: distinct-gene set coverage	IS	Clade 4	IdrA-associated with DIRM-like synteny	SY459WG-0-4_bin37	1	4.34782608695652	FALSE	FALSE
Carbon	Methanogenesis, methylamine/dimethylamine/trimethylamine => methane	Previous algorithm: distinct-gene set coverage	IS	Clade 4	IdrA-associated with DIRM-like synteny	SY459WG-8-12_bin2	1	4.34782608695652	FALSE	FALSE
Carbon	Methanogenesis, methylamine/dimethylamine/trimethylamine => methane	Previous algorithm: distinct-gene set coverage	AS	Clade 1	Canonical AioA-associated	S1_9-12_bin1	1	0	FALSE	FALSE
Carbon	Methanogenesis, methylamine/dimethylamine/trimethylamine => methane	Previous algorithm: distinct-gene set coverage	AS	Clade 2	Unknown/uncertain DMSOR	SQ_58_0-4_bin4	1	0	FALSE	FALSE
Carbon	Methanogenesis, methylamine/dimethylamine/trimethylamine => methane	Previous algorithm: distinct-gene set coverage	AS	Clade 3	IdrA-associated without complete DIRM-like synteny	S1_9-12_bin1	1	0	FALSE	FALSE
Carbon	Methanogenesis, methylamine/dimethylamine/trimethylamine => methane	Previous algorithm: distinct-gene set coverage	ES	Clade 3	IdrA-associated without complete DIRM-like synteny	C1_12-18_bin19	1	8.69565217391304	FALSE	FALSE
Carbon	Methanogenesis, methylamine/dimethylamine/trimethylamine => methane	Previous algorithm: distinct-gene set coverage	ES	Clade 3	IdrA-associated without complete DIRM-like synteny	C1_12-18_bin24	1	17.3913043478261	FALSE	FALSE
Carbon	Methanogenesis, methylamine/dimethylamine/trimethylamine => methane	Previous algorithm: distinct-gene set coverage	ES	Clade 3	IdrA-associated without complete DIRM-like synteny	C2_12-18_bin11	1	4.34782608695652	FALSE	FALSE
Carbon	Methanogenesis, methylamine/dimethylamine/trimethylamine => methane	Previous algorithm: distinct-gene set coverage	ES	Clade 3	IdrA-associated without complete DIRM-like synteny	C2_12-18_bin17	1	26.0869565217391	FALSE	FALSE
Carbon	Methanogenesis, methylamine/dimethylamine/trimethylamine => methane	Previous algorithm: distinct-gene set coverage	ES	Clade 3	IdrA-associated without complete DIRM-like synteny	S13_0-2_bin3	1	4.34782608695652	FALSE	FALSE
Carbon	Methanogenesis, methylamine/dimethylamine/trimethylamine => methane	Previous algorithm: distinct-gene set coverage	ES	Clade 3	IdrA-associated without complete DIRM-like synteny	S15_8-10_bin20	1	0	FALSE	FALSE
Carbon	Methanogenesis, methylamine/dimethylamine/trimethylamine => methane	Previous algorithm: distinct-gene set coverage	NS	Clade 1	Canonical AioA-associated	R2111_S300_0-10_bin19	1	0	FALSE	FALSE
Carbon	Methanogenesis, methylamine/dimethylamine/trimethylamine => methane	Previous algorithm: distinct-gene set coverage	NS	Clade 2	Unknown/uncertain DMSOR	R2111_N500_0-10_bin13	1	4.34782608695652	FALSE	FALSE
Carbon	Pyruvate oxidation, pyruvate => acetyl-CoA	Previous algorithm: distinct-gene set coverage	IS	Clade 1	Canonical AioA-associated	SY366YW-4-8_bin7	1	27.2727272727273	FALSE	FALSE
Carbon	Pyruvate oxidation, pyruvate => acetyl-CoA	Previous algorithm: distinct-gene set coverage	IS	Clade 2	Unknown/uncertain DMSOR	SY366YW-0-4_bin2	1	18.1818181818182	FALSE	FALSE
Carbon	Pyruvate oxidation, pyruvate => acetyl-CoA	Previous algorithm: distinct-gene set coverage	IS	Clade 2	Unknown/uncertain DMSOR	SY368YW-8-12_bin14	1	18.1818181818182	FALSE	FALSE
Carbon	Pyruvate oxidation, pyruvate => acetyl-CoA	Previous algorithm: distinct-gene set coverage	IS	Clade 2	Unknown/uncertain DMSOR	SY368YW-8-12_bin16	1	18.1818181818182	FALSE	FALSE
Carbon	Pyruvate oxidation, pyruvate => acetyl-CoA	Previous algorithm: distinct-gene set coverage	IS	Clade 2	Unknown/uncertain DMSOR	SY459WG-0-4_bin26	1	18.1818181818182	FALSE	FALSE
Carbon	Pyruvate oxidation, pyruvate => acetyl-CoA	Previous algorithm: distinct-gene set coverage	IS	Clade 2	Unknown/uncertain DMSOR	SY459WG-4-8_bin39	1	27.2727272727273	FALSE	FALSE
Carbon	Pyruvate oxidation, pyruvate => acetyl-CoA	Previous algorithm: distinct-gene set coverage	IS	Clade 3	IdrA-associated without complete DIRM-like synteny	SY365BB-0-4_bin24	1	45.4545454545455	FALSE	FALSE
Carbon	Pyruvate oxidation, pyruvate => acetyl-CoA	Previous algorithm: distinct-gene set coverage	IS	Clade 3	IdrA-associated without complete DIRM-like synteny	SY365BB-8-12_bin7	1	18.1818181818182	FALSE	FALSE
Carbon	Pyruvate oxidation, pyruvate => acetyl-CoA	Previous algorithm: distinct-gene set coverage	IS	Clade 3	IdrA-associated without complete DIRM-like synteny	SY366YB-0-4_bin3	1	18.1818181818182	FALSE	FALSE
Carbon	Pyruvate oxidation, pyruvate => acetyl-CoA	Previous algorithm: distinct-gene set coverage	IS	Clade 3	IdrA-associated without complete DIRM-like synteny	SY366YB-0-4_bin5	1	54.5454545454545	TRUE	FALSE
Carbon	Pyruvate oxidation, pyruvate => acetyl-CoA	Previous algorithm: distinct-gene set coverage	IS	Clade 3	IdrA-associated without complete DIRM-like synteny	SY368YW-4-8_bin24	1	36.3636363636364	FALSE	FALSE
Carbon	Pyruvate oxidation, pyruvate => acetyl-CoA	Previous algorithm: distinct-gene set coverage	IS	Clade 3	IdrA-associated without complete DIRM-like synteny	SY456YB-4-8_bin24	1	36.3636363636364	FALSE	FALSE
Carbon	Pyruvate oxidation, pyruvate => acetyl-CoA	Previous algorithm: distinct-gene set coverage	IS	Clade 3	IdrA-associated without complete DIRM-like synteny	SY456YB-8-12_bin5	1	27.2727272727273	FALSE	FALSE
Carbon	Pyruvate oxidation, pyruvate => acetyl-CoA	Previous algorithm: distinct-gene set coverage	IS	Clade 3	IdrA-associated without complete DIRM-like synteny	SY457BB-0-4_bin2	1	27.2727272727273	FALSE	FALSE
Carbon	Pyruvate oxidation, pyruvate => acetyl-CoA	Previous algorithm: distinct-gene set coverage	IS	Clade 3	IdrA-associated without complete DIRM-like synteny	SY457BB-8-12_bin10	1	9.09090909090909	FALSE	FALSE
Carbon	Pyruvate oxidation, pyruvate => acetyl-CoA	Previous algorithm: distinct-gene set coverage	IS	Clade 3	IdrA-associated without complete DIRM-like synteny	SY457BB-8-12_bin16	1	63.6363636363636	TRUE	FALSE
Carbon	Pyruvate oxidation, pyruvate => acetyl-CoA	Previous algorithm: distinct-gene set coverage	IS	Clade 3	IdrA-associated without complete DIRM-like synteny	SY459WG-4-8_bin8	1	27.2727272727273	FALSE	FALSE
Carbon	Pyruvate oxidation, pyruvate => acetyl-CoA	Previous algorithm: distinct-gene set coverage	IS	Clade 3	IdrA-associated without complete DIRM-like synteny	SY459WG-8-12_bin19	1	54.5454545454545	TRUE	FALSE
Carbon	Pyruvate oxidation, pyruvate => acetyl-CoA	Previous algorithm: distinct-gene set coverage	IS	Clade 4	IdrA-associated with DIRM-like synteny	SY365BB-8-12_bin10	1	36.3636363636364	FALSE	FALSE
Carbon	Pyruvate oxidation, pyruvate => acetyl-CoA	Previous algorithm: distinct-gene set coverage	IS	Clade 4	IdrA-associated with DIRM-like synteny	SY365BB-8-12_bin26	1	36.3636363636364	FALSE	FALSE
Carbon	Pyruvate oxidation, pyruvate => acetyl-CoA	Previous algorithm: distinct-gene set coverage	IS	Clade 4	IdrA-associated with DIRM-like synteny	SY365BB-8-12_bin8	1	36.3636363636364	FALSE	FALSE
Carbon	Pyruvate oxidation, pyruvate => acetyl-CoA	Previous algorithm: distinct-gene set coverage	IS	Clade 4	IdrA-associated with DIRM-like synteny	SY366YW-0-4_bin34	1	45.4545454545455	FALSE	FALSE
Carbon	Pyruvate oxidation, pyruvate => acetyl-CoA	Previous algorithm: distinct-gene set coverage	IS	Clade 4	IdrA-associated with DIRM-like synteny	SY366YW-0-4_bin9	1	54.5454545454545	TRUE	FALSE
Carbon	Pyruvate oxidation, pyruvate => acetyl-CoA	Previous algorithm: distinct-gene set coverage	IS	Clade 4	IdrA-associated with DIRM-like synteny	SY366YW-8-12_bin2	1	45.4545454545455	FALSE	FALSE
Carbon	Pyruvate oxidation, pyruvate => acetyl-CoA	Previous algorithm: distinct-gene set coverage	IS	Clade 4	IdrA-associated with DIRM-like synteny	SY368YW-8-12_bin33	1	36.3636363636364	FALSE	FALSE
Carbon	Pyruvate oxidation, pyruvate => acetyl-CoA	Previous algorithm: distinct-gene set coverage	IS	Clade 4	IdrA-associated with DIRM-like synteny	SY456YB-0-4_bin8	1	63.6363636363636	TRUE	FALSE
Carbon	Pyruvate oxidation, pyruvate => acetyl-CoA	Previous algorithm: distinct-gene set coverage	IS	Clade 4	IdrA-associated with DIRM-like synteny	SY456YB-8-12_bin27	1	36.3636363636364	FALSE	FALSE
Carbon	Pyruvate oxidation, pyruvate => acetyl-CoA	Previous algorithm: distinct-gene set coverage	IS	Clade 4	IdrA-associated with DIRM-like synteny	SY456YB-8-12_bin34	1	36.3636363636364	FALSE	FALSE
Carbon	Pyruvate oxidation, pyruvate => acetyl-CoA	Previous algorithm: distinct-gene set coverage	IS	Clade 4	IdrA-associated with DIRM-like synteny	SY456YB-8-12_bin4	1	45.4545454545455	FALSE	FALSE
Carbon	Pyruvate oxidation, pyruvate => acetyl-CoA	Previous algorithm: distinct-gene set coverage	IS	Clade 4	IdrA-associated with DIRM-like synteny	SY457BB-0-4_bin35	1	27.2727272727273	FALSE	FALSE
Carbon	Pyruvate oxidation, pyruvate => acetyl-CoA	Previous algorithm: distinct-gene set coverage	IS	Clade 4	IdrA-associated with DIRM-like synteny	SY457BB-0-4_bin6	1	36.3636363636364	FALSE	FALSE
Carbon	Pyruvate oxidation, pyruvate => acetyl-CoA	Previous algorithm: distinct-gene set coverage	IS	Clade 4	IdrA-associated with DIRM-like synteny	SY457BB-4-8_bin29	1	18.1818181818182	FALSE	FALSE
Carbon	Pyruvate oxidation, pyruvate => acetyl-CoA	Previous algorithm: distinct-gene set coverage	IS	Clade 4	IdrA-associated with DIRM-like synteny	SY457BB-4-8_bin33	1	63.6363636363636	TRUE	FALSE
Carbon	Pyruvate oxidation, pyruvate => acetyl-CoA	Previous algorithm: distinct-gene set coverage	IS	Clade 4	IdrA-associated with DIRM-like synteny	SY457BB-8-12_bin15	1	63.6363636363636	TRUE	FALSE
Carbon	Pyruvate oxidation, pyruvate => acetyl-CoA	Previous algorithm: distinct-gene set coverage	IS	Clade 4	IdrA-associated with DIRM-like synteny	SY457BB-8-12_bin25	1	36.3636363636364	FALSE	FALSE
Carbon	Pyruvate oxidation, pyruvate => acetyl-CoA	Previous algorithm: distinct-gene set coverage	IS	Clade 4	IdrA-associated with DIRM-like synteny	SY457BB-8-12_bin4	1	27.2727272727273	FALSE	FALSE
Carbon	Pyruvate oxidation, pyruvate => acetyl-CoA	Previous algorithm: distinct-gene set coverage	IS	Clade 4	IdrA-associated with DIRM-like synteny	SY459WG-0-4_bin37	1	36.3636363636364	FALSE	FALSE
Carbon	Pyruvate oxidation, pyruvate => acetyl-CoA	Previous algorithm: distinct-gene set coverage	IS	Clade 4	IdrA-associated with DIRM-like synteny	SY459WG-8-12_bin2	1	45.4545454545455	FALSE	FALSE
Carbon	Pyruvate oxidation, pyruvate => acetyl-CoA	Previous algorithm: distinct-gene set coverage	AS	Clade 1	Canonical AioA-associated	S1_9-12_bin1	1	0	FALSE	FALSE
Carbon	Pyruvate oxidation, pyruvate => acetyl-CoA	Previous algorithm: distinct-gene set coverage	AS	Clade 2	Unknown/uncertain DMSOR	SQ_58_0-4_bin4	1	27.2727272727273	FALSE	FALSE
Carbon	Pyruvate oxidation, pyruvate => acetyl-CoA	Previous algorithm: distinct-gene set coverage	AS	Clade 3	IdrA-associated without complete DIRM-like synteny	S1_9-12_bin1	1	0	FALSE	FALSE
Carbon	Pyruvate oxidation, pyruvate => acetyl-CoA	Previous algorithm: distinct-gene set coverage	ES	Clade 3	IdrA-associated without complete DIRM-like synteny	C1_12-18_bin19	1	54.5454545454545	TRUE	FALSE
Carbon	Pyruvate oxidation, pyruvate => acetyl-CoA	Previous algorithm: distinct-gene set coverage	ES	Clade 3	IdrA-associated without complete DIRM-like synteny	C1_12-18_bin24	1	36.3636363636364	FALSE	FALSE
Carbon	Pyruvate oxidation, pyruvate => acetyl-CoA	Previous algorithm: distinct-gene set coverage	ES	Clade 3	IdrA-associated without complete DIRM-like synteny	C2_12-18_bin11	1	45.4545454545455	FALSE	FALSE
Carbon	Pyruvate oxidation, pyruvate => acetyl-CoA	Previous algorithm: distinct-gene set coverage	ES	Clade 3	IdrA-associated without complete DIRM-like synteny	C2_12-18_bin17	1	36.3636363636364	FALSE	FALSE
Carbon	Pyruvate oxidation, pyruvate => acetyl-CoA	Previous algorithm: distinct-gene set coverage	ES	Clade 3	IdrA-associated without complete DIRM-like synteny	S13_0-2_bin3	1	0	FALSE	FALSE
Carbon	Pyruvate oxidation, pyruvate => acetyl-CoA	Previous algorithm: distinct-gene set coverage	ES	Clade 3	IdrA-associated without complete DIRM-like synteny	S15_8-10_bin20	1	27.2727272727273	FALSE	FALSE
Carbon	Pyruvate oxidation, pyruvate => acetyl-CoA	Previous algorithm: distinct-gene set coverage	NS	Clade 1	Canonical AioA-associated	R2111_S300_0-10_bin19	1	27.2727272727273	FALSE	FALSE
Carbon	Pyruvate oxidation, pyruvate => acetyl-CoA	Previous algorithm: distinct-gene set coverage	NS	Clade 2	Unknown/uncertain DMSOR	R2111_N500_0-10_bin13	1	18.1818181818182	FALSE	FALSE
Carbon	Reductive acetyl-CoA pathway (Wood-Ljungdahl pathway)	Previous algorithm: distinct-gene set coverage	IS	Clade 1	Canonical AioA-associated	SY366YW-4-8_bin7	1	20	FALSE	FALSE
Carbon	Reductive acetyl-CoA pathway (Wood-Ljungdahl pathway)	Previous algorithm: distinct-gene set coverage	IS	Clade 2	Unknown/uncertain DMSOR	SY366YW-0-4_bin2	1	0	FALSE	FALSE
Carbon	Reductive acetyl-CoA pathway (Wood-Ljungdahl pathway)	Previous algorithm: distinct-gene set coverage	IS	Clade 2	Unknown/uncertain DMSOR	SY368YW-8-12_bin14	1	10	FALSE	FALSE
Carbon	Reductive acetyl-CoA pathway (Wood-Ljungdahl pathway)	Previous algorithm: distinct-gene set coverage	IS	Clade 2	Unknown/uncertain DMSOR	SY368YW-8-12_bin16	1	10	FALSE	FALSE
Carbon	Reductive acetyl-CoA pathway (Wood-Ljungdahl pathway)	Previous algorithm: distinct-gene set coverage	IS	Clade 2	Unknown/uncertain DMSOR	SY459WG-0-4_bin26	1	0	FALSE	FALSE
Carbon	Reductive acetyl-CoA pathway (Wood-Ljungdahl pathway)	Previous algorithm: distinct-gene set coverage	IS	Clade 2	Unknown/uncertain DMSOR	SY459WG-4-8_bin39	1	10	FALSE	FALSE
Carbon	Reductive acetyl-CoA pathway (Wood-Ljungdahl pathway)	Previous algorithm: distinct-gene set coverage	IS	Clade 3	IdrA-associated without complete DIRM-like synteny	SY365BB-0-4_bin24	1	30	FALSE	FALSE
Carbon	Reductive acetyl-CoA pathway (Wood-Ljungdahl pathway)	Previous algorithm: distinct-gene set coverage	IS	Clade 3	IdrA-associated without complete DIRM-like synteny	SY365BB-8-12_bin7	1	20	FALSE	FALSE
Carbon	Reductive acetyl-CoA pathway (Wood-Ljungdahl pathway)	Previous algorithm: distinct-gene set coverage	IS	Clade 3	IdrA-associated without complete DIRM-like synteny	SY366YB-0-4_bin3	1	30	FALSE	FALSE
Carbon	Reductive acetyl-CoA pathway (Wood-Ljungdahl pathway)	Previous algorithm: distinct-gene set coverage	IS	Clade 3	IdrA-associated without complete DIRM-like synteny	SY366YB-0-4_bin5	1	30	FALSE	FALSE
Carbon	Reductive acetyl-CoA pathway (Wood-Ljungdahl pathway)	Previous algorithm: distinct-gene set coverage	IS	Clade 3	IdrA-associated without complete DIRM-like synteny	SY368YW-4-8_bin24	1	10	FALSE	FALSE
Carbon	Reductive acetyl-CoA pathway (Wood-Ljungdahl pathway)	Previous algorithm: distinct-gene set coverage	IS	Clade 3	IdrA-associated without complete DIRM-like synteny	SY456YB-4-8_bin24	1	20	FALSE	FALSE
Carbon	Reductive acetyl-CoA pathway (Wood-Ljungdahl pathway)	Previous algorithm: distinct-gene set coverage	IS	Clade 3	IdrA-associated without complete DIRM-like synteny	SY456YB-8-12_bin5	1	20	FALSE	FALSE
Carbon	Reductive acetyl-CoA pathway (Wood-Ljungdahl pathway)	Previous algorithm: distinct-gene set coverage	IS	Clade 3	IdrA-associated without complete DIRM-like synteny	SY457BB-0-4_bin2	1	30	FALSE	FALSE
Carbon	Reductive acetyl-CoA pathway (Wood-Ljungdahl pathway)	Previous algorithm: distinct-gene set coverage	IS	Clade 3	IdrA-associated without complete DIRM-like synteny	SY457BB-8-12_bin10	1	30	FALSE	FALSE
Carbon	Reductive acetyl-CoA pathway (Wood-Ljungdahl pathway)	Previous algorithm: distinct-gene set coverage	IS	Clade 3	IdrA-associated without complete DIRM-like synteny	SY457BB-8-12_bin16	1	30	FALSE	FALSE
Carbon	Reductive acetyl-CoA pathway (Wood-Ljungdahl pathway)	Previous algorithm: distinct-gene set coverage	IS	Clade 3	IdrA-associated without complete DIRM-like synteny	SY459WG-4-8_bin8	1	30	FALSE	FALSE
Carbon	Reductive acetyl-CoA pathway (Wood-Ljungdahl pathway)	Previous algorithm: distinct-gene set coverage	IS	Clade 3	IdrA-associated without complete DIRM-like synteny	SY459WG-8-12_bin19	1	30	FALSE	FALSE
Carbon	Reductive acetyl-CoA pathway (Wood-Ljungdahl pathway)	Previous algorithm: distinct-gene set coverage	IS	Clade 4	IdrA-associated with DIRM-like synteny	SY365BB-8-12_bin10	1	30	FALSE	FALSE
Carbon	Reductive acetyl-CoA pathway (Wood-Ljungdahl pathway)	Previous algorithm: distinct-gene set coverage	IS	Clade 4	IdrA-associated with DIRM-like synteny	SY365BB-8-12_bin26	1	30	FALSE	FALSE
Carbon	Reductive acetyl-CoA pathway (Wood-Ljungdahl pathway)	Previous algorithm: distinct-gene set coverage	IS	Clade 4	IdrA-associated with DIRM-like synteny	SY365BB-8-12_bin8	1	20	FALSE	FALSE
Carbon	Reductive acetyl-CoA pathway (Wood-Ljungdahl pathway)	Previous algorithm: distinct-gene set coverage	IS	Clade 4	IdrA-associated with DIRM-like synteny	SY366YW-0-4_bin34	1	30	FALSE	FALSE
Carbon	Reductive acetyl-CoA pathway (Wood-Ljungdahl pathway)	Previous algorithm: distinct-gene set coverage	IS	Clade 4	IdrA-associated with DIRM-like synteny	SY366YW-0-4_bin9	1	50	TRUE	FALSE
Carbon	Reductive acetyl-CoA pathway (Wood-Ljungdahl pathway)	Previous algorithm: distinct-gene set coverage	IS	Clade 4	IdrA-associated with DIRM-like synteny	SY366YW-8-12_bin2	1	30	FALSE	FALSE
Carbon	Reductive acetyl-CoA pathway (Wood-Ljungdahl pathway)	Previous algorithm: distinct-gene set coverage	IS	Clade 4	IdrA-associated with DIRM-like synteny	SY368YW-8-12_bin33	1	30	FALSE	FALSE
Carbon	Reductive acetyl-CoA pathway (Wood-Ljungdahl pathway)	Previous algorithm: distinct-gene set coverage	IS	Clade 4	IdrA-associated with DIRM-like synteny	SY456YB-0-4_bin8	1	30	FALSE	FALSE
Carbon	Reductive acetyl-CoA pathway (Wood-Ljungdahl pathway)	Previous algorithm: distinct-gene set coverage	IS	Clade 4	IdrA-associated with DIRM-like synteny	SY456YB-8-12_bin27	1	30	FALSE	FALSE
Carbon	Reductive acetyl-CoA pathway (Wood-Ljungdahl pathway)	Previous algorithm: distinct-gene set coverage	IS	Clade 4	IdrA-associated with DIRM-like synteny	SY456YB-8-12_bin34	1	10	FALSE	FALSE
Carbon	Reductive acetyl-CoA pathway (Wood-Ljungdahl pathway)	Previous algorithm: distinct-gene set coverage	IS	Clade 4	IdrA-associated with DIRM-like synteny	SY456YB-8-12_bin4	1	30	FALSE	FALSE
Carbon	Reductive acetyl-CoA pathway (Wood-Ljungdahl pathway)	Previous algorithm: distinct-gene set coverage	IS	Clade 4	IdrA-associated with DIRM-like synteny	SY457BB-0-4_bin35	1	20	FALSE	FALSE
Carbon	Reductive acetyl-CoA pathway (Wood-Ljungdahl pathway)	Previous algorithm: distinct-gene set coverage	IS	Clade 4	IdrA-associated with DIRM-like synteny	SY457BB-0-4_bin6	1	30	FALSE	FALSE
Carbon	Reductive acetyl-CoA pathway (Wood-Ljungdahl pathway)	Previous algorithm: distinct-gene set coverage	IS	Clade 4	IdrA-associated with DIRM-like synteny	SY457BB-4-8_bin29	1	30	FALSE	FALSE
Carbon	Reductive acetyl-CoA pathway (Wood-Ljungdahl pathway)	Previous algorithm: distinct-gene set coverage	IS	Clade 4	IdrA-associated with DIRM-like synteny	SY457BB-4-8_bin33	1	30	FALSE	FALSE
Carbon	Reductive acetyl-CoA pathway (Wood-Ljungdahl pathway)	Previous algorithm: distinct-gene set coverage	IS	Clade 4	IdrA-associated with DIRM-like synteny	SY457BB-8-12_bin15	1	30	FALSE	FALSE
Carbon	Reductive acetyl-CoA pathway (Wood-Ljungdahl pathway)	Previous algorithm: distinct-gene set coverage	IS	Clade 4	IdrA-associated with DIRM-like synteny	SY457BB-8-12_bin25	1	30	FALSE	FALSE
Carbon	Reductive acetyl-CoA pathway (Wood-Ljungdahl pathway)	Previous algorithm: distinct-gene set coverage	IS	Clade 4	IdrA-associated with DIRM-like synteny	SY457BB-8-12_bin4	1	30	FALSE	FALSE
Carbon	Reductive acetyl-CoA pathway (Wood-Ljungdahl pathway)	Previous algorithm: distinct-gene set coverage	IS	Clade 4	IdrA-associated with DIRM-like synteny	SY459WG-0-4_bin37	1	30	FALSE	FALSE
Carbon	Reductive acetyl-CoA pathway (Wood-Ljungdahl pathway)	Previous algorithm: distinct-gene set coverage	IS	Clade 4	IdrA-associated with DIRM-like synteny	SY459WG-8-12_bin2	1	30	FALSE	FALSE
Carbon	Reductive acetyl-CoA pathway (Wood-Ljungdahl pathway)	Previous algorithm: distinct-gene set coverage	AS	Clade 1	Canonical AioA-associated	S1_9-12_bin1	1	0	FALSE	FALSE
Carbon	Reductive acetyl-CoA pathway (Wood-Ljungdahl pathway)	Previous algorithm: distinct-gene set coverage	AS	Clade 2	Unknown/uncertain DMSOR	SQ_58_0-4_bin4	1	0	FALSE	FALSE
Carbon	Reductive acetyl-CoA pathway (Wood-Ljungdahl pathway)	Previous algorithm: distinct-gene set coverage	AS	Clade 3	IdrA-associated without complete DIRM-like synteny	S1_9-12_bin1	1	0	FALSE	FALSE
Carbon	Reductive acetyl-CoA pathway (Wood-Ljungdahl pathway)	Previous algorithm: distinct-gene set coverage	ES	Clade 3	IdrA-associated without complete DIRM-like synteny	C1_12-18_bin19	1	20	FALSE	FALSE
Carbon	Reductive acetyl-CoA pathway (Wood-Ljungdahl pathway)	Previous algorithm: distinct-gene set coverage	ES	Clade 3	IdrA-associated without complete DIRM-like synteny	C1_12-18_bin24	1	10	FALSE	FALSE
Carbon	Reductive acetyl-CoA pathway (Wood-Ljungdahl pathway)	Previous algorithm: distinct-gene set coverage	ES	Clade 3	IdrA-associated without complete DIRM-like synteny	C2_12-18_bin11	1	20	FALSE	FALSE
Carbon	Reductive acetyl-CoA pathway (Wood-Ljungdahl pathway)	Previous algorithm: distinct-gene set coverage	ES	Clade 3	IdrA-associated without complete DIRM-like synteny	C2_12-18_bin17	1	40	FALSE	FALSE
Carbon	Reductive acetyl-CoA pathway (Wood-Ljungdahl pathway)	Previous algorithm: distinct-gene set coverage	ES	Clade 3	IdrA-associated without complete DIRM-like synteny	S13_0-2_bin3	1	10	FALSE	FALSE
Carbon	Reductive acetyl-CoA pathway (Wood-Ljungdahl pathway)	Previous algorithm: distinct-gene set coverage	ES	Clade 3	IdrA-associated without complete DIRM-like synteny	S15_8-10_bin20	1	20	FALSE	FALSE
Carbon	Reductive acetyl-CoA pathway (Wood-Ljungdahl pathway)	Previous algorithm: distinct-gene set coverage	NS	Clade 1	Canonical AioA-associated	R2111_S300_0-10_bin19	1	10	FALSE	FALSE
Carbon	Reductive acetyl-CoA pathway (Wood-Ljungdahl pathway)	Previous algorithm: distinct-gene set coverage	NS	Clade 2	Unknown/uncertain DMSOR	R2111_N500_0-10_bin13	1	10	FALSE	FALSE
Carbon	Reductive citrate cycle (Arnon-Buchanan cycle)	Previous algorithm: distinct-gene set coverage	IS	Clade 1	Canonical AioA-associated	SY366YW-4-8_bin7	1	32.5581395348837	FALSE	FALSE
Carbon	Reductive citrate cycle (Arnon-Buchanan cycle)	Previous algorithm: distinct-gene set coverage	IS	Clade 2	Unknown/uncertain DMSOR	SY366YW-0-4_bin2	1	16.2790697674419	FALSE	FALSE
Carbon	Reductive citrate cycle (Arnon-Buchanan cycle)	Previous algorithm: distinct-gene set coverage	IS	Clade 2	Unknown/uncertain DMSOR	SY368YW-8-12_bin14	1	23.2558139534884	FALSE	FALSE
Carbon	Reductive citrate cycle (Arnon-Buchanan cycle)	Previous algorithm: distinct-gene set coverage	IS	Clade 2	Unknown/uncertain DMSOR	SY368YW-8-12_bin16	1	32.5581395348837	FALSE	FALSE
Carbon	Reductive citrate cycle (Arnon-Buchanan cycle)	Previous algorithm: distinct-gene set coverage	IS	Clade 2	Unknown/uncertain DMSOR	SY459WG-0-4_bin26	1	18.6046511627907	FALSE	FALSE
Carbon	Reductive citrate cycle (Arnon-Buchanan cycle)	Previous algorithm: distinct-gene set coverage	IS	Clade 2	Unknown/uncertain DMSOR	SY459WG-4-8_bin39	1	30.2325581395349	FALSE	FALSE
Carbon	Reductive citrate cycle (Arnon-Buchanan cycle)	Previous algorithm: distinct-gene set coverage	IS	Clade 3	IdrA-associated without complete DIRM-like synteny	SY365BB-0-4_bin24	1	32.5581395348837	FALSE	FALSE
Carbon	Reductive citrate cycle (Arnon-Buchanan cycle)	Previous algorithm: distinct-gene set coverage	IS	Clade 3	IdrA-associated without complete DIRM-like synteny	SY365BB-8-12_bin7	1	30.2325581395349	FALSE	FALSE
Carbon	Reductive citrate cycle (Arnon-Buchanan cycle)	Previous algorithm: distinct-gene set coverage	IS	Clade 3	IdrA-associated without complete DIRM-like synteny	SY366YB-0-4_bin3	1	27.906976744186	FALSE	FALSE
Carbon	Reductive citrate cycle (Arnon-Buchanan cycle)	Previous algorithm: distinct-gene set coverage	IS	Clade 3	IdrA-associated without complete DIRM-like synteny	SY366YB-0-4_bin5	1	27.906976744186	FALSE	FALSE
Carbon	Reductive citrate cycle (Arnon-Buchanan cycle)	Previous algorithm: distinct-gene set coverage	IS	Clade 3	IdrA-associated without complete DIRM-like synteny	SY368YW-4-8_bin24	1	23.2558139534884	FALSE	FALSE
Carbon	Reductive citrate cycle (Arnon-Buchanan cycle)	Previous algorithm: distinct-gene set coverage	IS	Clade 3	IdrA-associated without complete DIRM-like synteny	SY456YB-4-8_bin24	1	30.2325581395349	FALSE	FALSE
Carbon	Reductive citrate cycle (Arnon-Buchanan cycle)	Previous algorithm: distinct-gene set coverage	IS	Clade 3	IdrA-associated without complete DIRM-like synteny	SY456YB-8-12_bin5	1	32.5581395348837	FALSE	FALSE
Carbon	Reductive citrate cycle (Arnon-Buchanan cycle)	Previous algorithm: distinct-gene set coverage	IS	Clade 3	IdrA-associated without complete DIRM-like synteny	SY457BB-0-4_bin2	1	18.6046511627907	FALSE	FALSE
Carbon	Reductive citrate cycle (Arnon-Buchanan cycle)	Previous algorithm: distinct-gene set coverage	IS	Clade 3	IdrA-associated without complete DIRM-like synteny	SY457BB-8-12_bin10	1	32.5581395348837	FALSE	FALSE
Carbon	Reductive citrate cycle (Arnon-Buchanan cycle)	Previous algorithm: distinct-gene set coverage	IS	Clade 3	IdrA-associated without complete DIRM-like synteny	SY457BB-8-12_bin16	1	41.8604651162791	FALSE	FALSE
Carbon	Reductive citrate cycle (Arnon-Buchanan cycle)	Previous algorithm: distinct-gene set coverage	IS	Clade 3	IdrA-associated without complete DIRM-like synteny	SY459WG-4-8_bin8	1	20.9302325581395	FALSE	FALSE
Carbon	Reductive citrate cycle (Arnon-Buchanan cycle)	Previous algorithm: distinct-gene set coverage	IS	Clade 3	IdrA-associated without complete DIRM-like synteny	SY459WG-8-12_bin19	1	48.8372093023256	FALSE	FALSE
Carbon	Reductive citrate cycle (Arnon-Buchanan cycle)	Previous algorithm: distinct-gene set coverage	IS	Clade 4	IdrA-associated with DIRM-like synteny	SY365BB-8-12_bin10	1	34.8837209302326	FALSE	FALSE
Carbon	Reductive citrate cycle (Arnon-Buchanan cycle)	Previous algorithm: distinct-gene set coverage	IS	Clade 4	IdrA-associated with DIRM-like synteny	SY365BB-8-12_bin26	1	30.2325581395349	FALSE	FALSE
Carbon	Reductive citrate cycle (Arnon-Buchanan cycle)	Previous algorithm: distinct-gene set coverage	IS	Clade 4	IdrA-associated with DIRM-like synteny	SY365BB-8-12_bin8	1	27.906976744186	FALSE	FALSE
Carbon	Reductive citrate cycle (Arnon-Buchanan cycle)	Previous algorithm: distinct-gene set coverage	IS	Clade 4	IdrA-associated with DIRM-like synteny	SY366YW-0-4_bin34	1	37.2093023255814	FALSE	FALSE
Carbon	Reductive citrate cycle (Arnon-Buchanan cycle)	Previous algorithm: distinct-gene set coverage	IS	Clade 4	IdrA-associated with DIRM-like synteny	SY366YW-0-4_bin9	1	37.2093023255814	FALSE	FALSE
Carbon	Reductive citrate cycle (Arnon-Buchanan cycle)	Previous algorithm: distinct-gene set coverage	IS	Clade 4	IdrA-associated with DIRM-like synteny	SY366YW-8-12_bin2	1	30.2325581395349	FALSE	FALSE
Carbon	Reductive citrate cycle (Arnon-Buchanan cycle)	Previous algorithm: distinct-gene set coverage	IS	Clade 4	IdrA-associated with DIRM-like synteny	SY368YW-8-12_bin33	1	34.8837209302326	FALSE	FALSE
Carbon	Reductive citrate cycle (Arnon-Buchanan cycle)	Previous algorithm: distinct-gene set coverage	IS	Clade 4	IdrA-associated with DIRM-like synteny	SY456YB-0-4_bin8	1	41.8604651162791	FALSE	FALSE
Carbon	Reductive citrate cycle (Arnon-Buchanan cycle)	Previous algorithm: distinct-gene set coverage	IS	Clade 4	IdrA-associated with DIRM-like synteny	SY456YB-8-12_bin27	1	25.5813953488372	FALSE	FALSE
Carbon	Reductive citrate cycle (Arnon-Buchanan cycle)	Previous algorithm: distinct-gene set coverage	IS	Clade 4	IdrA-associated with DIRM-like synteny	SY456YB-8-12_bin34	1	27.906976744186	FALSE	FALSE
Carbon	Reductive citrate cycle (Arnon-Buchanan cycle)	Previous algorithm: distinct-gene set coverage	IS	Clade 4	IdrA-associated with DIRM-like synteny	SY456YB-8-12_bin4	1	41.8604651162791	FALSE	FALSE
Carbon	Reductive citrate cycle (Arnon-Buchanan cycle)	Previous algorithm: distinct-gene set coverage	IS	Clade 4	IdrA-associated with DIRM-like synteny	SY457BB-0-4_bin35	1	20.9302325581395	FALSE	FALSE
Carbon	Reductive citrate cycle (Arnon-Buchanan cycle)	Previous algorithm: distinct-gene set coverage	IS	Clade 4	IdrA-associated with DIRM-like synteny	SY457BB-0-4_bin6	1	34.8837209302326	FALSE	FALSE
Carbon	Reductive citrate cycle (Arnon-Buchanan cycle)	Previous algorithm: distinct-gene set coverage	IS	Clade 4	IdrA-associated with DIRM-like synteny	SY457BB-4-8_bin29	1	27.906976744186	FALSE	FALSE
Carbon	Reductive citrate cycle (Arnon-Buchanan cycle)	Previous algorithm: distinct-gene set coverage	IS	Clade 4	IdrA-associated with DIRM-like synteny	SY457BB-4-8_bin33	1	41.8604651162791	FALSE	FALSE
Carbon	Reductive citrate cycle (Arnon-Buchanan cycle)	Previous algorithm: distinct-gene set coverage	IS	Clade 4	IdrA-associated with DIRM-like synteny	SY457BB-8-12_bin15	1	41.8604651162791	FALSE	FALSE
Carbon	Reductive citrate cycle (Arnon-Buchanan cycle)	Previous algorithm: distinct-gene set coverage	IS	Clade 4	IdrA-associated with DIRM-like synteny	SY457BB-8-12_bin25	1	30.2325581395349	FALSE	FALSE
Carbon	Reductive citrate cycle (Arnon-Buchanan cycle)	Previous algorithm: distinct-gene set coverage	IS	Clade 4	IdrA-associated with DIRM-like synteny	SY457BB-8-12_bin4	1	18.6046511627907	FALSE	FALSE
Carbon	Reductive citrate cycle (Arnon-Buchanan cycle)	Previous algorithm: distinct-gene set coverage	IS	Clade 4	IdrA-associated with DIRM-like synteny	SY459WG-0-4_bin37	1	25.5813953488372	FALSE	FALSE
Carbon	Reductive citrate cycle (Arnon-Buchanan cycle)	Previous algorithm: distinct-gene set coverage	IS	Clade 4	IdrA-associated with DIRM-like synteny	SY459WG-8-12_bin2	1	27.906976744186	FALSE	FALSE
Carbon	Reductive citrate cycle (Arnon-Buchanan cycle)	Previous algorithm: distinct-gene set coverage	AS	Clade 1	Canonical AioA-associated	S1_9-12_bin1	1	9.30232558139535	FALSE	FALSE
Carbon	Reductive citrate cycle (Arnon-Buchanan cycle)	Previous algorithm: distinct-gene set coverage	AS	Clade 2	Unknown/uncertain DMSOR	SQ_58_0-4_bin4	1	23.2558139534884	FALSE	FALSE
Carbon	Reductive citrate cycle (Arnon-Buchanan cycle)	Previous algorithm: distinct-gene set coverage	AS	Clade 3	IdrA-associated without complete DIRM-like synteny	S1_9-12_bin1	1	9.30232558139535	FALSE	FALSE
Carbon	Reductive citrate cycle (Arnon-Buchanan cycle)	Previous algorithm: distinct-gene set coverage	ES	Clade 3	IdrA-associated without complete DIRM-like synteny	C1_12-18_bin19	1	34.8837209302326	FALSE	FALSE
Carbon	Reductive citrate cycle (Arnon-Buchanan cycle)	Previous algorithm: distinct-gene set coverage	ES	Clade 3	IdrA-associated without complete DIRM-like synteny	C1_12-18_bin24	1	34.8837209302326	FALSE	FALSE
Carbon	Reductive citrate cycle (Arnon-Buchanan cycle)	Previous algorithm: distinct-gene set coverage	ES	Clade 3	IdrA-associated without complete DIRM-like synteny	C2_12-18_bin11	1	32.5581395348837	FALSE	FALSE
Carbon	Reductive citrate cycle (Arnon-Buchanan cycle)	Previous algorithm: distinct-gene set coverage	ES	Clade 3	IdrA-associated without complete DIRM-like synteny	C2_12-18_bin17	1	20.9302325581395	FALSE	FALSE
Carbon	Reductive citrate cycle (Arnon-Buchanan cycle)	Previous algorithm: distinct-gene set coverage	ES	Clade 3	IdrA-associated without complete DIRM-like synteny	S13_0-2_bin3	1	23.2558139534884	FALSE	FALSE
Carbon	Reductive citrate cycle (Arnon-Buchanan cycle)	Previous algorithm: distinct-gene set coverage	ES	Clade 3	IdrA-associated without complete DIRM-like synteny	S15_8-10_bin20	1	27.906976744186	FALSE	FALSE
Carbon	Reductive citrate cycle (Arnon-Buchanan cycle)	Previous algorithm: distinct-gene set coverage	NS	Clade 1	Canonical AioA-associated	R2111_S300_0-10_bin19	1	30.2325581395349	FALSE	FALSE
Carbon	Reductive citrate cycle (Arnon-Buchanan cycle)	Previous algorithm: distinct-gene set coverage	NS	Clade 2	Unknown/uncertain DMSOR	R2111_N500_0-10_bin13	1	13.953488372093	FALSE	FALSE
Carbon	TCA /Reductive TCA	Previous algorithm: distinct-gene set coverage	IS	Clade 1	Canonical AioA-associated	SY366YW-4-8_bin7	1	100	TRUE	TRUE
Carbon	TCA /Reductive TCA	Previous algorithm: distinct-gene set coverage	IS	Clade 2	Unknown/uncertain DMSOR	SY366YW-0-4_bin2	1	0	FALSE	FALSE
Carbon	TCA /Reductive TCA	Previous algorithm: distinct-gene set coverage	IS	Clade 2	Unknown/uncertain DMSOR	SY368YW-8-12_bin14	1	0	FALSE	FALSE
Carbon	TCA /Reductive TCA	Previous algorithm: distinct-gene set coverage	IS	Clade 2	Unknown/uncertain DMSOR	SY368YW-8-12_bin16	1	0	FALSE	FALSE
Carbon	TCA /Reductive TCA	Previous algorithm: distinct-gene set coverage	IS	Clade 2	Unknown/uncertain DMSOR	SY459WG-0-4_bin26	1	0	FALSE	FALSE
Carbon	TCA /Reductive TCA	Previous algorithm: distinct-gene set coverage	IS	Clade 2	Unknown/uncertain DMSOR	SY459WG-4-8_bin39	1	100	TRUE	TRUE
Carbon	TCA /Reductive TCA	Previous algorithm: distinct-gene set coverage	IS	Clade 3	IdrA-associated without complete DIRM-like synteny	SY365BB-0-4_bin24	1	0	FALSE	FALSE
Carbon	TCA /Reductive TCA	Previous algorithm: distinct-gene set coverage	IS	Clade 3	IdrA-associated without complete DIRM-like synteny	SY365BB-8-12_bin7	1	100	TRUE	TRUE
Carbon	TCA /Reductive TCA	Previous algorithm: distinct-gene set coverage	IS	Clade 3	IdrA-associated without complete DIRM-like synteny	SY366YB-0-4_bin3	1	0	FALSE	FALSE
Carbon	TCA /Reductive TCA	Previous algorithm: distinct-gene set coverage	IS	Clade 3	IdrA-associated without complete DIRM-like synteny	SY366YB-0-4_bin5	1	0	FALSE	FALSE
Carbon	TCA /Reductive TCA	Previous algorithm: distinct-gene set coverage	IS	Clade 3	IdrA-associated without complete DIRM-like synteny	SY368YW-4-8_bin24	1	0	FALSE	FALSE
Carbon	TCA /Reductive TCA	Previous algorithm: distinct-gene set coverage	IS	Clade 3	IdrA-associated without complete DIRM-like synteny	SY456YB-4-8_bin24	1	0	FALSE	FALSE
Carbon	TCA /Reductive TCA	Previous algorithm: distinct-gene set coverage	IS	Clade 3	IdrA-associated without complete DIRM-like synteny	SY456YB-8-12_bin5	1	0	FALSE	FALSE
Carbon	TCA /Reductive TCA	Previous algorithm: distinct-gene set coverage	IS	Clade 3	IdrA-associated without complete DIRM-like synteny	SY457BB-0-4_bin2	1	0	FALSE	FALSE
Carbon	TCA /Reductive TCA	Previous algorithm: distinct-gene set coverage	IS	Clade 3	IdrA-associated without complete DIRM-like synteny	SY457BB-8-12_bin10	1	0	FALSE	FALSE
Carbon	TCA /Reductive TCA	Previous algorithm: distinct-gene set coverage	IS	Clade 3	IdrA-associated without complete DIRM-like synteny	SY457BB-8-12_bin16	1	0	FALSE	FALSE
Carbon	TCA /Reductive TCA	Previous algorithm: distinct-gene set coverage	IS	Clade 3	IdrA-associated without complete DIRM-like synteny	SY459WG-4-8_bin8	1	0	FALSE	FALSE
Carbon	TCA /Reductive TCA	Previous algorithm: distinct-gene set coverage	IS	Clade 3	IdrA-associated without complete DIRM-like synteny	SY459WG-8-12_bin19	1	0	FALSE	FALSE
Carbon	TCA /Reductive TCA	Previous algorithm: distinct-gene set coverage	IS	Clade 4	IdrA-associated with DIRM-like synteny	SY365BB-8-12_bin10	1	0	FALSE	FALSE
Carbon	TCA /Reductive TCA	Previous algorithm: distinct-gene set coverage	IS	Clade 4	IdrA-associated with DIRM-like synteny	SY365BB-8-12_bin26	1	0	FALSE	FALSE
Carbon	TCA /Reductive TCA	Previous algorithm: distinct-gene set coverage	IS	Clade 4	IdrA-associated with DIRM-like synteny	SY365BB-8-12_bin8	1	0	FALSE	FALSE
Carbon	TCA /Reductive TCA	Previous algorithm: distinct-gene set coverage	IS	Clade 4	IdrA-associated with DIRM-like synteny	SY366YW-0-4_bin34	1	0	FALSE	FALSE
Carbon	TCA /Reductive TCA	Previous algorithm: distinct-gene set coverage	IS	Clade 4	IdrA-associated with DIRM-like synteny	SY366YW-0-4_bin9	1	0	FALSE	FALSE
Carbon	TCA /Reductive TCA	Previous algorithm: distinct-gene set coverage	IS	Clade 4	IdrA-associated with DIRM-like synteny	SY366YW-8-12_bin2	1	0	FALSE	FALSE
Carbon	TCA /Reductive TCA	Previous algorithm: distinct-gene set coverage	IS	Clade 4	IdrA-associated with DIRM-like synteny	SY368YW-8-12_bin33	1	0	FALSE	FALSE
Carbon	TCA /Reductive TCA	Previous algorithm: distinct-gene set coverage	IS	Clade 4	IdrA-associated with DIRM-like synteny	SY456YB-0-4_bin8	1	0	FALSE	FALSE
Carbon	TCA /Reductive TCA	Previous algorithm: distinct-gene set coverage	IS	Clade 4	IdrA-associated with DIRM-like synteny	SY456YB-8-12_bin27	1	0	FALSE	FALSE
Carbon	TCA /Reductive TCA	Previous algorithm: distinct-gene set coverage	IS	Clade 4	IdrA-associated with DIRM-like synteny	SY456YB-8-12_bin34	1	0	FALSE	FALSE
Carbon	TCA /Reductive TCA	Previous algorithm: distinct-gene set coverage	IS	Clade 4	IdrA-associated with DIRM-like synteny	SY456YB-8-12_bin4	1	0	FALSE	FALSE
Carbon	TCA /Reductive TCA	Previous algorithm: distinct-gene set coverage	IS	Clade 4	IdrA-associated with DIRM-like synteny	SY457BB-0-4_bin35	1	0	FALSE	FALSE
Carbon	TCA /Reductive TCA	Previous algorithm: distinct-gene set coverage	IS	Clade 4	IdrA-associated with DIRM-like synteny	SY457BB-0-4_bin6	1	0	FALSE	FALSE
Carbon	TCA /Reductive TCA	Previous algorithm: distinct-gene set coverage	IS	Clade 4	IdrA-associated with DIRM-like synteny	SY457BB-4-8_bin29	1	0	FALSE	FALSE
Carbon	TCA /Reductive TCA	Previous algorithm: distinct-gene set coverage	IS	Clade 4	IdrA-associated with DIRM-like synteny	SY457BB-4-8_bin33	1	0	FALSE	FALSE
Carbon	TCA /Reductive TCA	Previous algorithm: distinct-gene set coverage	IS	Clade 4	IdrA-associated with DIRM-like synteny	SY457BB-8-12_bin15	1	0	FALSE	FALSE
Carbon	TCA /Reductive TCA	Previous algorithm: distinct-gene set coverage	IS	Clade 4	IdrA-associated with DIRM-like synteny	SY457BB-8-12_bin25	1	0	FALSE	FALSE
Carbon	TCA /Reductive TCA	Previous algorithm: distinct-gene set coverage	IS	Clade 4	IdrA-associated with DIRM-like synteny	SY457BB-8-12_bin4	1	0	FALSE	FALSE
Carbon	TCA /Reductive TCA	Previous algorithm: distinct-gene set coverage	IS	Clade 4	IdrA-associated with DIRM-like synteny	SY459WG-0-4_bin37	1	0	FALSE	FALSE
Carbon	TCA /Reductive TCA	Previous algorithm: distinct-gene set coverage	IS	Clade 4	IdrA-associated with DIRM-like synteny	SY459WG-8-12_bin2	1	0	FALSE	FALSE
Carbon	TCA /Reductive TCA	Previous algorithm: distinct-gene set coverage	AS	Clade 1	Canonical AioA-associated	S1_9-12_bin1	1	0	FALSE	FALSE
Carbon	TCA /Reductive TCA	Previous algorithm: distinct-gene set coverage	AS	Clade 2	Unknown/uncertain DMSOR	SQ_58_0-4_bin4	1	0	FALSE	FALSE
Carbon	TCA /Reductive TCA	Previous algorithm: distinct-gene set coverage	AS	Clade 3	IdrA-associated without complete DIRM-like synteny	S1_9-12_bin1	1	0	FALSE	FALSE
Carbon	TCA /Reductive TCA	Previous algorithm: distinct-gene set coverage	ES	Clade 3	IdrA-associated without complete DIRM-like synteny	C1_12-18_bin19	1	0	FALSE	FALSE
Carbon	TCA /Reductive TCA	Previous algorithm: distinct-gene set coverage	ES	Clade 3	IdrA-associated without complete DIRM-like synteny	C1_12-18_bin24	1	0	FALSE	FALSE
Carbon	TCA /Reductive TCA	Previous algorithm: distinct-gene set coverage	ES	Clade 3	IdrA-associated without complete DIRM-like synteny	C2_12-18_bin11	1	100	TRUE	TRUE
Carbon	TCA /Reductive TCA	Previous algorithm: distinct-gene set coverage	ES	Clade 3	IdrA-associated without complete DIRM-like synteny	C2_12-18_bin17	1	100	TRUE	TRUE
Carbon	TCA /Reductive TCA	Previous algorithm: distinct-gene set coverage	ES	Clade 3	IdrA-associated without complete DIRM-like synteny	S13_0-2_bin3	1	0	FALSE	FALSE
Carbon	TCA /Reductive TCA	Previous algorithm: distinct-gene set coverage	ES	Clade 3	IdrA-associated without complete DIRM-like synteny	S15_8-10_bin20	1	0	FALSE	FALSE
Carbon	TCA /Reductive TCA	Previous algorithm: distinct-gene set coverage	NS	Clade 1	Canonical AioA-associated	R2111_S300_0-10_bin19	1	0	FALSE	FALSE
Carbon	TCA /Reductive TCA	Previous algorithm: distinct-gene set coverage	NS	Clade 2	Unknown/uncertain DMSOR	R2111_N500_0-10_bin13	1	0	FALSE	FALSE
Motility	Flagellar Assembly (partial 36-KO reconstruction)	Previous algorithm: distinct-gene set coverage	IS	Clade 1	Canonical AioA-associated	SY366YW-4-8_bin7	1	91.6666666666667	TRUE	TRUE
Motility	Flagellar Assembly (partial 36-KO reconstruction)	Previous algorithm: distinct-gene set coverage	IS	Clade 2	Unknown/uncertain DMSOR	SY366YW-0-4_bin2	1	0	FALSE	FALSE
Motility	Flagellar Assembly (partial 36-KO reconstruction)	Previous algorithm: distinct-gene set coverage	IS	Clade 2	Unknown/uncertain DMSOR	SY368YW-8-12_bin14	1	0	FALSE	FALSE
Motility	Flagellar Assembly (partial 36-KO reconstruction)	Previous algorithm: distinct-gene set coverage	IS	Clade 2	Unknown/uncertain DMSOR	SY368YW-8-12_bin16	1	0	FALSE	FALSE
Motility	Flagellar Assembly (partial 36-KO reconstruction)	Previous algorithm: distinct-gene set coverage	IS	Clade 2	Unknown/uncertain DMSOR	SY459WG-0-4_bin26	1	0	FALSE	FALSE
Motility	Flagellar Assembly (partial 36-KO reconstruction)	Previous algorithm: distinct-gene set coverage	IS	Clade 2	Unknown/uncertain DMSOR	SY459WG-4-8_bin39	1	63.8888888888889	TRUE	FALSE
Motility	Flagellar Assembly (partial 36-KO reconstruction)	Previous algorithm: distinct-gene set coverage	IS	Clade 3	IdrA-associated without complete DIRM-like synteny	SY365BB-0-4_bin24	1	66.6666666666667	TRUE	FALSE
Motility	Flagellar Assembly (partial 36-KO reconstruction)	Previous algorithm: distinct-gene set coverage	IS	Clade 3	IdrA-associated without complete DIRM-like synteny	SY365BB-8-12_bin7	1	77.7777777777778	TRUE	TRUE
Motility	Flagellar Assembly (partial 36-KO reconstruction)	Previous algorithm: distinct-gene set coverage	IS	Clade 3	IdrA-associated without complete DIRM-like synteny	SY366YB-0-4_bin3	1	2.77777777777778	FALSE	FALSE
Motility	Flagellar Assembly (partial 36-KO reconstruction)	Previous algorithm: distinct-gene set coverage	IS	Clade 3	IdrA-associated without complete DIRM-like synteny	SY366YB-0-4_bin5	1	58.3333333333333	TRUE	FALSE
Motility	Flagellar Assembly (partial 36-KO reconstruction)	Previous algorithm: distinct-gene set coverage	IS	Clade 3	IdrA-associated without complete DIRM-like synteny	SY368YW-4-8_bin24	1	44.4444444444444	FALSE	FALSE
Motility	Flagellar Assembly (partial 36-KO reconstruction)	Previous algorithm: distinct-gene set coverage	IS	Clade 3	IdrA-associated without complete DIRM-like synteny	SY456YB-4-8_bin24	1	0	FALSE	FALSE
Motility	Flagellar Assembly (partial 36-KO reconstruction)	Previous algorithm: distinct-gene set coverage	IS	Clade 3	IdrA-associated without complete DIRM-like synteny	SY456YB-8-12_bin5	1	47.2222222222222	FALSE	FALSE
Motility	Flagellar Assembly (partial 36-KO reconstruction)	Previous algorithm: distinct-gene set coverage	IS	Clade 3	IdrA-associated without complete DIRM-like synteny	SY457BB-0-4_bin2	1	0	FALSE	FALSE
Motility	Flagellar Assembly (partial 36-KO reconstruction)	Previous algorithm: distinct-gene set coverage	IS	Clade 3	IdrA-associated without complete DIRM-like synteny	SY457BB-8-12_bin10	1	30.5555555555556	FALSE	FALSE
Motility	Flagellar Assembly (partial 36-KO reconstruction)	Previous algorithm: distinct-gene set coverage	IS	Clade 3	IdrA-associated without complete DIRM-like synteny	SY457BB-8-12_bin16	1	36.1111111111111	FALSE	FALSE
Motility	Flagellar Assembly (partial 36-KO reconstruction)	Previous algorithm: distinct-gene set coverage	IS	Clade 3	IdrA-associated without complete DIRM-like synteny	SY459WG-4-8_bin8	1	0	FALSE	FALSE
Motility	Flagellar Assembly (partial 36-KO reconstruction)	Previous algorithm: distinct-gene set coverage	IS	Clade 3	IdrA-associated without complete DIRM-like synteny	SY459WG-8-12_bin19	1	47.2222222222222	FALSE	FALSE
Motility	Flagellar Assembly (partial 36-KO reconstruction)	Previous algorithm: distinct-gene set coverage	IS	Clade 4	IdrA-associated with DIRM-like synteny	SY365BB-8-12_bin10	1	58.3333333333333	TRUE	FALSE
Motility	Flagellar Assembly (partial 36-KO reconstruction)	Previous algorithm: distinct-gene set coverage	IS	Clade 4	IdrA-associated with DIRM-like synteny	SY365BB-8-12_bin26	1	63.8888888888889	TRUE	FALSE
Motility	Flagellar Assembly (partial 36-KO reconstruction)	Previous algorithm: distinct-gene set coverage	IS	Clade 4	IdrA-associated with DIRM-like synteny	SY365BB-8-12_bin8	1	61.1111111111111	TRUE	FALSE
Motility	Flagellar Assembly (partial 36-KO reconstruction)	Previous algorithm: distinct-gene set coverage	IS	Clade 4	IdrA-associated with DIRM-like synteny	SY366YW-0-4_bin34	1	72.2222222222222	TRUE	FALSE
Motility	Flagellar Assembly (partial 36-KO reconstruction)	Previous algorithm: distinct-gene set coverage	IS	Clade 4	IdrA-associated with DIRM-like synteny	SY366YW-0-4_bin9	1	69.4444444444444	TRUE	FALSE
Motility	Flagellar Assembly (partial 36-KO reconstruction)	Previous algorithm: distinct-gene set coverage	IS	Clade 4	IdrA-associated with DIRM-like synteny	SY366YW-8-12_bin2	1	58.3333333333333	TRUE	FALSE
Motility	Flagellar Assembly (partial 36-KO reconstruction)	Previous algorithm: distinct-gene set coverage	IS	Clade 4	IdrA-associated with DIRM-like synteny	SY368YW-8-12_bin33	1	8.33333333333333	FALSE	FALSE
Motility	Flagellar Assembly (partial 36-KO reconstruction)	Previous algorithm: distinct-gene set coverage	IS	Clade 4	IdrA-associated with DIRM-like synteny	SY456YB-0-4_bin8	1	52.7777777777778	TRUE	FALSE
Motility	Flagellar Assembly (partial 36-KO reconstruction)	Previous algorithm: distinct-gene set coverage	IS	Clade 4	IdrA-associated with DIRM-like synteny	SY456YB-8-12_bin27	1	0	FALSE	FALSE
Motility	Flagellar Assembly (partial 36-KO reconstruction)	Previous algorithm: distinct-gene set coverage	IS	Clade 4	IdrA-associated with DIRM-like synteny	SY456YB-8-12_bin34	1	27.7777777777778	FALSE	FALSE
Motility	Flagellar Assembly (partial 36-KO reconstruction)	Previous algorithm: distinct-gene set coverage	IS	Clade 4	IdrA-associated with DIRM-like synteny	SY456YB-8-12_bin4	1	61.1111111111111	TRUE	FALSE
Motility	Flagellar Assembly (partial 36-KO reconstruction)	Previous algorithm: distinct-gene set coverage	IS	Clade 4	IdrA-associated with DIRM-like synteny	SY457BB-0-4_bin35	1	36.1111111111111	FALSE	FALSE
Motility	Flagellar Assembly (partial 36-KO reconstruction)	Previous algorithm: distinct-gene set coverage	IS	Clade 4	IdrA-associated with DIRM-like synteny	SY457BB-0-4_bin6	1	63.8888888888889	TRUE	FALSE
Motility	Flagellar Assembly (partial 36-KO reconstruction)	Previous algorithm: distinct-gene set coverage	IS	Clade 4	IdrA-associated with DIRM-like synteny	SY457BB-4-8_bin29	1	0	FALSE	FALSE
Motility	Flagellar Assembly (partial 36-KO reconstruction)	Previous algorithm: distinct-gene set coverage	IS	Clade 4	IdrA-associated with DIRM-like synteny	SY457BB-4-8_bin33	1	2.77777777777778	FALSE	FALSE
Motility	Flagellar Assembly (partial 36-KO reconstruction)	Previous algorithm: distinct-gene set coverage	IS	Clade 4	IdrA-associated with DIRM-like synteny	SY457BB-8-12_bin15	1	61.1111111111111	TRUE	FALSE
Motility	Flagellar Assembly (partial 36-KO reconstruction)	Previous algorithm: distinct-gene set coverage	IS	Clade 4	IdrA-associated with DIRM-like synteny	SY457BB-8-12_bin25	1	13.8888888888889	FALSE	FALSE
Motility	Flagellar Assembly (partial 36-KO reconstruction)	Previous algorithm: distinct-gene set coverage	IS	Clade 4	IdrA-associated with DIRM-like synteny	SY457BB-8-12_bin4	1	50	TRUE	FALSE
Motility	Flagellar Assembly (partial 36-KO reconstruction)	Previous algorithm: distinct-gene set coverage	IS	Clade 4	IdrA-associated with DIRM-like synteny	SY459WG-0-4_bin37	1	58.3333333333333	TRUE	FALSE
Motility	Flagellar Assembly (partial 36-KO reconstruction)	Previous algorithm: distinct-gene set coverage	IS	Clade 4	IdrA-associated with DIRM-like synteny	SY459WG-8-12_bin2	1	61.1111111111111	TRUE	FALSE
Motility	Flagellar Assembly (partial 36-KO reconstruction)	Previous algorithm: distinct-gene set coverage	AS	Clade 1	Canonical AioA-associated	S1_9-12_bin1	1	0	FALSE	FALSE
Motility	Flagellar Assembly (partial 36-KO reconstruction)	Previous algorithm: distinct-gene set coverage	AS	Clade 2	Unknown/uncertain DMSOR	SQ_58_0-4_bin4	1	0	FALSE	FALSE
Motility	Flagellar Assembly (partial 36-KO reconstruction)	Previous algorithm: distinct-gene set coverage	AS	Clade 3	IdrA-associated without complete DIRM-like synteny	S1_9-12_bin1	1	0	FALSE	FALSE
Motility	Flagellar Assembly (partial 36-KO reconstruction)	Previous algorithm: distinct-gene set coverage	ES	Clade 3	IdrA-associated without complete DIRM-like synteny	C1_12-18_bin19	1	63.8888888888889	TRUE	FALSE
Motility	Flagellar Assembly (partial 36-KO reconstruction)	Previous algorithm: distinct-gene set coverage	ES	Clade 3	IdrA-associated without complete DIRM-like synteny	C1_12-18_bin24	1	0	FALSE	FALSE
Motility	Flagellar Assembly (partial 36-KO reconstruction)	Previous algorithm: distinct-gene set coverage	ES	Clade 3	IdrA-associated without complete DIRM-like synteny	C2_12-18_bin11	1	0	FALSE	FALSE
Motility	Flagellar Assembly (partial 36-KO reconstruction)	Previous algorithm: distinct-gene set coverage	ES	Clade 3	IdrA-associated without complete DIRM-like synteny	C2_12-18_bin17	1	0	FALSE	FALSE
Motility	Flagellar Assembly (partial 36-KO reconstruction)	Previous algorithm: distinct-gene set coverage	ES	Clade 3	IdrA-associated without complete DIRM-like synteny	S13_0-2_bin3	1	0	FALSE	FALSE
Motility	Flagellar Assembly (partial 36-KO reconstruction)	Previous algorithm: distinct-gene set coverage	ES	Clade 3	IdrA-associated without complete DIRM-like synteny	S15_8-10_bin20	1	0	FALSE	FALSE
Motility	Flagellar Assembly (partial 36-KO reconstruction)	Previous algorithm: distinct-gene set coverage	NS	Clade 1	Canonical AioA-associated	R2111_S300_0-10_bin19	1	0	FALSE	FALSE
Motility	Flagellar Assembly (partial 36-KO reconstruction)	Previous algorithm: distinct-gene set coverage	NS	Clade 2	Unknown/uncertain DMSOR	R2111_N500_0-10_bin13	1	0	FALSE	FALSE
Nitrogen	Assimilatory nitrate reduction, nitrate => ammonia	Previous algorithm: distinct-gene set coverage	IS	Clade 1	Canonical AioA-associated	SY366YW-4-8_bin7	1	16.6666666666667	FALSE	FALSE
Nitrogen	Assimilatory nitrate reduction, nitrate => ammonia	Previous algorithm: distinct-gene set coverage	IS	Clade 2	Unknown/uncertain DMSOR	SY366YW-0-4_bin2	1	0	FALSE	FALSE
Nitrogen	Assimilatory nitrate reduction, nitrate => ammonia	Previous algorithm: distinct-gene set coverage	IS	Clade 2	Unknown/uncertain DMSOR	SY368YW-8-12_bin14	1	0	FALSE	FALSE
Nitrogen	Assimilatory nitrate reduction, nitrate => ammonia	Previous algorithm: distinct-gene set coverage	IS	Clade 2	Unknown/uncertain DMSOR	SY368YW-8-12_bin16	1	0	FALSE	FALSE
Nitrogen	Assimilatory nitrate reduction, nitrate => ammonia	Previous algorithm: distinct-gene set coverage	IS	Clade 2	Unknown/uncertain DMSOR	SY459WG-0-4_bin26	1	0	FALSE	FALSE
Nitrogen	Assimilatory nitrate reduction, nitrate => ammonia	Previous algorithm: distinct-gene set coverage	IS	Clade 2	Unknown/uncertain DMSOR	SY459WG-4-8_bin39	1	0	FALSE	FALSE
Nitrogen	Assimilatory nitrate reduction, nitrate => ammonia	Previous algorithm: distinct-gene set coverage	IS	Clade 3	IdrA-associated without complete DIRM-like synteny	SY365BB-0-4_bin24	1	0	FALSE	FALSE
Nitrogen	Assimilatory nitrate reduction, nitrate => ammonia	Previous algorithm: distinct-gene set coverage	IS	Clade 3	IdrA-associated without complete DIRM-like synteny	SY365BB-8-12_bin7	1	16.6666666666667	FALSE	FALSE
Nitrogen	Assimilatory nitrate reduction, nitrate => ammonia	Previous algorithm: distinct-gene set coverage	IS	Clade 3	IdrA-associated without complete DIRM-like synteny	SY366YB-0-4_bin3	1	0	FALSE	FALSE
Nitrogen	Assimilatory nitrate reduction, nitrate => ammonia	Previous algorithm: distinct-gene set coverage	IS	Clade 3	IdrA-associated without complete DIRM-like synteny	SY366YB-0-4_bin5	1	0	FALSE	FALSE
Nitrogen	Assimilatory nitrate reduction, nitrate => ammonia	Previous algorithm: distinct-gene set coverage	IS	Clade 3	IdrA-associated without complete DIRM-like synteny	SY368YW-4-8_bin24	1	0	FALSE	FALSE
Nitrogen	Assimilatory nitrate reduction, nitrate => ammonia	Previous algorithm: distinct-gene set coverage	IS	Clade 3	IdrA-associated without complete DIRM-like synteny	SY456YB-4-8_bin24	1	0	FALSE	FALSE
Nitrogen	Assimilatory nitrate reduction, nitrate => ammonia	Previous algorithm: distinct-gene set coverage	IS	Clade 3	IdrA-associated without complete DIRM-like synteny	SY456YB-8-12_bin5	1	0	FALSE	FALSE
Nitrogen	Assimilatory nitrate reduction, nitrate => ammonia	Previous algorithm: distinct-gene set coverage	IS	Clade 3	IdrA-associated without complete DIRM-like synteny	SY457BB-0-4_bin2	1	0	FALSE	FALSE
Nitrogen	Assimilatory nitrate reduction, nitrate => ammonia	Previous algorithm: distinct-gene set coverage	IS	Clade 3	IdrA-associated without complete DIRM-like synteny	SY457BB-8-12_bin10	1	0	FALSE	FALSE
Nitrogen	Assimilatory nitrate reduction, nitrate => ammonia	Previous algorithm: distinct-gene set coverage	IS	Clade 3	IdrA-associated without complete DIRM-like synteny	SY457BB-8-12_bin16	1	0	FALSE	FALSE
Nitrogen	Assimilatory nitrate reduction, nitrate => ammonia	Previous algorithm: distinct-gene set coverage	IS	Clade 3	IdrA-associated without complete DIRM-like synteny	SY459WG-4-8_bin8	1	0	FALSE	FALSE
Nitrogen	Assimilatory nitrate reduction, nitrate => ammonia	Previous algorithm: distinct-gene set coverage	IS	Clade 3	IdrA-associated without complete DIRM-like synteny	SY459WG-8-12_bin19	1	0	FALSE	FALSE
Nitrogen	Assimilatory nitrate reduction, nitrate => ammonia	Previous algorithm: distinct-gene set coverage	IS	Clade 4	IdrA-associated with DIRM-like synteny	SY365BB-8-12_bin10	1	0	FALSE	FALSE
Nitrogen	Assimilatory nitrate reduction, nitrate => ammonia	Previous algorithm: distinct-gene set coverage	IS	Clade 4	IdrA-associated with DIRM-like synteny	SY365BB-8-12_bin26	1	16.6666666666667	FALSE	FALSE
Nitrogen	Assimilatory nitrate reduction, nitrate => ammonia	Previous algorithm: distinct-gene set coverage	IS	Clade 4	IdrA-associated with DIRM-like synteny	SY365BB-8-12_bin8	1	0	FALSE	FALSE
Nitrogen	Assimilatory nitrate reduction, nitrate => ammonia	Previous algorithm: distinct-gene set coverage	IS	Clade 4	IdrA-associated with DIRM-like synteny	SY366YW-0-4_bin34	1	0	FALSE	FALSE
Nitrogen	Assimilatory nitrate reduction, nitrate => ammonia	Previous algorithm: distinct-gene set coverage	IS	Clade 4	IdrA-associated with DIRM-like synteny	SY366YW-0-4_bin9	1	0	FALSE	FALSE
Nitrogen	Assimilatory nitrate reduction, nitrate => ammonia	Previous algorithm: distinct-gene set coverage	IS	Clade 4	IdrA-associated with DIRM-like synteny	SY366YW-8-12_bin2	1	0	FALSE	FALSE
Nitrogen	Assimilatory nitrate reduction, nitrate => ammonia	Previous algorithm: distinct-gene set coverage	IS	Clade 4	IdrA-associated with DIRM-like synteny	SY368YW-8-12_bin33	1	0	FALSE	FALSE
Nitrogen	Assimilatory nitrate reduction, nitrate => ammonia	Previous algorithm: distinct-gene set coverage	IS	Clade 4	IdrA-associated with DIRM-like synteny	SY456YB-0-4_bin8	1	0	FALSE	FALSE
Nitrogen	Assimilatory nitrate reduction, nitrate => ammonia	Previous algorithm: distinct-gene set coverage	IS	Clade 4	IdrA-associated with DIRM-like synteny	SY456YB-8-12_bin27	1	0	FALSE	FALSE
Nitrogen	Assimilatory nitrate reduction, nitrate => ammonia	Previous algorithm: distinct-gene set coverage	IS	Clade 4	IdrA-associated with DIRM-like synteny	SY456YB-8-12_bin34	1	0	FALSE	FALSE
Nitrogen	Assimilatory nitrate reduction, nitrate => ammonia	Previous algorithm: distinct-gene set coverage	IS	Clade 4	IdrA-associated with DIRM-like synteny	SY456YB-8-12_bin4	1	0	FALSE	FALSE
Nitrogen	Assimilatory nitrate reduction, nitrate => ammonia	Previous algorithm: distinct-gene set coverage	IS	Clade 4	IdrA-associated with DIRM-like synteny	SY457BB-0-4_bin35	1	0	FALSE	FALSE
Nitrogen	Assimilatory nitrate reduction, nitrate => ammonia	Previous algorithm: distinct-gene set coverage	IS	Clade 4	IdrA-associated with DIRM-like synteny	SY457BB-0-4_bin6	1	0	FALSE	FALSE
Nitrogen	Assimilatory nitrate reduction, nitrate => ammonia	Previous algorithm: distinct-gene set coverage	IS	Clade 4	IdrA-associated with DIRM-like synteny	SY457BB-4-8_bin29	1	0	FALSE	FALSE
Nitrogen	Assimilatory nitrate reduction, nitrate => ammonia	Previous algorithm: distinct-gene set coverage	IS	Clade 4	IdrA-associated with DIRM-like synteny	SY457BB-4-8_bin33	1	0	FALSE	FALSE
Nitrogen	Assimilatory nitrate reduction, nitrate => ammonia	Previous algorithm: distinct-gene set coverage	IS	Clade 4	IdrA-associated with DIRM-like synteny	SY457BB-8-12_bin15	1	0	FALSE	FALSE
Nitrogen	Assimilatory nitrate reduction, nitrate => ammonia	Previous algorithm: distinct-gene set coverage	IS	Clade 4	IdrA-associated with DIRM-like synteny	SY457BB-8-12_bin25	1	0	FALSE	FALSE
Nitrogen	Assimilatory nitrate reduction, nitrate => ammonia	Previous algorithm: distinct-gene set coverage	IS	Clade 4	IdrA-associated with DIRM-like synteny	SY457BB-8-12_bin4	1	0	FALSE	FALSE
Nitrogen	Assimilatory nitrate reduction, nitrate => ammonia	Previous algorithm: distinct-gene set coverage	IS	Clade 4	IdrA-associated with DIRM-like synteny	SY459WG-0-4_bin37	1	0	FALSE	FALSE
Nitrogen	Assimilatory nitrate reduction, nitrate => ammonia	Previous algorithm: distinct-gene set coverage	IS	Clade 4	IdrA-associated with DIRM-like synteny	SY459WG-8-12_bin2	1	0	FALSE	FALSE
Nitrogen	Assimilatory nitrate reduction, nitrate => ammonia	Previous algorithm: distinct-gene set coverage	AS	Clade 1	Canonical AioA-associated	S1_9-12_bin1	1	0	FALSE	FALSE
Nitrogen	Assimilatory nitrate reduction, nitrate => ammonia	Previous algorithm: distinct-gene set coverage	AS	Clade 2	Unknown/uncertain DMSOR	SQ_58_0-4_bin4	1	0	FALSE	FALSE
Nitrogen	Assimilatory nitrate reduction, nitrate => ammonia	Previous algorithm: distinct-gene set coverage	AS	Clade 3	IdrA-associated without complete DIRM-like synteny	S1_9-12_bin1	1	0	FALSE	FALSE
Nitrogen	Assimilatory nitrate reduction, nitrate => ammonia	Previous algorithm: distinct-gene set coverage	ES	Clade 3	IdrA-associated without complete DIRM-like synteny	C1_12-18_bin19	1	0	FALSE	FALSE
Nitrogen	Assimilatory nitrate reduction, nitrate => ammonia	Previous algorithm: distinct-gene set coverage	ES	Clade 3	IdrA-associated without complete DIRM-like synteny	C1_12-18_bin24	1	0	FALSE	FALSE
Nitrogen	Assimilatory nitrate reduction, nitrate => ammonia	Previous algorithm: distinct-gene set coverage	ES	Clade 3	IdrA-associated without complete DIRM-like synteny	C2_12-18_bin11	1	0	FALSE	FALSE
Nitrogen	Assimilatory nitrate reduction, nitrate => ammonia	Previous algorithm: distinct-gene set coverage	ES	Clade 3	IdrA-associated without complete DIRM-like synteny	C2_12-18_bin17	1	0	FALSE	FALSE
Nitrogen	Assimilatory nitrate reduction, nitrate => ammonia	Previous algorithm: distinct-gene set coverage	ES	Clade 3	IdrA-associated without complete DIRM-like synteny	S13_0-2_bin3	1	0	FALSE	FALSE
Nitrogen	Assimilatory nitrate reduction, nitrate => ammonia	Previous algorithm: distinct-gene set coverage	ES	Clade 3	IdrA-associated without complete DIRM-like synteny	S15_8-10_bin20	1	0	FALSE	FALSE
Nitrogen	Assimilatory nitrate reduction, nitrate => ammonia	Previous algorithm: distinct-gene set coverage	NS	Clade 1	Canonical AioA-associated	R2111_S300_0-10_bin19	1	0	FALSE	FALSE
Nitrogen	Assimilatory nitrate reduction, nitrate => ammonia	Previous algorithm: distinct-gene set coverage	NS	Clade 2	Unknown/uncertain DMSOR	R2111_N500_0-10_bin13	1	0	FALSE	FALSE
Nitrogen	Complete nitrification, comammox, ammonia => nitrite => nitrate	Previous algorithm: distinct-gene set coverage	IS	Clade 1	Canonical AioA-associated	SY366YW-4-8_bin7	1	0	FALSE	FALSE
Nitrogen	Complete nitrification, comammox, ammonia => nitrite => nitrate	Previous algorithm: distinct-gene set coverage	IS	Clade 2	Unknown/uncertain DMSOR	SY366YW-0-4_bin2	1	16.6666666666667	FALSE	FALSE
Nitrogen	Complete nitrification, comammox, ammonia => nitrite => nitrate	Previous algorithm: distinct-gene set coverage	IS	Clade 2	Unknown/uncertain DMSOR	SY368YW-8-12_bin14	1	0	FALSE	FALSE
Nitrogen	Complete nitrification, comammox, ammonia => nitrite => nitrate	Previous algorithm: distinct-gene set coverage	IS	Clade 2	Unknown/uncertain DMSOR	SY368YW-8-12_bin16	1	0	FALSE	FALSE
Nitrogen	Complete nitrification, comammox, ammonia => nitrite => nitrate	Previous algorithm: distinct-gene set coverage	IS	Clade 2	Unknown/uncertain DMSOR	SY459WG-0-4_bin26	1	0	FALSE	FALSE
Nitrogen	Complete nitrification, comammox, ammonia => nitrite => nitrate	Previous algorithm: distinct-gene set coverage	IS	Clade 2	Unknown/uncertain DMSOR	SY459WG-4-8_bin39	1	0	FALSE	FALSE
Nitrogen	Complete nitrification, comammox, ammonia => nitrite => nitrate	Previous algorithm: distinct-gene set coverage	IS	Clade 3	IdrA-associated without complete DIRM-like synteny	SY365BB-0-4_bin24	1	0	FALSE	FALSE
Nitrogen	Complete nitrification, comammox, ammonia => nitrite => nitrate	Previous algorithm: distinct-gene set coverage	IS	Clade 3	IdrA-associated without complete DIRM-like synteny	SY365BB-8-12_bin7	1	0	FALSE	FALSE
Nitrogen	Complete nitrification, comammox, ammonia => nitrite => nitrate	Previous algorithm: distinct-gene set coverage	IS	Clade 3	IdrA-associated without complete DIRM-like synteny	SY366YB-0-4_bin3	1	0	FALSE	FALSE
Nitrogen	Complete nitrification, comammox, ammonia => nitrite => nitrate	Previous algorithm: distinct-gene set coverage	IS	Clade 3	IdrA-associated without complete DIRM-like synteny	SY366YB-0-4_bin5	1	0	FALSE	FALSE
Nitrogen	Complete nitrification, comammox, ammonia => nitrite => nitrate	Previous algorithm: distinct-gene set coverage	IS	Clade 3	IdrA-associated without complete DIRM-like synteny	SY368YW-4-8_bin24	1	0	FALSE	FALSE
Nitrogen	Complete nitrification, comammox, ammonia => nitrite => nitrate	Previous algorithm: distinct-gene set coverage	IS	Clade 3	IdrA-associated without complete DIRM-like synteny	SY456YB-4-8_bin24	1	66.6666666666667	TRUE	FALSE
Nitrogen	Complete nitrification, comammox, ammonia => nitrite => nitrate	Previous algorithm: distinct-gene set coverage	IS	Clade 3	IdrA-associated without complete DIRM-like synteny	SY456YB-8-12_bin5	1	0	FALSE	FALSE
Nitrogen	Complete nitrification, comammox, ammonia => nitrite => nitrate	Previous algorithm: distinct-gene set coverage	IS	Clade 3	IdrA-associated without complete DIRM-like synteny	SY457BB-0-4_bin2	1	0	FALSE	FALSE
Nitrogen	Complete nitrification, comammox, ammonia => nitrite => nitrate	Previous algorithm: distinct-gene set coverage	IS	Clade 3	IdrA-associated without complete DIRM-like synteny	SY457BB-8-12_bin10	1	0	FALSE	FALSE
Nitrogen	Complete nitrification, comammox, ammonia => nitrite => nitrate	Previous algorithm: distinct-gene set coverage	IS	Clade 3	IdrA-associated without complete DIRM-like synteny	SY457BB-8-12_bin16	1	0	FALSE	FALSE
Nitrogen	Complete nitrification, comammox, ammonia => nitrite => nitrate	Previous algorithm: distinct-gene set coverage	IS	Clade 3	IdrA-associated without complete DIRM-like synteny	SY459WG-4-8_bin8	1	0	FALSE	FALSE
Nitrogen	Complete nitrification, comammox, ammonia => nitrite => nitrate	Previous algorithm: distinct-gene set coverage	IS	Clade 3	IdrA-associated without complete DIRM-like synteny	SY459WG-8-12_bin19	1	0	FALSE	FALSE
Nitrogen	Complete nitrification, comammox, ammonia => nitrite => nitrate	Previous algorithm: distinct-gene set coverage	IS	Clade 4	IdrA-associated with DIRM-like synteny	SY365BB-8-12_bin10	1	0	FALSE	FALSE
Nitrogen	Complete nitrification, comammox, ammonia => nitrite => nitrate	Previous algorithm: distinct-gene set coverage	IS	Clade 4	IdrA-associated with DIRM-like synteny	SY365BB-8-12_bin26	1	0	FALSE	FALSE
Nitrogen	Complete nitrification, comammox, ammonia => nitrite => nitrate	Previous algorithm: distinct-gene set coverage	IS	Clade 4	IdrA-associated with DIRM-like synteny	SY365BB-8-12_bin8	1	0	FALSE	FALSE
Nitrogen	Complete nitrification, comammox, ammonia => nitrite => nitrate	Previous algorithm: distinct-gene set coverage	IS	Clade 4	IdrA-associated with DIRM-like synteny	SY366YW-0-4_bin34	1	0	FALSE	FALSE
Nitrogen	Complete nitrification, comammox, ammonia => nitrite => nitrate	Previous algorithm: distinct-gene set coverage	IS	Clade 4	IdrA-associated with DIRM-like synteny	SY366YW-0-4_bin9	1	0	FALSE	FALSE
Nitrogen	Complete nitrification, comammox, ammonia => nitrite => nitrate	Previous algorithm: distinct-gene set coverage	IS	Clade 4	IdrA-associated with DIRM-like synteny	SY366YW-8-12_bin2	1	0	FALSE	FALSE
Nitrogen	Complete nitrification, comammox, ammonia => nitrite => nitrate	Previous algorithm: distinct-gene set coverage	IS	Clade 4	IdrA-associated with DIRM-like synteny	SY368YW-8-12_bin33	1	0	FALSE	FALSE
Nitrogen	Complete nitrification, comammox, ammonia => nitrite => nitrate	Previous algorithm: distinct-gene set coverage	IS	Clade 4	IdrA-associated with DIRM-like synteny	SY456YB-0-4_bin8	1	0	FALSE	FALSE
Nitrogen	Complete nitrification, comammox, ammonia => nitrite => nitrate	Previous algorithm: distinct-gene set coverage	IS	Clade 4	IdrA-associated with DIRM-like synteny	SY456YB-8-12_bin27	1	0	FALSE	FALSE
Nitrogen	Complete nitrification, comammox, ammonia => nitrite => nitrate	Previous algorithm: distinct-gene set coverage	IS	Clade 4	IdrA-associated with DIRM-like synteny	SY456YB-8-12_bin34	1	0	FALSE	FALSE
Nitrogen	Complete nitrification, comammox, ammonia => nitrite => nitrate	Previous algorithm: distinct-gene set coverage	IS	Clade 4	IdrA-associated with DIRM-like synteny	SY456YB-8-12_bin4	1	0	FALSE	FALSE
Nitrogen	Complete nitrification, comammox, ammonia => nitrite => nitrate	Previous algorithm: distinct-gene set coverage	IS	Clade 4	IdrA-associated with DIRM-like synteny	SY457BB-0-4_bin35	1	0	FALSE	FALSE
Nitrogen	Complete nitrification, comammox, ammonia => nitrite => nitrate	Previous algorithm: distinct-gene set coverage	IS	Clade 4	IdrA-associated with DIRM-like synteny	SY457BB-0-4_bin6	1	0	FALSE	FALSE
Nitrogen	Complete nitrification, comammox, ammonia => nitrite => nitrate	Previous algorithm: distinct-gene set coverage	IS	Clade 4	IdrA-associated with DIRM-like synteny	SY457BB-4-8_bin29	1	0	FALSE	FALSE
Nitrogen	Complete nitrification, comammox, ammonia => nitrite => nitrate	Previous algorithm: distinct-gene set coverage	IS	Clade 4	IdrA-associated with DIRM-like synteny	SY457BB-4-8_bin33	1	0	FALSE	FALSE
Nitrogen	Complete nitrification, comammox, ammonia => nitrite => nitrate	Previous algorithm: distinct-gene set coverage	IS	Clade 4	IdrA-associated with DIRM-like synteny	SY457BB-8-12_bin15	1	0	FALSE	FALSE
Nitrogen	Complete nitrification, comammox, ammonia => nitrite => nitrate	Previous algorithm: distinct-gene set coverage	IS	Clade 4	IdrA-associated with DIRM-like synteny	SY457BB-8-12_bin25	1	0	FALSE	FALSE
Nitrogen	Complete nitrification, comammox, ammonia => nitrite => nitrate	Previous algorithm: distinct-gene set coverage	IS	Clade 4	IdrA-associated with DIRM-like synteny	SY457BB-8-12_bin4	1	0	FALSE	FALSE
Nitrogen	Complete nitrification, comammox, ammonia => nitrite => nitrate	Previous algorithm: distinct-gene set coverage	IS	Clade 4	IdrA-associated with DIRM-like synteny	SY459WG-0-4_bin37	1	0	FALSE	FALSE
Nitrogen	Complete nitrification, comammox, ammonia => nitrite => nitrate	Previous algorithm: distinct-gene set coverage	IS	Clade 4	IdrA-associated with DIRM-like synteny	SY459WG-8-12_bin2	1	0	FALSE	FALSE
Nitrogen	Complete nitrification, comammox, ammonia => nitrite => nitrate	Previous algorithm: distinct-gene set coverage	AS	Clade 1	Canonical AioA-associated	S1_9-12_bin1	1	0	FALSE	FALSE
Nitrogen	Complete nitrification, comammox, ammonia => nitrite => nitrate	Previous algorithm: distinct-gene set coverage	AS	Clade 2	Unknown/uncertain DMSOR	SQ_58_0-4_bin4	1	33.3333333333333	FALSE	FALSE
Nitrogen	Complete nitrification, comammox, ammonia => nitrite => nitrate	Previous algorithm: distinct-gene set coverage	AS	Clade 3	IdrA-associated without complete DIRM-like synteny	S1_9-12_bin1	1	0	FALSE	FALSE
Nitrogen	Complete nitrification, comammox, ammonia => nitrite => nitrate	Previous algorithm: distinct-gene set coverage	ES	Clade 3	IdrA-associated without complete DIRM-like synteny	C1_12-18_bin19	1	16.6666666666667	FALSE	FALSE
Nitrogen	Complete nitrification, comammox, ammonia => nitrite => nitrate	Previous algorithm: distinct-gene set coverage	ES	Clade 3	IdrA-associated without complete DIRM-like synteny	C1_12-18_bin24	1	0	FALSE	FALSE
Nitrogen	Complete nitrification, comammox, ammonia => nitrite => nitrate	Previous algorithm: distinct-gene set coverage	ES	Clade 3	IdrA-associated without complete DIRM-like synteny	C2_12-18_bin11	1	0	FALSE	FALSE
Nitrogen	Complete nitrification, comammox, ammonia => nitrite => nitrate	Previous algorithm: distinct-gene set coverage	ES	Clade 3	IdrA-associated without complete DIRM-like synteny	C2_12-18_bin17	1	0	FALSE	FALSE
Nitrogen	Complete nitrification, comammox, ammonia => nitrite => nitrate	Previous algorithm: distinct-gene set coverage	ES	Clade 3	IdrA-associated without complete DIRM-like synteny	S13_0-2_bin3	1	0	FALSE	FALSE
Nitrogen	Complete nitrification, comammox, ammonia => nitrite => nitrate	Previous algorithm: distinct-gene set coverage	ES	Clade 3	IdrA-associated without complete DIRM-like synteny	S15_8-10_bin20	1	16.6666666666667	FALSE	FALSE
Nitrogen	Complete nitrification, comammox, ammonia => nitrite => nitrate	Previous algorithm: distinct-gene set coverage	NS	Clade 1	Canonical AioA-associated	R2111_S300_0-10_bin19	1	0	FALSE	FALSE
Nitrogen	Complete nitrification, comammox, ammonia => nitrite => nitrate	Previous algorithm: distinct-gene set coverage	NS	Clade 2	Unknown/uncertain DMSOR	R2111_N500_0-10_bin13	1	0	FALSE	FALSE
Nitrogen	Denitrification, nitrate => nitrogen	Previous algorithm: distinct-gene set coverage	IS	Clade 1	Canonical AioA-associated	SY366YW-4-8_bin7	1	36.3636363636364	FALSE	FALSE
Nitrogen	Denitrification, nitrate => nitrogen	Previous algorithm: distinct-gene set coverage	IS	Clade 2	Unknown/uncertain DMSOR	SY366YW-0-4_bin2	1	9.09090909090909	FALSE	FALSE
Nitrogen	Denitrification, nitrate => nitrogen	Previous algorithm: distinct-gene set coverage	IS	Clade 2	Unknown/uncertain DMSOR	SY368YW-8-12_bin14	1	18.1818181818182	FALSE	FALSE
Nitrogen	Denitrification, nitrate => nitrogen	Previous algorithm: distinct-gene set coverage	IS	Clade 2	Unknown/uncertain DMSOR	SY368YW-8-12_bin16	1	18.1818181818182	FALSE	FALSE
Nitrogen	Denitrification, nitrate => nitrogen	Previous algorithm: distinct-gene set coverage	IS	Clade 2	Unknown/uncertain DMSOR	SY459WG-0-4_bin26	1	9.09090909090909	FALSE	FALSE
Nitrogen	Denitrification, nitrate => nitrogen	Previous algorithm: distinct-gene set coverage	IS	Clade 2	Unknown/uncertain DMSOR	SY459WG-4-8_bin39	1	18.1818181818182	FALSE	FALSE
Nitrogen	Denitrification, nitrate => nitrogen	Previous algorithm: distinct-gene set coverage	IS	Clade 3	IdrA-associated without complete DIRM-like synteny	SY365BB-0-4_bin24	1	54.5454545454545	TRUE	FALSE
Nitrogen	Denitrification, nitrate => nitrogen	Previous algorithm: distinct-gene set coverage	IS	Clade 3	IdrA-associated without complete DIRM-like synteny	SY365BB-8-12_bin7	1	54.5454545454545	TRUE	FALSE
Nitrogen	Denitrification, nitrate => nitrogen	Previous algorithm: distinct-gene set coverage	IS	Clade 3	IdrA-associated without complete DIRM-like synteny	SY366YB-0-4_bin3	1	9.09090909090909	FALSE	FALSE
Nitrogen	Denitrification, nitrate => nitrogen	Previous algorithm: distinct-gene set coverage	IS	Clade 3	IdrA-associated without complete DIRM-like synteny	SY366YB-0-4_bin5	1	9.09090909090909	FALSE	FALSE
Nitrogen	Denitrification, nitrate => nitrogen	Previous algorithm: distinct-gene set coverage	IS	Clade 3	IdrA-associated without complete DIRM-like synteny	SY368YW-4-8_bin24	1	18.1818181818182	FALSE	FALSE
Nitrogen	Denitrification, nitrate => nitrogen	Previous algorithm: distinct-gene set coverage	IS	Clade 3	IdrA-associated without complete DIRM-like synteny	SY456YB-4-8_bin24	1	63.6363636363636	TRUE	FALSE
Nitrogen	Denitrification, nitrate => nitrogen	Previous algorithm: distinct-gene set coverage	IS	Clade 3	IdrA-associated without complete DIRM-like synteny	SY456YB-8-12_bin5	1	27.2727272727273	FALSE	FALSE
Nitrogen	Denitrification, nitrate => nitrogen	Previous algorithm: distinct-gene set coverage	IS	Clade 3	IdrA-associated without complete DIRM-like synteny	SY457BB-0-4_bin2	1	36.3636363636364	FALSE	FALSE
Nitrogen	Denitrification, nitrate => nitrogen	Previous algorithm: distinct-gene set coverage	IS	Clade 3	IdrA-associated without complete DIRM-like synteny	SY457BB-8-12_bin10	1	9.09090909090909	FALSE	FALSE
Nitrogen	Denitrification, nitrate => nitrogen	Previous algorithm: distinct-gene set coverage	IS	Clade 3	IdrA-associated without complete DIRM-like synteny	SY457BB-8-12_bin16	1	18.1818181818182	FALSE	FALSE
Nitrogen	Denitrification, nitrate => nitrogen	Previous algorithm: distinct-gene set coverage	IS	Clade 3	IdrA-associated without complete DIRM-like synteny	SY459WG-4-8_bin8	1	54.5454545454545	TRUE	FALSE
Nitrogen	Denitrification, nitrate => nitrogen	Previous algorithm: distinct-gene set coverage	IS	Clade 3	IdrA-associated without complete DIRM-like synteny	SY459WG-8-12_bin19	1	54.5454545454545	TRUE	FALSE
Nitrogen	Denitrification, nitrate => nitrogen	Previous algorithm: distinct-gene set coverage	IS	Clade 4	IdrA-associated with DIRM-like synteny	SY365BB-8-12_bin10	1	36.3636363636364	FALSE	FALSE
Nitrogen	Denitrification, nitrate => nitrogen	Previous algorithm: distinct-gene set coverage	IS	Clade 4	IdrA-associated with DIRM-like synteny	SY365BB-8-12_bin26	1	36.3636363636364	FALSE	FALSE
Nitrogen	Denitrification, nitrate => nitrogen	Previous algorithm: distinct-gene set coverage	IS	Clade 4	IdrA-associated with DIRM-like synteny	SY365BB-8-12_bin8	1	36.3636363636364	FALSE	FALSE
Nitrogen	Denitrification, nitrate => nitrogen	Previous algorithm: distinct-gene set coverage	IS	Clade 4	IdrA-associated with DIRM-like synteny	SY366YW-0-4_bin34	1	54.5454545454545	TRUE	FALSE
Nitrogen	Denitrification, nitrate => nitrogen	Previous algorithm: distinct-gene set coverage	IS	Clade 4	IdrA-associated with DIRM-like synteny	SY366YW-0-4_bin9	1	54.5454545454545	TRUE	FALSE
Nitrogen	Denitrification, nitrate => nitrogen	Previous algorithm: distinct-gene set coverage	IS	Clade 4	IdrA-associated with DIRM-like synteny	SY366YW-8-12_bin2	1	9.09090909090909	FALSE	FALSE
Nitrogen	Denitrification, nitrate => nitrogen	Previous algorithm: distinct-gene set coverage	IS	Clade 4	IdrA-associated with DIRM-like synteny	SY368YW-8-12_bin33	1	9.09090909090909	FALSE	FALSE
Nitrogen	Denitrification, nitrate => nitrogen	Previous algorithm: distinct-gene set coverage	IS	Clade 4	IdrA-associated with DIRM-like synteny	SY456YB-0-4_bin8	1	45.4545454545455	FALSE	FALSE
Nitrogen	Denitrification, nitrate => nitrogen	Previous algorithm: distinct-gene set coverage	IS	Clade 4	IdrA-associated with DIRM-like synteny	SY456YB-8-12_bin27	1	45.4545454545455	FALSE	FALSE
Nitrogen	Denitrification, nitrate => nitrogen	Previous algorithm: distinct-gene set coverage	IS	Clade 4	IdrA-associated with DIRM-like synteny	SY456YB-8-12_bin34	1	9.09090909090909	FALSE	FALSE
Nitrogen	Denitrification, nitrate => nitrogen	Previous algorithm: distinct-gene set coverage	IS	Clade 4	IdrA-associated with DIRM-like synteny	SY456YB-8-12_bin4	1	63.6363636363636	TRUE	FALSE
Nitrogen	Denitrification, nitrate => nitrogen	Previous algorithm: distinct-gene set coverage	IS	Clade 4	IdrA-associated with DIRM-like synteny	SY457BB-0-4_bin35	1	36.3636363636364	FALSE	FALSE
Nitrogen	Denitrification, nitrate => nitrogen	Previous algorithm: distinct-gene set coverage	IS	Clade 4	IdrA-associated with DIRM-like synteny	SY457BB-0-4_bin6	1	45.4545454545455	FALSE	FALSE
Nitrogen	Denitrification, nitrate => nitrogen	Previous algorithm: distinct-gene set coverage	IS	Clade 4	IdrA-associated with DIRM-like synteny	SY457BB-4-8_bin29	1	18.1818181818182	FALSE	FALSE
Nitrogen	Denitrification, nitrate => nitrogen	Previous algorithm: distinct-gene set coverage	IS	Clade 4	IdrA-associated with DIRM-like synteny	SY457BB-4-8_bin33	1	36.3636363636364	FALSE	FALSE
Nitrogen	Denitrification, nitrate => nitrogen	Previous algorithm: distinct-gene set coverage	IS	Clade 4	IdrA-associated with DIRM-like synteny	SY457BB-8-12_bin15	1	45.4545454545455	FALSE	FALSE
Nitrogen	Denitrification, nitrate => nitrogen	Previous algorithm: distinct-gene set coverage	IS	Clade 4	IdrA-associated with DIRM-like synteny	SY457BB-8-12_bin25	1	18.1818181818182	FALSE	FALSE
Nitrogen	Denitrification, nitrate => nitrogen	Previous algorithm: distinct-gene set coverage	IS	Clade 4	IdrA-associated with DIRM-like synteny	SY457BB-8-12_bin4	1	9.09090909090909	FALSE	FALSE
Nitrogen	Denitrification, nitrate => nitrogen	Previous algorithm: distinct-gene set coverage	IS	Clade 4	IdrA-associated with DIRM-like synteny	SY459WG-0-4_bin37	1	18.1818181818182	FALSE	FALSE
Nitrogen	Denitrification, nitrate => nitrogen	Previous algorithm: distinct-gene set coverage	IS	Clade 4	IdrA-associated with DIRM-like synteny	SY459WG-8-12_bin2	1	45.4545454545455	FALSE	FALSE
Nitrogen	Denitrification, nitrate => nitrogen	Previous algorithm: distinct-gene set coverage	AS	Clade 1	Canonical AioA-associated	S1_9-12_bin1	1	45.4545454545455	FALSE	FALSE
Nitrogen	Denitrification, nitrate => nitrogen	Previous algorithm: distinct-gene set coverage	AS	Clade 2	Unknown/uncertain DMSOR	SQ_58_0-4_bin4	1	27.2727272727273	FALSE	FALSE
Nitrogen	Denitrification, nitrate => nitrogen	Previous algorithm: distinct-gene set coverage	AS	Clade 3	IdrA-associated without complete DIRM-like synteny	S1_9-12_bin1	1	45.4545454545455	FALSE	FALSE
Nitrogen	Denitrification, nitrate => nitrogen	Previous algorithm: distinct-gene set coverage	ES	Clade 3	IdrA-associated without complete DIRM-like synteny	C1_12-18_bin19	1	45.4545454545455	FALSE	FALSE
Nitrogen	Denitrification, nitrate => nitrogen	Previous algorithm: distinct-gene set coverage	ES	Clade 3	IdrA-associated without complete DIRM-like synteny	C1_12-18_bin24	1	18.1818181818182	FALSE	FALSE
Nitrogen	Denitrification, nitrate => nitrogen	Previous algorithm: distinct-gene set coverage	ES	Clade 3	IdrA-associated without complete DIRM-like synteny	C2_12-18_bin11	1	9.09090909090909	FALSE	FALSE
Nitrogen	Denitrification, nitrate => nitrogen	Previous algorithm: distinct-gene set coverage	ES	Clade 3	IdrA-associated without complete DIRM-like synteny	C2_12-18_bin17	1	9.09090909090909	FALSE	FALSE
Nitrogen	Denitrification, nitrate => nitrogen	Previous algorithm: distinct-gene set coverage	ES	Clade 3	IdrA-associated without complete DIRM-like synteny	S13_0-2_bin3	1	9.09090909090909	FALSE	FALSE
Nitrogen	Denitrification, nitrate => nitrogen	Previous algorithm: distinct-gene set coverage	ES	Clade 3	IdrA-associated without complete DIRM-like synteny	S15_8-10_bin20	1	36.3636363636364	FALSE	FALSE
Nitrogen	Denitrification, nitrate => nitrogen	Previous algorithm: distinct-gene set coverage	NS	Clade 1	Canonical AioA-associated	R2111_S300_0-10_bin19	1	0	FALSE	FALSE
Nitrogen	Denitrification, nitrate => nitrogen	Previous algorithm: distinct-gene set coverage	NS	Clade 2	Unknown/uncertain DMSOR	R2111_N500_0-10_bin13	1	9.09090909090909	FALSE	FALSE
Nitrogen	Dissimilatory nitrate reduction, nitrate => ammonia	Previous algorithm: distinct-gene set coverage	IS	Clade 1	Canonical AioA-associated	SY366YW-4-8_bin7	1	33.3333333333333	FALSE	FALSE
Nitrogen	Dissimilatory nitrate reduction, nitrate => ammonia	Previous algorithm: distinct-gene set coverage	IS	Clade 2	Unknown/uncertain DMSOR	SY366YW-0-4_bin2	1	11.1111111111111	FALSE	FALSE
Nitrogen	Dissimilatory nitrate reduction, nitrate => ammonia	Previous algorithm: distinct-gene set coverage	IS	Clade 2	Unknown/uncertain DMSOR	SY368YW-8-12_bin14	1	0	FALSE	FALSE
Nitrogen	Dissimilatory nitrate reduction, nitrate => ammonia	Previous algorithm: distinct-gene set coverage	IS	Clade 2	Unknown/uncertain DMSOR	SY368YW-8-12_bin16	1	11.1111111111111	FALSE	FALSE
Nitrogen	Dissimilatory nitrate reduction, nitrate => ammonia	Previous algorithm: distinct-gene set coverage	IS	Clade 2	Unknown/uncertain DMSOR	SY459WG-0-4_bin26	1	11.1111111111111	FALSE	FALSE
Nitrogen	Dissimilatory nitrate reduction, nitrate => ammonia	Previous algorithm: distinct-gene set coverage	IS	Clade 2	Unknown/uncertain DMSOR	SY459WG-4-8_bin39	1	11.1111111111111	FALSE	FALSE
Nitrogen	Dissimilatory nitrate reduction, nitrate => ammonia	Previous algorithm: distinct-gene set coverage	IS	Clade 3	IdrA-associated without complete DIRM-like synteny	SY365BB-0-4_bin24	1	44.4444444444444	FALSE	FALSE
Nitrogen	Dissimilatory nitrate reduction, nitrate => ammonia	Previous algorithm: distinct-gene set coverage	IS	Clade 3	IdrA-associated without complete DIRM-like synteny	SY365BB-8-12_bin7	1	55.5555555555556	TRUE	FALSE
Nitrogen	Dissimilatory nitrate reduction, nitrate => ammonia	Previous algorithm: distinct-gene set coverage	IS	Clade 3	IdrA-associated without complete DIRM-like synteny	SY366YB-0-4_bin3	1	22.2222222222222	FALSE	FALSE
Nitrogen	Dissimilatory nitrate reduction, nitrate => ammonia	Previous algorithm: distinct-gene set coverage	IS	Clade 3	IdrA-associated without complete DIRM-like synteny	SY366YB-0-4_bin5	1	33.3333333333333	FALSE	FALSE
Nitrogen	Dissimilatory nitrate reduction, nitrate => ammonia	Previous algorithm: distinct-gene set coverage	IS	Clade 3	IdrA-associated without complete DIRM-like synteny	SY368YW-4-8_bin24	1	11.1111111111111	FALSE	FALSE
Nitrogen	Dissimilatory nitrate reduction, nitrate => ammonia	Previous algorithm: distinct-gene set coverage	IS	Clade 3	IdrA-associated without complete DIRM-like synteny	SY456YB-4-8_bin24	1	22.2222222222222	FALSE	FALSE
Nitrogen	Dissimilatory nitrate reduction, nitrate => ammonia	Previous algorithm: distinct-gene set coverage	IS	Clade 3	IdrA-associated without complete DIRM-like synteny	SY456YB-8-12_bin5	1	11.1111111111111	FALSE	FALSE
Nitrogen	Dissimilatory nitrate reduction, nitrate => ammonia	Previous algorithm: distinct-gene set coverage	IS	Clade 3	IdrA-associated without complete DIRM-like synteny	SY457BB-0-4_bin2	1	33.3333333333333	FALSE	FALSE
Nitrogen	Dissimilatory nitrate reduction, nitrate => ammonia	Previous algorithm: distinct-gene set coverage	IS	Clade 3	IdrA-associated without complete DIRM-like synteny	SY457BB-8-12_bin10	1	0	FALSE	FALSE
Nitrogen	Dissimilatory nitrate reduction, nitrate => ammonia	Previous algorithm: distinct-gene set coverage	IS	Clade 3	IdrA-associated without complete DIRM-like synteny	SY457BB-8-12_bin16	1	0	FALSE	FALSE
Nitrogen	Dissimilatory nitrate reduction, nitrate => ammonia	Previous algorithm: distinct-gene set coverage	IS	Clade 3	IdrA-associated without complete DIRM-like synteny	SY459WG-4-8_bin8	1	33.3333333333333	FALSE	FALSE
Nitrogen	Dissimilatory nitrate reduction, nitrate => ammonia	Previous algorithm: distinct-gene set coverage	IS	Clade 3	IdrA-associated without complete DIRM-like synteny	SY459WG-8-12_bin19	1	22.2222222222222	FALSE	FALSE
Nitrogen	Dissimilatory nitrate reduction, nitrate => ammonia	Previous algorithm: distinct-gene set coverage	IS	Clade 4	IdrA-associated with DIRM-like synteny	SY365BB-8-12_bin10	1	22.2222222222222	FALSE	FALSE
Nitrogen	Dissimilatory nitrate reduction, nitrate => ammonia	Previous algorithm: distinct-gene set coverage	IS	Clade 4	IdrA-associated with DIRM-like synteny	SY365BB-8-12_bin26	1	33.3333333333333	FALSE	FALSE
Nitrogen	Dissimilatory nitrate reduction, nitrate => ammonia	Previous algorithm: distinct-gene set coverage	IS	Clade 4	IdrA-associated with DIRM-like synteny	SY365BB-8-12_bin8	1	33.3333333333333	FALSE	FALSE
Nitrogen	Dissimilatory nitrate reduction, nitrate => ammonia	Previous algorithm: distinct-gene set coverage	IS	Clade 4	IdrA-associated with DIRM-like synteny	SY366YW-0-4_bin34	1	22.2222222222222	FALSE	FALSE
Nitrogen	Dissimilatory nitrate reduction, nitrate => ammonia	Previous algorithm: distinct-gene set coverage	IS	Clade 4	IdrA-associated with DIRM-like synteny	SY366YW-0-4_bin9	1	22.2222222222222	FALSE	FALSE
Nitrogen	Dissimilatory nitrate reduction, nitrate => ammonia	Previous algorithm: distinct-gene set coverage	IS	Clade 4	IdrA-associated with DIRM-like synteny	SY366YW-8-12_bin2	1	11.1111111111111	FALSE	FALSE
Nitrogen	Dissimilatory nitrate reduction, nitrate => ammonia	Previous algorithm: distinct-gene set coverage	IS	Clade 4	IdrA-associated with DIRM-like synteny	SY368YW-8-12_bin33	1	22.2222222222222	FALSE	FALSE
Nitrogen	Dissimilatory nitrate reduction, nitrate => ammonia	Previous algorithm: distinct-gene set coverage	IS	Clade 4	IdrA-associated with DIRM-like synteny	SY456YB-0-4_bin8	1	0	FALSE	FALSE
Nitrogen	Dissimilatory nitrate reduction, nitrate => ammonia	Previous algorithm: distinct-gene set coverage	IS	Clade 4	IdrA-associated with DIRM-like synteny	SY456YB-8-12_bin27	1	11.1111111111111	FALSE	FALSE
Nitrogen	Dissimilatory nitrate reduction, nitrate => ammonia	Previous algorithm: distinct-gene set coverage	IS	Clade 4	IdrA-associated with DIRM-like synteny	SY456YB-8-12_bin34	1	11.1111111111111	FALSE	FALSE
Nitrogen	Dissimilatory nitrate reduction, nitrate => ammonia	Previous algorithm: distinct-gene set coverage	IS	Clade 4	IdrA-associated with DIRM-like synteny	SY456YB-8-12_bin4	1	22.2222222222222	FALSE	FALSE
Nitrogen	Dissimilatory nitrate reduction, nitrate => ammonia	Previous algorithm: distinct-gene set coverage	IS	Clade 4	IdrA-associated with DIRM-like synteny	SY457BB-0-4_bin35	1	22.2222222222222	FALSE	FALSE
Nitrogen	Dissimilatory nitrate reduction, nitrate => ammonia	Previous algorithm: distinct-gene set coverage	IS	Clade 4	IdrA-associated with DIRM-like synteny	SY457BB-0-4_bin6	1	22.2222222222222	FALSE	FALSE
Nitrogen	Dissimilatory nitrate reduction, nitrate => ammonia	Previous algorithm: distinct-gene set coverage	IS	Clade 4	IdrA-associated with DIRM-like synteny	SY457BB-4-8_bin29	1	11.1111111111111	FALSE	FALSE
Nitrogen	Dissimilatory nitrate reduction, nitrate => ammonia	Previous algorithm: distinct-gene set coverage	IS	Clade 4	IdrA-associated with DIRM-like synteny	SY457BB-4-8_bin33	1	0	FALSE	FALSE
Nitrogen	Dissimilatory nitrate reduction, nitrate => ammonia	Previous algorithm: distinct-gene set coverage	IS	Clade 4	IdrA-associated with DIRM-like synteny	SY457BB-8-12_bin15	1	0	FALSE	FALSE
Nitrogen	Dissimilatory nitrate reduction, nitrate => ammonia	Previous algorithm: distinct-gene set coverage	IS	Clade 4	IdrA-associated with DIRM-like synteny	SY457BB-8-12_bin25	1	33.3333333333333	FALSE	FALSE
Nitrogen	Dissimilatory nitrate reduction, nitrate => ammonia	Previous algorithm: distinct-gene set coverage	IS	Clade 4	IdrA-associated with DIRM-like synteny	SY457BB-8-12_bin4	1	11.1111111111111	FALSE	FALSE
Nitrogen	Dissimilatory nitrate reduction, nitrate => ammonia	Previous algorithm: distinct-gene set coverage	IS	Clade 4	IdrA-associated with DIRM-like synteny	SY459WG-0-4_bin37	1	0	FALSE	FALSE
Nitrogen	Dissimilatory nitrate reduction, nitrate => ammonia	Previous algorithm: distinct-gene set coverage	IS	Clade 4	IdrA-associated with DIRM-like synteny	SY459WG-8-12_bin2	1	33.3333333333333	FALSE	FALSE
Nitrogen	Dissimilatory nitrate reduction, nitrate => ammonia	Previous algorithm: distinct-gene set coverage	AS	Clade 1	Canonical AioA-associated	S1_9-12_bin1	1	44.4444444444444	FALSE	FALSE
Nitrogen	Dissimilatory nitrate reduction, nitrate => ammonia	Previous algorithm: distinct-gene set coverage	AS	Clade 2	Unknown/uncertain DMSOR	SQ_58_0-4_bin4	1	22.2222222222222	FALSE	FALSE
Nitrogen	Dissimilatory nitrate reduction, nitrate => ammonia	Previous algorithm: distinct-gene set coverage	AS	Clade 3	IdrA-associated without complete DIRM-like synteny	S1_9-12_bin1	1	44.4444444444444	FALSE	FALSE
Nitrogen	Dissimilatory nitrate reduction, nitrate => ammonia	Previous algorithm: distinct-gene set coverage	ES	Clade 3	IdrA-associated without complete DIRM-like synteny	C1_12-18_bin19	1	66.6666666666667	TRUE	FALSE
Nitrogen	Dissimilatory nitrate reduction, nitrate => ammonia	Previous algorithm: distinct-gene set coverage	ES	Clade 3	IdrA-associated without complete DIRM-like synteny	C1_12-18_bin24	1	11.1111111111111	FALSE	FALSE
Nitrogen	Dissimilatory nitrate reduction, nitrate => ammonia	Previous algorithm: distinct-gene set coverage	ES	Clade 3	IdrA-associated without complete DIRM-like synteny	C2_12-18_bin11	1	11.1111111111111	FALSE	FALSE
Nitrogen	Dissimilatory nitrate reduction, nitrate => ammonia	Previous algorithm: distinct-gene set coverage	ES	Clade 3	IdrA-associated without complete DIRM-like synteny	C2_12-18_bin17	1	0	FALSE	FALSE
Nitrogen	Dissimilatory nitrate reduction, nitrate => ammonia	Previous algorithm: distinct-gene set coverage	ES	Clade 3	IdrA-associated without complete DIRM-like synteny	S13_0-2_bin3	1	11.1111111111111	FALSE	FALSE
Nitrogen	Dissimilatory nitrate reduction, nitrate => ammonia	Previous algorithm: distinct-gene set coverage	ES	Clade 3	IdrA-associated without complete DIRM-like synteny	S15_8-10_bin20	1	11.1111111111111	FALSE	FALSE
Nitrogen	Dissimilatory nitrate reduction, nitrate => ammonia	Previous algorithm: distinct-gene set coverage	NS	Clade 1	Canonical AioA-associated	R2111_S300_0-10_bin19	1	11.1111111111111	FALSE	FALSE
Nitrogen	Dissimilatory nitrate reduction, nitrate => ammonia	Previous algorithm: distinct-gene set coverage	NS	Clade 2	Unknown/uncertain DMSOR	R2111_N500_0-10_bin13	1	0	FALSE	FALSE
Nitrogen	Nitrate assimilation	Previous algorithm: distinct-gene set coverage	IS	Clade 1	Canonical AioA-associated	SY366YW-4-8_bin7	1	100	TRUE	TRUE
Nitrogen	Nitrate assimilation	Previous algorithm: distinct-gene set coverage	IS	Clade 2	Unknown/uncertain DMSOR	SY366YW-0-4_bin2	1	0	FALSE	FALSE
Nitrogen	Nitrate assimilation	Previous algorithm: distinct-gene set coverage	IS	Clade 2	Unknown/uncertain DMSOR	SY368YW-8-12_bin14	1	0	FALSE	FALSE
Nitrogen	Nitrate assimilation	Previous algorithm: distinct-gene set coverage	IS	Clade 2	Unknown/uncertain DMSOR	SY368YW-8-12_bin16	1	100	TRUE	TRUE
Nitrogen	Nitrate assimilation	Previous algorithm: distinct-gene set coverage	IS	Clade 2	Unknown/uncertain DMSOR	SY459WG-0-4_bin26	1	100	TRUE	TRUE
Nitrogen	Nitrate assimilation	Previous algorithm: distinct-gene set coverage	IS	Clade 2	Unknown/uncertain DMSOR	SY459WG-4-8_bin39	1	100	TRUE	TRUE
Nitrogen	Nitrate assimilation	Previous algorithm: distinct-gene set coverage	IS	Clade 3	IdrA-associated without complete DIRM-like synteny	SY365BB-0-4_bin24	1	100	TRUE	TRUE
Nitrogen	Nitrate assimilation	Previous algorithm: distinct-gene set coverage	IS	Clade 3	IdrA-associated without complete DIRM-like synteny	SY365BB-8-12_bin7	1	100	TRUE	TRUE
Nitrogen	Nitrate assimilation	Previous algorithm: distinct-gene set coverage	IS	Clade 3	IdrA-associated without complete DIRM-like synteny	SY366YB-0-4_bin3	1	0	FALSE	FALSE
Nitrogen	Nitrate assimilation	Previous algorithm: distinct-gene set coverage	IS	Clade 3	IdrA-associated without complete DIRM-like synteny	SY366YB-0-4_bin5	1	0	FALSE	FALSE
Nitrogen	Nitrate assimilation	Previous algorithm: distinct-gene set coverage	IS	Clade 3	IdrA-associated without complete DIRM-like synteny	SY368YW-4-8_bin24	1	100	TRUE	TRUE
Nitrogen	Nitrate assimilation	Previous algorithm: distinct-gene set coverage	IS	Clade 3	IdrA-associated without complete DIRM-like synteny	SY456YB-4-8_bin24	1	0	FALSE	FALSE
Nitrogen	Nitrate assimilation	Previous algorithm: distinct-gene set coverage	IS	Clade 3	IdrA-associated without complete DIRM-like synteny	SY456YB-8-12_bin5	1	0	FALSE	FALSE
Nitrogen	Nitrate assimilation	Previous algorithm: distinct-gene set coverage	IS	Clade 3	IdrA-associated without complete DIRM-like synteny	SY457BB-0-4_bin2	1	100	TRUE	TRUE
Nitrogen	Nitrate assimilation	Previous algorithm: distinct-gene set coverage	IS	Clade 3	IdrA-associated without complete DIRM-like synteny	SY457BB-8-12_bin10	1	0	FALSE	FALSE
Nitrogen	Nitrate assimilation	Previous algorithm: distinct-gene set coverage	IS	Clade 3	IdrA-associated without complete DIRM-like synteny	SY457BB-8-12_bin16	1	0	FALSE	FALSE
Nitrogen	Nitrate assimilation	Previous algorithm: distinct-gene set coverage	IS	Clade 3	IdrA-associated without complete DIRM-like synteny	SY459WG-4-8_bin8	1	0	FALSE	FALSE
Nitrogen	Nitrate assimilation	Previous algorithm: distinct-gene set coverage	IS	Clade 3	IdrA-associated without complete DIRM-like synteny	SY459WG-8-12_bin19	1	0	FALSE	FALSE
Nitrogen	Nitrate assimilation	Previous algorithm: distinct-gene set coverage	IS	Clade 4	IdrA-associated with DIRM-like synteny	SY365BB-8-12_bin10	1	0	FALSE	FALSE
Nitrogen	Nitrate assimilation	Previous algorithm: distinct-gene set coverage	IS	Clade 4	IdrA-associated with DIRM-like synteny	SY365BB-8-12_bin26	1	100	TRUE	TRUE
Nitrogen	Nitrate assimilation	Previous algorithm: distinct-gene set coverage	IS	Clade 4	IdrA-associated with DIRM-like synteny	SY365BB-8-12_bin8	1	0	FALSE	FALSE
Nitrogen	Nitrate assimilation	Previous algorithm: distinct-gene set coverage	IS	Clade 4	IdrA-associated with DIRM-like synteny	SY366YW-0-4_bin34	1	0	FALSE	FALSE
Nitrogen	Nitrate assimilation	Previous algorithm: distinct-gene set coverage	IS	Clade 4	IdrA-associated with DIRM-like synteny	SY366YW-0-4_bin9	1	0	FALSE	FALSE
Nitrogen	Nitrate assimilation	Previous algorithm: distinct-gene set coverage	IS	Clade 4	IdrA-associated with DIRM-like synteny	SY366YW-8-12_bin2	1	100	TRUE	TRUE
Nitrogen	Nitrate assimilation	Previous algorithm: distinct-gene set coverage	IS	Clade 4	IdrA-associated with DIRM-like synteny	SY368YW-8-12_bin33	1	0	FALSE	FALSE
Nitrogen	Nitrate assimilation	Previous algorithm: distinct-gene set coverage	IS	Clade 4	IdrA-associated with DIRM-like synteny	SY456YB-0-4_bin8	1	0	FALSE	FALSE
Nitrogen	Nitrate assimilation	Previous algorithm: distinct-gene set coverage	IS	Clade 4	IdrA-associated with DIRM-like synteny	SY456YB-8-12_bin27	1	100	TRUE	TRUE
Nitrogen	Nitrate assimilation	Previous algorithm: distinct-gene set coverage	IS	Clade 4	IdrA-associated with DIRM-like synteny	SY456YB-8-12_bin34	1	100	TRUE	TRUE
Nitrogen	Nitrate assimilation	Previous algorithm: distinct-gene set coverage	IS	Clade 4	IdrA-associated with DIRM-like synteny	SY456YB-8-12_bin4	1	0	FALSE	FALSE
Nitrogen	Nitrate assimilation	Previous algorithm: distinct-gene set coverage	IS	Clade 4	IdrA-associated with DIRM-like synteny	SY457BB-0-4_bin35	1	100	TRUE	TRUE
Nitrogen	Nitrate assimilation	Previous algorithm: distinct-gene set coverage	IS	Clade 4	IdrA-associated with DIRM-like synteny	SY457BB-0-4_bin6	1	100	TRUE	TRUE
Nitrogen	Nitrate assimilation	Previous algorithm: distinct-gene set coverage	IS	Clade 4	IdrA-associated with DIRM-like synteny	SY457BB-4-8_bin29	1	100	TRUE	TRUE
Nitrogen	Nitrate assimilation	Previous algorithm: distinct-gene set coverage	IS	Clade 4	IdrA-associated with DIRM-like synteny	SY457BB-4-8_bin33	1	0	FALSE	FALSE
Nitrogen	Nitrate assimilation	Previous algorithm: distinct-gene set coverage	IS	Clade 4	IdrA-associated with DIRM-like synteny	SY457BB-8-12_bin15	1	0	FALSE	FALSE
Nitrogen	Nitrate assimilation	Previous algorithm: distinct-gene set coverage	IS	Clade 4	IdrA-associated with DIRM-like synteny	SY457BB-8-12_bin25	1	100	TRUE	TRUE
Nitrogen	Nitrate assimilation	Previous algorithm: distinct-gene set coverage	IS	Clade 4	IdrA-associated with DIRM-like synteny	SY457BB-8-12_bin4	1	100	TRUE	TRUE
Nitrogen	Nitrate assimilation	Previous algorithm: distinct-gene set coverage	IS	Clade 4	IdrA-associated with DIRM-like synteny	SY459WG-0-4_bin37	1	0	FALSE	FALSE
Nitrogen	Nitrate assimilation	Previous algorithm: distinct-gene set coverage	IS	Clade 4	IdrA-associated with DIRM-like synteny	SY459WG-8-12_bin2	1	100	TRUE	TRUE
Nitrogen	Nitrate assimilation	Previous algorithm: distinct-gene set coverage	AS	Clade 1	Canonical AioA-associated	S1_9-12_bin1	1	100	TRUE	TRUE
Nitrogen	Nitrate assimilation	Previous algorithm: distinct-gene set coverage	AS	Clade 2	Unknown/uncertain DMSOR	SQ_58_0-4_bin4	1	0	FALSE	FALSE
Nitrogen	Nitrate assimilation	Previous algorithm: distinct-gene set coverage	AS	Clade 3	IdrA-associated without complete DIRM-like synteny	S1_9-12_bin1	1	100	TRUE	TRUE
Nitrogen	Nitrate assimilation	Previous algorithm: distinct-gene set coverage	ES	Clade 3	IdrA-associated without complete DIRM-like synteny	C1_12-18_bin19	1	100	TRUE	TRUE
Nitrogen	Nitrate assimilation	Previous algorithm: distinct-gene set coverage	ES	Clade 3	IdrA-associated without complete DIRM-like synteny	C1_12-18_bin24	1	0	FALSE	FALSE
Nitrogen	Nitrate assimilation	Previous algorithm: distinct-gene set coverage	ES	Clade 3	IdrA-associated without complete DIRM-like synteny	C2_12-18_bin11	1	0	FALSE	FALSE
Nitrogen	Nitrate assimilation	Previous algorithm: distinct-gene set coverage	ES	Clade 3	IdrA-associated without complete DIRM-like synteny	C2_12-18_bin17	1	0	FALSE	FALSE
Nitrogen	Nitrate assimilation	Previous algorithm: distinct-gene set coverage	ES	Clade 3	IdrA-associated without complete DIRM-like synteny	S13_0-2_bin3	1	0	FALSE	FALSE
Nitrogen	Nitrate assimilation	Previous algorithm: distinct-gene set coverage	ES	Clade 3	IdrA-associated without complete DIRM-like synteny	S15_8-10_bin20	1	0	FALSE	FALSE
Nitrogen	Nitrate assimilation	Previous algorithm: distinct-gene set coverage	NS	Clade 1	Canonical AioA-associated	R2111_S300_0-10_bin19	1	0	FALSE	FALSE
Nitrogen	Nitrate assimilation	Previous algorithm: distinct-gene set coverage	NS	Clade 2	Unknown/uncertain DMSOR	R2111_N500_0-10_bin13	1	0	FALSE	FALSE
Nitrogen	Nitrification, ammonia => nitrite	Previous algorithm: distinct-gene set coverage	IS	Clade 1	Canonical AioA-associated	SY366YW-4-8_bin7	1	0	FALSE	FALSE
Nitrogen	Nitrification, ammonia => nitrite	Previous algorithm: distinct-gene set coverage	IS	Clade 2	Unknown/uncertain DMSOR	SY366YW-0-4_bin2	1	0	FALSE	FALSE
Nitrogen	Nitrification, ammonia => nitrite	Previous algorithm: distinct-gene set coverage	IS	Clade 2	Unknown/uncertain DMSOR	SY368YW-8-12_bin14	1	0	FALSE	FALSE
Nitrogen	Nitrification, ammonia => nitrite	Previous algorithm: distinct-gene set coverage	IS	Clade 2	Unknown/uncertain DMSOR	SY368YW-8-12_bin16	1	0	FALSE	FALSE
Nitrogen	Nitrification, ammonia => nitrite	Previous algorithm: distinct-gene set coverage	IS	Clade 2	Unknown/uncertain DMSOR	SY459WG-0-4_bin26	1	0	FALSE	FALSE
Nitrogen	Nitrification, ammonia => nitrite	Previous algorithm: distinct-gene set coverage	IS	Clade 2	Unknown/uncertain DMSOR	SY459WG-4-8_bin39	1	0	FALSE	FALSE
Nitrogen	Nitrification, ammonia => nitrite	Previous algorithm: distinct-gene set coverage	IS	Clade 3	IdrA-associated without complete DIRM-like synteny	SY365BB-0-4_bin24	1	0	FALSE	FALSE
Nitrogen	Nitrification, ammonia => nitrite	Previous algorithm: distinct-gene set coverage	IS	Clade 3	IdrA-associated without complete DIRM-like synteny	SY365BB-8-12_bin7	1	0	FALSE	FALSE
Nitrogen	Nitrification, ammonia => nitrite	Previous algorithm: distinct-gene set coverage	IS	Clade 3	IdrA-associated without complete DIRM-like synteny	SY366YB-0-4_bin3	1	0	FALSE	FALSE
Nitrogen	Nitrification, ammonia => nitrite	Previous algorithm: distinct-gene set coverage	IS	Clade 3	IdrA-associated without complete DIRM-like synteny	SY366YB-0-4_bin5	1	0	FALSE	FALSE
Nitrogen	Nitrification, ammonia => nitrite	Previous algorithm: distinct-gene set coverage	IS	Clade 3	IdrA-associated without complete DIRM-like synteny	SY368YW-4-8_bin24	1	0	FALSE	FALSE
Nitrogen	Nitrification, ammonia => nitrite	Previous algorithm: distinct-gene set coverage	IS	Clade 3	IdrA-associated without complete DIRM-like synteny	SY456YB-4-8_bin24	1	50	TRUE	FALSE
Nitrogen	Nitrification, ammonia => nitrite	Previous algorithm: distinct-gene set coverage	IS	Clade 3	IdrA-associated without complete DIRM-like synteny	SY456YB-8-12_bin5	1	0	FALSE	FALSE
Nitrogen	Nitrification, ammonia => nitrite	Previous algorithm: distinct-gene set coverage	IS	Clade 3	IdrA-associated without complete DIRM-like synteny	SY457BB-0-4_bin2	1	0	FALSE	FALSE
Nitrogen	Nitrification, ammonia => nitrite	Previous algorithm: distinct-gene set coverage	IS	Clade 3	IdrA-associated without complete DIRM-like synteny	SY457BB-8-12_bin10	1	0	FALSE	FALSE
Nitrogen	Nitrification, ammonia => nitrite	Previous algorithm: distinct-gene set coverage	IS	Clade 3	IdrA-associated without complete DIRM-like synteny	SY457BB-8-12_bin16	1	0	FALSE	FALSE
Nitrogen	Nitrification, ammonia => nitrite	Previous algorithm: distinct-gene set coverage	IS	Clade 3	IdrA-associated without complete DIRM-like synteny	SY459WG-4-8_bin8	1	0	FALSE	FALSE
Nitrogen	Nitrification, ammonia => nitrite	Previous algorithm: distinct-gene set coverage	IS	Clade 3	IdrA-associated without complete DIRM-like synteny	SY459WG-8-12_bin19	1	0	FALSE	FALSE
Nitrogen	Nitrification, ammonia => nitrite	Previous algorithm: distinct-gene set coverage	IS	Clade 4	IdrA-associated with DIRM-like synteny	SY365BB-8-12_bin10	1	0	FALSE	FALSE
Nitrogen	Nitrification, ammonia => nitrite	Previous algorithm: distinct-gene set coverage	IS	Clade 4	IdrA-associated with DIRM-like synteny	SY365BB-8-12_bin26	1	0	FALSE	FALSE
Nitrogen	Nitrification, ammonia => nitrite	Previous algorithm: distinct-gene set coverage	IS	Clade 4	IdrA-associated with DIRM-like synteny	SY365BB-8-12_bin8	1	0	FALSE	FALSE
Nitrogen	Nitrification, ammonia => nitrite	Previous algorithm: distinct-gene set coverage	IS	Clade 4	IdrA-associated with DIRM-like synteny	SY366YW-0-4_bin34	1	0	FALSE	FALSE
Nitrogen	Nitrification, ammonia => nitrite	Previous algorithm: distinct-gene set coverage	IS	Clade 4	IdrA-associated with DIRM-like synteny	SY366YW-0-4_bin9	1	0	FALSE	FALSE
Nitrogen	Nitrification, ammonia => nitrite	Previous algorithm: distinct-gene set coverage	IS	Clade 4	IdrA-associated with DIRM-like synteny	SY366YW-8-12_bin2	1	0	FALSE	FALSE
Nitrogen	Nitrification, ammonia => nitrite	Previous algorithm: distinct-gene set coverage	IS	Clade 4	IdrA-associated with DIRM-like synteny	SY368YW-8-12_bin33	1	0	FALSE	FALSE
Nitrogen	Nitrification, ammonia => nitrite	Previous algorithm: distinct-gene set coverage	IS	Clade 4	IdrA-associated with DIRM-like synteny	SY456YB-0-4_bin8	1	0	FALSE	FALSE
Nitrogen	Nitrification, ammonia => nitrite	Previous algorithm: distinct-gene set coverage	IS	Clade 4	IdrA-associated with DIRM-like synteny	SY456YB-8-12_bin27	1	0	FALSE	FALSE
Nitrogen	Nitrification, ammonia => nitrite	Previous algorithm: distinct-gene set coverage	IS	Clade 4	IdrA-associated with DIRM-like synteny	SY456YB-8-12_bin34	1	0	FALSE	FALSE
Nitrogen	Nitrification, ammonia => nitrite	Previous algorithm: distinct-gene set coverage	IS	Clade 4	IdrA-associated with DIRM-like synteny	SY456YB-8-12_bin4	1	0	FALSE	FALSE
Nitrogen	Nitrification, ammonia => nitrite	Previous algorithm: distinct-gene set coverage	IS	Clade 4	IdrA-associated with DIRM-like synteny	SY457BB-0-4_bin35	1	0	FALSE	FALSE
Nitrogen	Nitrification, ammonia => nitrite	Previous algorithm: distinct-gene set coverage	IS	Clade 4	IdrA-associated with DIRM-like synteny	SY457BB-0-4_bin6	1	0	FALSE	FALSE
Nitrogen	Nitrification, ammonia => nitrite	Previous algorithm: distinct-gene set coverage	IS	Clade 4	IdrA-associated with DIRM-like synteny	SY457BB-4-8_bin29	1	0	FALSE	FALSE
Nitrogen	Nitrification, ammonia => nitrite	Previous algorithm: distinct-gene set coverage	IS	Clade 4	IdrA-associated with DIRM-like synteny	SY457BB-4-8_bin33	1	0	FALSE	FALSE
Nitrogen	Nitrification, ammonia => nitrite	Previous algorithm: distinct-gene set coverage	IS	Clade 4	IdrA-associated with DIRM-like synteny	SY457BB-8-12_bin15	1	0	FALSE	FALSE
Nitrogen	Nitrification, ammonia => nitrite	Previous algorithm: distinct-gene set coverage	IS	Clade 4	IdrA-associated with DIRM-like synteny	SY457BB-8-12_bin25	1	0	FALSE	FALSE
Nitrogen	Nitrification, ammonia => nitrite	Previous algorithm: distinct-gene set coverage	IS	Clade 4	IdrA-associated with DIRM-like synteny	SY457BB-8-12_bin4	1	0	FALSE	FALSE
Nitrogen	Nitrification, ammonia => nitrite	Previous algorithm: distinct-gene set coverage	IS	Clade 4	IdrA-associated with DIRM-like synteny	SY459WG-0-4_bin37	1	0	FALSE	FALSE
Nitrogen	Nitrification, ammonia => nitrite	Previous algorithm: distinct-gene set coverage	IS	Clade 4	IdrA-associated with DIRM-like synteny	SY459WG-8-12_bin2	1	0	FALSE	FALSE
Nitrogen	Nitrification, ammonia => nitrite	Previous algorithm: distinct-gene set coverage	AS	Clade 1	Canonical AioA-associated	S1_9-12_bin1	1	0	FALSE	FALSE
Nitrogen	Nitrification, ammonia => nitrite	Previous algorithm: distinct-gene set coverage	AS	Clade 2	Unknown/uncertain DMSOR	SQ_58_0-4_bin4	1	0	FALSE	FALSE
Nitrogen	Nitrification, ammonia => nitrite	Previous algorithm: distinct-gene set coverage	AS	Clade 3	IdrA-associated without complete DIRM-like synteny	S1_9-12_bin1	1	0	FALSE	FALSE
Nitrogen	Nitrification, ammonia => nitrite	Previous algorithm: distinct-gene set coverage	ES	Clade 3	IdrA-associated without complete DIRM-like synteny	C1_12-18_bin19	1	12.5	FALSE	FALSE
Nitrogen	Nitrification, ammonia => nitrite	Previous algorithm: distinct-gene set coverage	ES	Clade 3	IdrA-associated without complete DIRM-like synteny	C1_12-18_bin24	1	0	FALSE	FALSE
Nitrogen	Nitrification, ammonia => nitrite	Previous algorithm: distinct-gene set coverage	ES	Clade 3	IdrA-associated without complete DIRM-like synteny	C2_12-18_bin11	1	0	FALSE	FALSE
Nitrogen	Nitrification, ammonia => nitrite	Previous algorithm: distinct-gene set coverage	ES	Clade 3	IdrA-associated without complete DIRM-like synteny	C2_12-18_bin17	1	0	FALSE	FALSE
Nitrogen	Nitrification, ammonia => nitrite	Previous algorithm: distinct-gene set coverage	ES	Clade 3	IdrA-associated without complete DIRM-like synteny	S13_0-2_bin3	1	0	FALSE	FALSE
Nitrogen	Nitrification, ammonia => nitrite	Previous algorithm: distinct-gene set coverage	ES	Clade 3	IdrA-associated without complete DIRM-like synteny	S15_8-10_bin20	1	12.5	FALSE	FALSE
Nitrogen	Nitrification, ammonia => nitrite	Previous algorithm: distinct-gene set coverage	NS	Clade 1	Canonical AioA-associated	R2111_S300_0-10_bin19	1	0	FALSE	FALSE
Nitrogen	Nitrification, ammonia => nitrite	Previous algorithm: distinct-gene set coverage	NS	Clade 2	Unknown/uncertain DMSOR	R2111_N500_0-10_bin13	1	0	FALSE	FALSE
Nitrogen	Nitrogen fixation, nitrogen => ammonia	Previous algorithm: distinct-gene set coverage	IS	Clade 1	Canonical AioA-associated	SY366YW-4-8_bin7	1	0	FALSE	FALSE
Nitrogen	Nitrogen fixation, nitrogen => ammonia	Previous algorithm: distinct-gene set coverage	IS	Clade 2	Unknown/uncertain DMSOR	SY366YW-0-4_bin2	1	0	FALSE	FALSE
Nitrogen	Nitrogen fixation, nitrogen => ammonia	Previous algorithm: distinct-gene set coverage	IS	Clade 2	Unknown/uncertain DMSOR	SY368YW-8-12_bin14	1	0	FALSE	FALSE
Nitrogen	Nitrogen fixation, nitrogen => ammonia	Previous algorithm: distinct-gene set coverage	IS	Clade 2	Unknown/uncertain DMSOR	SY368YW-8-12_bin16	1	0	FALSE	FALSE
Nitrogen	Nitrogen fixation, nitrogen => ammonia	Previous algorithm: distinct-gene set coverage	IS	Clade 2	Unknown/uncertain DMSOR	SY459WG-0-4_bin26	1	0	FALSE	FALSE
Nitrogen	Nitrogen fixation, nitrogen => ammonia	Previous algorithm: distinct-gene set coverage	IS	Clade 2	Unknown/uncertain DMSOR	SY459WG-4-8_bin39	1	0	FALSE	FALSE
Nitrogen	Nitrogen fixation, nitrogen => ammonia	Previous algorithm: distinct-gene set coverage	IS	Clade 3	IdrA-associated without complete DIRM-like synteny	SY365BB-0-4_bin24	1	0	FALSE	FALSE
Nitrogen	Nitrogen fixation, nitrogen => ammonia	Previous algorithm: distinct-gene set coverage	IS	Clade 3	IdrA-associated without complete DIRM-like synteny	SY365BB-8-12_bin7	1	0	FALSE	FALSE
Nitrogen	Nitrogen fixation, nitrogen => ammonia	Previous algorithm: distinct-gene set coverage	IS	Clade 3	IdrA-associated without complete DIRM-like synteny	SY366YB-0-4_bin3	1	0	FALSE	FALSE
Nitrogen	Nitrogen fixation, nitrogen => ammonia	Previous algorithm: distinct-gene set coverage	IS	Clade 3	IdrA-associated without complete DIRM-like synteny	SY366YB-0-4_bin5	1	0	FALSE	FALSE
Nitrogen	Nitrogen fixation, nitrogen => ammonia	Previous algorithm: distinct-gene set coverage	IS	Clade 3	IdrA-associated without complete DIRM-like synteny	SY368YW-4-8_bin24	1	0	FALSE	FALSE
Nitrogen	Nitrogen fixation, nitrogen => ammonia	Previous algorithm: distinct-gene set coverage	IS	Clade 3	IdrA-associated without complete DIRM-like synteny	SY456YB-4-8_bin24	1	0	FALSE	FALSE
Nitrogen	Nitrogen fixation, nitrogen => ammonia	Previous algorithm: distinct-gene set coverage	IS	Clade 3	IdrA-associated without complete DIRM-like synteny	SY456YB-8-12_bin5	1	0	FALSE	FALSE
Nitrogen	Nitrogen fixation, nitrogen => ammonia	Previous algorithm: distinct-gene set coverage	IS	Clade 3	IdrA-associated without complete DIRM-like synteny	SY457BB-0-4_bin2	1	0	FALSE	FALSE
Nitrogen	Nitrogen fixation, nitrogen => ammonia	Previous algorithm: distinct-gene set coverage	IS	Clade 3	IdrA-associated without complete DIRM-like synteny	SY457BB-8-12_bin10	1	0	FALSE	FALSE
Nitrogen	Nitrogen fixation, nitrogen => ammonia	Previous algorithm: distinct-gene set coverage	IS	Clade 3	IdrA-associated without complete DIRM-like synteny	SY457BB-8-12_bin16	1	0	FALSE	FALSE
Nitrogen	Nitrogen fixation, nitrogen => ammonia	Previous algorithm: distinct-gene set coverage	IS	Clade 3	IdrA-associated without complete DIRM-like synteny	SY459WG-4-8_bin8	1	0	FALSE	FALSE
Nitrogen	Nitrogen fixation, nitrogen => ammonia	Previous algorithm: distinct-gene set coverage	IS	Clade 3	IdrA-associated without complete DIRM-like synteny	SY459WG-8-12_bin19	1	0	FALSE	FALSE
Nitrogen	Nitrogen fixation, nitrogen => ammonia	Previous algorithm: distinct-gene set coverage	IS	Clade 4	IdrA-associated with DIRM-like synteny	SY365BB-8-12_bin10	1	0	FALSE	FALSE
Nitrogen	Nitrogen fixation, nitrogen => ammonia	Previous algorithm: distinct-gene set coverage	IS	Clade 4	IdrA-associated with DIRM-like synteny	SY365BB-8-12_bin26	1	0	FALSE	FALSE
Nitrogen	Nitrogen fixation, nitrogen => ammonia	Previous algorithm: distinct-gene set coverage	IS	Clade 4	IdrA-associated with DIRM-like synteny	SY365BB-8-12_bin8	1	0	FALSE	FALSE
Nitrogen	Nitrogen fixation, nitrogen => ammonia	Previous algorithm: distinct-gene set coverage	IS	Clade 4	IdrA-associated with DIRM-like synteny	SY366YW-0-4_bin34	1	0	FALSE	FALSE
Nitrogen	Nitrogen fixation, nitrogen => ammonia	Previous algorithm: distinct-gene set coverage	IS	Clade 4	IdrA-associated with DIRM-like synteny	SY366YW-0-4_bin9	1	0	FALSE	FALSE
Nitrogen	Nitrogen fixation, nitrogen => ammonia	Previous algorithm: distinct-gene set coverage	IS	Clade 4	IdrA-associated with DIRM-like synteny	SY366YW-8-12_bin2	1	0	FALSE	FALSE
Nitrogen	Nitrogen fixation, nitrogen => ammonia	Previous algorithm: distinct-gene set coverage	IS	Clade 4	IdrA-associated with DIRM-like synteny	SY368YW-8-12_bin33	1	0	FALSE	FALSE
Nitrogen	Nitrogen fixation, nitrogen => ammonia	Previous algorithm: distinct-gene set coverage	IS	Clade 4	IdrA-associated with DIRM-like synteny	SY456YB-0-4_bin8	1	0	FALSE	FALSE
Nitrogen	Nitrogen fixation, nitrogen => ammonia	Previous algorithm: distinct-gene set coverage	IS	Clade 4	IdrA-associated with DIRM-like synteny	SY456YB-8-12_bin27	1	0	FALSE	FALSE
Nitrogen	Nitrogen fixation, nitrogen => ammonia	Previous algorithm: distinct-gene set coverage	IS	Clade 4	IdrA-associated with DIRM-like synteny	SY456YB-8-12_bin34	1	0	FALSE	FALSE
Nitrogen	Nitrogen fixation, nitrogen => ammonia	Previous algorithm: distinct-gene set coverage	IS	Clade 4	IdrA-associated with DIRM-like synteny	SY456YB-8-12_bin4	1	0	FALSE	FALSE
Nitrogen	Nitrogen fixation, nitrogen => ammonia	Previous algorithm: distinct-gene set coverage	IS	Clade 4	IdrA-associated with DIRM-like synteny	SY457BB-0-4_bin35	1	0	FALSE	FALSE
Nitrogen	Nitrogen fixation, nitrogen => ammonia	Previous algorithm: distinct-gene set coverage	IS	Clade 4	IdrA-associated with DIRM-like synteny	SY457BB-0-4_bin6	1	0	FALSE	FALSE
Nitrogen	Nitrogen fixation, nitrogen => ammonia	Previous algorithm: distinct-gene set coverage	IS	Clade 4	IdrA-associated with DIRM-like synteny	SY457BB-4-8_bin29	1	0	FALSE	FALSE
Nitrogen	Nitrogen fixation, nitrogen => ammonia	Previous algorithm: distinct-gene set coverage	IS	Clade 4	IdrA-associated with DIRM-like synteny	SY457BB-4-8_bin33	1	0	FALSE	FALSE
Nitrogen	Nitrogen fixation, nitrogen => ammonia	Previous algorithm: distinct-gene set coverage	IS	Clade 4	IdrA-associated with DIRM-like synteny	SY457BB-8-12_bin15	1	0	FALSE	FALSE
Nitrogen	Nitrogen fixation, nitrogen => ammonia	Previous algorithm: distinct-gene set coverage	IS	Clade 4	IdrA-associated with DIRM-like synteny	SY457BB-8-12_bin25	1	0	FALSE	FALSE
Nitrogen	Nitrogen fixation, nitrogen => ammonia	Previous algorithm: distinct-gene set coverage	IS	Clade 4	IdrA-associated with DIRM-like synteny	SY457BB-8-12_bin4	1	0	FALSE	FALSE
Nitrogen	Nitrogen fixation, nitrogen => ammonia	Previous algorithm: distinct-gene set coverage	IS	Clade 4	IdrA-associated with DIRM-like synteny	SY459WG-0-4_bin37	1	0	FALSE	FALSE
Nitrogen	Nitrogen fixation, nitrogen => ammonia	Previous algorithm: distinct-gene set coverage	IS	Clade 4	IdrA-associated with DIRM-like synteny	SY459WG-8-12_bin2	1	0	FALSE	FALSE
Nitrogen	Nitrogen fixation, nitrogen => ammonia	Previous algorithm: distinct-gene set coverage	AS	Clade 1	Canonical AioA-associated	S1_9-12_bin1	1	0	FALSE	FALSE
Nitrogen	Nitrogen fixation, nitrogen => ammonia	Previous algorithm: distinct-gene set coverage	AS	Clade 2	Unknown/uncertain DMSOR	SQ_58_0-4_bin4	1	0	FALSE	FALSE
Nitrogen	Nitrogen fixation, nitrogen => ammonia	Previous algorithm: distinct-gene set coverage	AS	Clade 3	IdrA-associated without complete DIRM-like synteny	S1_9-12_bin1	1	0	FALSE	FALSE
Nitrogen	Nitrogen fixation, nitrogen => ammonia	Previous algorithm: distinct-gene set coverage	ES	Clade 3	IdrA-associated without complete DIRM-like synteny	C1_12-18_bin19	1	0	FALSE	FALSE
Nitrogen	Nitrogen fixation, nitrogen => ammonia	Previous algorithm: distinct-gene set coverage	ES	Clade 3	IdrA-associated without complete DIRM-like synteny	C1_12-18_bin24	1	0	FALSE	FALSE
Nitrogen	Nitrogen fixation, nitrogen => ammonia	Previous algorithm: distinct-gene set coverage	ES	Clade 3	IdrA-associated without complete DIRM-like synteny	C2_12-18_bin11	1	0	FALSE	FALSE
Nitrogen	Nitrogen fixation, nitrogen => ammonia	Previous algorithm: distinct-gene set coverage	ES	Clade 3	IdrA-associated without complete DIRM-like synteny	C2_12-18_bin17	1	0	FALSE	FALSE
Nitrogen	Nitrogen fixation, nitrogen => ammonia	Previous algorithm: distinct-gene set coverage	ES	Clade 3	IdrA-associated without complete DIRM-like synteny	S13_0-2_bin3	1	0	FALSE	FALSE
Nitrogen	Nitrogen fixation, nitrogen => ammonia	Previous algorithm: distinct-gene set coverage	ES	Clade 3	IdrA-associated without complete DIRM-like synteny	S15_8-10_bin20	1	0	FALSE	FALSE
Nitrogen	Nitrogen fixation, nitrogen => ammonia	Previous algorithm: distinct-gene set coverage	NS	Clade 1	Canonical AioA-associated	R2111_S300_0-10_bin19	1	0	FALSE	FALSE
Nitrogen	Nitrogen fixation, nitrogen => ammonia	Previous algorithm: distinct-gene set coverage	NS	Clade 2	Unknown/uncertain DMSOR	R2111_N500_0-10_bin13	1	0	FALSE	FALSE
Nitrogen	Urea cycle	Previous algorithm: distinct-gene set coverage	IS	Clade 1	Canonical AioA-associated	SY366YW-4-8_bin7	1	50	TRUE	FALSE
Nitrogen	Urea cycle	Previous algorithm: distinct-gene set coverage	IS	Clade 2	Unknown/uncertain DMSOR	SY366YW-0-4_bin2	1	16.6666666666667	FALSE	FALSE
Nitrogen	Urea cycle	Previous algorithm: distinct-gene set coverage	IS	Clade 2	Unknown/uncertain DMSOR	SY368YW-8-12_bin14	1	33.3333333333333	FALSE	FALSE
Nitrogen	Urea cycle	Previous algorithm: distinct-gene set coverage	IS	Clade 2	Unknown/uncertain DMSOR	SY368YW-8-12_bin16	1	33.3333333333333	FALSE	FALSE
Nitrogen	Urea cycle	Previous algorithm: distinct-gene set coverage	IS	Clade 2	Unknown/uncertain DMSOR	SY459WG-0-4_bin26	1	50	TRUE	FALSE
Nitrogen	Urea cycle	Previous algorithm: distinct-gene set coverage	IS	Clade 2	Unknown/uncertain DMSOR	SY459WG-4-8_bin39	1	50	TRUE	FALSE
Nitrogen	Urea cycle	Previous algorithm: distinct-gene set coverage	IS	Clade 3	IdrA-associated without complete DIRM-like synteny	SY365BB-0-4_bin24	1	50	TRUE	FALSE
Nitrogen	Urea cycle	Previous algorithm: distinct-gene set coverage	IS	Clade 3	IdrA-associated without complete DIRM-like synteny	SY365BB-8-12_bin7	1	33.3333333333333	FALSE	FALSE
Nitrogen	Urea cycle	Previous algorithm: distinct-gene set coverage	IS	Clade 3	IdrA-associated without complete DIRM-like synteny	SY366YB-0-4_bin3	1	50	TRUE	FALSE
Nitrogen	Urea cycle	Previous algorithm: distinct-gene set coverage	IS	Clade 3	IdrA-associated without complete DIRM-like synteny	SY366YB-0-4_bin5	1	50	TRUE	FALSE
Nitrogen	Urea cycle	Previous algorithm: distinct-gene set coverage	IS	Clade 3	IdrA-associated without complete DIRM-like synteny	SY368YW-4-8_bin24	1	66.6666666666667	TRUE	FALSE
Nitrogen	Urea cycle	Previous algorithm: distinct-gene set coverage	IS	Clade 3	IdrA-associated without complete DIRM-like synteny	SY456YB-4-8_bin24	1	50	TRUE	FALSE
Nitrogen	Urea cycle	Previous algorithm: distinct-gene set coverage	IS	Clade 3	IdrA-associated without complete DIRM-like synteny	SY456YB-8-12_bin5	1	16.6666666666667	FALSE	FALSE
Nitrogen	Urea cycle	Previous algorithm: distinct-gene set coverage	IS	Clade 3	IdrA-associated without complete DIRM-like synteny	SY457BB-0-4_bin2	1	50	TRUE	FALSE
Nitrogen	Urea cycle	Previous algorithm: distinct-gene set coverage	IS	Clade 3	IdrA-associated without complete DIRM-like synteny	SY457BB-8-12_bin10	1	33.3333333333333	FALSE	FALSE
Nitrogen	Urea cycle	Previous algorithm: distinct-gene set coverage	IS	Clade 3	IdrA-associated without complete DIRM-like synteny	SY457BB-8-12_bin16	1	33.3333333333333	FALSE	FALSE
Nitrogen	Urea cycle	Previous algorithm: distinct-gene set coverage	IS	Clade 3	IdrA-associated without complete DIRM-like synteny	SY459WG-4-8_bin8	1	50	TRUE	FALSE
Nitrogen	Urea cycle	Previous algorithm: distinct-gene set coverage	IS	Clade 3	IdrA-associated without complete DIRM-like synteny	SY459WG-8-12_bin19	1	66.6666666666667	TRUE	FALSE
Nitrogen	Urea cycle	Previous algorithm: distinct-gene set coverage	IS	Clade 4	IdrA-associated with DIRM-like synteny	SY365BB-8-12_bin10	1	50	TRUE	FALSE
Nitrogen	Urea cycle	Previous algorithm: distinct-gene set coverage	IS	Clade 4	IdrA-associated with DIRM-like synteny	SY365BB-8-12_bin26	1	66.6666666666667	TRUE	FALSE
Nitrogen	Urea cycle	Previous algorithm: distinct-gene set coverage	IS	Clade 4	IdrA-associated with DIRM-like synteny	SY365BB-8-12_bin8	1	33.3333333333333	FALSE	FALSE
Nitrogen	Urea cycle	Previous algorithm: distinct-gene set coverage	IS	Clade 4	IdrA-associated with DIRM-like synteny	SY366YW-0-4_bin34	1	66.6666666666667	TRUE	FALSE
Nitrogen	Urea cycle	Previous algorithm: distinct-gene set coverage	IS	Clade 4	IdrA-associated with DIRM-like synteny	SY366YW-0-4_bin9	1	50	TRUE	FALSE
Nitrogen	Urea cycle	Previous algorithm: distinct-gene set coverage	IS	Clade 4	IdrA-associated with DIRM-like synteny	SY366YW-8-12_bin2	1	66.6666666666667	TRUE	FALSE
Nitrogen	Urea cycle	Previous algorithm: distinct-gene set coverage	IS	Clade 4	IdrA-associated with DIRM-like synteny	SY368YW-8-12_bin33	1	33.3333333333333	FALSE	FALSE
Nitrogen	Urea cycle	Previous algorithm: distinct-gene set coverage	IS	Clade 4	IdrA-associated with DIRM-like synteny	SY456YB-0-4_bin8	1	50	TRUE	FALSE
Nitrogen	Urea cycle	Previous algorithm: distinct-gene set coverage	IS	Clade 4	IdrA-associated with DIRM-like synteny	SY456YB-8-12_bin27	1	66.6666666666667	TRUE	FALSE
Nitrogen	Urea cycle	Previous algorithm: distinct-gene set coverage	IS	Clade 4	IdrA-associated with DIRM-like synteny	SY456YB-8-12_bin34	1	33.3333333333333	FALSE	FALSE
Nitrogen	Urea cycle	Previous algorithm: distinct-gene set coverage	IS	Clade 4	IdrA-associated with DIRM-like synteny	SY456YB-8-12_bin4	1	50	TRUE	FALSE
Nitrogen	Urea cycle	Previous algorithm: distinct-gene set coverage	IS	Clade 4	IdrA-associated with DIRM-like synteny	SY457BB-0-4_bin35	1	50	TRUE	FALSE
Nitrogen	Urea cycle	Previous algorithm: distinct-gene set coverage	IS	Clade 4	IdrA-associated with DIRM-like synteny	SY457BB-0-4_bin6	1	66.6666666666667	TRUE	FALSE
Nitrogen	Urea cycle	Previous algorithm: distinct-gene set coverage	IS	Clade 4	IdrA-associated with DIRM-like synteny	SY457BB-4-8_bin29	1	50	TRUE	FALSE
Nitrogen	Urea cycle	Previous algorithm: distinct-gene set coverage	IS	Clade 4	IdrA-associated with DIRM-like synteny	SY457BB-4-8_bin33	1	50	TRUE	FALSE
Nitrogen	Urea cycle	Previous algorithm: distinct-gene set coverage	IS	Clade 4	IdrA-associated with DIRM-like synteny	SY457BB-8-12_bin15	1	50	TRUE	FALSE
Nitrogen	Urea cycle	Previous algorithm: distinct-gene set coverage	IS	Clade 4	IdrA-associated with DIRM-like synteny	SY457BB-8-12_bin25	1	66.6666666666667	TRUE	FALSE
Nitrogen	Urea cycle	Previous algorithm: distinct-gene set coverage	IS	Clade 4	IdrA-associated with DIRM-like synteny	SY457BB-8-12_bin4	1	50	TRUE	FALSE
Nitrogen	Urea cycle	Previous algorithm: distinct-gene set coverage	IS	Clade 4	IdrA-associated with DIRM-like synteny	SY459WG-0-4_bin37	1	50	TRUE	FALSE
Nitrogen	Urea cycle	Previous algorithm: distinct-gene set coverage	IS	Clade 4	IdrA-associated with DIRM-like synteny	SY459WG-8-12_bin2	1	50	TRUE	FALSE
Nitrogen	Urea cycle	Previous algorithm: distinct-gene set coverage	AS	Clade 1	Canonical AioA-associated	S1_9-12_bin1	1	50	TRUE	FALSE
Nitrogen	Urea cycle	Previous algorithm: distinct-gene set coverage	AS	Clade 2	Unknown/uncertain DMSOR	SQ_58_0-4_bin4	1	33.3333333333333	FALSE	FALSE
Nitrogen	Urea cycle	Previous algorithm: distinct-gene set coverage	AS	Clade 3	IdrA-associated without complete DIRM-like synteny	S1_9-12_bin1	1	50	TRUE	FALSE
Nitrogen	Urea cycle	Previous algorithm: distinct-gene set coverage	ES	Clade 3	IdrA-associated without complete DIRM-like synteny	C1_12-18_bin19	1	50	TRUE	FALSE
Nitrogen	Urea cycle	Previous algorithm: distinct-gene set coverage	ES	Clade 3	IdrA-associated without complete DIRM-like synteny	C1_12-18_bin24	1	33.3333333333333	FALSE	FALSE
Nitrogen	Urea cycle	Previous algorithm: distinct-gene set coverage	ES	Clade 3	IdrA-associated without complete DIRM-like synteny	C2_12-18_bin11	1	50	TRUE	FALSE
Nitrogen	Urea cycle	Previous algorithm: distinct-gene set coverage	ES	Clade 3	IdrA-associated without complete DIRM-like synteny	C2_12-18_bin17	1	66.6666666666667	TRUE	FALSE
Nitrogen	Urea cycle	Previous algorithm: distinct-gene set coverage	ES	Clade 3	IdrA-associated without complete DIRM-like synteny	S13_0-2_bin3	1	33.3333333333333	FALSE	FALSE
Nitrogen	Urea cycle	Previous algorithm: distinct-gene set coverage	ES	Clade 3	IdrA-associated without complete DIRM-like synteny	S15_8-10_bin20	1	50	TRUE	FALSE
Nitrogen	Urea cycle	Previous algorithm: distinct-gene set coverage	NS	Clade 1	Canonical AioA-associated	R2111_S300_0-10_bin19	1	66.6666666666667	TRUE	FALSE
Nitrogen	Urea cycle	Previous algorithm: distinct-gene set coverage	NS	Clade 2	Unknown/uncertain DMSOR	R2111_N500_0-10_bin13	1	0	FALSE	FALSE
Nitrogen	Urea transport system	Previous algorithm: distinct-gene set coverage	IS	Clade 1	Canonical AioA-associated	SY366YW-4-8_bin7	1	100	TRUE	TRUE
Nitrogen	Urea transport system	Previous algorithm: distinct-gene set coverage	IS	Clade 2	Unknown/uncertain DMSOR	SY366YW-0-4_bin2	1	0	FALSE	FALSE
Nitrogen	Urea transport system	Previous algorithm: distinct-gene set coverage	IS	Clade 2	Unknown/uncertain DMSOR	SY368YW-8-12_bin14	1	0	FALSE	FALSE
Nitrogen	Urea transport system	Previous algorithm: distinct-gene set coverage	IS	Clade 2	Unknown/uncertain DMSOR	SY368YW-8-12_bin16	1	0	FALSE	FALSE
Nitrogen	Urea transport system	Previous algorithm: distinct-gene set coverage	IS	Clade 2	Unknown/uncertain DMSOR	SY459WG-0-4_bin26	1	0	FALSE	FALSE
Nitrogen	Urea transport system	Previous algorithm: distinct-gene set coverage	IS	Clade 2	Unknown/uncertain DMSOR	SY459WG-4-8_bin39	1	0	FALSE	FALSE
Nitrogen	Urea transport system	Previous algorithm: distinct-gene set coverage	IS	Clade 3	IdrA-associated without complete DIRM-like synteny	SY365BB-0-4_bin24	1	100	TRUE	TRUE
Nitrogen	Urea transport system	Previous algorithm: distinct-gene set coverage	IS	Clade 3	IdrA-associated without complete DIRM-like synteny	SY365BB-8-12_bin7	1	0	FALSE	FALSE
Nitrogen	Urea transport system	Previous algorithm: distinct-gene set coverage	IS	Clade 3	IdrA-associated without complete DIRM-like synteny	SY366YB-0-4_bin3	1	0	FALSE	FALSE
Nitrogen	Urea transport system	Previous algorithm: distinct-gene set coverage	IS	Clade 3	IdrA-associated without complete DIRM-like synteny	SY366YB-0-4_bin5	1	0	FALSE	FALSE
Nitrogen	Urea transport system	Previous algorithm: distinct-gene set coverage	IS	Clade 3	IdrA-associated without complete DIRM-like synteny	SY368YW-4-8_bin24	1	0	FALSE	FALSE
Nitrogen	Urea transport system	Previous algorithm: distinct-gene set coverage	IS	Clade 3	IdrA-associated without complete DIRM-like synteny	SY456YB-4-8_bin24	1	0	FALSE	FALSE
Nitrogen	Urea transport system	Previous algorithm: distinct-gene set coverage	IS	Clade 3	IdrA-associated without complete DIRM-like synteny	SY456YB-8-12_bin5	1	0	FALSE	FALSE
Nitrogen	Urea transport system	Previous algorithm: distinct-gene set coverage	IS	Clade 3	IdrA-associated without complete DIRM-like synteny	SY457BB-0-4_bin2	1	0	FALSE	FALSE
Nitrogen	Urea transport system	Previous algorithm: distinct-gene set coverage	IS	Clade 3	IdrA-associated without complete DIRM-like synteny	SY457BB-8-12_bin10	1	0	FALSE	FALSE
Nitrogen	Urea transport system	Previous algorithm: distinct-gene set coverage	IS	Clade 3	IdrA-associated without complete DIRM-like synteny	SY457BB-8-12_bin16	1	0	FALSE	FALSE
Nitrogen	Urea transport system	Previous algorithm: distinct-gene set coverage	IS	Clade 3	IdrA-associated without complete DIRM-like synteny	SY459WG-4-8_bin8	1	0	FALSE	FALSE
Nitrogen	Urea transport system	Previous algorithm: distinct-gene set coverage	IS	Clade 3	IdrA-associated without complete DIRM-like synteny	SY459WG-8-12_bin19	1	40	FALSE	FALSE
Nitrogen	Urea transport system	Previous algorithm: distinct-gene set coverage	IS	Clade 4	IdrA-associated with DIRM-like synteny	SY365BB-8-12_bin10	1	0	FALSE	FALSE
Nitrogen	Urea transport system	Previous algorithm: distinct-gene set coverage	IS	Clade 4	IdrA-associated with DIRM-like synteny	SY365BB-8-12_bin26	1	100	TRUE	TRUE
Nitrogen	Urea transport system	Previous algorithm: distinct-gene set coverage	IS	Clade 4	IdrA-associated with DIRM-like synteny	SY365BB-8-12_bin8	1	0	FALSE	FALSE
Nitrogen	Urea transport system	Previous algorithm: distinct-gene set coverage	IS	Clade 4	IdrA-associated with DIRM-like synteny	SY366YW-0-4_bin34	1	80	TRUE	TRUE
Nitrogen	Urea transport system	Previous algorithm: distinct-gene set coverage	IS	Clade 4	IdrA-associated with DIRM-like synteny	SY366YW-0-4_bin9	1	0	FALSE	FALSE
Nitrogen	Urea transport system	Previous algorithm: distinct-gene set coverage	IS	Clade 4	IdrA-associated with DIRM-like synteny	SY366YW-8-12_bin2	1	0	FALSE	FALSE
Nitrogen	Urea transport system	Previous algorithm: distinct-gene set coverage	IS	Clade 4	IdrA-associated with DIRM-like synteny	SY368YW-8-12_bin33	1	0	FALSE	FALSE
Nitrogen	Urea transport system	Previous algorithm: distinct-gene set coverage	IS	Clade 4	IdrA-associated with DIRM-like synteny	SY456YB-0-4_bin8	1	20	FALSE	FALSE
Nitrogen	Urea transport system	Previous algorithm: distinct-gene set coverage	IS	Clade 4	IdrA-associated with DIRM-like synteny	SY456YB-8-12_bin27	1	0	FALSE	FALSE
Nitrogen	Urea transport system	Previous algorithm: distinct-gene set coverage	IS	Clade 4	IdrA-associated with DIRM-like synteny	SY456YB-8-12_bin34	1	0	FALSE	FALSE
Nitrogen	Urea transport system	Previous algorithm: distinct-gene set coverage	IS	Clade 4	IdrA-associated with DIRM-like synteny	SY456YB-8-12_bin4	1	0	FALSE	FALSE
Nitrogen	Urea transport system	Previous algorithm: distinct-gene set coverage	IS	Clade 4	IdrA-associated with DIRM-like synteny	SY457BB-0-4_bin35	1	0	FALSE	FALSE
Nitrogen	Urea transport system	Previous algorithm: distinct-gene set coverage	IS	Clade 4	IdrA-associated with DIRM-like synteny	SY457BB-0-4_bin6	1	0	FALSE	FALSE
Nitrogen	Urea transport system	Previous algorithm: distinct-gene set coverage	IS	Clade 4	IdrA-associated with DIRM-like synteny	SY457BB-4-8_bin29	1	0	FALSE	FALSE
Nitrogen	Urea transport system	Previous algorithm: distinct-gene set coverage	IS	Clade 4	IdrA-associated with DIRM-like synteny	SY457BB-4-8_bin33	1	0	FALSE	FALSE
Nitrogen	Urea transport system	Previous algorithm: distinct-gene set coverage	IS	Clade 4	IdrA-associated with DIRM-like synteny	SY457BB-8-12_bin15	1	0	FALSE	FALSE
Nitrogen	Urea transport system	Previous algorithm: distinct-gene set coverage	IS	Clade 4	IdrA-associated with DIRM-like synteny	SY457BB-8-12_bin25	1	0	FALSE	FALSE
Nitrogen	Urea transport system	Previous algorithm: distinct-gene set coverage	IS	Clade 4	IdrA-associated with DIRM-like synteny	SY457BB-8-12_bin4	1	0	FALSE	FALSE
Nitrogen	Urea transport system	Previous algorithm: distinct-gene set coverage	IS	Clade 4	IdrA-associated with DIRM-like synteny	SY459WG-0-4_bin37	1	0	FALSE	FALSE
Nitrogen	Urea transport system	Previous algorithm: distinct-gene set coverage	IS	Clade 4	IdrA-associated with DIRM-like synteny	SY459WG-8-12_bin2	1	100	TRUE	TRUE
Nitrogen	Urea transport system	Previous algorithm: distinct-gene set coverage	AS	Clade 1	Canonical AioA-associated	S1_9-12_bin1	1	0	FALSE	FALSE
Nitrogen	Urea transport system	Previous algorithm: distinct-gene set coverage	AS	Clade 2	Unknown/uncertain DMSOR	SQ_58_0-4_bin4	1	0	FALSE	FALSE
Nitrogen	Urea transport system	Previous algorithm: distinct-gene set coverage	AS	Clade 3	IdrA-associated without complete DIRM-like synteny	S1_9-12_bin1	1	0	FALSE	FALSE
Nitrogen	Urea transport system	Previous algorithm: distinct-gene set coverage	ES	Clade 3	IdrA-associated without complete DIRM-like synteny	C1_12-18_bin19	1	0	FALSE	FALSE
Nitrogen	Urea transport system	Previous algorithm: distinct-gene set coverage	ES	Clade 3	IdrA-associated without complete DIRM-like synteny	C1_12-18_bin24	1	0	FALSE	FALSE
Nitrogen	Urea transport system	Previous algorithm: distinct-gene set coverage	ES	Clade 3	IdrA-associated without complete DIRM-like synteny	C2_12-18_bin11	1	0	FALSE	FALSE
Nitrogen	Urea transport system	Previous algorithm: distinct-gene set coverage	ES	Clade 3	IdrA-associated without complete DIRM-like synteny	C2_12-18_bin17	1	0	FALSE	FALSE
Nitrogen	Urea transport system	Previous algorithm: distinct-gene set coverage	ES	Clade 3	IdrA-associated without complete DIRM-like synteny	S13_0-2_bin3	1	0	FALSE	FALSE
Nitrogen	Urea transport system	Previous algorithm: distinct-gene set coverage	ES	Clade 3	IdrA-associated without complete DIRM-like synteny	S15_8-10_bin20	1	0	FALSE	FALSE
Nitrogen	Urea transport system	Previous algorithm: distinct-gene set coverage	NS	Clade 1	Canonical AioA-associated	R2111_S300_0-10_bin19	1	0	FALSE	FALSE
Nitrogen	Urea transport system	Previous algorithm: distinct-gene set coverage	NS	Clade 2	Unknown/uncertain DMSOR	R2111_N500_0-10_bin13	1	0	FALSE	FALSE
Nitrogen	nitrite + ammonia => nitrogen	Previous algorithm: distinct-gene set coverage	IS	Clade 1	Canonical AioA-associated	SY366YW-4-8_bin7	1	0	FALSE	FALSE
Nitrogen	nitrite + ammonia => nitrogen	Previous algorithm: distinct-gene set coverage	IS	Clade 2	Unknown/uncertain DMSOR	SY366YW-0-4_bin2	1	11.1111111111111	FALSE	FALSE
Nitrogen	nitrite + ammonia => nitrogen	Previous algorithm: distinct-gene set coverage	IS	Clade 2	Unknown/uncertain DMSOR	SY368YW-8-12_bin14	1	11.1111111111111	FALSE	FALSE
Nitrogen	nitrite + ammonia => nitrogen	Previous algorithm: distinct-gene set coverage	IS	Clade 2	Unknown/uncertain DMSOR	SY368YW-8-12_bin16	1	0	FALSE	FALSE
Nitrogen	nitrite + ammonia => nitrogen	Previous algorithm: distinct-gene set coverage	IS	Clade 2	Unknown/uncertain DMSOR	SY459WG-0-4_bin26	1	0	FALSE	FALSE
Nitrogen	nitrite + ammonia => nitrogen	Previous algorithm: distinct-gene set coverage	IS	Clade 2	Unknown/uncertain DMSOR	SY459WG-4-8_bin39	1	11.1111111111111	FALSE	FALSE
Nitrogen	nitrite + ammonia => nitrogen	Previous algorithm: distinct-gene set coverage	IS	Clade 3	IdrA-associated without complete DIRM-like synteny	SY365BB-0-4_bin24	1	11.1111111111111	FALSE	FALSE
Nitrogen	nitrite + ammonia => nitrogen	Previous algorithm: distinct-gene set coverage	IS	Clade 3	IdrA-associated without complete DIRM-like synteny	SY365BB-8-12_bin7	1	11.1111111111111	FALSE	FALSE
Nitrogen	nitrite + ammonia => nitrogen	Previous algorithm: distinct-gene set coverage	IS	Clade 3	IdrA-associated without complete DIRM-like synteny	SY366YB-0-4_bin3	1	0	FALSE	FALSE
Nitrogen	nitrite + ammonia => nitrogen	Previous algorithm: distinct-gene set coverage	IS	Clade 3	IdrA-associated without complete DIRM-like synteny	SY366YB-0-4_bin5	1	0	FALSE	FALSE
Nitrogen	nitrite + ammonia => nitrogen	Previous algorithm: distinct-gene set coverage	IS	Clade 3	IdrA-associated without complete DIRM-like synteny	SY368YW-4-8_bin24	1	0	FALSE	FALSE
Nitrogen	nitrite + ammonia => nitrogen	Previous algorithm: distinct-gene set coverage	IS	Clade 3	IdrA-associated without complete DIRM-like synteny	SY456YB-4-8_bin24	1	33.3333333333333	FALSE	FALSE
Nitrogen	nitrite + ammonia => nitrogen	Previous algorithm: distinct-gene set coverage	IS	Clade 3	IdrA-associated without complete DIRM-like synteny	SY456YB-8-12_bin5	1	11.1111111111111	FALSE	FALSE
Nitrogen	nitrite + ammonia => nitrogen	Previous algorithm: distinct-gene set coverage	IS	Clade 3	IdrA-associated without complete DIRM-like synteny	SY457BB-0-4_bin2	1	11.1111111111111	FALSE	FALSE
Nitrogen	nitrite + ammonia => nitrogen	Previous algorithm: distinct-gene set coverage	IS	Clade 3	IdrA-associated without complete DIRM-like synteny	SY457BB-8-12_bin10	1	0	FALSE	FALSE
Nitrogen	nitrite + ammonia => nitrogen	Previous algorithm: distinct-gene set coverage	IS	Clade 3	IdrA-associated without complete DIRM-like synteny	SY457BB-8-12_bin16	1	11.1111111111111	FALSE	FALSE
Nitrogen	nitrite + ammonia => nitrogen	Previous algorithm: distinct-gene set coverage	IS	Clade 3	IdrA-associated without complete DIRM-like synteny	SY459WG-4-8_bin8	1	11.1111111111111	FALSE	FALSE
Nitrogen	nitrite + ammonia => nitrogen	Previous algorithm: distinct-gene set coverage	IS	Clade 3	IdrA-associated without complete DIRM-like synteny	SY459WG-8-12_bin19	1	11.1111111111111	FALSE	FALSE
Nitrogen	nitrite + ammonia => nitrogen	Previous algorithm: distinct-gene set coverage	IS	Clade 4	IdrA-associated with DIRM-like synteny	SY365BB-8-12_bin10	1	11.1111111111111	FALSE	FALSE
Nitrogen	nitrite + ammonia => nitrogen	Previous algorithm: distinct-gene set coverage	IS	Clade 4	IdrA-associated with DIRM-like synteny	SY365BB-8-12_bin26	1	11.1111111111111	FALSE	FALSE
Nitrogen	nitrite + ammonia => nitrogen	Previous algorithm: distinct-gene set coverage	IS	Clade 4	IdrA-associated with DIRM-like synteny	SY365BB-8-12_bin8	1	11.1111111111111	FALSE	FALSE
Nitrogen	nitrite + ammonia => nitrogen	Previous algorithm: distinct-gene set coverage	IS	Clade 4	IdrA-associated with DIRM-like synteny	SY366YW-0-4_bin34	1	11.1111111111111	FALSE	FALSE
Nitrogen	nitrite + ammonia => nitrogen	Previous algorithm: distinct-gene set coverage	IS	Clade 4	IdrA-associated with DIRM-like synteny	SY366YW-0-4_bin9	1	11.1111111111111	FALSE	FALSE
Nitrogen	nitrite + ammonia => nitrogen	Previous algorithm: distinct-gene set coverage	IS	Clade 4	IdrA-associated with DIRM-like synteny	SY366YW-8-12_bin2	1	0	FALSE	FALSE
Nitrogen	nitrite + ammonia => nitrogen	Previous algorithm: distinct-gene set coverage	IS	Clade 4	IdrA-associated with DIRM-like synteny	SY368YW-8-12_bin33	1	0	FALSE	FALSE
Nitrogen	nitrite + ammonia => nitrogen	Previous algorithm: distinct-gene set coverage	IS	Clade 4	IdrA-associated with DIRM-like synteny	SY456YB-0-4_bin8	1	22.2222222222222	FALSE	FALSE
Nitrogen	nitrite + ammonia => nitrogen	Previous algorithm: distinct-gene set coverage	IS	Clade 4	IdrA-associated with DIRM-like synteny	SY456YB-8-12_bin27	1	11.1111111111111	FALSE	FALSE
Nitrogen	nitrite + ammonia => nitrogen	Previous algorithm: distinct-gene set coverage	IS	Clade 4	IdrA-associated with DIRM-like synteny	SY456YB-8-12_bin34	1	0	FALSE	FALSE
Nitrogen	nitrite + ammonia => nitrogen	Previous algorithm: distinct-gene set coverage	IS	Clade 4	IdrA-associated with DIRM-like synteny	SY456YB-8-12_bin4	1	22.2222222222222	FALSE	FALSE
Nitrogen	nitrite + ammonia => nitrogen	Previous algorithm: distinct-gene set coverage	IS	Clade 4	IdrA-associated with DIRM-like synteny	SY457BB-0-4_bin35	1	11.1111111111111	FALSE	FALSE
Nitrogen	nitrite + ammonia => nitrogen	Previous algorithm: distinct-gene set coverage	IS	Clade 4	IdrA-associated with DIRM-like synteny	SY457BB-0-4_bin6	1	11.1111111111111	FALSE	FALSE
Nitrogen	nitrite + ammonia => nitrogen	Previous algorithm: distinct-gene set coverage	IS	Clade 4	IdrA-associated with DIRM-like synteny	SY457BB-4-8_bin29	1	0	FALSE	FALSE
Nitrogen	nitrite + ammonia => nitrogen	Previous algorithm: distinct-gene set coverage	IS	Clade 4	IdrA-associated with DIRM-like synteny	SY457BB-4-8_bin33	1	11.1111111111111	FALSE	FALSE
Nitrogen	nitrite + ammonia => nitrogen	Previous algorithm: distinct-gene set coverage	IS	Clade 4	IdrA-associated with DIRM-like synteny	SY457BB-8-12_bin15	1	22.2222222222222	FALSE	FALSE
Nitrogen	nitrite + ammonia => nitrogen	Previous algorithm: distinct-gene set coverage	IS	Clade 4	IdrA-associated with DIRM-like synteny	SY457BB-8-12_bin25	1	0	FALSE	FALSE
Nitrogen	nitrite + ammonia => nitrogen	Previous algorithm: distinct-gene set coverage	IS	Clade 4	IdrA-associated with DIRM-like synteny	SY457BB-8-12_bin4	1	0	FALSE	FALSE
Nitrogen	nitrite + ammonia => nitrogen	Previous algorithm: distinct-gene set coverage	IS	Clade 4	IdrA-associated with DIRM-like synteny	SY459WG-0-4_bin37	1	11.1111111111111	FALSE	FALSE
Nitrogen	nitrite + ammonia => nitrogen	Previous algorithm: distinct-gene set coverage	IS	Clade 4	IdrA-associated with DIRM-like synteny	SY459WG-8-12_bin2	1	11.1111111111111	FALSE	FALSE
Nitrogen	nitrite + ammonia => nitrogen	Previous algorithm: distinct-gene set coverage	AS	Clade 1	Canonical AioA-associated	S1_9-12_bin1	1	11.1111111111111	FALSE	FALSE
Nitrogen	nitrite + ammonia => nitrogen	Previous algorithm: distinct-gene set coverage	AS	Clade 2	Unknown/uncertain DMSOR	SQ_58_0-4_bin4	1	22.2222222222222	FALSE	FALSE
Nitrogen	nitrite + ammonia => nitrogen	Previous algorithm: distinct-gene set coverage	AS	Clade 3	IdrA-associated without complete DIRM-like synteny	S1_9-12_bin1	1	11.1111111111111	FALSE	FALSE
Nitrogen	nitrite + ammonia => nitrogen	Previous algorithm: distinct-gene set coverage	ES	Clade 3	IdrA-associated without complete DIRM-like synteny	C1_12-18_bin19	1	22.2222222222222	FALSE	FALSE
Nitrogen	nitrite + ammonia => nitrogen	Previous algorithm: distinct-gene set coverage	ES	Clade 3	IdrA-associated without complete DIRM-like synteny	C1_12-18_bin24	1	11.1111111111111	FALSE	FALSE
Nitrogen	nitrite + ammonia => nitrogen	Previous algorithm: distinct-gene set coverage	ES	Clade 3	IdrA-associated without complete DIRM-like synteny	C2_12-18_bin11	1	0	FALSE	FALSE
Nitrogen	nitrite + ammonia => nitrogen	Previous algorithm: distinct-gene set coverage	ES	Clade 3	IdrA-associated without complete DIRM-like synteny	C2_12-18_bin17	1	0	FALSE	FALSE
Nitrogen	nitrite + ammonia => nitrogen	Previous algorithm: distinct-gene set coverage	ES	Clade 3	IdrA-associated without complete DIRM-like synteny	S13_0-2_bin3	1	0	FALSE	FALSE
Nitrogen	nitrite + ammonia => nitrogen	Previous algorithm: distinct-gene set coverage	ES	Clade 3	IdrA-associated without complete DIRM-like synteny	S15_8-10_bin20	1	11.1111111111111	FALSE	FALSE
Nitrogen	nitrite + ammonia => nitrogen	Previous algorithm: distinct-gene set coverage	NS	Clade 1	Canonical AioA-associated	R2111_S300_0-10_bin19	1	0	FALSE	FALSE
Nitrogen	nitrite + ammonia => nitrogen	Previous algorithm: distinct-gene set coverage	NS	Clade 2	Unknown/uncertain DMSOR	R2111_N500_0-10_bin13	1	0	FALSE	FALSE
Sulfur	Assimilatory sulfate reduction, sulfate => H2S	Previous algorithm: distinct-gene set coverage	IS	Clade 1	Canonical AioA-associated	SY366YW-4-8_bin7	1	30	FALSE	FALSE
Sulfur	Assimilatory sulfate reduction, sulfate => H2S	Previous algorithm: distinct-gene set coverage	IS	Clade 2	Unknown/uncertain DMSOR	SY366YW-0-4_bin2	1	10	FALSE	FALSE
Sulfur	Assimilatory sulfate reduction, sulfate => H2S	Previous algorithm: distinct-gene set coverage	IS	Clade 2	Unknown/uncertain DMSOR	SY368YW-8-12_bin14	1	0	FALSE	FALSE
Sulfur	Assimilatory sulfate reduction, sulfate => H2S	Previous algorithm: distinct-gene set coverage	IS	Clade 2	Unknown/uncertain DMSOR	SY368YW-8-12_bin16	1	0	FALSE	FALSE
Sulfur	Assimilatory sulfate reduction, sulfate => H2S	Previous algorithm: distinct-gene set coverage	IS	Clade 2	Unknown/uncertain DMSOR	SY459WG-0-4_bin26	1	0	FALSE	FALSE
Sulfur	Assimilatory sulfate reduction, sulfate => H2S	Previous algorithm: distinct-gene set coverage	IS	Clade 2	Unknown/uncertain DMSOR	SY459WG-4-8_bin39	1	30	FALSE	FALSE
Sulfur	Assimilatory sulfate reduction, sulfate => H2S	Previous algorithm: distinct-gene set coverage	IS	Clade 3	IdrA-associated without complete DIRM-like synteny	SY365BB-0-4_bin24	1	50	TRUE	FALSE
Sulfur	Assimilatory sulfate reduction, sulfate => H2S	Previous algorithm: distinct-gene set coverage	IS	Clade 3	IdrA-associated without complete DIRM-like synteny	SY365BB-8-12_bin7	1	60	TRUE	FALSE
Sulfur	Assimilatory sulfate reduction, sulfate => H2S	Previous algorithm: distinct-gene set coverage	IS	Clade 3	IdrA-associated without complete DIRM-like synteny	SY366YB-0-4_bin3	1	10	FALSE	FALSE
Sulfur	Assimilatory sulfate reduction, sulfate => H2S	Previous algorithm: distinct-gene set coverage	IS	Clade 3	IdrA-associated without complete DIRM-like synteny	SY366YB-0-4_bin5	1	30	FALSE	FALSE
Sulfur	Assimilatory sulfate reduction, sulfate => H2S	Previous algorithm: distinct-gene set coverage	IS	Clade 3	IdrA-associated without complete DIRM-like synteny	SY368YW-4-8_bin24	1	20	FALSE	FALSE
Sulfur	Assimilatory sulfate reduction, sulfate => H2S	Previous algorithm: distinct-gene set coverage	IS	Clade 3	IdrA-associated without complete DIRM-like synteny	SY456YB-4-8_bin24	1	10	FALSE	FALSE
Sulfur	Assimilatory sulfate reduction, sulfate => H2S	Previous algorithm: distinct-gene set coverage	IS	Clade 3	IdrA-associated without complete DIRM-like synteny	SY456YB-8-12_bin5	1	0	FALSE	FALSE
Sulfur	Assimilatory sulfate reduction, sulfate => H2S	Previous algorithm: distinct-gene set coverage	IS	Clade 3	IdrA-associated without complete DIRM-like synteny	SY457BB-0-4_bin2	1	10	FALSE	FALSE
Sulfur	Assimilatory sulfate reduction, sulfate => H2S	Previous algorithm: distinct-gene set coverage	IS	Clade 3	IdrA-associated without complete DIRM-like synteny	SY457BB-8-12_bin10	1	10	FALSE	FALSE
Sulfur	Assimilatory sulfate reduction, sulfate => H2S	Previous algorithm: distinct-gene set coverage	IS	Clade 3	IdrA-associated without complete DIRM-like synteny	SY457BB-8-12_bin16	1	10	FALSE	FALSE
Sulfur	Assimilatory sulfate reduction, sulfate => H2S	Previous algorithm: distinct-gene set coverage	IS	Clade 3	IdrA-associated without complete DIRM-like synteny	SY459WG-4-8_bin8	1	10	FALSE	FALSE
Sulfur	Assimilatory sulfate reduction, sulfate => H2S	Previous algorithm: distinct-gene set coverage	IS	Clade 3	IdrA-associated without complete DIRM-like synteny	SY459WG-8-12_bin19	1	10	FALSE	FALSE
Sulfur	Assimilatory sulfate reduction, sulfate => H2S	Previous algorithm: distinct-gene set coverage	IS	Clade 4	IdrA-associated with DIRM-like synteny	SY365BB-8-12_bin10	1	30	FALSE	FALSE
Sulfur	Assimilatory sulfate reduction, sulfate => H2S	Previous algorithm: distinct-gene set coverage	IS	Clade 4	IdrA-associated with DIRM-like synteny	SY365BB-8-12_bin26	1	30	FALSE	FALSE
Sulfur	Assimilatory sulfate reduction, sulfate => H2S	Previous algorithm: distinct-gene set coverage	IS	Clade 4	IdrA-associated with DIRM-like synteny	SY365BB-8-12_bin8	1	10	FALSE	FALSE
Sulfur	Assimilatory sulfate reduction, sulfate => H2S	Previous algorithm: distinct-gene set coverage	IS	Clade 4	IdrA-associated with DIRM-like synteny	SY366YW-0-4_bin34	1	50	TRUE	FALSE
Sulfur	Assimilatory sulfate reduction, sulfate => H2S	Previous algorithm: distinct-gene set coverage	IS	Clade 4	IdrA-associated with DIRM-like synteny	SY366YW-0-4_bin9	1	60	TRUE	FALSE
Sulfur	Assimilatory sulfate reduction, sulfate => H2S	Previous algorithm: distinct-gene set coverage	IS	Clade 4	IdrA-associated with DIRM-like synteny	SY366YW-8-12_bin2	1	30	FALSE	FALSE
Sulfur	Assimilatory sulfate reduction, sulfate => H2S	Previous algorithm: distinct-gene set coverage	IS	Clade 4	IdrA-associated with DIRM-like synteny	SY368YW-8-12_bin33	1	10	FALSE	FALSE
Sulfur	Assimilatory sulfate reduction, sulfate => H2S	Previous algorithm: distinct-gene set coverage	IS	Clade 4	IdrA-associated with DIRM-like synteny	SY456YB-0-4_bin8	1	30	FALSE	FALSE
Sulfur	Assimilatory sulfate reduction, sulfate => H2S	Previous algorithm: distinct-gene set coverage	IS	Clade 4	IdrA-associated with DIRM-like synteny	SY456YB-8-12_bin27	1	30	FALSE	FALSE
Sulfur	Assimilatory sulfate reduction, sulfate => H2S	Previous algorithm: distinct-gene set coverage	IS	Clade 4	IdrA-associated with DIRM-like synteny	SY456YB-8-12_bin34	1	30	FALSE	FALSE
Sulfur	Assimilatory sulfate reduction, sulfate => H2S	Previous algorithm: distinct-gene set coverage	IS	Clade 4	IdrA-associated with DIRM-like synteny	SY456YB-8-12_bin4	1	40	FALSE	FALSE
Sulfur	Assimilatory sulfate reduction, sulfate => H2S	Previous algorithm: distinct-gene set coverage	IS	Clade 4	IdrA-associated with DIRM-like synteny	SY457BB-0-4_bin35	1	20	FALSE	FALSE
Sulfur	Assimilatory sulfate reduction, sulfate => H2S	Previous algorithm: distinct-gene set coverage	IS	Clade 4	IdrA-associated with DIRM-like synteny	SY457BB-0-4_bin6	1	30	FALSE	FALSE
Sulfur	Assimilatory sulfate reduction, sulfate => H2S	Previous algorithm: distinct-gene set coverage	IS	Clade 4	IdrA-associated with DIRM-like synteny	SY457BB-4-8_bin29	1	30	FALSE	FALSE
Sulfur	Assimilatory sulfate reduction, sulfate => H2S	Previous algorithm: distinct-gene set coverage	IS	Clade 4	IdrA-associated with DIRM-like synteny	SY457BB-4-8_bin33	1	30	FALSE	FALSE
Sulfur	Assimilatory sulfate reduction, sulfate => H2S	Previous algorithm: distinct-gene set coverage	IS	Clade 4	IdrA-associated with DIRM-like synteny	SY457BB-8-12_bin15	1	10	FALSE	FALSE
Sulfur	Assimilatory sulfate reduction, sulfate => H2S	Previous algorithm: distinct-gene set coverage	IS	Clade 4	IdrA-associated with DIRM-like synteny	SY457BB-8-12_bin25	1	10	FALSE	FALSE
Sulfur	Assimilatory sulfate reduction, sulfate => H2S	Previous algorithm: distinct-gene set coverage	IS	Clade 4	IdrA-associated with DIRM-like synteny	SY457BB-8-12_bin4	1	30	FALSE	FALSE
Sulfur	Assimilatory sulfate reduction, sulfate => H2S	Previous algorithm: distinct-gene set coverage	IS	Clade 4	IdrA-associated with DIRM-like synteny	SY459WG-0-4_bin37	1	10	FALSE	FALSE
Sulfur	Assimilatory sulfate reduction, sulfate => H2S	Previous algorithm: distinct-gene set coverage	IS	Clade 4	IdrA-associated with DIRM-like synteny	SY459WG-8-12_bin2	1	30	FALSE	FALSE
Sulfur	Assimilatory sulfate reduction, sulfate => H2S	Previous algorithm: distinct-gene set coverage	AS	Clade 1	Canonical AioA-associated	S1_9-12_bin1	1	10	FALSE	FALSE
Sulfur	Assimilatory sulfate reduction, sulfate => H2S	Previous algorithm: distinct-gene set coverage	AS	Clade 2	Unknown/uncertain DMSOR	SQ_58_0-4_bin4	1	0	FALSE	FALSE
Sulfur	Assimilatory sulfate reduction, sulfate => H2S	Previous algorithm: distinct-gene set coverage	AS	Clade 3	IdrA-associated without complete DIRM-like synteny	S1_9-12_bin1	1	10	FALSE	FALSE
Sulfur	Assimilatory sulfate reduction, sulfate => H2S	Previous algorithm: distinct-gene set coverage	ES	Clade 3	IdrA-associated without complete DIRM-like synteny	C1_12-18_bin19	1	20	FALSE	FALSE
Sulfur	Assimilatory sulfate reduction, sulfate => H2S	Previous algorithm: distinct-gene set coverage	ES	Clade 3	IdrA-associated without complete DIRM-like synteny	C1_12-18_bin24	1	10	FALSE	FALSE
Sulfur	Assimilatory sulfate reduction, sulfate => H2S	Previous algorithm: distinct-gene set coverage	ES	Clade 3	IdrA-associated without complete DIRM-like synteny	C2_12-18_bin11	1	10	FALSE	FALSE
Sulfur	Assimilatory sulfate reduction, sulfate => H2S	Previous algorithm: distinct-gene set coverage	ES	Clade 3	IdrA-associated without complete DIRM-like synteny	C2_12-18_bin17	1	10	FALSE	FALSE
Sulfur	Assimilatory sulfate reduction, sulfate => H2S	Previous algorithm: distinct-gene set coverage	ES	Clade 3	IdrA-associated without complete DIRM-like synteny	S13_0-2_bin3	1	10	FALSE	FALSE
Sulfur	Assimilatory sulfate reduction, sulfate => H2S	Previous algorithm: distinct-gene set coverage	ES	Clade 3	IdrA-associated without complete DIRM-like synteny	S15_8-10_bin20	1	10	FALSE	FALSE
Sulfur	Assimilatory sulfate reduction, sulfate => H2S	Previous algorithm: distinct-gene set coverage	NS	Clade 1	Canonical AioA-associated	R2111_S300_0-10_bin19	1	10	FALSE	FALSE
Sulfur	Assimilatory sulfate reduction, sulfate => H2S	Previous algorithm: distinct-gene set coverage	NS	Clade 2	Unknown/uncertain DMSOR	R2111_N500_0-10_bin13	1	0	FALSE	FALSE
Sulfur	Dissimilatory sulfate reduction, sulfate => H2S	Previous algorithm: distinct-gene set coverage	IS	Clade 1	Canonical AioA-associated	SY366YW-4-8_bin7	1	28.5714285714286	FALSE	FALSE
Sulfur	Dissimilatory sulfate reduction, sulfate => H2S	Previous algorithm: distinct-gene set coverage	IS	Clade 2	Unknown/uncertain DMSOR	SY366YW-0-4_bin2	1	14.2857142857143	FALSE	FALSE
Sulfur	Dissimilatory sulfate reduction, sulfate => H2S	Previous algorithm: distinct-gene set coverage	IS	Clade 2	Unknown/uncertain DMSOR	SY368YW-8-12_bin14	1	0	FALSE	FALSE
Sulfur	Dissimilatory sulfate reduction, sulfate => H2S	Previous algorithm: distinct-gene set coverage	IS	Clade 2	Unknown/uncertain DMSOR	SY368YW-8-12_bin16	1	0	FALSE	FALSE
Sulfur	Dissimilatory sulfate reduction, sulfate => H2S	Previous algorithm: distinct-gene set coverage	IS	Clade 2	Unknown/uncertain DMSOR	SY459WG-0-4_bin26	1	0	FALSE	FALSE
Sulfur	Dissimilatory sulfate reduction, sulfate => H2S	Previous algorithm: distinct-gene set coverage	IS	Clade 2	Unknown/uncertain DMSOR	SY459WG-4-8_bin39	1	28.5714285714286	FALSE	FALSE
Sulfur	Dissimilatory sulfate reduction, sulfate => H2S	Previous algorithm: distinct-gene set coverage	IS	Clade 3	IdrA-associated without complete DIRM-like synteny	SY365BB-0-4_bin24	1	28.5714285714286	FALSE	FALSE
Sulfur	Dissimilatory sulfate reduction, sulfate => H2S	Previous algorithm: distinct-gene set coverage	IS	Clade 3	IdrA-associated without complete DIRM-like synteny	SY365BB-8-12_bin7	1	28.5714285714286	FALSE	FALSE
Sulfur	Dissimilatory sulfate reduction, sulfate => H2S	Previous algorithm: distinct-gene set coverage	IS	Clade 3	IdrA-associated without complete DIRM-like synteny	SY366YB-0-4_bin3	1	28.5714285714286	FALSE	FALSE
Sulfur	Dissimilatory sulfate reduction, sulfate => H2S	Previous algorithm: distinct-gene set coverage	IS	Clade 3	IdrA-associated without complete DIRM-like synteny	SY366YB-0-4_bin5	1	14.2857142857143	FALSE	FALSE
Sulfur	Dissimilatory sulfate reduction, sulfate => H2S	Previous algorithm: distinct-gene set coverage	IS	Clade 3	IdrA-associated without complete DIRM-like synteny	SY368YW-4-8_bin24	1	14.2857142857143	FALSE	FALSE
Sulfur	Dissimilatory sulfate reduction, sulfate => H2S	Previous algorithm: distinct-gene set coverage	IS	Clade 3	IdrA-associated without complete DIRM-like synteny	SY456YB-4-8_bin24	1	71.4285714285714	TRUE	FALSE
Sulfur	Dissimilatory sulfate reduction, sulfate => H2S	Previous algorithm: distinct-gene set coverage	IS	Clade 3	IdrA-associated without complete DIRM-like synteny	SY456YB-8-12_bin5	1	0	FALSE	FALSE
Sulfur	Dissimilatory sulfate reduction, sulfate => H2S	Previous algorithm: distinct-gene set coverage	IS	Clade 3	IdrA-associated without complete DIRM-like synteny	SY457BB-0-4_bin2	1	71.4285714285714	TRUE	FALSE
Sulfur	Dissimilatory sulfate reduction, sulfate => H2S	Previous algorithm: distinct-gene set coverage	IS	Clade 3	IdrA-associated without complete DIRM-like synteny	SY457BB-8-12_bin10	1	42.8571428571429	FALSE	FALSE
Sulfur	Dissimilatory sulfate reduction, sulfate => H2S	Previous algorithm: distinct-gene set coverage	IS	Clade 3	IdrA-associated without complete DIRM-like synteny	SY457BB-8-12_bin16	1	42.8571428571429	FALSE	FALSE
Sulfur	Dissimilatory sulfate reduction, sulfate => H2S	Previous algorithm: distinct-gene set coverage	IS	Clade 3	IdrA-associated without complete DIRM-like synteny	SY459WG-4-8_bin8	1	71.4285714285714	TRUE	FALSE
Sulfur	Dissimilatory sulfate reduction, sulfate => H2S	Previous algorithm: distinct-gene set coverage	IS	Clade 3	IdrA-associated without complete DIRM-like synteny	SY459WG-8-12_bin19	1	71.4285714285714	TRUE	FALSE
Sulfur	Dissimilatory sulfate reduction, sulfate => H2S	Previous algorithm: distinct-gene set coverage	IS	Clade 4	IdrA-associated with DIRM-like synteny	SY365BB-8-12_bin10	1	42.8571428571429	FALSE	FALSE
Sulfur	Dissimilatory sulfate reduction, sulfate => H2S	Previous algorithm: distinct-gene set coverage	IS	Clade 4	IdrA-associated with DIRM-like synteny	SY365BB-8-12_bin26	1	14.2857142857143	FALSE	FALSE
Sulfur	Dissimilatory sulfate reduction, sulfate => H2S	Previous algorithm: distinct-gene set coverage	IS	Clade 4	IdrA-associated with DIRM-like synteny	SY365BB-8-12_bin8	1	42.8571428571429	FALSE	FALSE
Sulfur	Dissimilatory sulfate reduction, sulfate => H2S	Previous algorithm: distinct-gene set coverage	IS	Clade 4	IdrA-associated with DIRM-like synteny	SY366YW-0-4_bin34	1	28.5714285714286	FALSE	FALSE
Sulfur	Dissimilatory sulfate reduction, sulfate => H2S	Previous algorithm: distinct-gene set coverage	IS	Clade 4	IdrA-associated with DIRM-like synteny	SY366YW-0-4_bin9	1	28.5714285714286	FALSE	FALSE
Sulfur	Dissimilatory sulfate reduction, sulfate => H2S	Previous algorithm: distinct-gene set coverage	IS	Clade 4	IdrA-associated with DIRM-like synteny	SY366YW-8-12_bin2	1	14.2857142857143	FALSE	FALSE
Sulfur	Dissimilatory sulfate reduction, sulfate => H2S	Previous algorithm: distinct-gene set coverage	IS	Clade 4	IdrA-associated with DIRM-like synteny	SY368YW-8-12_bin33	1	42.8571428571429	FALSE	FALSE
Sulfur	Dissimilatory sulfate reduction, sulfate => H2S	Previous algorithm: distinct-gene set coverage	IS	Clade 4	IdrA-associated with DIRM-like synteny	SY456YB-0-4_bin8	1	42.8571428571429	FALSE	FALSE
Sulfur	Dissimilatory sulfate reduction, sulfate => H2S	Previous algorithm: distinct-gene set coverage	IS	Clade 4	IdrA-associated with DIRM-like synteny	SY456YB-8-12_bin27	1	14.2857142857143	FALSE	FALSE
Sulfur	Dissimilatory sulfate reduction, sulfate => H2S	Previous algorithm: distinct-gene set coverage	IS	Clade 4	IdrA-associated with DIRM-like synteny	SY456YB-8-12_bin34	1	14.2857142857143	FALSE	FALSE
Sulfur	Dissimilatory sulfate reduction, sulfate => H2S	Previous algorithm: distinct-gene set coverage	IS	Clade 4	IdrA-associated with DIRM-like synteny	SY456YB-8-12_bin4	1	71.4285714285714	TRUE	FALSE
Sulfur	Dissimilatory sulfate reduction, sulfate => H2S	Previous algorithm: distinct-gene set coverage	IS	Clade 4	IdrA-associated with DIRM-like synteny	SY457BB-0-4_bin35	1	14.2857142857143	FALSE	FALSE
Sulfur	Dissimilatory sulfate reduction, sulfate => H2S	Previous algorithm: distinct-gene set coverage	IS	Clade 4	IdrA-associated with DIRM-like synteny	SY457BB-0-4_bin6	1	42.8571428571429	FALSE	FALSE
Sulfur	Dissimilatory sulfate reduction, sulfate => H2S	Previous algorithm: distinct-gene set coverage	IS	Clade 4	IdrA-associated with DIRM-like synteny	SY457BB-4-8_bin29	1	42.8571428571429	FALSE	FALSE
Sulfur	Dissimilatory sulfate reduction, sulfate => H2S	Previous algorithm: distinct-gene set coverage	IS	Clade 4	IdrA-associated with DIRM-like synteny	SY457BB-4-8_bin33	1	42.8571428571429	FALSE	FALSE
Sulfur	Dissimilatory sulfate reduction, sulfate => H2S	Previous algorithm: distinct-gene set coverage	IS	Clade 4	IdrA-associated with DIRM-like synteny	SY457BB-8-12_bin15	1	42.8571428571429	FALSE	FALSE
Sulfur	Dissimilatory sulfate reduction, sulfate => H2S	Previous algorithm: distinct-gene set coverage	IS	Clade 4	IdrA-associated with DIRM-like synteny	SY457BB-8-12_bin25	1	42.8571428571429	FALSE	FALSE
Sulfur	Dissimilatory sulfate reduction, sulfate => H2S	Previous algorithm: distinct-gene set coverage	IS	Clade 4	IdrA-associated with DIRM-like synteny	SY457BB-8-12_bin4	1	42.8571428571429	FALSE	FALSE
Sulfur	Dissimilatory sulfate reduction, sulfate => H2S	Previous algorithm: distinct-gene set coverage	IS	Clade 4	IdrA-associated with DIRM-like synteny	SY459WG-0-4_bin37	1	42.8571428571429	FALSE	FALSE
Sulfur	Dissimilatory sulfate reduction, sulfate => H2S	Previous algorithm: distinct-gene set coverage	IS	Clade 4	IdrA-associated with DIRM-like synteny	SY459WG-8-12_bin2	1	42.8571428571429	FALSE	FALSE
Sulfur	Dissimilatory sulfate reduction, sulfate => H2S	Previous algorithm: distinct-gene set coverage	AS	Clade 1	Canonical AioA-associated	S1_9-12_bin1	1	28.5714285714286	FALSE	FALSE
Sulfur	Dissimilatory sulfate reduction, sulfate => H2S	Previous algorithm: distinct-gene set coverage	AS	Clade 2	Unknown/uncertain DMSOR	SQ_58_0-4_bin4	1	0	FALSE	FALSE
Sulfur	Dissimilatory sulfate reduction, sulfate => H2S	Previous algorithm: distinct-gene set coverage	AS	Clade 3	IdrA-associated without complete DIRM-like synteny	S1_9-12_bin1	1	28.5714285714286	FALSE	FALSE
Sulfur	Dissimilatory sulfate reduction, sulfate => H2S	Previous algorithm: distinct-gene set coverage	ES	Clade 3	IdrA-associated without complete DIRM-like synteny	C1_12-18_bin19	1	71.4285714285714	TRUE	FALSE
Sulfur	Dissimilatory sulfate reduction, sulfate => H2S	Previous algorithm: distinct-gene set coverage	ES	Clade 3	IdrA-associated without complete DIRM-like synteny	C1_12-18_bin24	1	14.2857142857143	FALSE	FALSE
Sulfur	Dissimilatory sulfate reduction, sulfate => H2S	Previous algorithm: distinct-gene set coverage	ES	Clade 3	IdrA-associated without complete DIRM-like synteny	C2_12-18_bin11	1	28.5714285714286	FALSE	FALSE
Sulfur	Dissimilatory sulfate reduction, sulfate => H2S	Previous algorithm: distinct-gene set coverage	ES	Clade 3	IdrA-associated without complete DIRM-like synteny	C2_12-18_bin17	1	14.2857142857143	FALSE	FALSE
Sulfur	Dissimilatory sulfate reduction, sulfate => H2S	Previous algorithm: distinct-gene set coverage	ES	Clade 3	IdrA-associated without complete DIRM-like synteny	S13_0-2_bin3	1	0	FALSE	FALSE
Sulfur	Dissimilatory sulfate reduction, sulfate => H2S	Previous algorithm: distinct-gene set coverage	ES	Clade 3	IdrA-associated without complete DIRM-like synteny	S15_8-10_bin20	1	42.8571428571429	FALSE	FALSE
Sulfur	Dissimilatory sulfate reduction, sulfate => H2S	Previous algorithm: distinct-gene set coverage	NS	Clade 1	Canonical AioA-associated	R2111_S300_0-10_bin19	1	14.2857142857143	FALSE	FALSE
Sulfur	Dissimilatory sulfate reduction, sulfate => H2S	Previous algorithm: distinct-gene set coverage	NS	Clade 2	Unknown/uncertain DMSOR	R2111_N500_0-10_bin13	1	0	FALSE	FALSE
Sulfur	Sulfate/thiosulfate transport system	Previous algorithm: distinct-gene set coverage	IS	Clade 1	Canonical AioA-associated	SY366YW-4-8_bin7	1	80	TRUE	TRUE
Sulfur	Sulfate/thiosulfate transport system	Previous algorithm: distinct-gene set coverage	IS	Clade 2	Unknown/uncertain DMSOR	SY366YW-0-4_bin2	1	0	FALSE	FALSE
Sulfur	Sulfate/thiosulfate transport system	Previous algorithm: distinct-gene set coverage	IS	Clade 2	Unknown/uncertain DMSOR	SY368YW-8-12_bin14	1	0	FALSE	FALSE
Sulfur	Sulfate/thiosulfate transport system	Previous algorithm: distinct-gene set coverage	IS	Clade 2	Unknown/uncertain DMSOR	SY368YW-8-12_bin16	1	0	FALSE	FALSE
Sulfur	Sulfate/thiosulfate transport system	Previous algorithm: distinct-gene set coverage	IS	Clade 2	Unknown/uncertain DMSOR	SY459WG-0-4_bin26	1	0	FALSE	FALSE
Sulfur	Sulfate/thiosulfate transport system	Previous algorithm: distinct-gene set coverage	IS	Clade 2	Unknown/uncertain DMSOR	SY459WG-4-8_bin39	1	0	FALSE	FALSE
Sulfur	Sulfate/thiosulfate transport system	Previous algorithm: distinct-gene set coverage	IS	Clade 3	IdrA-associated without complete DIRM-like synteny	SY365BB-0-4_bin24	1	0	FALSE	FALSE
Sulfur	Sulfate/thiosulfate transport system	Previous algorithm: distinct-gene set coverage	IS	Clade 3	IdrA-associated without complete DIRM-like synteny	SY365BB-8-12_bin7	1	0	FALSE	FALSE
Sulfur	Sulfate/thiosulfate transport system	Previous algorithm: distinct-gene set coverage	IS	Clade 3	IdrA-associated without complete DIRM-like synteny	SY366YB-0-4_bin3	1	0	FALSE	FALSE
Sulfur	Sulfate/thiosulfate transport system	Previous algorithm: distinct-gene set coverage	IS	Clade 3	IdrA-associated without complete DIRM-like synteny	SY366YB-0-4_bin5	1	0	FALSE	FALSE
Sulfur	Sulfate/thiosulfate transport system	Previous algorithm: distinct-gene set coverage	IS	Clade 3	IdrA-associated without complete DIRM-like synteny	SY368YW-4-8_bin24	1	0	FALSE	FALSE
Sulfur	Sulfate/thiosulfate transport system	Previous algorithm: distinct-gene set coverage	IS	Clade 3	IdrA-associated without complete DIRM-like synteny	SY456YB-4-8_bin24	1	0	FALSE	FALSE
Sulfur	Sulfate/thiosulfate transport system	Previous algorithm: distinct-gene set coverage	IS	Clade 3	IdrA-associated without complete DIRM-like synteny	SY456YB-8-12_bin5	1	0	FALSE	FALSE
Sulfur	Sulfate/thiosulfate transport system	Previous algorithm: distinct-gene set coverage	IS	Clade 3	IdrA-associated without complete DIRM-like synteny	SY457BB-0-4_bin2	1	0	FALSE	FALSE
Sulfur	Sulfate/thiosulfate transport system	Previous algorithm: distinct-gene set coverage	IS	Clade 3	IdrA-associated without complete DIRM-like synteny	SY457BB-8-12_bin10	1	0	FALSE	FALSE
Sulfur	Sulfate/thiosulfate transport system	Previous algorithm: distinct-gene set coverage	IS	Clade 3	IdrA-associated without complete DIRM-like synteny	SY457BB-8-12_bin16	1	0	FALSE	FALSE
Sulfur	Sulfate/thiosulfate transport system	Previous algorithm: distinct-gene set coverage	IS	Clade 3	IdrA-associated without complete DIRM-like synteny	SY459WG-4-8_bin8	1	0	FALSE	FALSE
Sulfur	Sulfate/thiosulfate transport system	Previous algorithm: distinct-gene set coverage	IS	Clade 3	IdrA-associated without complete DIRM-like synteny	SY459WG-8-12_bin19	1	0	FALSE	FALSE
Sulfur	Sulfate/thiosulfate transport system	Previous algorithm: distinct-gene set coverage	IS	Clade 4	IdrA-associated with DIRM-like synteny	SY365BB-8-12_bin10	1	0	FALSE	FALSE
Sulfur	Sulfate/thiosulfate transport system	Previous algorithm: distinct-gene set coverage	IS	Clade 4	IdrA-associated with DIRM-like synteny	SY365BB-8-12_bin26	1	0	FALSE	FALSE
Sulfur	Sulfate/thiosulfate transport system	Previous algorithm: distinct-gene set coverage	IS	Clade 4	IdrA-associated with DIRM-like synteny	SY365BB-8-12_bin8	1	0	FALSE	FALSE
Sulfur	Sulfate/thiosulfate transport system	Previous algorithm: distinct-gene set coverage	IS	Clade 4	IdrA-associated with DIRM-like synteny	SY366YW-0-4_bin34	1	0	FALSE	FALSE
Sulfur	Sulfate/thiosulfate transport system	Previous algorithm: distinct-gene set coverage	IS	Clade 4	IdrA-associated with DIRM-like synteny	SY366YW-0-4_bin9	1	0	FALSE	FALSE
Sulfur	Sulfate/thiosulfate transport system	Previous algorithm: distinct-gene set coverage	IS	Clade 4	IdrA-associated with DIRM-like synteny	SY366YW-8-12_bin2	1	0	FALSE	FALSE
Sulfur	Sulfate/thiosulfate transport system	Previous algorithm: distinct-gene set coverage	IS	Clade 4	IdrA-associated with DIRM-like synteny	SY368YW-8-12_bin33	1	0	FALSE	FALSE
Sulfur	Sulfate/thiosulfate transport system	Previous algorithm: distinct-gene set coverage	IS	Clade 4	IdrA-associated with DIRM-like synteny	SY456YB-0-4_bin8	1	0	FALSE	FALSE
Sulfur	Sulfate/thiosulfate transport system	Previous algorithm: distinct-gene set coverage	IS	Clade 4	IdrA-associated with DIRM-like synteny	SY456YB-8-12_bin27	1	0	FALSE	FALSE
Sulfur	Sulfate/thiosulfate transport system	Previous algorithm: distinct-gene set coverage	IS	Clade 4	IdrA-associated with DIRM-like synteny	SY456YB-8-12_bin34	1	0	FALSE	FALSE
Sulfur	Sulfate/thiosulfate transport system	Previous algorithm: distinct-gene set coverage	IS	Clade 4	IdrA-associated with DIRM-like synteny	SY456YB-8-12_bin4	1	0	FALSE	FALSE
Sulfur	Sulfate/thiosulfate transport system	Previous algorithm: distinct-gene set coverage	IS	Clade 4	IdrA-associated with DIRM-like synteny	SY457BB-0-4_bin35	1	0	FALSE	FALSE
Sulfur	Sulfate/thiosulfate transport system	Previous algorithm: distinct-gene set coverage	IS	Clade 4	IdrA-associated with DIRM-like synteny	SY457BB-0-4_bin6	1	0	FALSE	FALSE
Sulfur	Sulfate/thiosulfate transport system	Previous algorithm: distinct-gene set coverage	IS	Clade 4	IdrA-associated with DIRM-like synteny	SY457BB-4-8_bin29	1	0	FALSE	FALSE
Sulfur	Sulfate/thiosulfate transport system	Previous algorithm: distinct-gene set coverage	IS	Clade 4	IdrA-associated with DIRM-like synteny	SY457BB-4-8_bin33	1	0	FALSE	FALSE
Sulfur	Sulfate/thiosulfate transport system	Previous algorithm: distinct-gene set coverage	IS	Clade 4	IdrA-associated with DIRM-like synteny	SY457BB-8-12_bin15	1	0	FALSE	FALSE
Sulfur	Sulfate/thiosulfate transport system	Previous algorithm: distinct-gene set coverage	IS	Clade 4	IdrA-associated with DIRM-like synteny	SY457BB-8-12_bin25	1	0	FALSE	FALSE
Sulfur	Sulfate/thiosulfate transport system	Previous algorithm: distinct-gene set coverage	IS	Clade 4	IdrA-associated with DIRM-like synteny	SY457BB-8-12_bin4	1	0	FALSE	FALSE
Sulfur	Sulfate/thiosulfate transport system	Previous algorithm: distinct-gene set coverage	IS	Clade 4	IdrA-associated with DIRM-like synteny	SY459WG-0-4_bin37	1	0	FALSE	FALSE
Sulfur	Sulfate/thiosulfate transport system	Previous algorithm: distinct-gene set coverage	IS	Clade 4	IdrA-associated with DIRM-like synteny	SY459WG-8-12_bin2	1	0	FALSE	FALSE
Sulfur	Sulfate/thiosulfate transport system	Previous algorithm: distinct-gene set coverage	AS	Clade 1	Canonical AioA-associated	S1_9-12_bin1	1	0	FALSE	FALSE
Sulfur	Sulfate/thiosulfate transport system	Previous algorithm: distinct-gene set coverage	AS	Clade 2	Unknown/uncertain DMSOR	SQ_58_0-4_bin4	1	0	FALSE	FALSE
Sulfur	Sulfate/thiosulfate transport system	Previous algorithm: distinct-gene set coverage	AS	Clade 3	IdrA-associated without complete DIRM-like synteny	S1_9-12_bin1	1	0	FALSE	FALSE
Sulfur	Sulfate/thiosulfate transport system	Previous algorithm: distinct-gene set coverage	ES	Clade 3	IdrA-associated without complete DIRM-like synteny	C1_12-18_bin19	1	0	FALSE	FALSE
Sulfur	Sulfate/thiosulfate transport system	Previous algorithm: distinct-gene set coverage	ES	Clade 3	IdrA-associated without complete DIRM-like synteny	C1_12-18_bin24	1	0	FALSE	FALSE
Sulfur	Sulfate/thiosulfate transport system	Previous algorithm: distinct-gene set coverage	ES	Clade 3	IdrA-associated without complete DIRM-like synteny	C2_12-18_bin11	1	0	FALSE	FALSE
Sulfur	Sulfate/thiosulfate transport system	Previous algorithm: distinct-gene set coverage	ES	Clade 3	IdrA-associated without complete DIRM-like synteny	C2_12-18_bin17	1	0	FALSE	FALSE
Sulfur	Sulfate/thiosulfate transport system	Previous algorithm: distinct-gene set coverage	ES	Clade 3	IdrA-associated without complete DIRM-like synteny	S13_0-2_bin3	1	0	FALSE	FALSE
Sulfur	Sulfate/thiosulfate transport system	Previous algorithm: distinct-gene set coverage	ES	Clade 3	IdrA-associated without complete DIRM-like synteny	S15_8-10_bin20	1	0	FALSE	FALSE
Sulfur	Sulfate/thiosulfate transport system	Previous algorithm: distinct-gene set coverage	NS	Clade 1	Canonical AioA-associated	R2111_S300_0-10_bin19	1	0	FALSE	FALSE
Sulfur	Sulfate/thiosulfate transport system	Previous algorithm: distinct-gene set coverage	NS	Clade 2	Unknown/uncertain DMSOR	R2111_N500_0-10_bin13	1	0	FALSE	FALSE
Sulfur	Sulfonate transport system	Previous algorithm: distinct-gene set coverage	IS	Clade 1	Canonical AioA-associated	SY366YW-4-8_bin7	1	0	FALSE	FALSE
Sulfur	Sulfonate transport system	Previous algorithm: distinct-gene set coverage	IS	Clade 2	Unknown/uncertain DMSOR	SY366YW-0-4_bin2	1	0	FALSE	FALSE
Sulfur	Sulfonate transport system	Previous algorithm: distinct-gene set coverage	IS	Clade 2	Unknown/uncertain DMSOR	SY368YW-8-12_bin14	1	0	FALSE	FALSE
Sulfur	Sulfonate transport system	Previous algorithm: distinct-gene set coverage	IS	Clade 2	Unknown/uncertain DMSOR	SY368YW-8-12_bin16	1	0	FALSE	FALSE
Sulfur	Sulfonate transport system	Previous algorithm: distinct-gene set coverage	IS	Clade 2	Unknown/uncertain DMSOR	SY459WG-0-4_bin26	1	0	FALSE	FALSE
Sulfur	Sulfonate transport system	Previous algorithm: distinct-gene set coverage	IS	Clade 2	Unknown/uncertain DMSOR	SY459WG-4-8_bin39	1	0	FALSE	FALSE
Sulfur	Sulfonate transport system	Previous algorithm: distinct-gene set coverage	IS	Clade 3	IdrA-associated without complete DIRM-like synteny	SY365BB-0-4_bin24	1	0	FALSE	FALSE
Sulfur	Sulfonate transport system	Previous algorithm: distinct-gene set coverage	IS	Clade 3	IdrA-associated without complete DIRM-like synteny	SY365BB-8-12_bin7	1	0	FALSE	FALSE
Sulfur	Sulfonate transport system	Previous algorithm: distinct-gene set coverage	IS	Clade 3	IdrA-associated without complete DIRM-like synteny	SY366YB-0-4_bin3	1	0	FALSE	FALSE
Sulfur	Sulfonate transport system	Previous algorithm: distinct-gene set coverage	IS	Clade 3	IdrA-associated without complete DIRM-like synteny	SY366YB-0-4_bin5	1	33.3333333333333	FALSE	FALSE
Sulfur	Sulfonate transport system	Previous algorithm: distinct-gene set coverage	IS	Clade 3	IdrA-associated without complete DIRM-like synteny	SY368YW-4-8_bin24	1	0	FALSE	FALSE
Sulfur	Sulfonate transport system	Previous algorithm: distinct-gene set coverage	IS	Clade 3	IdrA-associated without complete DIRM-like synteny	SY456YB-4-8_bin24	1	33.3333333333333	FALSE	FALSE
Sulfur	Sulfonate transport system	Previous algorithm: distinct-gene set coverage	IS	Clade 3	IdrA-associated without complete DIRM-like synteny	SY456YB-8-12_bin5	1	0	FALSE	FALSE
Sulfur	Sulfonate transport system	Previous algorithm: distinct-gene set coverage	IS	Clade 3	IdrA-associated without complete DIRM-like synteny	SY457BB-0-4_bin2	1	0	FALSE	FALSE
Sulfur	Sulfonate transport system	Previous algorithm: distinct-gene set coverage	IS	Clade 3	IdrA-associated without complete DIRM-like synteny	SY457BB-8-12_bin10	1	0	FALSE	FALSE
Sulfur	Sulfonate transport system	Previous algorithm: distinct-gene set coverage	IS	Clade 3	IdrA-associated without complete DIRM-like synteny	SY457BB-8-12_bin16	1	0	FALSE	FALSE
Sulfur	Sulfonate transport system	Previous algorithm: distinct-gene set coverage	IS	Clade 3	IdrA-associated without complete DIRM-like synteny	SY459WG-4-8_bin8	1	33.3333333333333	FALSE	FALSE
Sulfur	Sulfonate transport system	Previous algorithm: distinct-gene set coverage	IS	Clade 3	IdrA-associated without complete DIRM-like synteny	SY459WG-8-12_bin19	1	33.3333333333333	FALSE	FALSE
Sulfur	Sulfonate transport system	Previous algorithm: distinct-gene set coverage	IS	Clade 4	IdrA-associated with DIRM-like synteny	SY365BB-8-12_bin10	1	33.3333333333333	FALSE	FALSE
Sulfur	Sulfonate transport system	Previous algorithm: distinct-gene set coverage	IS	Clade 4	IdrA-associated with DIRM-like synteny	SY365BB-8-12_bin26	1	33.3333333333333	FALSE	FALSE
Sulfur	Sulfonate transport system	Previous algorithm: distinct-gene set coverage	IS	Clade 4	IdrA-associated with DIRM-like synteny	SY365BB-8-12_bin8	1	0	FALSE	FALSE
Sulfur	Sulfonate transport system	Previous algorithm: distinct-gene set coverage	IS	Clade 4	IdrA-associated with DIRM-like synteny	SY366YW-0-4_bin34	1	0	FALSE	FALSE
Sulfur	Sulfonate transport system	Previous algorithm: distinct-gene set coverage	IS	Clade 4	IdrA-associated with DIRM-like synteny	SY366YW-0-4_bin9	1	0	FALSE	FALSE
Sulfur	Sulfonate transport system	Previous algorithm: distinct-gene set coverage	IS	Clade 4	IdrA-associated with DIRM-like synteny	SY366YW-8-12_bin2	1	33.3333333333333	FALSE	FALSE
Sulfur	Sulfonate transport system	Previous algorithm: distinct-gene set coverage	IS	Clade 4	IdrA-associated with DIRM-like synteny	SY368YW-8-12_bin33	1	33.3333333333333	FALSE	FALSE
Sulfur	Sulfonate transport system	Previous algorithm: distinct-gene set coverage	IS	Clade 4	IdrA-associated with DIRM-like synteny	SY456YB-0-4_bin8	1	0	FALSE	FALSE
Sulfur	Sulfonate transport system	Previous algorithm: distinct-gene set coverage	IS	Clade 4	IdrA-associated with DIRM-like synteny	SY456YB-8-12_bin27	1	0	FALSE	FALSE
Sulfur	Sulfonate transport system	Previous algorithm: distinct-gene set coverage	IS	Clade 4	IdrA-associated with DIRM-like synteny	SY456YB-8-12_bin34	1	33.3333333333333	FALSE	FALSE
Sulfur	Sulfonate transport system	Previous algorithm: distinct-gene set coverage	IS	Clade 4	IdrA-associated with DIRM-like synteny	SY456YB-8-12_bin4	1	66.6666666666667	TRUE	FALSE
Sulfur	Sulfonate transport system	Previous algorithm: distinct-gene set coverage	IS	Clade 4	IdrA-associated with DIRM-like synteny	SY457BB-0-4_bin35	1	33.3333333333333	FALSE	FALSE
Sulfur	Sulfonate transport system	Previous algorithm: distinct-gene set coverage	IS	Clade 4	IdrA-associated with DIRM-like synteny	SY457BB-0-4_bin6	1	0	FALSE	FALSE
Sulfur	Sulfonate transport system	Previous algorithm: distinct-gene set coverage	IS	Clade 4	IdrA-associated with DIRM-like synteny	SY457BB-4-8_bin29	1	0	FALSE	FALSE
Sulfur	Sulfonate transport system	Previous algorithm: distinct-gene set coverage	IS	Clade 4	IdrA-associated with DIRM-like synteny	SY457BB-4-8_bin33	1	33.3333333333333	FALSE	FALSE
Sulfur	Sulfonate transport system	Previous algorithm: distinct-gene set coverage	IS	Clade 4	IdrA-associated with DIRM-like synteny	SY457BB-8-12_bin15	1	0	FALSE	FALSE
Sulfur	Sulfonate transport system	Previous algorithm: distinct-gene set coverage	IS	Clade 4	IdrA-associated with DIRM-like synteny	SY457BB-8-12_bin25	1	33.3333333333333	FALSE	FALSE
Sulfur	Sulfonate transport system	Previous algorithm: distinct-gene set coverage	IS	Clade 4	IdrA-associated with DIRM-like synteny	SY457BB-8-12_bin4	1	0	FALSE	FALSE
Sulfur	Sulfonate transport system	Previous algorithm: distinct-gene set coverage	IS	Clade 4	IdrA-associated with DIRM-like synteny	SY459WG-0-4_bin37	1	0	FALSE	FALSE
Sulfur	Sulfonate transport system	Previous algorithm: distinct-gene set coverage	IS	Clade 4	IdrA-associated with DIRM-like synteny	SY459WG-8-12_bin2	1	0	FALSE	FALSE
Sulfur	Sulfonate transport system	Previous algorithm: distinct-gene set coverage	AS	Clade 1	Canonical AioA-associated	S1_9-12_bin1	1	0	FALSE	FALSE
Sulfur	Sulfonate transport system	Previous algorithm: distinct-gene set coverage	AS	Clade 2	Unknown/uncertain DMSOR	SQ_58_0-4_bin4	1	0	FALSE	FALSE
Sulfur	Sulfonate transport system	Previous algorithm: distinct-gene set coverage	AS	Clade 3	IdrA-associated without complete DIRM-like synteny	S1_9-12_bin1	1	0	FALSE	FALSE
Sulfur	Sulfonate transport system	Previous algorithm: distinct-gene set coverage	ES	Clade 3	IdrA-associated without complete DIRM-like synteny	C1_12-18_bin19	1	66.6666666666667	TRUE	FALSE
Sulfur	Sulfonate transport system	Previous algorithm: distinct-gene set coverage	ES	Clade 3	IdrA-associated without complete DIRM-like synteny	C1_12-18_bin24	1	0	FALSE	FALSE
Sulfur	Sulfonate transport system	Previous algorithm: distinct-gene set coverage	ES	Clade 3	IdrA-associated without complete DIRM-like synteny	C2_12-18_bin11	1	0	FALSE	FALSE
Sulfur	Sulfonate transport system	Previous algorithm: distinct-gene set coverage	ES	Clade 3	IdrA-associated without complete DIRM-like synteny	C2_12-18_bin17	1	66.6666666666667	TRUE	FALSE
Sulfur	Sulfonate transport system	Previous algorithm: distinct-gene set coverage	ES	Clade 3	IdrA-associated without complete DIRM-like synteny	S13_0-2_bin3	1	0	FALSE	FALSE
Sulfur	Sulfonate transport system	Previous algorithm: distinct-gene set coverage	ES	Clade 3	IdrA-associated without complete DIRM-like synteny	S15_8-10_bin20	1	0	FALSE	FALSE
Sulfur	Sulfonate transport system	Previous algorithm: distinct-gene set coverage	NS	Clade 1	Canonical AioA-associated	R2111_S300_0-10_bin19	1	0	FALSE	FALSE
Sulfur	Sulfonate transport system	Previous algorithm: distinct-gene set coverage	NS	Clade 2	Unknown/uncertain DMSOR	R2111_N500_0-10_bin13	1	0	FALSE	FALSE
Sulfur	Thiosulfate oxidation by SOX complex, thiosulfate => sulfate	Previous algorithm: distinct-gene set coverage	IS	Clade 1	Canonical AioA-associated	SY366YW-4-8_bin7	1	14.2857142857143	FALSE	FALSE
Sulfur	Thiosulfate oxidation by SOX complex, thiosulfate => sulfate	Previous algorithm: distinct-gene set coverage	IS	Clade 2	Unknown/uncertain DMSOR	SY366YW-0-4_bin2	1	0	FALSE	FALSE
Sulfur	Thiosulfate oxidation by SOX complex, thiosulfate => sulfate	Previous algorithm: distinct-gene set coverage	IS	Clade 2	Unknown/uncertain DMSOR	SY368YW-8-12_bin14	1	0	FALSE	FALSE
Sulfur	Thiosulfate oxidation by SOX complex, thiosulfate => sulfate	Previous algorithm: distinct-gene set coverage	IS	Clade 2	Unknown/uncertain DMSOR	SY368YW-8-12_bin16	1	0	FALSE	FALSE
Sulfur	Thiosulfate oxidation by SOX complex, thiosulfate => sulfate	Previous algorithm: distinct-gene set coverage	IS	Clade 2	Unknown/uncertain DMSOR	SY459WG-0-4_bin26	1	0	FALSE	FALSE
Sulfur	Thiosulfate oxidation by SOX complex, thiosulfate => sulfate	Previous algorithm: distinct-gene set coverage	IS	Clade 2	Unknown/uncertain DMSOR	SY459WG-4-8_bin39	1	0	FALSE	FALSE
Sulfur	Thiosulfate oxidation by SOX complex, thiosulfate => sulfate	Previous algorithm: distinct-gene set coverage	IS	Clade 3	IdrA-associated without complete DIRM-like synteny	SY365BB-0-4_bin24	1	0	FALSE	FALSE
Sulfur	Thiosulfate oxidation by SOX complex, thiosulfate => sulfate	Previous algorithm: distinct-gene set coverage	IS	Clade 3	IdrA-associated without complete DIRM-like synteny	SY365BB-8-12_bin7	1	0	FALSE	FALSE
Sulfur	Thiosulfate oxidation by SOX complex, thiosulfate => sulfate	Previous algorithm: distinct-gene set coverage	IS	Clade 3	IdrA-associated without complete DIRM-like synteny	SY366YB-0-4_bin3	1	14.2857142857143	FALSE	FALSE
Sulfur	Thiosulfate oxidation by SOX complex, thiosulfate => sulfate	Previous algorithm: distinct-gene set coverage	IS	Clade 3	IdrA-associated without complete DIRM-like synteny	SY366YB-0-4_bin5	1	57.1428571428571	TRUE	FALSE
Sulfur	Thiosulfate oxidation by SOX complex, thiosulfate => sulfate	Previous algorithm: distinct-gene set coverage	IS	Clade 3	IdrA-associated without complete DIRM-like synteny	SY368YW-4-8_bin24	1	100	TRUE	TRUE
Sulfur	Thiosulfate oxidation by SOX complex, thiosulfate => sulfate	Previous algorithm: distinct-gene set coverage	IS	Clade 3	IdrA-associated without complete DIRM-like synteny	SY456YB-4-8_bin24	1	71.4285714285714	TRUE	FALSE
Sulfur	Thiosulfate oxidation by SOX complex, thiosulfate => sulfate	Previous algorithm: distinct-gene set coverage	IS	Clade 3	IdrA-associated without complete DIRM-like synteny	SY456YB-8-12_bin5	1	100	TRUE	TRUE
Sulfur	Thiosulfate oxidation by SOX complex, thiosulfate => sulfate	Previous algorithm: distinct-gene set coverage	IS	Clade 3	IdrA-associated without complete DIRM-like synteny	SY457BB-0-4_bin2	1	14.2857142857143	FALSE	FALSE
Sulfur	Thiosulfate oxidation by SOX complex, thiosulfate => sulfate	Previous algorithm: distinct-gene set coverage	IS	Clade 3	IdrA-associated without complete DIRM-like synteny	SY457BB-8-12_bin10	1	71.4285714285714	TRUE	FALSE
Sulfur	Thiosulfate oxidation by SOX complex, thiosulfate => sulfate	Previous algorithm: distinct-gene set coverage	IS	Clade 3	IdrA-associated without complete DIRM-like synteny	SY457BB-8-12_bin16	1	71.4285714285714	TRUE	FALSE
Sulfur	Thiosulfate oxidation by SOX complex, thiosulfate => sulfate	Previous algorithm: distinct-gene set coverage	IS	Clade 3	IdrA-associated without complete DIRM-like synteny	SY459WG-4-8_bin8	1	57.1428571428571	TRUE	FALSE
Sulfur	Thiosulfate oxidation by SOX complex, thiosulfate => sulfate	Previous algorithm: distinct-gene set coverage	IS	Clade 3	IdrA-associated without complete DIRM-like synteny	SY459WG-8-12_bin19	1	71.4285714285714	TRUE	FALSE
Sulfur	Thiosulfate oxidation by SOX complex, thiosulfate => sulfate	Previous algorithm: distinct-gene set coverage	IS	Clade 4	IdrA-associated with DIRM-like synteny	SY365BB-8-12_bin10	1	85.7142857142857	TRUE	TRUE
Sulfur	Thiosulfate oxidation by SOX complex, thiosulfate => sulfate	Previous algorithm: distinct-gene set coverage	IS	Clade 4	IdrA-associated with DIRM-like synteny	SY365BB-8-12_bin26	1	100	TRUE	TRUE
Sulfur	Thiosulfate oxidation by SOX complex, thiosulfate => sulfate	Previous algorithm: distinct-gene set coverage	IS	Clade 4	IdrA-associated with DIRM-like synteny	SY365BB-8-12_bin8	1	85.7142857142857	TRUE	TRUE
Sulfur	Thiosulfate oxidation by SOX complex, thiosulfate => sulfate	Previous algorithm: distinct-gene set coverage	IS	Clade 4	IdrA-associated with DIRM-like synteny	SY366YW-0-4_bin34	1	0	FALSE	FALSE
Sulfur	Thiosulfate oxidation by SOX complex, thiosulfate => sulfate	Previous algorithm: distinct-gene set coverage	IS	Clade 4	IdrA-associated with DIRM-like synteny	SY366YW-0-4_bin9	1	0	FALSE	FALSE
Sulfur	Thiosulfate oxidation by SOX complex, thiosulfate => sulfate	Previous algorithm: distinct-gene set coverage	IS	Clade 4	IdrA-associated with DIRM-like synteny	SY366YW-8-12_bin2	1	85.7142857142857	TRUE	TRUE
Sulfur	Thiosulfate oxidation by SOX complex, thiosulfate => sulfate	Previous algorithm: distinct-gene set coverage	IS	Clade 4	IdrA-associated with DIRM-like synteny	SY368YW-8-12_bin33	1	71.4285714285714	TRUE	FALSE
Sulfur	Thiosulfate oxidation by SOX complex, thiosulfate => sulfate	Previous algorithm: distinct-gene set coverage	IS	Clade 4	IdrA-associated with DIRM-like synteny	SY456YB-0-4_bin8	1	100	TRUE	TRUE
Sulfur	Thiosulfate oxidation by SOX complex, thiosulfate => sulfate	Previous algorithm: distinct-gene set coverage	IS	Clade 4	IdrA-associated with DIRM-like synteny	SY456YB-8-12_bin27	1	71.4285714285714	TRUE	FALSE
Sulfur	Thiosulfate oxidation by SOX complex, thiosulfate => sulfate	Previous algorithm: distinct-gene set coverage	IS	Clade 4	IdrA-associated with DIRM-like synteny	SY456YB-8-12_bin34	1	71.4285714285714	TRUE	FALSE
Sulfur	Thiosulfate oxidation by SOX complex, thiosulfate => sulfate	Previous algorithm: distinct-gene set coverage	IS	Clade 4	IdrA-associated with DIRM-like synteny	SY456YB-8-12_bin4	1	57.1428571428571	TRUE	FALSE
Sulfur	Thiosulfate oxidation by SOX complex, thiosulfate => sulfate	Previous algorithm: distinct-gene set coverage	IS	Clade 4	IdrA-associated with DIRM-like synteny	SY457BB-0-4_bin35	1	0	FALSE	FALSE
Sulfur	Thiosulfate oxidation by SOX complex, thiosulfate => sulfate	Previous algorithm: distinct-gene set coverage	IS	Clade 4	IdrA-associated with DIRM-like synteny	SY457BB-0-4_bin6	1	0	FALSE	FALSE
Sulfur	Thiosulfate oxidation by SOX complex, thiosulfate => sulfate	Previous algorithm: distinct-gene set coverage	IS	Clade 4	IdrA-associated with DIRM-like synteny	SY457BB-4-8_bin29	1	0	FALSE	FALSE
Sulfur	Thiosulfate oxidation by SOX complex, thiosulfate => sulfate	Previous algorithm: distinct-gene set coverage	IS	Clade 4	IdrA-associated with DIRM-like synteny	SY457BB-4-8_bin33	1	0	FALSE	FALSE
Sulfur	Thiosulfate oxidation by SOX complex, thiosulfate => sulfate	Previous algorithm: distinct-gene set coverage	IS	Clade 4	IdrA-associated with DIRM-like synteny	SY457BB-8-12_bin15	1	57.1428571428571	TRUE	FALSE
Sulfur	Thiosulfate oxidation by SOX complex, thiosulfate => sulfate	Previous algorithm: distinct-gene set coverage	IS	Clade 4	IdrA-associated with DIRM-like synteny	SY457BB-8-12_bin25	1	57.1428571428571	TRUE	FALSE
Sulfur	Thiosulfate oxidation by SOX complex, thiosulfate => sulfate	Previous algorithm: distinct-gene set coverage	IS	Clade 4	IdrA-associated with DIRM-like synteny	SY457BB-8-12_bin4	1	57.1428571428571	TRUE	FALSE
Sulfur	Thiosulfate oxidation by SOX complex, thiosulfate => sulfate	Previous algorithm: distinct-gene set coverage	IS	Clade 4	IdrA-associated with DIRM-like synteny	SY459WG-0-4_bin37	1	100	TRUE	TRUE
Sulfur	Thiosulfate oxidation by SOX complex, thiosulfate => sulfate	Previous algorithm: distinct-gene set coverage	IS	Clade 4	IdrA-associated with DIRM-like synteny	SY459WG-8-12_bin2	1	71.4285714285714	TRUE	FALSE
Sulfur	Thiosulfate oxidation by SOX complex, thiosulfate => sulfate	Previous algorithm: distinct-gene set coverage	AS	Clade 1	Canonical AioA-associated	S1_9-12_bin1	1	57.1428571428571	TRUE	FALSE
Sulfur	Thiosulfate oxidation by SOX complex, thiosulfate => sulfate	Previous algorithm: distinct-gene set coverage	AS	Clade 2	Unknown/uncertain DMSOR	SQ_58_0-4_bin4	1	0	FALSE	FALSE
Sulfur	Thiosulfate oxidation by SOX complex, thiosulfate => sulfate	Previous algorithm: distinct-gene set coverage	AS	Clade 3	IdrA-associated without complete DIRM-like synteny	S1_9-12_bin1	1	57.1428571428571	TRUE	FALSE
Sulfur	Thiosulfate oxidation by SOX complex, thiosulfate => sulfate	Previous algorithm: distinct-gene set coverage	ES	Clade 3	IdrA-associated without complete DIRM-like synteny	C1_12-18_bin19	1	42.8571428571429	FALSE	FALSE
Sulfur	Thiosulfate oxidation by SOX complex, thiosulfate => sulfate	Previous algorithm: distinct-gene set coverage	ES	Clade 3	IdrA-associated without complete DIRM-like synteny	C1_12-18_bin24	1	0	FALSE	FALSE
Sulfur	Thiosulfate oxidation by SOX complex, thiosulfate => sulfate	Previous algorithm: distinct-gene set coverage	ES	Clade 3	IdrA-associated without complete DIRM-like synteny	C2_12-18_bin11	1	0	FALSE	FALSE
Sulfur	Thiosulfate oxidation by SOX complex, thiosulfate => sulfate	Previous algorithm: distinct-gene set coverage	ES	Clade 3	IdrA-associated without complete DIRM-like synteny	C2_12-18_bin17	1	0	FALSE	FALSE
Sulfur	Thiosulfate oxidation by SOX complex, thiosulfate => sulfate	Previous algorithm: distinct-gene set coverage	ES	Clade 3	IdrA-associated without complete DIRM-like synteny	S13_0-2_bin3	1	0	FALSE	FALSE
Sulfur	Thiosulfate oxidation by SOX complex, thiosulfate => sulfate	Previous algorithm: distinct-gene set coverage	ES	Clade 3	IdrA-associated without complete DIRM-like synteny	S15_8-10_bin20	1	28.5714285714286	FALSE	FALSE
Sulfur	Thiosulfate oxidation by SOX complex, thiosulfate => sulfate	Previous algorithm: distinct-gene set coverage	NS	Clade 1	Canonical AioA-associated	R2111_S300_0-10_bin19	1	42.8571428571429	FALSE	FALSE
Sulfur	Thiosulfate oxidation by SOX complex, thiosulfate => sulfate	Previous algorithm: distinct-gene set coverage	NS	Clade 2	Unknown/uncertain DMSOR	R2111_N500_0-10_bin13	1	0	FALSE	FALSE
Vitamin B12	Cobalamin biosynthesis, cobinamide => cobalamin	Previous algorithm: distinct-gene set coverage	IS	Clade 1	Canonical AioA-associated	SY366YW-4-8_bin7	1	62.5	TRUE	FALSE
Vitamin B12	Cobalamin biosynthesis, cobinamide => cobalamin	Previous algorithm: distinct-gene set coverage	IS	Clade 2	Unknown/uncertain DMSOR	SY366YW-0-4_bin2	1	12.5	FALSE	FALSE
Vitamin B12	Cobalamin biosynthesis, cobinamide => cobalamin	Previous algorithm: distinct-gene set coverage	IS	Clade 2	Unknown/uncertain DMSOR	SY368YW-8-12_bin14	1	12.5	FALSE	FALSE
Vitamin B12	Cobalamin biosynthesis, cobinamide => cobalamin	Previous algorithm: distinct-gene set coverage	IS	Clade 2	Unknown/uncertain DMSOR	SY368YW-8-12_bin16	1	12.5	FALSE	FALSE
Vitamin B12	Cobalamin biosynthesis, cobinamide => cobalamin	Previous algorithm: distinct-gene set coverage	IS	Clade 2	Unknown/uncertain DMSOR	SY459WG-0-4_bin26	1	12.5	FALSE	FALSE
Vitamin B12	Cobalamin biosynthesis, cobinamide => cobalamin	Previous algorithm: distinct-gene set coverage	IS	Clade 2	Unknown/uncertain DMSOR	SY459WG-4-8_bin39	1	12.5	FALSE	FALSE
Vitamin B12	Cobalamin biosynthesis, cobinamide => cobalamin	Previous algorithm: distinct-gene set coverage	IS	Clade 3	IdrA-associated without complete DIRM-like synteny	SY365BB-0-4_bin24	1	87.5	TRUE	TRUE
Vitamin B12	Cobalamin biosynthesis, cobinamide => cobalamin	Previous algorithm: distinct-gene set coverage	IS	Clade 3	IdrA-associated without complete DIRM-like synteny	SY365BB-8-12_bin7	1	50	TRUE	FALSE
Vitamin B12	Cobalamin biosynthesis, cobinamide => cobalamin	Previous algorithm: distinct-gene set coverage	IS	Clade 3	IdrA-associated without complete DIRM-like synteny	SY366YB-0-4_bin3	1	0	FALSE	FALSE
Vitamin B12	Cobalamin biosynthesis, cobinamide => cobalamin	Previous algorithm: distinct-gene set coverage	IS	Clade 3	IdrA-associated without complete DIRM-like synteny	SY366YB-0-4_bin5	1	50	TRUE	FALSE
Vitamin B12	Cobalamin biosynthesis, cobinamide => cobalamin	Previous algorithm: distinct-gene set coverage	IS	Clade 3	IdrA-associated without complete DIRM-like synteny	SY368YW-4-8_bin24	1	87.5	TRUE	TRUE
Vitamin B12	Cobalamin biosynthesis, cobinamide => cobalamin	Previous algorithm: distinct-gene set coverage	IS	Clade 3	IdrA-associated without complete DIRM-like synteny	SY456YB-4-8_bin24	1	12.5	FALSE	FALSE
Vitamin B12	Cobalamin biosynthesis, cobinamide => cobalamin	Previous algorithm: distinct-gene set coverage	IS	Clade 3	IdrA-associated without complete DIRM-like synteny	SY456YB-8-12_bin5	1	62.5	TRUE	FALSE
Vitamin B12	Cobalamin biosynthesis, cobinamide => cobalamin	Previous algorithm: distinct-gene set coverage	IS	Clade 3	IdrA-associated without complete DIRM-like synteny	SY457BB-0-4_bin2	1	62.5	TRUE	FALSE
Vitamin B12	Cobalamin biosynthesis, cobinamide => cobalamin	Previous algorithm: distinct-gene set coverage	IS	Clade 3	IdrA-associated without complete DIRM-like synteny	SY457BB-8-12_bin10	1	75	TRUE	TRUE
Vitamin B12	Cobalamin biosynthesis, cobinamide => cobalamin	Previous algorithm: distinct-gene set coverage	IS	Clade 3	IdrA-associated without complete DIRM-like synteny	SY457BB-8-12_bin16	1	87.5	TRUE	TRUE
Vitamin B12	Cobalamin biosynthesis, cobinamide => cobalamin	Previous algorithm: distinct-gene set coverage	IS	Clade 3	IdrA-associated without complete DIRM-like synteny	SY459WG-4-8_bin8	1	50	TRUE	FALSE
Vitamin B12	Cobalamin biosynthesis, cobinamide => cobalamin	Previous algorithm: distinct-gene set coverage	IS	Clade 3	IdrA-associated without complete DIRM-like synteny	SY459WG-8-12_bin19	1	87.5	TRUE	TRUE
Vitamin B12	Cobalamin biosynthesis, cobinamide => cobalamin	Previous algorithm: distinct-gene set coverage	IS	Clade 4	IdrA-associated with DIRM-like synteny	SY365BB-8-12_bin10	1	87.5	TRUE	TRUE
Vitamin B12	Cobalamin biosynthesis, cobinamide => cobalamin	Previous algorithm: distinct-gene set coverage	IS	Clade 4	IdrA-associated with DIRM-like synteny	SY365BB-8-12_bin26	1	87.5	TRUE	TRUE
Vitamin B12	Cobalamin biosynthesis, cobinamide => cobalamin	Previous algorithm: distinct-gene set coverage	IS	Clade 4	IdrA-associated with DIRM-like synteny	SY365BB-8-12_bin8	1	75	TRUE	TRUE
Vitamin B12	Cobalamin biosynthesis, cobinamide => cobalamin	Previous algorithm: distinct-gene set coverage	IS	Clade 4	IdrA-associated with DIRM-like synteny	SY366YW-0-4_bin34	1	87.5	TRUE	TRUE
Vitamin B12	Cobalamin biosynthesis, cobinamide => cobalamin	Previous algorithm: distinct-gene set coverage	IS	Clade 4	IdrA-associated with DIRM-like synteny	SY366YW-0-4_bin9	1	87.5	TRUE	TRUE
Vitamin B12	Cobalamin biosynthesis, cobinamide => cobalamin	Previous algorithm: distinct-gene set coverage	IS	Clade 4	IdrA-associated with DIRM-like synteny	SY366YW-8-12_bin2	1	87.5	TRUE	TRUE
Vitamin B12	Cobalamin biosynthesis, cobinamide => cobalamin	Previous algorithm: distinct-gene set coverage	IS	Clade 4	IdrA-associated with DIRM-like synteny	SY368YW-8-12_bin33	1	50	TRUE	FALSE
Vitamin B12	Cobalamin biosynthesis, cobinamide => cobalamin	Previous algorithm: distinct-gene set coverage	IS	Clade 4	IdrA-associated with DIRM-like synteny	SY456YB-0-4_bin8	1	87.5	TRUE	TRUE
Vitamin B12	Cobalamin biosynthesis, cobinamide => cobalamin	Previous algorithm: distinct-gene set coverage	IS	Clade 4	IdrA-associated with DIRM-like synteny	SY456YB-8-12_bin27	1	87.5	TRUE	TRUE
Vitamin B12	Cobalamin biosynthesis, cobinamide => cobalamin	Previous algorithm: distinct-gene set coverage	IS	Clade 4	IdrA-associated with DIRM-like synteny	SY456YB-8-12_bin34	1	87.5	TRUE	TRUE
Vitamin B12	Cobalamin biosynthesis, cobinamide => cobalamin	Previous algorithm: distinct-gene set coverage	IS	Clade 4	IdrA-associated with DIRM-like synteny	SY456YB-8-12_bin4	1	75	TRUE	TRUE
Vitamin B12	Cobalamin biosynthesis, cobinamide => cobalamin	Previous algorithm: distinct-gene set coverage	IS	Clade 4	IdrA-associated with DIRM-like synteny	SY457BB-0-4_bin35	1	75	TRUE	TRUE
Vitamin B12	Cobalamin biosynthesis, cobinamide => cobalamin	Previous algorithm: distinct-gene set coverage	IS	Clade 4	IdrA-associated with DIRM-like synteny	SY457BB-0-4_bin6	1	75	TRUE	TRUE
Vitamin B12	Cobalamin biosynthesis, cobinamide => cobalamin	Previous algorithm: distinct-gene set coverage	IS	Clade 4	IdrA-associated with DIRM-like synteny	SY457BB-4-8_bin29	1	75	TRUE	TRUE
Vitamin B12	Cobalamin biosynthesis, cobinamide => cobalamin	Previous algorithm: distinct-gene set coverage	IS	Clade 4	IdrA-associated with DIRM-like synteny	SY457BB-4-8_bin33	1	87.5	TRUE	TRUE
Vitamin B12	Cobalamin biosynthesis, cobinamide => cobalamin	Previous algorithm: distinct-gene set coverage	IS	Clade 4	IdrA-associated with DIRM-like synteny	SY457BB-8-12_bin15	1	87.5	TRUE	TRUE
Vitamin B12	Cobalamin biosynthesis, cobinamide => cobalamin	Previous algorithm: distinct-gene set coverage	IS	Clade 4	IdrA-associated with DIRM-like synteny	SY457BB-8-12_bin25	1	62.5	TRUE	FALSE
Vitamin B12	Cobalamin biosynthesis, cobinamide => cobalamin	Previous algorithm: distinct-gene set coverage	IS	Clade 4	IdrA-associated with DIRM-like synteny	SY457BB-8-12_bin4	1	75	TRUE	TRUE
Vitamin B12	Cobalamin biosynthesis, cobinamide => cobalamin	Previous algorithm: distinct-gene set coverage	IS	Clade 4	IdrA-associated with DIRM-like synteny	SY459WG-0-4_bin37	1	75	TRUE	TRUE
Vitamin B12	Cobalamin biosynthesis, cobinamide => cobalamin	Previous algorithm: distinct-gene set coverage	IS	Clade 4	IdrA-associated with DIRM-like synteny	SY459WG-8-12_bin2	1	75	TRUE	TRUE
Vitamin B12	Cobalamin biosynthesis, cobinamide => cobalamin	Previous algorithm: distinct-gene set coverage	AS	Clade 1	Canonical AioA-associated	S1_9-12_bin1	1	12.5	FALSE	FALSE
Vitamin B12	Cobalamin biosynthesis, cobinamide => cobalamin	Previous algorithm: distinct-gene set coverage	AS	Clade 2	Unknown/uncertain DMSOR	SQ_58_0-4_bin4	1	12.5	FALSE	FALSE
Vitamin B12	Cobalamin biosynthesis, cobinamide => cobalamin	Previous algorithm: distinct-gene set coverage	AS	Clade 3	IdrA-associated without complete DIRM-like synteny	S1_9-12_bin1	1	12.5	FALSE	FALSE
Vitamin B12	Cobalamin biosynthesis, cobinamide => cobalamin	Previous algorithm: distinct-gene set coverage	ES	Clade 3	IdrA-associated without complete DIRM-like synteny	C1_12-18_bin19	1	25	FALSE	FALSE
Vitamin B12	Cobalamin biosynthesis, cobinamide => cobalamin	Previous algorithm: distinct-gene set coverage	ES	Clade 3	IdrA-associated without complete DIRM-like synteny	C1_12-18_bin24	1	12.5	FALSE	FALSE
Vitamin B12	Cobalamin biosynthesis, cobinamide => cobalamin	Previous algorithm: distinct-gene set coverage	ES	Clade 3	IdrA-associated without complete DIRM-like synteny	C2_12-18_bin11	1	12.5	FALSE	FALSE
Vitamin B12	Cobalamin biosynthesis, cobinamide => cobalamin	Previous algorithm: distinct-gene set coverage	ES	Clade 3	IdrA-associated without complete DIRM-like synteny	C2_12-18_bin17	1	12.5	FALSE	FALSE
Vitamin B12	Cobalamin biosynthesis, cobinamide => cobalamin	Previous algorithm: distinct-gene set coverage	ES	Clade 3	IdrA-associated without complete DIRM-like synteny	S13_0-2_bin3	1	25	FALSE	FALSE
Vitamin B12	Cobalamin biosynthesis, cobinamide => cobalamin	Previous algorithm: distinct-gene set coverage	ES	Clade 3	IdrA-associated without complete DIRM-like synteny	S15_8-10_bin20	1	0	FALSE	FALSE
Vitamin B12	Cobalamin biosynthesis, cobinamide => cobalamin	Previous algorithm: distinct-gene set coverage	NS	Clade 1	Canonical AioA-associated	R2111_S300_0-10_bin19	1	25	FALSE	FALSE
Vitamin B12	Cobalamin biosynthesis, cobinamide => cobalamin	Previous algorithm: distinct-gene set coverage	NS	Clade 2	Unknown/uncertain DMSOR	R2111_N500_0-10_bin13	1	0	FALSE	FALSE
Vitamin B12	Cobalamin biosynthesis, precorrin2 => cobinamide	Previous algorithm: distinct-gene set coverage	IS	Clade 1	Canonical AioA-associated	SY366YW-4-8_bin7	1	4	FALSE	FALSE
Vitamin B12	Cobalamin biosynthesis, precorrin2 => cobinamide	Previous algorithm: distinct-gene set coverage	IS	Clade 2	Unknown/uncertain DMSOR	SY366YW-0-4_bin2	1	0	FALSE	FALSE
Vitamin B12	Cobalamin biosynthesis, precorrin2 => cobinamide	Previous algorithm: distinct-gene set coverage	IS	Clade 2	Unknown/uncertain DMSOR	SY368YW-8-12_bin14	1	0	FALSE	FALSE
Vitamin B12	Cobalamin biosynthesis, precorrin2 => cobinamide	Previous algorithm: distinct-gene set coverage	IS	Clade 2	Unknown/uncertain DMSOR	SY368YW-8-12_bin16	1	0	FALSE	FALSE
Vitamin B12	Cobalamin biosynthesis, precorrin2 => cobinamide	Previous algorithm: distinct-gene set coverage	IS	Clade 2	Unknown/uncertain DMSOR	SY459WG-0-4_bin26	1	0	FALSE	FALSE
Vitamin B12	Cobalamin biosynthesis, precorrin2 => cobinamide	Previous algorithm: distinct-gene set coverage	IS	Clade 2	Unknown/uncertain DMSOR	SY459WG-4-8_bin39	1	0	FALSE	FALSE
Vitamin B12	Cobalamin biosynthesis, precorrin2 => cobinamide	Previous algorithm: distinct-gene set coverage	IS	Clade 3	IdrA-associated without complete DIRM-like synteny	SY365BB-0-4_bin24	1	56	TRUE	FALSE
Vitamin B12	Cobalamin biosynthesis, precorrin2 => cobinamide	Previous algorithm: distinct-gene set coverage	IS	Clade 3	IdrA-associated without complete DIRM-like synteny	SY365BB-8-12_bin7	1	0	FALSE	FALSE
Vitamin B12	Cobalamin biosynthesis, precorrin2 => cobinamide	Previous algorithm: distinct-gene set coverage	IS	Clade 3	IdrA-associated without complete DIRM-like synteny	SY366YB-0-4_bin3	1	4	FALSE	FALSE
Vitamin B12	Cobalamin biosynthesis, precorrin2 => cobinamide	Previous algorithm: distinct-gene set coverage	IS	Clade 3	IdrA-associated without complete DIRM-like synteny	SY366YB-0-4_bin5	1	40	FALSE	FALSE
Vitamin B12	Cobalamin biosynthesis, precorrin2 => cobinamide	Previous algorithm: distinct-gene set coverage	IS	Clade 3	IdrA-associated without complete DIRM-like synteny	SY368YW-4-8_bin24	1	40	FALSE	FALSE
Vitamin B12	Cobalamin biosynthesis, precorrin2 => cobinamide	Previous algorithm: distinct-gene set coverage	IS	Clade 3	IdrA-associated without complete DIRM-like synteny	SY456YB-4-8_bin24	1	12	FALSE	FALSE
Vitamin B12	Cobalamin biosynthesis, precorrin2 => cobinamide	Previous algorithm: distinct-gene set coverage	IS	Clade 3	IdrA-associated without complete DIRM-like synteny	SY456YB-8-12_bin5	1	12	FALSE	FALSE
Vitamin B12	Cobalamin biosynthesis, precorrin2 => cobinamide	Previous algorithm: distinct-gene set coverage	IS	Clade 3	IdrA-associated without complete DIRM-like synteny	SY457BB-0-4_bin2	1	8	FALSE	FALSE
Vitamin B12	Cobalamin biosynthesis, precorrin2 => cobinamide	Previous algorithm: distinct-gene set coverage	IS	Clade 3	IdrA-associated without complete DIRM-like synteny	SY457BB-8-12_bin10	1	52	TRUE	FALSE
Vitamin B12	Cobalamin biosynthesis, precorrin2 => cobinamide	Previous algorithm: distinct-gene set coverage	IS	Clade 3	IdrA-associated without complete DIRM-like synteny	SY457BB-8-12_bin16	1	56	TRUE	FALSE
Vitamin B12	Cobalamin biosynthesis, precorrin2 => cobinamide	Previous algorithm: distinct-gene set coverage	IS	Clade 3	IdrA-associated without complete DIRM-like synteny	SY459WG-4-8_bin8	1	8	FALSE	FALSE
Vitamin B12	Cobalamin biosynthesis, precorrin2 => cobinamide	Previous algorithm: distinct-gene set coverage	IS	Clade 3	IdrA-associated without complete DIRM-like synteny	SY459WG-8-12_bin19	1	56	TRUE	FALSE
Vitamin B12	Cobalamin biosynthesis, precorrin2 => cobinamide	Previous algorithm: distinct-gene set coverage	IS	Clade 4	IdrA-associated with DIRM-like synteny	SY365BB-8-12_bin10	1	56	TRUE	FALSE
Vitamin B12	Cobalamin biosynthesis, precorrin2 => cobinamide	Previous algorithm: distinct-gene set coverage	IS	Clade 4	IdrA-associated with DIRM-like synteny	SY365BB-8-12_bin26	1	44	FALSE	FALSE
Vitamin B12	Cobalamin biosynthesis, precorrin2 => cobinamide	Previous algorithm: distinct-gene set coverage	IS	Clade 4	IdrA-associated with DIRM-like synteny	SY365BB-8-12_bin8	1	52	TRUE	FALSE
Vitamin B12	Cobalamin biosynthesis, precorrin2 => cobinamide	Previous algorithm: distinct-gene set coverage	IS	Clade 4	IdrA-associated with DIRM-like synteny	SY366YW-0-4_bin34	1	52	TRUE	FALSE
Vitamin B12	Cobalamin biosynthesis, precorrin2 => cobinamide	Previous algorithm: distinct-gene set coverage	IS	Clade 4	IdrA-associated with DIRM-like synteny	SY366YW-0-4_bin9	1	12	FALSE	FALSE
Vitamin B12	Cobalamin biosynthesis, precorrin2 => cobinamide	Previous algorithm: distinct-gene set coverage	IS	Clade 4	IdrA-associated with DIRM-like synteny	SY366YW-8-12_bin2	1	52	TRUE	FALSE
Vitamin B12	Cobalamin biosynthesis, precorrin2 => cobinamide	Previous algorithm: distinct-gene set coverage	IS	Clade 4	IdrA-associated with DIRM-like synteny	SY368YW-8-12_bin33	1	24	FALSE	FALSE
Vitamin B12	Cobalamin biosynthesis, precorrin2 => cobinamide	Previous algorithm: distinct-gene set coverage	IS	Clade 4	IdrA-associated with DIRM-like synteny	SY456YB-0-4_bin8	1	56	TRUE	FALSE
Vitamin B12	Cobalamin biosynthesis, precorrin2 => cobinamide	Previous algorithm: distinct-gene set coverage	IS	Clade 4	IdrA-associated with DIRM-like synteny	SY456YB-8-12_bin27	1	52	TRUE	FALSE
Vitamin B12	Cobalamin biosynthesis, precorrin2 => cobinamide	Previous algorithm: distinct-gene set coverage	IS	Clade 4	IdrA-associated with DIRM-like synteny	SY456YB-8-12_bin34	1	52	TRUE	FALSE
Vitamin B12	Cobalamin biosynthesis, precorrin2 => cobinamide	Previous algorithm: distinct-gene set coverage	IS	Clade 4	IdrA-associated with DIRM-like synteny	SY456YB-8-12_bin4	1	56	TRUE	FALSE
Vitamin B12	Cobalamin biosynthesis, precorrin2 => cobinamide	Previous algorithm: distinct-gene set coverage	IS	Clade 4	IdrA-associated with DIRM-like synteny	SY457BB-0-4_bin35	1	44	FALSE	FALSE
Vitamin B12	Cobalamin biosynthesis, precorrin2 => cobinamide	Previous algorithm: distinct-gene set coverage	IS	Clade 4	IdrA-associated with DIRM-like synteny	SY457BB-0-4_bin6	1	56	TRUE	FALSE
Vitamin B12	Cobalamin biosynthesis, precorrin2 => cobinamide	Previous algorithm: distinct-gene set coverage	IS	Clade 4	IdrA-associated with DIRM-like synteny	SY457BB-4-8_bin29	1	36	FALSE	FALSE
Vitamin B12	Cobalamin biosynthesis, precorrin2 => cobinamide	Previous algorithm: distinct-gene set coverage	IS	Clade 4	IdrA-associated with DIRM-like synteny	SY457BB-4-8_bin33	1	56	TRUE	FALSE
Vitamin B12	Cobalamin biosynthesis, precorrin2 => cobinamide	Previous algorithm: distinct-gene set coverage	IS	Clade 4	IdrA-associated with DIRM-like synteny	SY457BB-8-12_bin15	1	56	TRUE	FALSE
Vitamin B12	Cobalamin biosynthesis, precorrin2 => cobinamide	Previous algorithm: distinct-gene set coverage	IS	Clade 4	IdrA-associated with DIRM-like synteny	SY457BB-8-12_bin25	1	52	TRUE	FALSE
Vitamin B12	Cobalamin biosynthesis, precorrin2 => cobinamide	Previous algorithm: distinct-gene set coverage	IS	Clade 4	IdrA-associated with DIRM-like synteny	SY457BB-8-12_bin4	1	56	TRUE	FALSE
Vitamin B12	Cobalamin biosynthesis, precorrin2 => cobinamide	Previous algorithm: distinct-gene set coverage	IS	Clade 4	IdrA-associated with DIRM-like synteny	SY459WG-0-4_bin37	1	56	TRUE	FALSE
Vitamin B12	Cobalamin biosynthesis, precorrin2 => cobinamide	Previous algorithm: distinct-gene set coverage	IS	Clade 4	IdrA-associated with DIRM-like synteny	SY459WG-8-12_bin2	1	56	TRUE	FALSE
Vitamin B12	Cobalamin biosynthesis, precorrin2 => cobinamide	Previous algorithm: distinct-gene set coverage	AS	Clade 1	Canonical AioA-associated	S1_9-12_bin1	1	8	FALSE	FALSE
Vitamin B12	Cobalamin biosynthesis, precorrin2 => cobinamide	Previous algorithm: distinct-gene set coverage	AS	Clade 2	Unknown/uncertain DMSOR	SQ_58_0-4_bin4	1	0	FALSE	FALSE
Vitamin B12	Cobalamin biosynthesis, precorrin2 => cobinamide	Previous algorithm: distinct-gene set coverage	AS	Clade 3	IdrA-associated without complete DIRM-like synteny	S1_9-12_bin1	1	8	FALSE	FALSE
Vitamin B12	Cobalamin biosynthesis, precorrin2 => cobinamide	Previous algorithm: distinct-gene set coverage	ES	Clade 3	IdrA-associated without complete DIRM-like synteny	C1_12-18_bin19	1	8	FALSE	FALSE
Vitamin B12	Cobalamin biosynthesis, precorrin2 => cobinamide	Previous algorithm: distinct-gene set coverage	ES	Clade 3	IdrA-associated without complete DIRM-like synteny	C1_12-18_bin24	1	16	FALSE	FALSE
Vitamin B12	Cobalamin biosynthesis, precorrin2 => cobinamide	Previous algorithm: distinct-gene set coverage	ES	Clade 3	IdrA-associated without complete DIRM-like synteny	C2_12-18_bin11	1	16	FALSE	FALSE
Vitamin B12	Cobalamin biosynthesis, precorrin2 => cobinamide	Previous algorithm: distinct-gene set coverage	ES	Clade 3	IdrA-associated without complete DIRM-like synteny	C2_12-18_bin17	1	0	FALSE	FALSE
Vitamin B12	Cobalamin biosynthesis, precorrin2 => cobinamide	Previous algorithm: distinct-gene set coverage	ES	Clade 3	IdrA-associated without complete DIRM-like synteny	S13_0-2_bin3	1	36	FALSE	FALSE
Vitamin B12	Cobalamin biosynthesis, precorrin2 => cobinamide	Previous algorithm: distinct-gene set coverage	ES	Clade 3	IdrA-associated without complete DIRM-like synteny	S15_8-10_bin20	1	4	FALSE	FALSE
Vitamin B12	Cobalamin biosynthesis, precorrin2 => cobinamide	Previous algorithm: distinct-gene set coverage	NS	Clade 1	Canonical AioA-associated	R2111_S300_0-10_bin19	1	4	FALSE	FALSE
Vitamin B12	Cobalamin biosynthesis, precorrin2 => cobinamide	Previous algorithm: distinct-gene set coverage	NS	Clade 2	Unknown/uncertain DMSOR	R2111_N500_0-10_bin13	1	0	FALSE	FALSE
Vitamin B12	Cobalamin salvage	Previous algorithm: distinct-gene set coverage	IS	Clade 1	Canonical AioA-associated	SY366YW-4-8_bin7	1	25	FALSE	FALSE
Vitamin B12	Cobalamin salvage	Previous algorithm: distinct-gene set coverage	IS	Clade 2	Unknown/uncertain DMSOR	SY366YW-0-4_bin2	1	0	FALSE	FALSE
Vitamin B12	Cobalamin salvage	Previous algorithm: distinct-gene set coverage	IS	Clade 2	Unknown/uncertain DMSOR	SY368YW-8-12_bin14	1	0	FALSE	FALSE
Vitamin B12	Cobalamin salvage	Previous algorithm: distinct-gene set coverage	IS	Clade 2	Unknown/uncertain DMSOR	SY368YW-8-12_bin16	1	0	FALSE	FALSE
Vitamin B12	Cobalamin salvage	Previous algorithm: distinct-gene set coverage	IS	Clade 2	Unknown/uncertain DMSOR	SY459WG-0-4_bin26	1	0	FALSE	FALSE
Vitamin B12	Cobalamin salvage	Previous algorithm: distinct-gene set coverage	IS	Clade 2	Unknown/uncertain DMSOR	SY459WG-4-8_bin39	1	0	FALSE	FALSE
Vitamin B12	Cobalamin salvage	Previous algorithm: distinct-gene set coverage	IS	Clade 3	IdrA-associated without complete DIRM-like synteny	SY365BB-0-4_bin24	1	0	FALSE	FALSE
Vitamin B12	Cobalamin salvage	Previous algorithm: distinct-gene set coverage	IS	Clade 3	IdrA-associated without complete DIRM-like synteny	SY365BB-8-12_bin7	1	0	FALSE	FALSE
Vitamin B12	Cobalamin salvage	Previous algorithm: distinct-gene set coverage	IS	Clade 3	IdrA-associated without complete DIRM-like synteny	SY366YB-0-4_bin3	1	0	FALSE	FALSE
Vitamin B12	Cobalamin salvage	Previous algorithm: distinct-gene set coverage	IS	Clade 3	IdrA-associated without complete DIRM-like synteny	SY366YB-0-4_bin5	1	0	FALSE	FALSE
Vitamin B12	Cobalamin salvage	Previous algorithm: distinct-gene set coverage	IS	Clade 3	IdrA-associated without complete DIRM-like synteny	SY368YW-4-8_bin24	1	0	FALSE	FALSE
Vitamin B12	Cobalamin salvage	Previous algorithm: distinct-gene set coverage	IS	Clade 3	IdrA-associated without complete DIRM-like synteny	SY456YB-4-8_bin24	1	25	FALSE	FALSE
Vitamin B12	Cobalamin salvage	Previous algorithm: distinct-gene set coverage	IS	Clade 3	IdrA-associated without complete DIRM-like synteny	SY456YB-8-12_bin5	1	0	FALSE	FALSE
Vitamin B12	Cobalamin salvage	Previous algorithm: distinct-gene set coverage	IS	Clade 3	IdrA-associated without complete DIRM-like synteny	SY457BB-0-4_bin2	1	25	FALSE	FALSE
Vitamin B12	Cobalamin salvage	Previous algorithm: distinct-gene set coverage	IS	Clade 3	IdrA-associated without complete DIRM-like synteny	SY457BB-8-12_bin10	1	0	FALSE	FALSE
Vitamin B12	Cobalamin salvage	Previous algorithm: distinct-gene set coverage	IS	Clade 3	IdrA-associated without complete DIRM-like synteny	SY457BB-8-12_bin16	1	0	FALSE	FALSE
Vitamin B12	Cobalamin salvage	Previous algorithm: distinct-gene set coverage	IS	Clade 3	IdrA-associated without complete DIRM-like synteny	SY459WG-4-8_bin8	1	25	FALSE	FALSE
Vitamin B12	Cobalamin salvage	Previous algorithm: distinct-gene set coverage	IS	Clade 3	IdrA-associated without complete DIRM-like synteny	SY459WG-8-12_bin19	1	0	FALSE	FALSE
Vitamin B12	Cobalamin salvage	Previous algorithm: distinct-gene set coverage	IS	Clade 4	IdrA-associated with DIRM-like synteny	SY365BB-8-12_bin10	1	0	FALSE	FALSE
Vitamin B12	Cobalamin salvage	Previous algorithm: distinct-gene set coverage	IS	Clade 4	IdrA-associated with DIRM-like synteny	SY365BB-8-12_bin26	1	0	FALSE	FALSE
Vitamin B12	Cobalamin salvage	Previous algorithm: distinct-gene set coverage	IS	Clade 4	IdrA-associated with DIRM-like synteny	SY365BB-8-12_bin8	1	0	FALSE	FALSE
Vitamin B12	Cobalamin salvage	Previous algorithm: distinct-gene set coverage	IS	Clade 4	IdrA-associated with DIRM-like synteny	SY366YW-0-4_bin34	1	0	FALSE	FALSE
Vitamin B12	Cobalamin salvage	Previous algorithm: distinct-gene set coverage	IS	Clade 4	IdrA-associated with DIRM-like synteny	SY366YW-0-4_bin9	1	0	FALSE	FALSE
Vitamin B12	Cobalamin salvage	Previous algorithm: distinct-gene set coverage	IS	Clade 4	IdrA-associated with DIRM-like synteny	SY366YW-8-12_bin2	1	0	FALSE	FALSE
Vitamin B12	Cobalamin salvage	Previous algorithm: distinct-gene set coverage	IS	Clade 4	IdrA-associated with DIRM-like synteny	SY368YW-8-12_bin33	1	0	FALSE	FALSE
Vitamin B12	Cobalamin salvage	Previous algorithm: distinct-gene set coverage	IS	Clade 4	IdrA-associated with DIRM-like synteny	SY456YB-0-4_bin8	1	0	FALSE	FALSE
Vitamin B12	Cobalamin salvage	Previous algorithm: distinct-gene set coverage	IS	Clade 4	IdrA-associated with DIRM-like synteny	SY456YB-8-12_bin27	1	0	FALSE	FALSE
Vitamin B12	Cobalamin salvage	Previous algorithm: distinct-gene set coverage	IS	Clade 4	IdrA-associated with DIRM-like synteny	SY456YB-8-12_bin34	1	0	FALSE	FALSE
Vitamin B12	Cobalamin salvage	Previous algorithm: distinct-gene set coverage	IS	Clade 4	IdrA-associated with DIRM-like synteny	SY456YB-8-12_bin4	1	0	FALSE	FALSE
Vitamin B12	Cobalamin salvage	Previous algorithm: distinct-gene set coverage	IS	Clade 4	IdrA-associated with DIRM-like synteny	SY457BB-0-4_bin35	1	0	FALSE	FALSE
Vitamin B12	Cobalamin salvage	Previous algorithm: distinct-gene set coverage	IS	Clade 4	IdrA-associated with DIRM-like synteny	SY457BB-0-4_bin6	1	0	FALSE	FALSE
Vitamin B12	Cobalamin salvage	Previous algorithm: distinct-gene set coverage	IS	Clade 4	IdrA-associated with DIRM-like synteny	SY457BB-4-8_bin29	1	0	FALSE	FALSE
Vitamin B12	Cobalamin salvage	Previous algorithm: distinct-gene set coverage	IS	Clade 4	IdrA-associated with DIRM-like synteny	SY457BB-4-8_bin33	1	0	FALSE	FALSE
Vitamin B12	Cobalamin salvage	Previous algorithm: distinct-gene set coverage	IS	Clade 4	IdrA-associated with DIRM-like synteny	SY457BB-8-12_bin15	1	0	FALSE	FALSE
Vitamin B12	Cobalamin salvage	Previous algorithm: distinct-gene set coverage	IS	Clade 4	IdrA-associated with DIRM-like synteny	SY457BB-8-12_bin25	1	0	FALSE	FALSE
Vitamin B12	Cobalamin salvage	Previous algorithm: distinct-gene set coverage	IS	Clade 4	IdrA-associated with DIRM-like synteny	SY457BB-8-12_bin4	1	0	FALSE	FALSE
Vitamin B12	Cobalamin salvage	Previous algorithm: distinct-gene set coverage	IS	Clade 4	IdrA-associated with DIRM-like synteny	SY459WG-0-4_bin37	1	0	FALSE	FALSE
Vitamin B12	Cobalamin salvage	Previous algorithm: distinct-gene set coverage	IS	Clade 4	IdrA-associated with DIRM-like synteny	SY459WG-8-12_bin2	1	0	FALSE	FALSE
Vitamin B12	Cobalamin salvage	Previous algorithm: distinct-gene set coverage	AS	Clade 1	Canonical AioA-associated	S1_9-12_bin1	1	0	FALSE	FALSE
Vitamin B12	Cobalamin salvage	Previous algorithm: distinct-gene set coverage	AS	Clade 2	Unknown/uncertain DMSOR	SQ_58_0-4_bin4	1	0	FALSE	FALSE
Vitamin B12	Cobalamin salvage	Previous algorithm: distinct-gene set coverage	AS	Clade 3	IdrA-associated without complete DIRM-like synteny	S1_9-12_bin1	1	0	FALSE	FALSE
Vitamin B12	Cobalamin salvage	Previous algorithm: distinct-gene set coverage	ES	Clade 3	IdrA-associated without complete DIRM-like synteny	C1_12-18_bin19	1	25	FALSE	FALSE
Vitamin B12	Cobalamin salvage	Previous algorithm: distinct-gene set coverage	ES	Clade 3	IdrA-associated without complete DIRM-like synteny	C1_12-18_bin24	1	0	FALSE	FALSE
Vitamin B12	Cobalamin salvage	Previous algorithm: distinct-gene set coverage	ES	Clade 3	IdrA-associated without complete DIRM-like synteny	C2_12-18_bin11	1	0	FALSE	FALSE
Vitamin B12	Cobalamin salvage	Previous algorithm: distinct-gene set coverage	ES	Clade 3	IdrA-associated without complete DIRM-like synteny	C2_12-18_bin17	1	0	FALSE	FALSE
Vitamin B12	Cobalamin salvage	Previous algorithm: distinct-gene set coverage	ES	Clade 3	IdrA-associated without complete DIRM-like synteny	S13_0-2_bin3	1	0	FALSE	FALSE
Vitamin B12	Cobalamin salvage	Previous algorithm: distinct-gene set coverage	ES	Clade 3	IdrA-associated without complete DIRM-like synteny	S15_8-10_bin20	1	0	FALSE	FALSE
Vitamin B12	Cobalamin salvage	Previous algorithm: distinct-gene set coverage	NS	Clade 1	Canonical AioA-associated	R2111_S300_0-10_bin19	1	25	FALSE	FALSE
Vitamin B12	Cobalamin salvage	Previous algorithm: distinct-gene set coverage	NS	Clade 2	Unknown/uncertain DMSOR	R2111_N500_0-10_bin13	1	0	FALSE	FALSE
Vitamin B12	Vitamin B12 transport system	Previous algorithm: distinct-gene set coverage	IS	Clade 1	Canonical AioA-associated	SY366YW-4-8_bin7	1	0	FALSE	FALSE
Vitamin B12	Vitamin B12 transport system	Previous algorithm: distinct-gene set coverage	IS	Clade 2	Unknown/uncertain DMSOR	SY366YW-0-4_bin2	1	0	FALSE	FALSE
Vitamin B12	Vitamin B12 transport system	Previous algorithm: distinct-gene set coverage	IS	Clade 2	Unknown/uncertain DMSOR	SY368YW-8-12_bin14	1	0	FALSE	FALSE
Vitamin B12	Vitamin B12 transport system	Previous algorithm: distinct-gene set coverage	IS	Clade 2	Unknown/uncertain DMSOR	SY368YW-8-12_bin16	1	0	FALSE	FALSE
Vitamin B12	Vitamin B12 transport system	Previous algorithm: distinct-gene set coverage	IS	Clade 2	Unknown/uncertain DMSOR	SY459WG-0-4_bin26	1	0	FALSE	FALSE
Vitamin B12	Vitamin B12 transport system	Previous algorithm: distinct-gene set coverage	IS	Clade 2	Unknown/uncertain DMSOR	SY459WG-4-8_bin39	1	0	FALSE	FALSE
Vitamin B12	Vitamin B12 transport system	Previous algorithm: distinct-gene set coverage	IS	Clade 3	IdrA-associated without complete DIRM-like synteny	SY365BB-0-4_bin24	1	0	FALSE	FALSE
Vitamin B12	Vitamin B12 transport system	Previous algorithm: distinct-gene set coverage	IS	Clade 3	IdrA-associated without complete DIRM-like synteny	SY365BB-8-12_bin7	1	0	FALSE	FALSE
Vitamin B12	Vitamin B12 transport system	Previous algorithm: distinct-gene set coverage	IS	Clade 3	IdrA-associated without complete DIRM-like synteny	SY366YB-0-4_bin3	1	0	FALSE	FALSE
Vitamin B12	Vitamin B12 transport system	Previous algorithm: distinct-gene set coverage	IS	Clade 3	IdrA-associated without complete DIRM-like synteny	SY366YB-0-4_bin5	1	0	FALSE	FALSE
Vitamin B12	Vitamin B12 transport system	Previous algorithm: distinct-gene set coverage	IS	Clade 3	IdrA-associated without complete DIRM-like synteny	SY368YW-4-8_bin24	1	0	FALSE	FALSE
Vitamin B12	Vitamin B12 transport system	Previous algorithm: distinct-gene set coverage	IS	Clade 3	IdrA-associated without complete DIRM-like synteny	SY456YB-4-8_bin24	1	0	FALSE	FALSE
Vitamin B12	Vitamin B12 transport system	Previous algorithm: distinct-gene set coverage	IS	Clade 3	IdrA-associated without complete DIRM-like synteny	SY456YB-8-12_bin5	1	0	FALSE	FALSE
Vitamin B12	Vitamin B12 transport system	Previous algorithm: distinct-gene set coverage	IS	Clade 3	IdrA-associated without complete DIRM-like synteny	SY457BB-0-4_bin2	1	0	FALSE	FALSE
Vitamin B12	Vitamin B12 transport system	Previous algorithm: distinct-gene set coverage	IS	Clade 3	IdrA-associated without complete DIRM-like synteny	SY457BB-8-12_bin10	1	0	FALSE	FALSE
Vitamin B12	Vitamin B12 transport system	Previous algorithm: distinct-gene set coverage	IS	Clade 3	IdrA-associated without complete DIRM-like synteny	SY457BB-8-12_bin16	1	0	FALSE	FALSE
Vitamin B12	Vitamin B12 transport system	Previous algorithm: distinct-gene set coverage	IS	Clade 3	IdrA-associated without complete DIRM-like synteny	SY459WG-4-8_bin8	1	0	FALSE	FALSE
Vitamin B12	Vitamin B12 transport system	Previous algorithm: distinct-gene set coverage	IS	Clade 3	IdrA-associated without complete DIRM-like synteny	SY459WG-8-12_bin19	1	0	FALSE	FALSE
Vitamin B12	Vitamin B12 transport system	Previous algorithm: distinct-gene set coverage	IS	Clade 4	IdrA-associated with DIRM-like synteny	SY365BB-8-12_bin10	1	0	FALSE	FALSE
Vitamin B12	Vitamin B12 transport system	Previous algorithm: distinct-gene set coverage	IS	Clade 4	IdrA-associated with DIRM-like synteny	SY365BB-8-12_bin26	1	0	FALSE	FALSE
Vitamin B12	Vitamin B12 transport system	Previous algorithm: distinct-gene set coverage	IS	Clade 4	IdrA-associated with DIRM-like synteny	SY365BB-8-12_bin8	1	0	FALSE	FALSE
Vitamin B12	Vitamin B12 transport system	Previous algorithm: distinct-gene set coverage	IS	Clade 4	IdrA-associated with DIRM-like synteny	SY366YW-0-4_bin34	1	0	FALSE	FALSE
Vitamin B12	Vitamin B12 transport system	Previous algorithm: distinct-gene set coverage	IS	Clade 4	IdrA-associated with DIRM-like synteny	SY366YW-0-4_bin9	1	0	FALSE	FALSE
Vitamin B12	Vitamin B12 transport system	Previous algorithm: distinct-gene set coverage	IS	Clade 4	IdrA-associated with DIRM-like synteny	SY366YW-8-12_bin2	1	0	FALSE	FALSE
Vitamin B12	Vitamin B12 transport system	Previous algorithm: distinct-gene set coverage	IS	Clade 4	IdrA-associated with DIRM-like synteny	SY368YW-8-12_bin33	1	0	FALSE	FALSE
Vitamin B12	Vitamin B12 transport system	Previous algorithm: distinct-gene set coverage	IS	Clade 4	IdrA-associated with DIRM-like synteny	SY456YB-0-4_bin8	1	0	FALSE	FALSE
Vitamin B12	Vitamin B12 transport system	Previous algorithm: distinct-gene set coverage	IS	Clade 4	IdrA-associated with DIRM-like synteny	SY456YB-8-12_bin27	1	0	FALSE	FALSE
Vitamin B12	Vitamin B12 transport system	Previous algorithm: distinct-gene set coverage	IS	Clade 4	IdrA-associated with DIRM-like synteny	SY456YB-8-12_bin34	1	0	FALSE	FALSE
Vitamin B12	Vitamin B12 transport system	Previous algorithm: distinct-gene set coverage	IS	Clade 4	IdrA-associated with DIRM-like synteny	SY456YB-8-12_bin4	1	0	FALSE	FALSE
Vitamin B12	Vitamin B12 transport system	Previous algorithm: distinct-gene set coverage	IS	Clade 4	IdrA-associated with DIRM-like synteny	SY457BB-0-4_bin35	1	0	FALSE	FALSE
Vitamin B12	Vitamin B12 transport system	Previous algorithm: distinct-gene set coverage	IS	Clade 4	IdrA-associated with DIRM-like synteny	SY457BB-0-4_bin6	1	0	FALSE	FALSE
Vitamin B12	Vitamin B12 transport system	Previous algorithm: distinct-gene set coverage	IS	Clade 4	IdrA-associated with DIRM-like synteny	SY457BB-4-8_bin29	1	0	FALSE	FALSE
Vitamin B12	Vitamin B12 transport system	Previous algorithm: distinct-gene set coverage	IS	Clade 4	IdrA-associated with DIRM-like synteny	SY457BB-4-8_bin33	1	0	FALSE	FALSE
Vitamin B12	Vitamin B12 transport system	Previous algorithm: distinct-gene set coverage	IS	Clade 4	IdrA-associated with DIRM-like synteny	SY457BB-8-12_bin15	1	0	FALSE	FALSE
Vitamin B12	Vitamin B12 transport system	Previous algorithm: distinct-gene set coverage	IS	Clade 4	IdrA-associated with DIRM-like synteny	SY457BB-8-12_bin25	1	0	FALSE	FALSE
Vitamin B12	Vitamin B12 transport system	Previous algorithm: distinct-gene set coverage	IS	Clade 4	IdrA-associated with DIRM-like synteny	SY457BB-8-12_bin4	1	0	FALSE	FALSE
Vitamin B12	Vitamin B12 transport system	Previous algorithm: distinct-gene set coverage	IS	Clade 4	IdrA-associated with DIRM-like synteny	SY459WG-0-4_bin37	1	0	FALSE	FALSE
Vitamin B12	Vitamin B12 transport system	Previous algorithm: distinct-gene set coverage	IS	Clade 4	IdrA-associated with DIRM-like synteny	SY459WG-8-12_bin2	1	0	FALSE	FALSE
Vitamin B12	Vitamin B12 transport system	Previous algorithm: distinct-gene set coverage	AS	Clade 1	Canonical AioA-associated	S1_9-12_bin1	1	0	FALSE	FALSE
Vitamin B12	Vitamin B12 transport system	Previous algorithm: distinct-gene set coverage	AS	Clade 2	Unknown/uncertain DMSOR	SQ_58_0-4_bin4	1	0	FALSE	FALSE
Vitamin B12	Vitamin B12 transport system	Previous algorithm: distinct-gene set coverage	AS	Clade 3	IdrA-associated without complete DIRM-like synteny	S1_9-12_bin1	1	0	FALSE	FALSE
Vitamin B12	Vitamin B12 transport system	Previous algorithm: distinct-gene set coverage	ES	Clade 3	IdrA-associated without complete DIRM-like synteny	C1_12-18_bin19	1	0	FALSE	FALSE
Vitamin B12	Vitamin B12 transport system	Previous algorithm: distinct-gene set coverage	ES	Clade 3	IdrA-associated without complete DIRM-like synteny	C1_12-18_bin24	1	0	FALSE	FALSE
Vitamin B12	Vitamin B12 transport system	Previous algorithm: distinct-gene set coverage	ES	Clade 3	IdrA-associated without complete DIRM-like synteny	C2_12-18_bin11	1	0	FALSE	FALSE
Vitamin B12	Vitamin B12 transport system	Previous algorithm: distinct-gene set coverage	ES	Clade 3	IdrA-associated without complete DIRM-like synteny	C2_12-18_bin17	1	0	FALSE	FALSE
Vitamin B12	Vitamin B12 transport system	Previous algorithm: distinct-gene set coverage	ES	Clade 3	IdrA-associated without complete DIRM-like synteny	S13_0-2_bin3	1	0	FALSE	FALSE
Vitamin B12	Vitamin B12 transport system	Previous algorithm: distinct-gene set coverage	ES	Clade 3	IdrA-associated without complete DIRM-like synteny	S15_8-10_bin20	1	0	FALSE	FALSE
Vitamin B12	Vitamin B12 transport system	Previous algorithm: distinct-gene set coverage	NS	Clade 1	Canonical AioA-associated	R2111_S300_0-10_bin19	1	0	FALSE	FALSE
Vitamin B12	Vitamin B12 transport system	Previous algorithm: distinct-gene set coverage	NS	Clade 2	Unknown/uncertain DMSOR	R2111_N500_0-10_bin13	1	0	FALSE	FALSE
